ISO-10303-21;
HEADER;
FILE_DESCRIPTION(('FreeCAD Model'),'2;1');
FILE_NAME('Open CASCADE Shape Model','2026-06-23T09:15:48',(''),(''),
  'Open CASCADE STEP processor 7.9','FreeCAD','Unknown');
FILE_SCHEMA(('AUTOMOTIVE_DESIGN { 1 0 10303 214 1 1 1 1 }'));
ENDSEC;
DATA;
#1 = APPLICATION_PROTOCOL_DEFINITION('international standard',
  'automotive_design',2000,#2);
#2 = APPLICATION_CONTEXT(
  'core data for automotive mechanical design processes');
#3 = SHAPE_DEFINITION_REPRESENTATION(#4,#10);
#4 = PRODUCT_DEFINITION_SHAPE('','',#5);
#5 = PRODUCT_DEFINITION('design','',#6,#9);
#6 = PRODUCT_DEFINITION_FORMATION('','',#7);
#7 = PRODUCT('Visor','Visor','',(#8));
#8 = PRODUCT_CONTEXT('',#2,'mechanical');
#9 = PRODUCT_DEFINITION_CONTEXT('part definition',#2,'design');
#10 = ADVANCED_BREP_SHAPE_REPRESENTATION('',(#11,#15),#3187);
#11 = AXIS2_PLACEMENT_3D('',#12,#13,#14);
#12 = CARTESIAN_POINT('',(0.,0.,0.));
#13 = DIRECTION('',(0.,0.,1.));
#14 = DIRECTION('',(1.,0.,-0.));
#15 = MANIFOLD_SOLID_BREP('',#16);
#16 = CLOSED_SHELL('',(#17,#55,#1948,#1977,#2023,#2055,#2085,#2117,#2155
    ,#2187,#2217,#2241,#2272,#2344,#2410,#2426,#2537,#2548,#2563,#2656,
    #2715,#2739,#2821,#2877,#2888,#2899,#2914,#2999,#3051,#3091,#3110,
    #3122,#3139,#3156,#3173));
#17 = ADVANCED_FACE('',(#18),#50,.F.);
#18 = FACE_BOUND('',#19,.F.);
#19 = EDGE_LOOP('',(#20,#29,#37,#44));
#20 = ORIENTED_EDGE('',*,*,#21,.F.);
#21 = EDGE_CURVE('',#22,#24,#26,.T.);
#22 = VERTEX_POINT('',#23);
#23 = CARTESIAN_POINT('',(-105.0359979484,-187.,67.767537471617));
#24 = VERTEX_POINT('',#25);
#25 = CARTESIAN_POINT('',(-113.3763106134,-187.,180.));
#26 = B_SPLINE_CURVE_WITH_KNOTS('',1,(#27,#28),.UNSPECIFIED.,.F.,.F.,(2,
    2),(0.,1.),.PIECEWISE_BEZIER_KNOTS.);
#27 = CARTESIAN_POINT('',(-100.,-187.,0.));
#28 = CARTESIAN_POINT('',(-113.3763106134,-187.,180.));
#29 = ORIENTED_EDGE('',*,*,#30,.T.);
#30 = EDGE_CURVE('',#22,#31,#33,.T.);
#31 = VERTEX_POINT('',#32);
#32 = CARTESIAN_POINT('',(-105.0359979484,-185.,67.767537471617));
#33 = LINE('',#34,#35);
#34 = CARTESIAN_POINT('',(-105.0359979484,1.653E-14,67.767537471617));
#35 = VECTOR('',#36,1.);
#36 = DIRECTION('',(0.,1.,-2.2E-16));
#37 = ORIENTED_EDGE('',*,*,#38,.T.);
#38 = EDGE_CURVE('',#31,#39,#41,.T.);
#39 = VERTEX_POINT('',#40);
#40 = CARTESIAN_POINT('',(-113.3763106134,-185.,180.));
#41 = B_SPLINE_CURVE_WITH_KNOTS('',1,(#42,#43),.UNSPECIFIED.,.F.,.F.,(2,
    2),(0.,1.),.PIECEWISE_BEZIER_KNOTS.);
#42 = CARTESIAN_POINT('',(-100.,-185.,0.));
#43 = CARTESIAN_POINT('',(-113.3763106134,-185.,180.));
#44 = ORIENTED_EDGE('',*,*,#45,.F.);
#45 = EDGE_CURVE('',#24,#39,#46,.T.);
#46 = LINE('',#47,#48);
#47 = CARTESIAN_POINT('',(-113.3763106134,-187.,180.));
#48 = VECTOR('',#49,1.);
#49 = DIRECTION('',(0.,1.,0.));
#50 = PLANE('',#51);
#51 = AXIS2_PLACEMENT_3D('',#52,#53,#54);
#52 = CARTESIAN_POINT('',(-113.3763106134,-187.,180.));
#53 = DIRECTION('',(0.997250185099,0.,7.41084901954E-02));
#54 = DIRECTION('',(0.,1.,0.));
#55 = ADVANCED_FACE('',(#56,#1415),#1943,.F.);
#56 = FACE_BOUND('',#57,.T.);
#57 = EDGE_LOOP('',(#58,#95,#96,#138,#148,#158,#214,#224,#234,#283,#521,
    #598,#608,#618,#631,#650,#673,#686,#696,#727,#737,#747,#784,#792,
    #827,#837,#847,#857,#920,#930,#940,#989,#1227,#1304,#1314,#1324,
    #1334,#1397,#1407));
#58 = ORIENTED_EDGE('',*,*,#59,.F.);
#59 = EDGE_CURVE('',#22,#60,#62,.T.);
#60 = VERTEX_POINT('',#61);
#61 = CARTESIAN_POINT('',(-101.854159297,-203.4320749642,72.461922648357
    ));
#62 = B_SPLINE_CURVE_WITH_KNOTS('',7,(#63,#64,#65,#66,#67,#68,#69,#70,
    #71,#72,#73,#74,#75,#76,#77,#78,#79,#80,#81,#82,#83,#84,#85,#86,#87,
    #88,#89,#90,#91,#92,#93,#94),.UNSPECIFIED.,.F.,.F.,(8,6,6,6,6,8),(0.
    ,0.192490521522,0.385068179421,0.762715111599,0.88224845154,1.),
  .UNSPECIFIED.);
#63 = CARTESIAN_POINT('',(-105.0359979484,-187.,67.767537471617));
#64 = CARTESIAN_POINT('',(-105.0359979484,-187.4692642188,67.76753747162
    ));
#65 = CARTESIAN_POINT('',(-105.0301856098,-187.938529575,67.776546280048
    ));
#66 = CARTESIAN_POINT('',(-105.0185655032,-188.4076467907,
    67.794556813835));
#67 = CARTESIAN_POINT('',(-105.0011266111,-188.8764694041,
    67.821575471082));
#68 = CARTESIAN_POINT('',(-104.977898646,-189.3448530971,67.857534793101
    ));
#69 = CARTESIAN_POINT('',(-104.9488906847,-189.8126552901,
    67.902389010806));
#70 = CARTESIAN_POINT('',(-104.8793445389,-190.7470262725,
    68.009757991921));
#71 = CARTESIAN_POINT('',(-104.8388008747,-191.2135965619,
    68.072281141759));
#72 = CARTESIAN_POINT('',(-104.7925141525,-191.6793052369,
    68.143558813222));
#73 = CARTESIAN_POINT('',(-104.7405099673,-192.1440175337,
    68.223499911354));
#74 = CARTESIAN_POINT('',(-104.6828188481,-192.6076042895,
    68.311996571611));
#75 = CARTESIAN_POINT('',(-104.6194752619,-193.0699416138,
    68.408926495748));
#76 = CARTESIAN_POINT('',(-104.4152879507,-194.4348757944,
    68.720510120805));
#77 = CARTESIAN_POINT('',(-104.2584643561,-195.3335855743,
    68.958781618265));
#78 = CARTESIAN_POINT('',(-104.0803295994,-196.226142317,69.227954374446
    ));
#79 = CARTESIAN_POINT('',(-103.8811789145,-197.1117565209,
    69.526882643191));
#80 = CARTESIAN_POINT('',(-103.6613939384,-197.9897659065,
    69.854206217409));
#81 = CARTESIAN_POINT('',(-103.4212984612,-198.8595773943,
    70.208597052942));
#82 = CARTESIAN_POINT('',(-103.07892655,-199.9932610637,70.708953805346)
  );
#83 = CARTESIAN_POINT('',(-102.9946090198,-200.2649527341,
    70.831827839374));
#84 = CARTESIAN_POINT('',(-102.9082973025,-200.5357569543,
    70.957236836179));
#85 = CARTESIAN_POINT('',(-102.8200009397,-200.8056585865,
    71.085138229376));
#86 = CARTESIAN_POINT('',(-102.7297293332,-201.0746432719,
    71.215489350945));
#87 = CARTESIAN_POINT('',(-102.6374914854,-201.3426973259,
    71.348247862118));
#88 = CARTESIAN_POINT('',(-102.4505040974,-201.8729363328,
    71.616482312148));
#89 = CARTESIAN_POINT('',(-102.3558124664,-202.13514912,71.751888273777)
  );
#90 = CARTESIAN_POINT('',(-102.2592298086,-202.3964339663,
    71.889548934959));
#91 = CARTESIAN_POINT('',(-102.1607629835,-202.6567783712,
    72.029425894785));
#92 = CARTESIAN_POINT('',(-102.0604220449,-202.9161725054,
    72.171476149514));
#93 = CARTESIAN_POINT('',(-101.958218895,-203.1746083688,72.315654063672
    ));
#94 = CARTESIAN_POINT('',(-101.854159297,-203.4320749642,72.461922648357
    ));
#95 = ORIENTED_EDGE('',*,*,#30,.T.);
#96 = ORIENTED_EDGE('',*,*,#97,.F.);
#97 = EDGE_CURVE('',#98,#31,#100,.T.);
#98 = VERTEX_POINT('',#99);
#99 = CARTESIAN_POINT('',(-101.8797374742,-168.6312660415,72.42595592864
    ));
#100 = B_SPLINE_CURVE_WITH_KNOTS('',8,(#101,#102,#103,#104,#105,#106,
    #107,#108,#109,#110,#111,#112,#113,#114,#115,#116,#117,#118,#119,
    #120,#121,#122,#123,#124,#125,#126,#127,#128,#129,#130,#131,#132,
    #133,#134,#135,#136,#137),.UNSPECIFIED.,.F.,.F.,(9,7,7,7,7,9),(0.,
    0.235974500273,0.423619717067,0.614608367825,0.806153435092,1.),
  .UNSPECIFIED.);
#101 = CARTESIAN_POINT('',(-101.8797374742,-168.6312660415,
    72.42595592864));
#102 = CARTESIAN_POINT('',(-102.0607665915,-169.081226023,72.17130690529
    ));
#103 = CARTESIAN_POINT('',(-102.2362461376,-169.5340761319,
    71.922923974567));
#104 = CARTESIAN_POINT('',(-102.4061483734,-169.9897605836,
    71.680989544946));
#105 = CARTESIAN_POINT('',(-102.5703869435,-170.4482531677,
    71.445768746336));
#106 = CARTESIAN_POINT('',(-102.7289642936,-170.9094701013,
    71.217401281214));
#107 = CARTESIAN_POINT('',(-102.8818149342,-171.3733597738,
    70.99611988684));
#108 = CARTESIAN_POINT('',(-103.0289029884,-171.839846492,
    70.782114691125));
#109 = CARTESIAN_POINT('',(-103.2825218059,-172.6818087671,
    70.411364710599));
#110 = CARTESIAN_POINT('',(-103.391195533,-173.0563541323,
    70.251860063945));
#111 = CARTESIAN_POINT('',(-103.4961764061,-173.4324542803,70.0971799592
    ));
#112 = CARTESIAN_POINT('',(-103.597437224,-173.810070252,69.947430449822
    ));
#113 = CARTESIAN_POINT('',(-103.6949526901,-174.1891591187,
    69.80271352669));
#114 = CARTESIAN_POINT('',(-103.7886976913,-174.5696749027,
    69.663129377845));
#115 = CARTESIAN_POINT('',(-103.8786452419,-174.9515696833,
    69.528779123195));
#116 = CARTESIAN_POINT('',(-104.0524296593,-175.7248413846,
    69.268440222208));
#117 = CARTESIAN_POINT('',(-104.136129146,-176.1162663949,
    69.142643126153));
#118 = CARTESIAN_POINT('',(-104.2158413129,-176.5090116472,
    69.022470545444));
#119 = CARTESIAN_POINT('',(-104.2915397776,-176.9030191614,
    68.908021538626));
#120 = CARTESIAN_POINT('',(-104.3631991423,-177.2982277248,
    68.799391073257));
#121 = CARTESIAN_POINT('',(-104.4307950443,-177.6945728164,
    68.696669607714));
#122 = CARTESIAN_POINT('',(-104.4943042059,-178.0919865309,
    68.599942673009));
#123 = CARTESIAN_POINT('',(-104.6132778165,-178.8899691833,
    68.418374134665));
#124 = CARTESIAN_POINT('',(-104.6687184611,-179.2905448841,
    68.333567711445));
#125 = CARTESIAN_POINT('',(-104.7200037592,-179.6920522692,
    68.254952596322));
#126 = CARTESIAN_POINT('',(-104.767112459,-180.094416625,68.182604384563
    ));
#127 = CARTESIAN_POINT('',(-104.8100250792,-180.4975607411,
    68.116592007544));
#128 = CARTESIAN_POINT('',(-104.8487242743,-180.9014047926,
    68.05697688497));
#129 = CARTESIAN_POINT('',(-104.8831951983,-181.3058662214,
    68.003812077106));
#130 = CARTESIAN_POINT('',(-104.9440197756,-182.1207191877,
    67.909910028769));
#131 = CARTESIAN_POINT('',(-104.9702711302,-182.5311251971,
    67.869329468416));
#132 = CARTESIAN_POINT('',(-104.9921655469,-182.9419888308,
    67.835448289782));
#133 = CARTESIAN_POINT('',(-105.0096956257,-183.3532204336,
    67.808299241455));
#134 = CARTESIAN_POINT('',(-105.0228478344,-183.764729472,
    67.787919433194));
#135 = CARTESIAN_POINT('',(-105.0316136387,-184.176424434,
    67.774332912987));
#136 = CARTESIAN_POINT('',(-105.0359979484,-184.5882126478,
    67.767537471618));
#137 = CARTESIAN_POINT('',(-105.0359979484,-185.,67.767537471617));
#138 = ORIENTED_EDGE('',*,*,#139,.F.);
#139 = EDGE_CURVE('',#140,#98,#142,.T.);
#140 = VERTEX_POINT('',#141);
#141 = CARTESIAN_POINT('',(-101.0545044606,-166.7184046944,
    73.573005431445));
#142 = B_SPLINE_CURVE_WITH_KNOTS('',4,(#143,#144,#145,#146,#147),
  .UNSPECIFIED.,.F.,.F.,(5,5),(0.,1.),.PIECEWISE_BEZIER_KNOTS.);
#143 = CARTESIAN_POINT('',(-101.0545044606,-166.7184046944,
    73.573005431445));
#144 = CARTESIAN_POINT('',(-101.2719383392,-167.1905372657,
    73.274354143092));
#145 = CARTESIAN_POINT('',(-101.4820018074,-167.666787102,
    72.983353071424));
#146 = CARTESIAN_POINT('',(-101.6846301429,-168.147065142,
    72.700408415204));
#147 = CARTESIAN_POINT('',(-101.8797374742,-168.6312660415,
    72.42595592864));
#148 = ORIENTED_EDGE('',*,*,#149,.F.);
#149 = EDGE_CURVE('',#150,#140,#152,.T.);
#150 = VERTEX_POINT('',#151);
#151 = CARTESIAN_POINT('',(-100.1329194224,-164.8403148068,
    74.822446150433));
#152 = B_SPLINE_CURVE_WITH_KNOTS('',4,(#153,#154,#155,#156,#157),
  .UNSPECIFIED.,.F.,.F.,(5,5),(0.,1.),.PIECEWISE_BEZIER_KNOTS.);
#153 = CARTESIAN_POINT('',(-100.1329194224,-164.8403148068,
    74.822446150433));
#154 = CARTESIAN_POINT('',(-100.3744325867,-165.3033849699,
    74.499235410012));
#155 = CARTESIAN_POINT('',(-100.6085700042,-165.7708113897,
    74.18299442949));
#156 = CARTESIAN_POINT('',(-100.8352832195,-166.2425147398,
    73.874111710221));
#157 = CARTESIAN_POINT('',(-101.0545044606,-166.7184046944,
    73.573005431445));
#158 = ORIENTED_EDGE('',*,*,#159,.F.);
#159 = EDGE_CURVE('',#160,#150,#162,.T.);
#160 = VERTEX_POINT('',#161);
#161 = CARTESIAN_POINT('',(-74.42170210987,-144.2344455028,
    100.43112194469));
#162 = B_SPLINE_CURVE_WITH_KNOTS('',8,(#163,#164,#165,#166,#167,#168,
    #169,#170,#171,#172,#173,#174,#175,#176,#177,#178,#179,#180,#181,
    #182,#183,#184,#185,#186,#187,#188,#189,#190,#191,#192,#193,#194,
    #195,#196,#197,#198,#199,#200,#201,#202,#203,#204,#205,#206,#207,
    #208,#209,#210,#211,#212,#213),.UNSPECIFIED.,.F.,.F.,(9,7,7,7,7,7,7,
    9),(0.,0.16649553803,0.208228648623,0.33528846678,0.50562153835,
    0.679836351369,0.74102418731,1.),.UNSPECIFIED.);
#163 = CARTESIAN_POINT('',(-74.42170210987,-144.2344455028,
    100.43112194469));
#164 = CARTESIAN_POINT('',(-75.18724104553,-144.428563147,
    99.863840513197));
#165 = CARTESIAN_POINT('',(-75.94249528162,-144.6389755021,
    99.293849298068));
#166 = CARTESIAN_POINT('',(-76.68716013951,-144.8650831006,
    98.721626399557));
#167 = CARTESIAN_POINT('',(-77.42098923716,-145.1063055651,
    98.147632643963));
#168 = CARTESIAN_POINT('',(-78.14379101288,-145.3620814749,
    97.572308052631));
#169 = CARTESIAN_POINT('',(-78.85542472388,-145.6318707636,
    96.996069285654));
#170 = CARTESIAN_POINT('',(-79.55579591982,-145.9151596459,
    96.419308060294));
#171 = CARTESIAN_POINT('',(-80.41756730013,-146.2857395705,
    95.697782689807));
#172 = CARTESIAN_POINT('',(-80.58957191388,-146.3608289059,
    95.553165302741));
#173 = CARTESIAN_POINT('',(-80.76086428234,-146.436728445,
    95.408544254712));
#174 = CARTESIAN_POINT('',(-80.93144357452,-146.5134306605,
    95.263925349257));
#175 = CARTESIAN_POINT('',(-81.10130907852,-146.5909281341,
    95.119314321657));
#176 = CARTESIAN_POINT('',(-81.27046020151,-146.6692135573,
    94.974716838932));
#177 = CARTESIAN_POINT('',(-81.43889646977,-146.7482797307,
    94.830138499848));
#178 = CARTESIAN_POINT('',(-82.11725780785,-147.0711983714,
    94.245479553513));
#179 = CARTESIAN_POINT('',(-82.62127210296,-147.32143837,93.805599832566
    ));
#180 = CARTESIAN_POINT('',(-83.11865761239,-147.5786311645,
    93.366095200101));
#181 = CARTESIAN_POINT('',(-83.60941572625,-147.8425834517,
    92.927113585926));
#182 = CARTESIAN_POINT('',(-84.09355568688,-148.1131080449,
    92.488797629363));
#183 = CARTESIAN_POINT('',(-84.57109303253,-148.3900268819,
    92.051285490533));
#184 = CARTESIAN_POINT('',(-85.04204747252,-148.6731751636,
    91.614712196734));
#185 = CARTESIAN_POINT('',(-86.12900381929,-149.3501173494,
    90.595381415052));
#186 = CARTESIAN_POINT('',(-86.73977131744,-149.7487470113,
    90.013482821124));
#187 = CARTESIAN_POINT('',(-87.33880871408,-150.1579151991,
    89.433825706326));
#188 = CARTESIAN_POINT('',(-87.92619643661,-150.5772537499,
    88.856707125065));
#189 = CARTESIAN_POINT('',(-88.50199868559,-151.0064527755,
    88.282439799241));
#190 = CARTESIAN_POINT('',(-89.06629983624,-151.4452008388,
    87.711317951899));
#191 = CARTESIAN_POINT('',(-89.61917629504,-151.8932319668,
    87.143643026721));
#192 = CARTESIAN_POINT('',(-90.71458638553,-152.8177838003,
    86.002925968823));
#193 = CARTESIAN_POINT('',(-91.25658956035,-153.2947148369,
    85.430064308578));
#194 = CARTESIAN_POINT('',(-91.78680709503,-153.7808304669,
    84.861443085726));
#195 = CARTESIAN_POINT('',(-92.30531807783,-154.2758889565,
    84.29738828829));
#196 = CARTESIAN_POINT('',(-92.81219450588,-154.779668921,
    83.738234091229));
#197 = CARTESIAN_POINT('',(-93.30750188425,-155.2919689687,
    83.184322857289));
#198 = CARTESIAN_POINT('',(-93.79129982517,-155.8126073441,
    82.636005137846));
#199 = CARTESIAN_POINT('',(-94.4295391895,-156.5271520377,
    81.903149735149));
#200 = CARTESIAN_POINT('',(-94.59402208601,-156.7138908218,
    81.713394717039));
#201 = CARTESIAN_POINT('',(-94.75709357772,-156.9016306478,
    81.524390284103));
#202 = CARTESIAN_POINT('',(-94.91875574363,-157.0903644548,
    81.336152328037));
#203 = CARTESIAN_POINT('',(-95.07901050073,-157.2800853978,
    81.14869696757));
#204 = CARTESIAN_POINT('',(-95.23785960398,-157.4707868476,
    80.962040548455));
#205 = CARTESIAN_POINT('',(-95.39530464635,-157.6624623912,
    80.776199643476));
#206 = CARTESIAN_POINT('',(-96.21179222656,-158.6704638318,
    79.808147339902));
#207 = CARTESIAN_POINT('',(-96.84709291208,-159.5031380522,
    79.040034961348));
#208 = CARTESIAN_POINT('',(-97.45738437296,-160.3526901629,
    78.288098353128));
#209 = CARTESIAN_POINT('',(-98.04271672309,-161.2187131499,
    77.553692797366));
#210 = CARTESIAN_POINT('',(-98.60305750656,-162.1008338113,
    76.838296675276));
#211 = CARTESIAN_POINT('',(-99.13831157638,-162.9986998849,
    76.143493252245));
#212 = CARTESIAN_POINT('',(-99.64833496361,-163.9119687694,
    75.470952836158));
#213 = CARTESIAN_POINT('',(-100.1329194224,-164.8403148068,
    74.822446150433));
#214 = ORIENTED_EDGE('',*,*,#215,.F.);
#215 = EDGE_CURVE('',#216,#160,#218,.T.);
#216 = VERTEX_POINT('',#217);
#217 = CARTESIAN_POINT('',(-71.68300267146,-143.7039382954,
    102.40384332633));
#218 = B_SPLINE_CURVE_WITH_KNOTS('',4,(#219,#220,#221,#222,#223),
  .UNSPECIFIED.,.F.,.F.,(5,5),(0.,1.),.PIECEWISE_BEZIER_KNOTS.);
#219 = CARTESIAN_POINT('',(-71.68300267146,-143.7039382954,
    102.40384332633));
#220 = CARTESIAN_POINT('',(-72.3752719037,-143.8327261512,
    101.91925275226));
#221 = CARTESIAN_POINT('',(-73.06246621313,-143.9643464091,
    101.42891723672));
#222 = CARTESIAN_POINT('',(-73.74460198986,-144.0983821625,
    100.9328682406));
#223 = CARTESIAN_POINT('',(-74.42170210987,-144.2344455028,
    100.43112194469));
#224 = ORIENTED_EDGE('',*,*,#225,.F.);
#225 = EDGE_CURVE('',#226,#216,#228,.T.);
#226 = VERTEX_POINT('',#227);
#227 = CARTESIAN_POINT('',(-69.54699502591,-143.2450427415,
    103.86633469448));
#228 = B_SPLINE_CURVE_WITH_KNOTS('',4,(#229,#230,#231,#232,#233),
  .UNSPECIFIED.,.F.,.F.,(5,5),(0.,1.),.PIECEWISE_BEZIER_KNOTS.);
#229 = CARTESIAN_POINT('',(-69.54699502591,-143.2450427415,
    103.86633469448));
#230 = CARTESIAN_POINT('',(-70.08636096948,-143.3542488222,
    103.50518513908));
#231 = CARTESIAN_POINT('',(-70.62214737382,-143.4673139315,
    103.14102352548));
#232 = CARTESIAN_POINT('',(-71.15435487685,-143.5839637604,
    102.77389839498));
#233 = CARTESIAN_POINT('',(-71.68300267146,-143.7039382954,
    102.40384332633));
#234 = ORIENTED_EDGE('',*,*,#235,.F.);
#235 = EDGE_CURVE('',#236,#226,#238,.T.);
#236 = VERTEX_POINT('',#237);
#237 = CARTESIAN_POINT('',(-58.21255081408,-141.7796770677,
    110.61780565405));
#238 = B_SPLINE_CURVE_WITH_KNOTS('',8,(#239,#240,#241,#242,#243,#244,
    #245,#246,#247,#248,#249,#250,#251,#252,#253,#254,#255,#256,#257,
    #258,#259,#260,#261,#262,#263,#264,#265,#266,#267,#268,#269,#270,
    #271,#272,#273,#274,#275,#276,#277,#278,#279,#280,#281,#282),
  .UNSPECIFIED.,.F.,.F.,(9,7,7,7,7,7,9),(0.,1.713904657141E-02,
    2.915937377166E-02,0.411364714863,0.804498202968,0.816507919167,1.),
  .UNSPECIFIED.);
#239 = CARTESIAN_POINT('',(-58.21255081408,-141.7796770677,
    110.61780565405));
#240 = CARTESIAN_POINT('',(-58.23814995052,-141.7806781753,
    110.60433412456));
#241 = CARTESIAN_POINT('',(-58.26374478154,-141.7816914027,
    110.59085621535));
#242 = CARTESIAN_POINT('',(-58.28933529576,-141.7827167357,
    110.57737193328));
#243 = CARTESIAN_POINT('',(-58.31492148186,-141.7837541601,
    110.56388128521));
#244 = CARTESIAN_POINT('',(-58.34050332859,-141.7848036619,
    110.55038427797));
#245 = CARTESIAN_POINT('',(-58.36608082472,-141.7858652267,
    110.53688091841));
#246 = CARTESIAN_POINT('',(-58.3916539591,-141.7869388404,
    110.52337121335));
#247 = CARTESIAN_POINT('',(-58.435155158,-141.7887858992,110.5003758052)
  );
#248 = CARTESIAN_POINT('',(-58.45300259493,-141.7895514148,
    110.49093711848));
#249 = CARTESIAN_POINT('',(-58.47081696681,-141.7903198869,
    110.48151172457));
#250 = CARTESIAN_POINT('',(-58.48863205462,-141.7910951901,
    110.47208176651));
#251 = CARTESIAN_POINT('',(-58.50646441951,-141.7918777063,
    110.46263845832));
#252 = CARTESIAN_POINT('',(-58.52431321056,-141.7926662208,
    110.45318222263));
#253 = CARTESIAN_POINT('',(-58.5421598221,-141.7934611986,
    110.44372290757));
#254 = CARTESIAN_POINT('',(-59.12621959574,-141.8196725826,
    110.13401362157));
#255 = CARTESIAN_POINT('',(-59.69028971439,-141.8510973345,
    109.83065297498));
#256 = CARTESIAN_POINT('',(-60.25205519612,-141.8883792031,
    109.52427422251));
#257 = CARTESIAN_POINT('',(-60.81140503002,-141.9313601973,
    109.21495195968));
#258 = CARTESIAN_POINT('',(-61.36824036957,-141.9798800792,
    108.90275828864));
#259 = CARTESIAN_POINT('',(-61.92247417076,-142.0337766464,
    108.58776232388));
#260 = CARTESIAN_POINT('',(-62.47403083024,-142.092886014,
    108.27002969782));
#261 = CARTESIAN_POINT('',(-63.5873527244,-142.2230341758,
    107.62005322969));
#262 = CARTESIAN_POINT('',(-64.14895785082,-142.2943657635,
    107.28765485922));
#263 = CARTESIAN_POINT('',(-64.70759181694,-142.3708583513,
    106.95249363665));
#264 = CARTESIAN_POINT('',(-65.26319623684,-142.4523317185,
    106.61463254225));
#265 = CARTESIAN_POINT('',(-65.8157231657,-142.5386059735,
    106.27413055074));
#266 = CARTESIAN_POINT('',(-66.36513454093,-142.6295027938,
    105.93104232711));
#267 = CARTESIAN_POINT('',(-66.91140162332,-142.7248466663,
    105.58541792235));
#268 = CARTESIAN_POINT('',(-67.47109552207,-142.8275093725,
    105.22666799536));
#269 = CARTESIAN_POINT('',(-67.48743150172,-142.8304700325,
    105.21619281587));
#270 = CARTESIAN_POINT('',(-67.50359076299,-142.8336649153,
    105.20582694308));
#271 = CARTESIAN_POINT('',(-67.51984264679,-142.8364848377,
    105.19539771961));
#272 = CARTESIAN_POINT('',(-67.53605163688,-142.83965387,105.1849919407)
  );
#273 = CARTESIAN_POINT('',(-67.55236132396,-142.8426468815,
    105.17451746919));
#274 = CARTESIAN_POINT('',(-67.56865787056,-142.8457093891,
    105.16404730119));
#275 = CARTESIAN_POINT('',(-67.83249413921,-142.89519243,104.99447313959
    ));
#276 = CARTESIAN_POINT('',(-68.07945122145,-142.9425522664,104.834805881
    ));
#277 = CARTESIAN_POINT('',(-68.32573458121,-142.9908120549,
    104.67463312673));
#278 = CARTESIAN_POINT('',(-68.57134247024,-143.0399553894,
    104.51395927659));
#279 = CARTESIAN_POINT('',(-68.81627344521,-143.0899660546,
    104.3527885527));
#280 = CARTESIAN_POINT('',(-69.06052636769,-143.1408280258,
    104.19112499949));
#281 = CARTESIAN_POINT('',(-69.30410040413,-143.1925254692,
    104.02897248373));
#282 = CARTESIAN_POINT('',(-69.54699502591,-143.2450427415,
    103.86633469448));
#283 = ORIENTED_EDGE('',*,*,#284,.F.);
#284 = EDGE_CURVE('',#285,#236,#287,.T.);
#285 = VERTEX_POINT('',#286);
#286 = CARTESIAN_POINT('',(58.212550814102,-141.7796770677,
    110.61780565404));
#287 = B_SPLINE_CURVE_WITH_KNOTS('',8,(#288,#289,#290,#291,#292,#293,
    #294,#295,#296,#297,#298,#299,#300,#301,#302,#303,#304,#305,#306,
    #307,#308,#309,#310,#311,#312,#313,#314,#315,#316,#317,#318,#319,
    #320,#321,#322,#323,#324,#325,#326,#327,#328,#329,#330,#331,#332,
    #333,#334,#335,#336,#337,#338,#339,#340,#341,#342,#343,#344,#345,
    #346,#347,#348,#349,#350,#351,#352,#353,#354,#355,#356,#357,#358,
    #359,#360,#361,#362,#363,#364,#365,#366,#367,#368,#369,#370,#371,
    #372,#373,#374,#375,#376,#377,#378,#379,#380,#381,#382,#383,#384,
    #385,#386,#387,#388,#389,#390,#391,#392,#393,#394,#395,#396,#397,
    #398,#399,#400,#401,#402,#403,#404,#405,#406,#407,#408,#409,#410,
    #411,#412,#413,#414,#415,#416,#417,#418,#419,#420,#421,#422,#423,
    #424,#425,#426,#427,#428,#429,#430,#431,#432,#433,#434,#435,#436,
    #437,#438,#439,#440,#441,#442,#443,#444,#445,#446,#447,#448,#449,
    #450,#451,#452,#453,#454,#455,#456,#457,#458,#459,#460,#461,#462,
    #463,#464,#465,#466,#467,#468,#469,#470,#471,#472,#473,#474,#475,
    #476,#477,#478,#479,#480,#481,#482,#483,#484,#485,#486,#487,#488,
    #489,#490,#491,#492,#493,#494,#495,#496,#497,#498,#499,#500,#501,
    #502,#503,#504,#505,#506,#507,#508,#509,#510,#511,#512,#513,#514,
    #515,#516,#517,#518,#519,#520),.UNSPECIFIED.,.F.,.F.,(9,7,7,7,7,7,7,
    7,7,7,7,7,7,7,7,7,7,7,7,7,7,7,7,7,7,7,7,7,7,7,7,7,7,9),(0.,
    9.502110371726E-02,0.106831712523,0.150263957894,0.172090507712,
    0.183025187264,0.194969136411,0.295806562805,0.30801402896,
    0.352878443904,0.375370298045,0.386622765088,0.398896669445,
    0.501495719986,0.552482884555,0.603721070322,0.615996745828,
    0.660899292504,0.705620654584,0.7157513114,0.752931479109,
    0.791175705815,0.799111582963,0.807986668361,0.831641273072,
    0.843497495096,0.855346781676,0.867131941434,0.905030933366,
    0.911817008715,0.921505023644,0.932167022085,0.940677080189,1.),
  .UNSPECIFIED.);
#288 = CARTESIAN_POINT('',(58.212550814102,-141.7796770677,
    110.61780565404));
#289 = CARTESIAN_POINT('',(56.951893106444,-141.7303764212,
    111.28122598165));
#290 = CARTESIAN_POINT('',(55.682520034422,-141.6822930414,
    111.92826600705));
#291 = CARTESIAN_POINT('',(54.404681847702,-141.6354370366,
    112.55878970794));
#292 = CARTESIAN_POINT('',(53.118629315323,-141.5898180896,
    113.17266678476));
#293 = CARTESIAN_POINT('',(51.824616209764,-141.5454455667,
    113.76977119914));
#294 = CARTESIAN_POINT('',(50.522899442112,-141.5023285146,
    114.3499812147));
#295 = CARTESIAN_POINT('',(49.21373837509,-141.460475623,114.91317989456
    ));
#296 = CARTESIAN_POINT('',(47.733780465258,-141.4148513092,
    115.52712919077));
#297 = CARTESIAN_POINT('',(47.569730257568,-141.4098170303,
    115.5948735964));
#298 = CARTESIAN_POINT('',(47.405413777627,-141.4047977832,
    115.66241572339));
#299 = CARTESIAN_POINT('',(47.24094117312,-141.3997969916,
    115.72970950256));
#300 = CARTESIAN_POINT('',(47.076370796705,-141.3948164182,
    115.79673121196));
#301 = CARTESIAN_POINT('',(46.911700265172,-141.3898559603,
    115.86348223587));
#302 = CARTESIAN_POINT('',(46.746872949241,-141.3849139189,
    115.92998543503));
#303 = CARTESIAN_POINT('',(45.974639240272,-141.3618685039,
    116.2400989497));
#304 = CARTESIAN_POINT('',(45.366032327351,-141.3440195385,
    116.48028579007));
#305 = CARTESIAN_POINT('',(44.755978465123,-141.326440828,
    116.71683591056));
#306 = CARTESIAN_POINT('',(44.144503183118,-141.3091331406,
    116.9497389746));
#307 = CARTESIAN_POINT('',(43.531632099997,-141.2920972282,
    117.1789848646));
#308 = CARTESIAN_POINT('',(42.917390923553,-141.2753338264,
    117.40456368198));
#309 = CARTESIAN_POINT('',(42.301805450704,-141.2588436544,
    117.62646574717));
#310 = CARTESIAN_POINT('',(41.374881138552,-141.2344780659,
    117.95434434286));
#311 = CARTESIAN_POINT('',(41.06452774562,-141.2263978978,118.0630761372
    ));
#312 = CARTESIAN_POINT('',(40.75384467376,-141.2183870004,
    118.17087578204));
#313 = CARTESIAN_POINT('',(40.442835213433,-141.2104454618,
    118.27774209093));
#314 = CARTESIAN_POINT('',(40.131502660508,-141.2025733692,
    118.38367389152));
#315 = CARTESIAN_POINT('',(39.819850316259,-141.1947708087,
    118.48867002559));
#316 = CARTESIAN_POINT('',(39.507881487369,-141.1870378651,
    118.59272934901));
#317 = CARTESIAN_POINT('',(39.039152239609,-141.1755354863,
    118.74751255119));
#318 = CARTESIAN_POINT('',(38.88258071496,-141.1717127227,
    118.79895404942));
#319 = CARTESIAN_POINT('',(38.725884889343,-141.1679063515,
    118.85017496025));
#320 = CARTESIAN_POINT('',(38.569064810375,-141.1641163943,
    118.90117499383));
#321 = CARTESIAN_POINT('',(38.412120595921,-141.1603428744,
    118.9519538367));
#322 = CARTESIAN_POINT('',(38.255052434101,-141.1565858169,
    119.00251115175));
#323 = CARTESIAN_POINT('',(38.097860583283,-141.1528452486,
    119.05284657823));
#324 = CARTESIAN_POINT('',(37.768709986004,-141.145053418,
    119.15769832329));
#325 = CARTESIAN_POINT('',(37.596783418022,-141.1410066712,
    119.21215387826));
#326 = CARTESIAN_POINT('',(37.424766326172,-141.1369809736,
    119.26632618277));
#327 = CARTESIAN_POINT('',(37.252658891776,-141.1329763301,
    119.32021516967));
#328 = CARTESIAN_POINT('',(37.080462409382,-141.1289927709,
    119.37382043385));
#329 = CARTESIAN_POINT('',(36.90817640852,-141.1250302859,
    119.42714210983));
#330 = CARTESIAN_POINT('',(36.735802421347,-141.1210889104,
    119.48017972272));
#331 = CARTESIAN_POINT('',(35.10731989787,-141.0840715685,
    119.97830822232));
#332 = CARTESIAN_POINT('',(33.645036087185,-141.0524793272,
    120.4034331774));
#333 = CARTESIAN_POINT('',(32.176820560072,-141.022399708,
    120.80820334249));
#334 = CARTESIAN_POINT('',(30.703006922727,-140.9938400016,
    121.19252061008));
#335 = CARTESIAN_POINT('',(29.223930641986,-140.9668070002,
    121.5562935804));
#336 = CARTESIAN_POINT('',(27.739929017795,-140.9413069973,
    121.89943756559));
#337 = CARTESIAN_POINT('',(26.251341206663,-140.9173457859,
    122.22187460945));
#338 = CARTESIAN_POINT('',(24.577784651288,-140.8922148192,
    122.56005261223));
#339 = CARTESIAN_POINT('',(24.396908919339,-140.8895222622,
    122.59628534323));
#340 = CARTESIAN_POINT('',(24.21591520871,-140.8868515386,122.6322242689
    ));
#341 = CARTESIAN_POINT('',(24.034824654746,-140.8842029831,
    122.6678648885));
#342 = CARTESIAN_POINT('',(23.853649736297,-140.8815767886,
    122.70320460387));
#343 = CARTESIAN_POINT('',(23.672389408283,-140.8789729465,
    122.73824353167));
#344 = CARTESIAN_POINT('',(23.491032964747,-140.8763913171,
    122.77298355076));
#345 = CARTESIAN_POINT('',(22.6426070293,-140.8644242653,122.93401968336
    ));
#346 = CARTESIAN_POINT('',(21.974862137075,-140.8553244258,
    123.05647281363));
#347 = CARTESIAN_POINT('',(21.306353347644,-140.8465325311,
    123.17478204687));
#348 = CARTESIAN_POINT('',(20.637110969107,-140.8380490018,
    123.28894172158));
#349 = CARTESIAN_POINT('',(19.967165360623,-140.8298742385,
    123.39894644792));
#350 = CARTESIAN_POINT('',(19.296546932412,-140.8220086216,
    123.50479110769));
#351 = CARTESIAN_POINT('',(18.625286145755,-140.8144525112,
    123.60647085437));
#352 = CARTESIAN_POINT('',(17.616583950485,-140.8035734815,
    123.75286588111));
#353 = CARTESIAN_POINT('',(17.27960061041,-140.8000185898,
    123.80070272677));
#354 = CARTESIAN_POINT('',(16.942467336558,-140.796541615,
    123.84749107381));
#355 = CARTESIAN_POINT('',(16.60518797522,-140.7931425986,
    123.89323036324));
#356 = CARTESIAN_POINT('',(16.267766375183,-140.789821581,
    123.93792005339));
#357 = CARTESIAN_POINT('',(15.930206387736,-140.786578601,
    123.98155961987));
#358 = CARTESIAN_POINT('',(15.592511866666,-140.7834136964,
    124.0241485556));
#359 = CARTESIAN_POINT('',(15.085675839383,-140.7787826095,
    124.08646735635));
#360 = CARTESIAN_POINT('',(14.916619665245,-140.7772577508,
    124.10698680902));
#361 = CARTESIAN_POINT('',(14.74751880372,-140.7757523385,
    124.12724457795));
#362 = CARTESIAN_POINT('',(14.578373844486,-140.7742663832,
    124.14724052147));
#363 = CARTESIAN_POINT('',(14.409185309027,-140.7727998948,
    124.16697450714));
#364 = CARTESIAN_POINT('',(14.239953650631,-140.7713528823,
    124.18644641174));
#365 = CARTESIAN_POINT('',(14.07067925439,-140.7699253543,
    124.20565612124));
#366 = CARTESIAN_POINT('',(13.716675966925,-140.766981469,
    124.24527088243));
#367 = CARTESIAN_POINT('',(13.531892872402,-140.7654684274,
    124.26563131608));
#368 = CARTESIAN_POINT('',(13.347060295316,-140.7639786134,
    124.28567918563));
#369 = CARTESIAN_POINT('',(13.16220265393,-140.7625122239,124.3054118391
    ));
#370 = CARTESIAN_POINT('',(12.977321457136,-140.7610692578,
    124.32482929334));
#371 = CARTESIAN_POINT('',(12.792395382741,-140.7596495415,
    124.34393388339));
#372 = CARTESIAN_POINT('',(12.607380308567,-140.758252755,
    124.36272991608));
#373 = CARTESIAN_POINT('',(10.874339501522,-140.7453905142,
    124.53581227131));
#374 = CARTESIAN_POINT('',(9.324246890385,-140.7355383401,124.6683892869
    ));
#375 = CARTESIAN_POINT('',(7.772300675853,-140.727324767,124.77891626206
    ));
#376 = CARTESIAN_POINT('',(6.218870917272,-140.7207520597,
    124.86736272219));
#377 = CARTESIAN_POINT('',(4.664327809324,-140.7158219193,
    124.93370577341));
#378 = CARTESIAN_POINT('',(3.109042824987,-140.7125354806,
    124.97793014847));
#379 = CARTESIAN_POINT('',(1.553386818863,-140.7108933109,
    125.00002821107));
#380 = CARTESIAN_POINT('',(-0.775359954391,-140.7108964514,
    124.99998594953));
#381 = CARTESIAN_POINT('',(-1.548451356757,-140.7113035702,
    124.99450750455));
#382 = CARTESIAN_POINT('',(-2.321497400237,-140.7121167654,
    124.98356464178));
#383 = CARTESIAN_POINT('',(-3.094451602572,-140.7133360022,
    124.96715782848));
#384 = CARTESIAN_POINT('',(-3.867269261671,-140.7149612102,
    124.94528801423));
#385 = CARTESIAN_POINT('',(-4.639904647949,-140.7169922872,
    124.9179565723));
#386 = CARTESIAN_POINT('',(-5.412312304641,-140.7194290943,
    124.88516537159));
#387 = CARTESIAN_POINT('',(-6.960382344564,-140.7251278163,
    124.80847980505));
#388 = CARTESIAN_POINT('',(-7.736042054402,-140.7283937343,
    124.7645315702));
#389 = CARTESIAN_POINT('',(-8.511379493775,-140.7320690368,
    124.71507440185));
#390 = CARTESIAN_POINT('',(-9.286348438754,-140.7361535122,
    124.6601111459));
#391 = CARTESIAN_POINT('',(-10.06090278322,-140.7406469144,
    124.59964511646));
#392 = CARTESIAN_POINT('',(-10.83499654508,-140.7455489625,
    124.53368009139));
#393 = CARTESIAN_POINT('',(-11.60858380231,-140.7508593411,
    124.46222031649));
#394 = CARTESIAN_POINT('',(-12.56682269315,-140.7579477066,
    124.36683483889));
#395 = CARTESIAN_POINT('',(-12.75185862158,-140.759340122,
    124.34809762541));
#396 = CARTESIAN_POINT('',(-12.93684048187,-140.7607557285,
    124.32904833928));
#397 = CARTESIAN_POINT('',(-13.12184233455,-140.7621950947,
    124.30967932762));
#398 = CARTESIAN_POINT('',(-13.30689769111,-140.7636585262,
    124.28998647876));
#399 = CARTESIAN_POINT('',(-13.492000419,-140.7651460277,124.26996972767
    ));
#400 = CARTESIAN_POINT('',(-13.67710400007,-140.7666572528,
    124.24963373828));
#401 = CARTESIAN_POINT('',(-14.53889009218,-140.7738033693,
    124.15347112609));
#402 = CARTESIAN_POINT('',(-15.21518279696,-140.7797283545,
    124.07374082053));
#403 = CARTESIAN_POINT('',(-15.89096926652,-140.7859661534,
    123.98980109719));
#404 = CARTESIAN_POINT('',(-16.56621855018,-140.7925164801,
    123.90165580606));
#405 = CARTESIAN_POINT('',(-17.24089974932,-140.7993790277,
    123.80930907458));
#406 = CARTESIAN_POINT('',(-17.91498204285,-140.8065534692,
    123.7127653035));
#407 = CARTESIAN_POINT('',(-18.58843469014,-140.8140394574,
    123.61202916477));
#408 = CARTESIAN_POINT('',(-19.9313045736,-140.8296023306,123.402605411)
  );
#409 = CARTESIAN_POINT('',(-20.60072713817,-140.8376767095,
    123.29395151917));
#410 = CARTESIAN_POINT('',(-21.26946438894,-140.8460593988,
    123.18114881104));
#411 = CARTESIAN_POINT('',(-21.93748608753,-140.8547500157,
    123.06420243522));
#412 = CARTESIAN_POINT('',(-22.60476201669,-140.8637481574,
    122.94311781426));
#413 = CARTESIAN_POINT('',(-23.2712619581,-140.8730534001,
    122.81790064977));
#414 = CARTESIAN_POINT('',(-23.93695570469,-140.8826652994,
    122.68855692201));
#415 = CARTESIAN_POINT('',(-24.75242216465,-140.8948301196,
    122.52485949442));
#416 = CARTESIAN_POINT('',(-24.90298828573,-140.8970925605,
    122.49441467444));
#417 = CARTESIAN_POINT('',(-25.05351110537,-140.8993707078,
    122.46375850003));
#418 = CARTESIAN_POINT('',(-25.2039903094,-140.9016645565,
    122.43289103725));
#419 = CARTESIAN_POINT('',(-25.35442556815,-140.9039741015,
    122.40181235601));
#420 = CARTESIAN_POINT('',(-25.5048165155,-140.9062993369,
    122.37052253439));
#421 = CARTESIAN_POINT('',(-25.65516277382,-140.9086402567,
    122.33902165358));
#422 = CARTESIAN_POINT('',(-26.35707936532,-140.9196457271,
    122.19092516301));
#423 = CARTESIAN_POINT('',(-26.90808836878,-140.9285057859,
    122.07169867157));
#424 = CARTESIAN_POINT('',(-27.45847376353,-140.9375767523,
    121.9496340744));
#425 = CARTESIAN_POINT('',(-28.00821833382,-140.9468583375,
    121.82473526075));
#426 = CARTESIAN_POINT('',(-28.55730493079,-140.9563502435,
    121.69700623841));
#427 = CARTESIAN_POINT('',(-29.10571646422,-140.9660521636,
    121.56645113433));
#428 = CARTESIAN_POINT('',(-29.65343587471,-140.9759637819,
    121.43307420099));
#429 = CARTESIAN_POINT('',(-30.76311118028,-140.9964954147,
    121.15678771046));
#430 = CARTESIAN_POINT('',(-31.32502590954,-141.007127585,
    121.01371457894));
#431 = CARTESIAN_POINT('',(-31.88617167688,-141.0179809274,
    120.86766521725));
#432 = CARTESIAN_POINT('',(-32.44652995706,-141.0290550769,
    120.71864453634));
#433 = CARTESIAN_POINT('',(-33.00608210759,-141.0403496546,
    120.56665763586));
#434 = CARTESIAN_POINT('',(-33.56480960501,-141.0518642726,
    120.41170973656));
#435 = CARTESIAN_POINT('',(-34.12269419626,-141.0635985372,
    120.25380613372));
#436 = CARTESIAN_POINT('',(-34.795302696,-141.0780324548,120.05957431347
    ));
#437 = CARTESIAN_POINT('',(-34.91085085038,-141.0805223093,
    120.02606927372));
#438 = CARTESIAN_POINT('',(-35.02636169265,-141.083021599,
    119.99243726931));
#439 = CARTESIAN_POINT('',(-35.14183502748,-141.0855303194,
    119.95867835887));
#440 = CARTESIAN_POINT('',(-35.25727068997,-141.0880484668,
    119.92479259232));
#441 = CARTESIAN_POINT('',(-35.37266854562,-141.0905760382,
    119.89078001087));
#442 = CARTESIAN_POINT('',(-35.48802849035,-141.0931130312,
    119.85664064702));
#443 = CARTESIAN_POINT('',(-35.73232072381,-141.0985072238,
    119.78405301858));
#444 = CARTESIAN_POINT('',(-35.86194900358,-141.101382363,
    119.74536334694));
#445 = CARTESIAN_POINT('',(-35.99194343095,-141.104278664,
    119.70638890948));
#446 = CARTESIAN_POINT('',(-36.1220546709,-141.1071907053,
    119.66720266116));
#447 = CARTESIAN_POINT('',(-36.25207575234,-141.1101138746,
    119.62786666727));
#448 = CARTESIAN_POINT('',(-36.3818419082,-141.113044402,119.58843165857
    ));
#449 = CARTESIAN_POINT('',(-36.51123041554,-141.1159793928,
    119.5489365866));
#450 = CARTESIAN_POINT('',(-36.98379528808,-141.1267460416,
    119.40405382791));
#451 = CARTESIAN_POINT('',(-37.32708035707,-141.1346590575,
    119.29757133748));
#452 = CARTESIAN_POINT('',(-37.67001141615,-141.1426558089,
    119.18996205075));
#453 = CARTESIAN_POINT('',(-38.01258458932,-141.1507362033,
    119.08122721114));
#454 = CARTESIAN_POINT('',(-38.35479432255,-141.1589001066,
    118.97136862235));
#455 = CARTESIAN_POINT('',(-38.69663716047,-141.167147432,
    118.86038745553));
#456 = CARTESIAN_POINT('',(-39.03810863121,-141.1754780679,
    118.7482852087));
#457 = CARTESIAN_POINT('',(-39.55016930881,-141.1881091087,
    118.5783140255));
#458 = CARTESIAN_POINT('',(-39.72122817209,-141.1923518612,
    118.52122089548));
#459 = CARTESIAN_POINT('',(-39.89219586772,-141.196615684,
    118.46384422948));
#460 = CARTESIAN_POINT('',(-40.06296151212,-141.2008977908,
    118.40622152203));
#461 = CARTESIAN_POINT('',(-40.23348810361,-141.2051971652,
    118.34836645267));
#462 = CARTESIAN_POINT('',(-40.40381216088,-141.2095146388,
    118.29026782738));
#463 = CARTESIAN_POINT('',(-40.57404336146,-141.2138529708,
    118.23188851999));
#464 = CARTESIAN_POINT('',(-40.91458536769,-141.2225783279,
    118.11447465882));
#465 = CARTESIAN_POINT('',(-41.08506078991,-141.2269695434,
    118.05538371638));
#466 = CARTESIAN_POINT('',(-41.25563503367,-141.2313867588,
    117.9959429039));
#467 = CARTESIAN_POINT('',(-41.42617826568,-141.2358266974,
    117.93619631452));
#468 = CARTESIAN_POINT('',(-41.59658611781,-141.2402866464,
    117.87618045111));
#469 = CARTESIAN_POINT('',(-41.76677957241,-141.2447644846,
    117.81592386025));
#470 = CARTESIAN_POINT('',(-41.93670484764,-141.249258709,
    117.75544676627));
#471 = CARTESIAN_POINT('',(-42.27504371049,-141.2582538095,
    117.63440306954));
#472 = CARTESIAN_POINT('',(-42.44365443996,-141.2627596741,
    117.57376933728));
#473 = CARTESIAN_POINT('',(-42.61216413798,-141.2672860198,
    117.51286000003));
#474 = CARTESIAN_POINT('',(-42.78057410376,-141.2718328817,
    117.45167458303));
#475 = CARTESIAN_POINT('',(-42.94888234408,-141.2764002053,
    117.39021382044));
#476 = CARTESIAN_POINT('',(-43.11708718124,-141.2809879444,
    117.32847833459));
#477 = CARTESIAN_POINT('',(-43.28519047632,-141.2855961489,
    117.26646745321));
#478 = CARTESIAN_POINT('',(-43.99344910946,-141.3051096088,
    117.00388213524));
#479 = CARTESIAN_POINT('',(-44.53264226001,-141.3202056661,
    116.80074014746));
#480 = CARTESIAN_POINT('',(-45.07075243121,-141.3355124447,
    116.5947625639));
#481 = CARTESIAN_POINT('',(-45.60776210936,-141.3510294346,
    116.38595624369));
#482 = CARTESIAN_POINT('',(-46.14365383739,-141.3667561167,
    116.17432817626));
#483 = CARTESIAN_POINT('',(-46.67841021487,-141.3826919616,
    115.95988548131));
#484 = CARTESIAN_POINT('',(-47.21201389801,-141.3988364308,
    115.74263540879));
#485 = CARTESIAN_POINT('',(-47.83978351845,-141.4181170115,
    115.48318385947));
#486 = CARTESIAN_POINT('',(-47.93508188919,-141.4210517172,
    115.44369262349));
#487 = CARTESIAN_POINT('',(-48.03034262908,-141.4239930904,
    115.40411166666));
#488 = CARTESIAN_POINT('',(-48.12556565116,-141.4269411282,
    115.36444102647));
#489 = CARTESIAN_POINT('',(-48.22075086434,-141.4298958277,
    115.32468074226));
#490 = CARTESIAN_POINT('',(-48.31589817336,-141.4328571859,
    115.28483085523));
#491 = CARTESIAN_POINT('',(-48.4110074788,-141.4358251995,
    115.24489140841));
#492 = CARTESIAN_POINT('',(-48.64180531452,-141.4430465916,
    115.14771584012));
#493 = CARTESIAN_POINT('',(-48.77748578024,-141.4473078614,
    115.09037352949));
#494 = CARTESIAN_POINT('',(-48.91311988721,-141.4515836813,
    115.03283542288));
#495 = CARTESIAN_POINT('',(-49.0487074482,-141.4558740583,
    114.97510142755));
#496 = CARTESIAN_POINT('',(-49.18424827578,-141.4601789992,
    114.91717144998));
#497 = CARTESIAN_POINT('',(-49.31974218229,-141.4644985112,
    114.85904539589));
#498 = CARTESIAN_POINT('',(-49.4551889799,-141.4688326012,
    114.80072317019));
#499 = CARTESIAN_POINT('',(-49.73960035507,-141.4779671453,
    114.67780303366));
#500 = CARTESIAN_POINT('',(-49.88840798329,-141.4827659594,
    114.61322718952));
#501 = CARTESIAN_POINT('',(-50.03716012963,-141.4875824465,
    114.5484135286));
#502 = CARTESIAN_POINT('',(-50.18593437311,-141.4924191589,
    114.48332770113));
#503 = CARTESIAN_POINT('',(-50.33473250039,-141.497276239,
    114.41796779341));
#504 = CARTESIAN_POINT('',(-50.48348438821,-141.5021514629,
    114.35236373357));
#505 = CARTESIAN_POINT('',(-50.63205081806,-141.5070402488,
    114.28657717239));
#506 = CARTESIAN_POINT('',(-50.89847599705,-141.5158423997,
    114.16812992658));
#507 = CARTESIAN_POINT('',(-51.01665898714,-141.5197593817,
    114.11542056682));
#508 = CARTESIAN_POINT('',(-51.1347912865,-141.5236871378,114.0625662249
    ));
#509 = CARTESIAN_POINT('',(-51.25289040897,-141.5276262567,
    114.00955897762));
#510 = CARTESIAN_POINT('',(-51.37096481849,-141.5315770357,
    113.95639482483));
#511 = CARTESIAN_POINT('',(-51.48901401556,-141.5355394752,
    113.90307376192));
#512 = CARTESIAN_POINT('',(-51.60702862373,-141.5395132731,
    113.84959985251));
#513 = CARTESIAN_POINT('',(-52.547292912,-141.5712737691,113.42221075844
    ));
#514 = CARTESIAN_POINT('',(-53.36648046134,-141.5995534201,
    113.04166208934));
#515 = CARTESIAN_POINT('',(-54.18248757329,-141.6283344856,
    112.65436607481));
#516 = CARTESIAN_POINT('',(-54.9952491045,-141.6576146223,
    112.26035424592));
#517 = CARTESIAN_POINT('',(-55.80470031901,-141.6873914314,
    111.85965888362));
#518 = CARTESIAN_POINT('',(-56.61077688829,-141.7176624583,
    111.45231301874));
#519 = CARTESIAN_POINT('',(-57.41341489121,-141.7484251924,
    111.03835043201));
#520 = CARTESIAN_POINT('',(-58.21255081408,-141.7796770677,
    110.61780565405));
#521 = ORIENTED_EDGE('',*,*,#522,.F.);
#522 = EDGE_CURVE('',#523,#285,#525,.T.);
#523 = VERTEX_POINT('',#524);
#524 = CARTESIAN_POINT('',(69.594764732802,-143.254819502,
    103.83433305889));
#525 = B_SPLINE_CURVE_WITH_KNOTS('',8,(#526,#527,#528,#529,#530,#531,
    #532,#533,#534,#535,#536,#537,#538,#539,#540,#541,#542,#543,#544,
    #545,#546,#547,#548,#549,#550,#551,#552,#553,#554,#555,#556,#557,
    #558,#559,#560,#561,#562,#563,#564,#565,#566,#567,#568,#569,#570,
    #571,#572,#573,#574,#575,#576,#577,#578,#579,#580,#581,#582,#583,
    #584,#585,#586,#587,#588,#589,#590,#591,#592,#593,#594,#595,#596,
    #597),.UNSPECIFIED.,.F.,.F.,(9,7,7,7,7,7,7,7,7,7,9),(0.,
    0.195067285529,0.207077000882,0.589350744549,0.785839803403,
    0.884217229064,0.933448405359,0.957573280083,0.969637729044,
    0.982712777198,1.),.UNSPECIFIED.);
#526 = CARTESIAN_POINT('',(69.594764732802,-143.254819502,
    103.83433305889));
#527 = CARTESIAN_POINT('',(69.332214142346,-143.1978993448,
    104.01030709402));
#528 = CARTESIAN_POINT('',(69.068869206592,-143.1419346336,
    104.18571400179));
#529 = CARTESIAN_POINT('',(68.804730533888,-143.0869451493,
    104.36054915619));
#530 = CARTESIAN_POINT('',(68.539799153052,-143.0329509266,
    104.53480768662));
#531 = CARTESIAN_POINT('',(68.274076513365,-142.9799722532,
    104.70848447792));
#532 = CARTESIAN_POINT('',(68.007564484573,-142.9280296709,
    104.88157417038));
#533 = CARTESIAN_POINT('',(67.740265356889,-142.8771439743,
    105.05407115967));
#534 = CARTESIAN_POINT('',(67.455676732468,-142.8242696956,
    105.23655287488));
#535 = CARTESIAN_POINT('',(67.439058309935,-142.8213132799,
    105.24720463357));
#536 = CARTESIAN_POINT('',(67.422467844815,-142.8181303988,
    105.25783420999));
#537 = CARTESIAN_POINT('',(67.405801101569,-142.8152400128,
    105.26850845381));
#538 = CARTESIAN_POINT('',(67.389217077263,-142.8121051328,
    105.27912543093));
#539 = CARTESIAN_POINT('',(67.372609059029,-142.8091237065,
    105.28975360597));
#540 = CARTESIAN_POINT('',(67.356012162556,-142.8060950172,
    105.30037044319));
#541 = CARTESIAN_POINT('',(66.80984552798,-142.7068649501,
    105.64960763234));
#542 = CARTESIAN_POINT('',(66.277317563072,-142.6147368031,
    105.98583660192));
#543 = CARTESIAN_POINT('',(65.741811698746,-142.5268468882,
    106.31965276845));
#544 = CARTESIAN_POINT('',(65.203355352869,-142.4433574871,
    106.65100950114));
#545 = CARTESIAN_POINT('',(64.661984398214,-142.3644332842,
    106.97985601917));
#546 = CARTESIAN_POINT('',(64.117743646128,-142.2902403062,
    107.30613766488));
#547 = CARTESIAN_POINT('',(63.570687330184,-142.2209448633,
    107.62979617694));
#548 = CARTESIAN_POINT('',(62.738277901298,-142.123696989,
    108.11575078759));
#549 = CARTESIAN_POINT('',(62.454949526113,-142.0920191342,
    108.28002220705));
#550 = CARTESIAN_POINT('',(62.170903270472,-142.061701474,
    108.44357575878));
#551 = CARTESIAN_POINT('',(61.886148733774,-142.0327664508,
    108.60640274268));
#552 = CARTESIAN_POINT('',(61.600696308633,-142.0052364006,
    108.76849422166));
#553 = CARTESIAN_POINT('',(61.314557180882,-141.9791335527,
    108.92984102163));
#554 = CARTESIAN_POINT('',(61.027743329575,-141.9544800297,
    109.09043373154));
#555 = CARTESIAN_POINT('',(60.596335190166,-141.9196910773,
    109.33028529027));
#556 = CARTESIAN_POINT('',(60.452236925613,-141.9084531323,
    109.4101164282));
#557 = CARTESIAN_POINT('',(60.3079743412,-141.8975867705,109.48975490809
    ));
#558 = CARTESIAN_POINT('',(60.163549098268,-141.8870947403,
    109.56919950874));
#559 = CARTESIAN_POINT('',(60.018962911621,-141.8769797808,
    109.64844899675));
#560 = CARTESIAN_POINT('',(59.874217549523,-141.8672446213,
    109.72750212653));
#561 = CARTESIAN_POINT('',(59.729314833703,-141.8578919818,
    109.80635764035));
#562 = CARTESIAN_POINT('',(59.5116649295,-141.8444369975,109.92437653342
    ));
#563 = CARTESIAN_POINT('',(59.439034283045,-141.8400458963,
    109.96368899137));
#564 = CARTESIAN_POINT('',(59.36636493509,-141.8357516087,
    110.00295148303));
#565 = CARTESIAN_POINT('',(59.293657124183,-141.8315544739,
    110.04216384869));
#566 = CARTESIAN_POINT('',(59.220911092317,-141.8274548305,
    110.08132592797));
#567 = CARTESIAN_POINT('',(59.14812708493,-141.8234530164,
    110.12043755983));
#568 = CARTESIAN_POINT('',(59.075305350904,-141.819549369,
    110.15949858256));
#569 = CARTESIAN_POINT('',(58.966742765032,-141.8138795815,
    110.21762512341));
#570 = CARTESIAN_POINT('',(58.93103038873,-141.8120385915,
    110.23672922118));
#571 = CARTESIAN_POINT('',(58.895309043351,-141.810221295,110.255821108)
  );
#572 = CARTESIAN_POINT('',(58.859578758793,-141.8084277316,
    110.27490076473));
#573 = CARTESIAN_POINT('',(58.823839565152,-141.806657941,
    110.29396817221));
#574 = CARTESIAN_POINT('',(58.788091492726,-141.8049119626,
    110.31302331121));
#575 = CARTESIAN_POINT('',(58.752334572014,-141.8031898361,
    110.3320661625));
#576 = CARTESIAN_POINT('',(58.698682982322,-141.8006423417,
    110.36061356577));
#577 = CARTESIAN_POINT('',(58.680794492873,-141.7997990368,
    110.37012757732));
#578 = CARTESIAN_POINT('',(58.662903367293,-141.7989616915,
    110.3796387397));
#579 = CARTESIAN_POINT('',(58.645009607514,-141.7981303112,
    110.38914705115));
#580 = CARTESIAN_POINT('',(58.627113215475,-141.7973049013,
    110.39865250992));
#581 = CARTESIAN_POINT('',(58.609214193129,-141.7964854671,
    110.40815511425));
#582 = CARTESIAN_POINT('',(58.591312542435,-141.795672014,
    110.41765486238));
#583 = CARTESIAN_POINT('',(58.554004205909,-141.7939894421,
    110.43744416594));
#584 = CARTESIAN_POINT('',(58.534597572662,-141.7931215321,
    110.44773295142));
#585 = CARTESIAN_POINT('',(58.5151884687,-141.7922598127,110.45801805409
    ));
#586 = CARTESIAN_POINT('',(58.495776550148,-141.7914076639,
    110.46829965517));
#587 = CARTESIAN_POINT('',(58.476362543733,-141.7905582175,
    110.47857737022));
#588 = CARTESIAN_POINT('',(58.456945450765,-141.7897209433,
    110.48885172655));
#589 = CARTESIAN_POINT('',(58.437526254764,-141.7888866589,
    110.49912220396));
#590 = CARTESIAN_POINT('',(58.392425460005,-141.7869711061,
    110.52296364361));
#591 = CARTESIAN_POINT('',(58.366742223027,-141.7858925891,110.536531738
    ));
#592 = CARTESIAN_POINT('',(58.3410545868,-141.7848262186,110.550093432)
  );
#593 = CARTESIAN_POINT('',(58.31536256262,-141.7837720091,110.5636487187
    ));
#594 = CARTESIAN_POINT('',(58.289666161833,-141.7827299748,
    110.57719759119));
#595 = CARTESIAN_POINT('',(58.26396539584,-141.7817001303,
    110.59074004253));
#596 = CARTESIAN_POINT('',(58.238260276095,-141.7806824898,
    110.6042760658));
#597 = CARTESIAN_POINT('',(58.212550814102,-141.7796770677,
    110.61780565404));
#598 = ORIENTED_EDGE('',*,*,#599,.F.);
#599 = EDGE_CURVE('',#600,#523,#602,.T.);
#600 = VERTEX_POINT('',#601);
#601 = CARTESIAN_POINT('',(71.740629818703,-143.7168957142,
    102.36347997804));
#602 = B_SPLINE_CURVE_WITH_KNOTS('',4,(#603,#604,#605,#606,#607),
  .UNSPECIFIED.,.F.,.F.,(5,5),(0.,1.),.PIECEWISE_BEZIER_KNOTS.);
#603 = CARTESIAN_POINT('',(71.740629818703,-143.7168957142,
    102.36347997804));
#604 = CARTESIAN_POINT('',(71.209568238214,-143.596101057,
    102.73567025787));
#605 = CARTESIAN_POINT('',(70.674913685516,-143.4786454327,
    103.10490080017));
#606 = CARTESIAN_POINT('',(70.136646244783,-143.3647922479,
    103.47113800357));
#607 = CARTESIAN_POINT('',(69.594764732802,-143.254819502,
    103.83433305889));
#608 = ORIENTED_EDGE('',*,*,#609,.F.);
#609 = EDGE_CURVE('',#610,#600,#612,.T.);
#610 = VERTEX_POINT('',#611);
#611 = CARTESIAN_POINT('',(73.923574263781,-144.2268976389,
    100.79833911363));
#612 = B_SPLINE_CURVE_WITH_KNOTS('',4,(#613,#614,#615,#616,#617),
  .UNSPECIFIED.,.F.,.F.,(5,5),(0.,1.),.PIECEWISE_BEZIER_KNOTS.);
#613 = CARTESIAN_POINT('',(73.923574263781,-144.2268976389,
    100.79833911363));
#614 = CARTESIAN_POINT('',(73.383449476962,-144.0949240157,
    101.19445630307));
#615 = CARTESIAN_POINT('',(72.839605187842,-143.9657501164,
    101.58736680662));
#616 = CARTESIAN_POINT('',(72.292005998317,-143.8396455578,
    101.97705237319));
#617 = CARTESIAN_POINT('',(71.740629818703,-143.7168957142,
    102.36347997804));
#618 = ORIENTED_EDGE('',*,*,#619,.F.);
#619 = EDGE_CURVE('',#620,#610,#622,.T.);
#620 = VERTEX_POINT('',#621);
#621 = CARTESIAN_POINT('',(76.033689298631,-145.0168546089,
    99.216319684008));
#622 = B_SPLINE_CURVE_WITH_KNOTS('',4,(#623,#624,#625,#626,#627,#628,
    #629,#630),.UNSPECIFIED.,.F.,.F.,(5,3,5),(0.,0.514978429282,1.),
  .UNSPECIFIED.);
#623 = CARTESIAN_POINT('',(76.033689298631,-145.0168546089,
    99.216319684008));
#624 = CARTESIAN_POINT('',(75.767034130616,-144.9092868604,
    99.420668890462));
#625 = CARTESIAN_POINT('',(75.498655999031,-144.8036679102,
    99.624821746668));
#626 = CARTESIAN_POINT('',(75.228555647286,-144.700046002,
    99.828752304719));
#627 = CARTESIAN_POINT('',(74.700729332077,-144.5028088324,
    100.22426540803));
#628 = CARTESIAN_POINT('',(74.443197551945,-144.4089621082,
    100.41587615969));
#629 = CARTESIAN_POINT('',(74.184143997553,-144.3169763619,
    100.60724225395));
#630 = CARTESIAN_POINT('',(73.923574263781,-144.2268976389,
    100.79833911363));
#631 = ORIENTED_EDGE('',*,*,#632,.F.);
#632 = EDGE_CURVE('',#633,#620,#635,.T.);
#633 = VERTEX_POINT('',#634);
#634 = CARTESIAN_POINT('',(80.766264963294,-146.4701428115,
    95.403408974098));
#635 = B_SPLINE_CURVE_WITH_KNOTS('',4,(#636,#637,#638,#639,#640,#641,
    #642,#643,#644,#645,#646,#647,#648,#649),.UNSPECIFIED.,.F.,.F.,(5,3,
    3,3,5),(0.,0.254401781909,0.50454375262,0.75341230668,1.),
  .UNSPECIFIED.);
#636 = CARTESIAN_POINT('',(80.766264963294,-146.4701428115,
    95.403408974098));
#637 = CARTESIAN_POINT('',(80.479450551935,-146.3568877364,
    95.646219257213));
#638 = CARTESIAN_POINT('',(80.190167064261,-146.2468850798,
    95.889146172536));
#639 = CARTESIAN_POINT('',(79.898428730762,-146.1402343971,
    96.132131261004));
#640 = CARTESIAN_POINT('',(79.315015727496,-145.93557867,96.614020826535
    ));
#641 = CARTESIAN_POINT('',(79.023421878055,-145.8374587622,
    96.852925462063));
#642 = CARTESIAN_POINT('',(78.729500481779,-145.742784507,
    97.091763177053));
#643 = CARTESIAN_POINT('',(78.13857785541,-145.5610077886,
    97.567955312798));
#644 = CARTESIAN_POINT('',(77.841600017411,-145.4738692237,
    97.805311054794));
#645 = CARTESIAN_POINT('',(77.542384804355,-145.390355204,
    98.042467937808));
#646 = CARTESIAN_POINT('',(76.942334243311,-145.2315329079,
    98.51406742316));
#647 = CARTESIAN_POINT('',(76.64153897717,-145.1561564204,
    98.748514944523));
#648 = CARTESIAN_POINT('',(76.33863741675,-145.0845587328,
    98.982624959802));
#649 = CARTESIAN_POINT('',(76.033689298631,-145.0168546089,
    99.216319684008));
#650 = ORIENTED_EDGE('',*,*,#651,.F.);
#651 = EDGE_CURVE('',#652,#633,#654,.T.);
#652 = VERTEX_POINT('',#653);
#653 = CARTESIAN_POINT('',(84.460387337713,-148.3439633705,
    92.149025880708));
#654 = B_SPLINE_CURVE_WITH_KNOTS('',5,(#655,#656,#657,#658,#659,#660,
    #661,#662,#663,#664,#665,#666,#667,#668,#669,#670,#671,#672),
  .UNSPECIFIED.,.F.,.F.,(6,4,4,4,6),(0.,0.253122165518,0.50247602363,
    0.751091918974,1.),.UNSPECIFIED.);
#655 = CARTESIAN_POINT('',(84.460387337713,-148.3439633705,
    92.149025880708));
#656 = CARTESIAN_POINT('',(84.281430205106,-148.2408764824,
    92.313051366517));
#657 = CARTESIAN_POINT('',(84.101456752919,-148.1387770075,
    92.47720898953));
#658 = CARTESIAN_POINT('',(83.920465665884,-148.0376776412,
    92.641488906748));
#659 = CARTESIAN_POINT('',(83.738455863916,-147.9375915123,
    92.80588110485));
#660 = CARTESIAN_POINT('',(83.375121954605,-147.7409475806,
    93.132420818436));
#661 = CARTESIAN_POINT('',(83.193827985768,-147.644359435,
    93.294565311958));
#662 = CARTESIAN_POINT('',(83.011543787185,-147.5487807126,
    93.456799145151));
#663 = CARTESIAN_POINT('',(82.828268826352,-147.4542247998,
    93.619112393105));
#664 = CARTESIAN_POINT('',(82.460282202165,-147.2674629775,
    93.943396918915));
#665 = CARTESIAN_POINT('',(82.275576508685,-147.1752507341,
    94.105367690907));
#666 = CARTESIAN_POINT('',(82.089884974165,-147.0840835311,
    94.267397701241));
#667 = CARTESIAN_POINT('',(81.903208839153,-146.9939731642,
    94.429475697884));
#668 = CARTESIAN_POINT('',(81.527664940883,-146.8157958614,
    94.753899617123));
#669 = CARTESIAN_POINT('',(81.338794711545,-146.7277316661,
    94.916245758997));
#670 = CARTESIAN_POINT('',(81.148937171179,-146.6407583614,
    95.078620066955));
#671 = CARTESIAN_POINT('',(80.958093419879,-146.5548904479,
    95.241011549115));
#672 = CARTESIAN_POINT('',(80.766264963294,-146.4701428115,
    95.403408974098));
#673 = ORIENTED_EDGE('',*,*,#674,.F.);
#674 = EDGE_CURVE('',#675,#652,#677,.T.);
#675 = VERTEX_POINT('',#676);
#676 = CARTESIAN_POINT('',(87.422223339532,-150.2369534767,
    89.344025353534));
#677 = B_SPLINE_CURVE_WITH_KNOTS('',4,(#678,#679,#680,#681,#682,#683,
    #684,#685),.UNSPECIFIED.,.F.,.F.,(5,3,5),(0.,0.50123278908,1.),
  .UNSPECIFIED.);
#678 = CARTESIAN_POINT('',(87.422223339532,-150.2369534767,
    89.344025353534));
#679 = CARTESIAN_POINT('',(87.065993737259,-149.986322874,
    89.692592409103));
#680 = CARTESIAN_POINT('',(86.704817022532,-149.7399970408,
    90.042293176494));
#681 = CARTESIAN_POINT('',(86.338663805848,-149.4981035274,
    90.393011468668));
#682 = CARTESIAN_POINT('',(85.598179174484,-149.0246380731,
    91.094514362396));
#683 = CARTESIAN_POINT('',(85.223897129455,-148.7930210467,
    91.445289909682));
#684 = CARTESIAN_POINT('',(84.844638877142,-148.5660765526,
    91.796835138103));
#685 = CARTESIAN_POINT('',(84.460387337713,-148.3439633705,
    92.149025880708));
#686 = ORIENTED_EDGE('',*,*,#687,.F.);
#687 = EDGE_CURVE('',#688,#675,#690,.T.);
#688 = VERTEX_POINT('',#689);
#689 = CARTESIAN_POINT('',(88.868741959555,-151.3055077651,
    87.905328066767));
#690 = B_SPLINE_CURVE_WITH_KNOTS('',4,(#691,#692,#693,#694,#695),
  .UNSPECIFIED.,.F.,.F.,(5,5),(0.,1.),.PIECEWISE_BEZIER_KNOTS.);
#691 = CARTESIAN_POINT('',(88.868741959555,-151.3055077651,
    87.905328066767));
#692 = CARTESIAN_POINT('',(88.51503020007,-151.0317015066,
    88.262916392448));
#693 = CARTESIAN_POINT('',(88.156062414126,-150.7622549926,
    88.621981173216));
#694 = CARTESIAN_POINT('',(87.791804340036,-150.4972917903,
    88.982394090109));
#695 = CARTESIAN_POINT('',(87.422223339532,-150.2369534767,
    89.344025353534));
#696 = ORIENTED_EDGE('',*,*,#697,.F.);
#697 = EDGE_CURVE('',#698,#688,#700,.T.);
#698 = VERTEX_POINT('',#699);
#699 = CARTESIAN_POINT('',(100.09340203453,-164.7647398281,
    74.875302130629));
#700 = B_SPLINE_CURVE_WITH_KNOTS('',7,(#701,#702,#703,#704,#705,#706,
    #707,#708,#709,#710,#711,#712,#713,#714,#715,#716,#717,#718,#719,
    #720,#721,#722,#723,#724,#725,#726),.UNSPECIFIED.,.F.,.F.,(8,6,6,6,8
    ),(0.,0.238891949002,0.472825035322,0.578549537007,1.),
  .UNSPECIFIED.);
#701 = CARTESIAN_POINT('',(100.09340203453,-164.7647398281,
    74.875302130629));
#702 = CARTESIAN_POINT('',(99.815752824015,-164.2354473672,
    75.246463959194));
#703 = CARTESIAN_POINT('',(99.529641739171,-163.7111691173,
    75.625589990539));
#704 = CARTESIAN_POINT('',(99.235111874203,-163.1919765049,
    76.012324871082));
#705 = CARTESIAN_POINT('',(98.932198692256,-162.6779399673,
    76.406325858723));
#706 = CARTESIAN_POINT('',(98.620929429389,-162.169129452,
    76.807263553376));
#707 = CARTESIAN_POINT('',(98.301322498535,-161.6656149168,
    77.214822627498));
#708 = CARTESIAN_POINT('',(97.652258498263,-160.6796591822,
    78.033991263877));
#709 = CARTESIAN_POINT('',(97.323144827506,-160.1969995325,
    78.445339587708));
#710 = CARTESIAN_POINT('',(96.986054145063,-159.7195540442,
    78.862465398533));
#711 = CARTESIAN_POINT('',(96.640988081233,-159.2473936559,
    79.285097532009));
#712 = CARTESIAN_POINT('',(96.287941113497,-158.7805943362,
    79.71297594838));
#713 = CARTESIAN_POINT('',(95.92690004726,-158.3192373384,
    80.145851891831));
#714 = CARTESIAN_POINT('',(95.391050844376,-157.6574010768,
    80.781274799255));
#715 = CARTESIAN_POINT('',(95.222621167016,-157.4525222328,
    80.98003363685));
#716 = CARTESIAN_POINT('',(95.052552593909,-157.2487810446,
    81.17974254022));
#717 = CARTESIAN_POINT('',(94.880843001935,-157.0461859659,
    81.380379840605));
#718 = CARTESIAN_POINT('',(94.70749001547,-156.8447457834,
    81.581924222889));
#719 = CARTESIAN_POINT('',(94.532491006383,-156.6444696163,81.7843547256
    ));
#720 = CARTESIAN_POINT('',(93.651670047508,-155.6516821639,
    82.798051342573));
#721 = CARTESIAN_POINT('',(92.921314157467,-154.8766595265,
    83.622183160603));
#722 = CARTESIAN_POINT('',(92.164576898214,-154.1208593435,
    84.458760474844));
#723 = CARTESIAN_POINT('',(91.381223174048,-153.3849749198,
    85.306547941964));
#724 = CARTESIAN_POINT('',(90.571008043067,-152.6698011708,
    86.164331615794));
#725 = CARTESIAN_POINT('',(89.733623826903,-151.9762930384,
    87.030967374587));
#726 = CARTESIAN_POINT('',(88.868741959555,-151.3055077651,
    87.905328066767));
#727 = ORIENTED_EDGE('',*,*,#728,.F.);
#728 = EDGE_CURVE('',#729,#698,#731,.T.);
#729 = VERTEX_POINT('',#730);
#730 = CARTESIAN_POINT('',(101.02207118162,-166.6481567817,
    73.617532790595));
#731 = B_SPLINE_CURVE_WITH_KNOTS('',4,(#732,#733,#734,#735,#736),
  .UNSPECIFIED.,.F.,.F.,(5,5),(0.,1.),.PIECEWISE_BEZIER_KNOTS.);
#732 = CARTESIAN_POINT('',(101.02207118162,-166.6481567817,
    73.617532790595));
#733 = CARTESIAN_POINT('',(100.80115947213,-166.1708750911,
    73.920680119704));
#734 = CARTESIAN_POINT('',(100.5727020595,-165.6978196405,
    74.231633802123));
#735 = CARTESIAN_POINT('',(100.33676683407,-165.2290812356,
    74.549971747598));
#736 = CARTESIAN_POINT('',(100.09340203453,-164.7647398281,
    74.875302130629));
#737 = ORIENTED_EDGE('',*,*,#738,.F.);
#738 = EDGE_CURVE('',#739,#729,#741,.T.);
#739 = VERTEX_POINT('',#740);
#740 = CARTESIAN_POINT('',(101.85415884314,-168.5679239144,
    72.461923286334));
#741 = B_SPLINE_CURVE_WITH_KNOTS('',4,(#742,#743,#744,#745,#746),
  .UNSPECIFIED.,.F.,.F.,(5,5),(0.,1.),.PIECEWISE_BEZIER_KNOTS.);
#742 = CARTESIAN_POINT('',(101.85415884314,-168.5679239144,
    72.461923286334));
#743 = CARTESIAN_POINT('',(101.65743104133,-168.0819320418,
    72.73844844419));
#744 = CARTESIAN_POINT('',(101.45311975711,-167.5999056102,
    73.023514026619));
#745 = CARTESIAN_POINT('',(101.2413115097,-167.1219506098,
    73.316679023981));
#746 = CARTESIAN_POINT('',(101.02207118162,-166.6481567817,
    73.617532790595));
#747 = ORIENTED_EDGE('',*,*,#748,.F.);
#748 = EDGE_CURVE('',#749,#739,#751,.T.);
#749 = VERTEX_POINT('',#750);
#750 = CARTESIAN_POINT('',(105.03599794847,-185.,67.767537471617));
#751 = B_SPLINE_CURVE_WITH_KNOTS('',7,(#752,#753,#754,#755,#756,#757,
    #758,#759,#760,#761,#762,#763,#764,#765,#766,#767,#768,#769,#770,
    #771,#772,#773,#774,#775,#776,#777,#778,#779,#780,#781,#782,#783),
  .UNSPECIFIED.,.F.,.F.,(8,6,6,6,6,8),(0.,0.192490631448,0.385068359272,
    0.76271526496,0.882248539576,1.),.UNSPECIFIED.);
#752 = CARTESIAN_POINT('',(105.03599794847,-185.,67.767537471617));
#753 = CARTESIAN_POINT('',(105.03599794848,-184.5307354788,
    67.767537471612));
#754 = CARTESIAN_POINT('',(105.03018560227,-184.0614698202,
    67.776546291797));
#755 = CARTESIAN_POINT('',(105.01856548057,-183.5923523025,
    67.794556848973));
#756 = CARTESIAN_POINT('',(105.00112656569,-183.1235293876,
    67.821575541564));
#757 = CARTESIAN_POINT('',(104.97789857031,-182.655145394,
    67.857534910349));
#758 = CARTESIAN_POINT('',(104.94889057131,-182.1873429015,
    67.902389186248));
#759 = CARTESIAN_POINT('',(104.87934434248,-181.2529714201,
    68.009758294991));
#760 = CARTESIAN_POINT('',(104.8388006353,-180.7864009307,
    68.072281510606));
#761 = CARTESIAN_POINT('',(104.79251386529,-180.320692057,
    68.143559255254));
#762 = CARTESIAN_POINT('',(104.74050962729,-179.8559795631,
    68.223500433793));
#763 = CARTESIAN_POINT('',(104.68281845035,-179.3923926116,
    68.311997181457));
#764 = CARTESIAN_POINT('',(104.61947480179,-178.9300550934,
    68.408927199748));
#765 = CARTESIAN_POINT('',(104.41528735047,-177.5651207357,
    68.720511033407));
#766 = CARTESIAN_POINT('',(104.25846368354,-176.6664109733,
    68.95878263614));
#767 = CARTESIAN_POINT('',(104.0803288554,-175.7738542504,
    69.227955494222));
#768 = CARTESIAN_POINT('',(103.88117810004,-174.8882400683,
    69.526883861518));
#769 = CARTESIAN_POINT('',(103.66139305505,-174.0102307061,
    69.854207529546));
#770 = CARTESIAN_POINT('',(103.42129751034,-173.140419243,
    70.208598454317));
#771 = CARTESIAN_POINT('',(103.07892555212,-172.0067357371,
    70.70895526005));
#772 = CARTESIAN_POINT('',(102.99460804227,-171.735044204,
    70.831829260659));
#773 = CARTESIAN_POINT('',(102.90829634743,-171.4642401203,
    70.957238221222));
#774 = CARTESIAN_POINT('',(102.82000000905,-171.1943386239,
    71.08513957542));
#775 = CARTESIAN_POINT('',(102.72972842886,-170.9253540735,
    71.215490655378));
#776 = CARTESIAN_POINT('',(102.63749060924,-170.6573001537,
    71.348249122448));
#777 = CARTESIAN_POINT('',(102.4505032997,-170.1270614646,
    71.616483453203));
#778 = CARTESIAN_POINT('',(102.35581171962,-169.8648488606,
    71.751889338841));
#779 = CARTESIAN_POINT('',(102.25922911524,-169.6035641964,
    71.88954992079));
#780 = CARTESIAN_POINT('',(102.16076234615,-169.3432199723,
    72.029426798266));
#781 = CARTESIAN_POINT('',(102.06042146612,-169.0838260177,
    72.171476967558));
#782 = CARTESIAN_POINT('',(101.9582183774,-168.8253903327,
    72.315654793167));
#783 = CARTESIAN_POINT('',(101.85415884314,-168.5679239144,
    72.461923286334));
#784 = ORIENTED_EDGE('',*,*,#785,.F.);
#785 = EDGE_CURVE('',#786,#749,#788,.T.);
#786 = VERTEX_POINT('',#787);
#787 = CARTESIAN_POINT('',(105.03599794847,-187.,67.767537471617));
#788 = LINE('',#789,#790);
#789 = CARTESIAN_POINT('',(105.03599794847,1.653E-14,67.767537471617));
#790 = VECTOR('',#791,1.);
#791 = DIRECTION('',(0.,1.,-2.2E-16));
#792 = ORIENTED_EDGE('',*,*,#793,.F.);
#793 = EDGE_CURVE('',#794,#786,#796,.T.);
#794 = VERTEX_POINT('',#795);
#795 = CARTESIAN_POINT('',(102.26811925313,-202.3689716431,
    71.876503702026));
#796 = B_SPLINE_CURVE_WITH_KNOTS('',8,(#797,#798,#799,#800,#801,#802,
    #803,#804,#805,#806,#807,#808,#809,#810,#811,#812,#813,#814,#815,
    #816,#817,#818,#819,#820,#821,#822,#823,#824,#825,#826),
  .UNSPECIFIED.,.F.,.F.,(9,7,7,7,9),(0.,0.178495656381,0.380530208653,
    0.586100171627,1.),.UNSPECIFIED.);
#797 = CARTESIAN_POINT('',(102.26811925313,-202.3689716431,
    71.876503702026));
#798 = CARTESIAN_POINT('',(102.38848390504,-202.0468867513,
    71.705245141274));
#799 = CARTESIAN_POINT('',(102.50603538903,-201.7233971274,
    71.537292542363));
#800 = CARTESIAN_POINT('',(102.62076056341,-201.3985231105,
    71.372714941184));
#801 = CARTESIAN_POINT('',(102.73264543111,-201.0722861221,
    71.21158234215));
#802 = CARTESIAN_POINT('',(102.84167525333,-200.7447087484,
    71.053965459592));
#803 = CARTESIAN_POINT('',(102.94783466319,-200.4158148224,
    70.899935459147));
#804 = CARTESIAN_POINT('',(103.05110777943,-200.085629506,
    70.749563699151));
#805 = CARTESIAN_POINT('',(103.26508510271,-199.3790196578,
    70.436940980952));
#806 = CARTESIAN_POINT('',(103.37497891884,-199.0022421058,
    70.275730302265));
#807 = CARTESIAN_POINT('',(103.48113712431,-198.6238860469,
    70.119391249734));
#808 = CARTESIAN_POINT('',(103.583526952,-198.2439882612,69.968039409994
    ));
#809 = CARTESIAN_POINT('',(103.68212885467,-197.8625957097,
    69.821769794722));
#810 = CARTESIAN_POINT('',(103.77691062564,-197.4797512936,
    69.680694360408));
#811 = CARTESIAN_POINT('',(103.86784869172,-197.0955060077,
    69.544910604315));
#812 = CARTESIAN_POINT('',(104.04350728091,-196.3175700671,
    69.28184497669));
#813 = CARTESIAN_POINT('',(104.1280913462,-195.9238315935,
    69.154753179693));
#814 = CARTESIAN_POINT('',(104.20864092339,-195.5287520923,
    69.033347520867));
#815 = CARTESIAN_POINT('',(104.28512910783,-195.1323904149,
    68.917729116911));
#816 = CARTESIAN_POINT('',(104.35752976347,-194.734808668,
    68.807995272923));
#817 = CARTESIAN_POINT('',(104.42581773609,-194.3360723284,
    68.704238808503));
#818 = CARTESIAN_POINT('',(104.48996906655,-193.936250358,68.60654738386
    ));
#819 = CARTESIAN_POINT('',(104.6707509101,-192.7283637857,
    68.330684668398));
#820 = CARTESIAN_POINT('',(104.77468324847,-191.9171820502,
    68.171279875171));
#821 = CARTESIAN_POINT('',(104.86156857939,-191.102488316,
    68.037464581548));
#822 = CARTESIAN_POINT('',(104.93124863231,-190.2849289109,
    67.929807444601));
#823 = CARTESIAN_POINT('',(104.98359874151,-189.4651793062,
    67.848753457369));
#824 = CARTESIAN_POINT('',(105.01853094528,-188.6439450446,
    67.794610334823));
#825 = CARTESIAN_POINT('',(105.03599794847,-187.8219625759,
    67.767537471617));
#826 = CARTESIAN_POINT('',(105.03599794847,-187.,67.767537471617));
#827 = ORIENTED_EDGE('',*,*,#828,.F.);
#828 = EDGE_CURVE('',#829,#794,#831,.T.);
#829 = VERTEX_POINT('',#830);
#830 = CARTESIAN_POINT('',(101.85415878367,-203.4320762325,
    72.461923369929));
#831 = B_SPLINE_CURVE_WITH_KNOTS('',4,(#832,#833,#834,#835,#836),
  .UNSPECIFIED.,.F.,.F.,(5,5),(0.,1.),.PIECEWISE_BEZIER_KNOTS.);
#832 = CARTESIAN_POINT('',(101.85415878367,-203.4320762325,
    72.461923369929));
#833 = CARTESIAN_POINT('',(101.96101898731,-203.1680367247,
    72.311718191227));
#834 = CARTESIAN_POINT('',(102.06564175988,-202.9028275782,
    72.164032732384));
#835 = CARTESIAN_POINT('',(102.16801347708,-202.63646604,72.018937305706
    ));
#836 = CARTESIAN_POINT('',(102.26811925313,-202.3689716431,
    71.876503702026));
#837 = ORIENTED_EDGE('',*,*,#838,.F.);
#838 = EDGE_CURVE('',#839,#829,#841,.T.);
#839 = VERTEX_POINT('',#840);
#840 = CARTESIAN_POINT('',(101.0220712129,-205.3518431506,
    73.617532747678));
#841 = B_SPLINE_CURVE_WITH_KNOTS('',4,(#842,#843,#844,#845,#846),
  .UNSPECIFIED.,.F.,.F.,(5,5),(0.,1.),.PIECEWISE_BEZIER_KNOTS.);
#842 = CARTESIAN_POINT('',(101.0220712129,-205.3518431506,
    73.617532747678));
#843 = CARTESIAN_POINT('',(101.2413115158,-204.8780493748,
    73.316679015344));
#844 = CARTESIAN_POINT('',(101.45311973964,-204.4000944275,
    73.023514050666));
#845 = CARTESIAN_POINT('',(101.65743100201,-203.9180680501,
    72.738448498966));
#846 = CARTESIAN_POINT('',(101.85415878367,-203.4320762325,
    72.461923369929));
#847 = ORIENTED_EDGE('',*,*,#848,.F.);
#848 = EDGE_CURVE('',#849,#839,#851,.T.);
#849 = VERTEX_POINT('',#850);
#850 = CARTESIAN_POINT('',(100.09340214341,-207.2352599641,
    74.875301985081));
#851 = B_SPLINE_CURVE_WITH_KNOTS('',4,(#852,#853,#854,#855,#856),
  .UNSPECIFIED.,.F.,.F.,(5,5),(0.,1.),.PIECEWISE_BEZIER_KNOTS.);
#852 = CARTESIAN_POINT('',(100.09340214341,-207.2352599641,
    74.875301985081));
#853 = CARTESIAN_POINT('',(100.33676692186,-206.7709185906,
    74.549971629255));
#854 = CARTESIAN_POINT('',(100.57270212728,-206.3021802204,
    74.231633710075));
#855 = CARTESIAN_POINT('',(100.8011595211,-205.8291248052,
    73.920680052783));
#856 = CARTESIAN_POINT('',(101.0220712129,-205.3518431506,
    73.617532747678));
#857 = ORIENTED_EDGE('',*,*,#858,.F.);
#858 = EDGE_CURVE('',#859,#849,#861,.T.);
#859 = VERTEX_POINT('',#860);
#860 = CARTESIAN_POINT('',(74.455466001983,-227.7506369535,
    100.40609335308));
#861 = B_SPLINE_CURVE_WITH_KNOTS('',8,(#862,#863,#864,#865,#866,#867,
    #868,#869,#870,#871,#872,#873,#874,#875,#876,#877,#878,#879,#880,
    #881,#882,#883,#884,#885,#886,#887,#888,#889,#890,#891,#892,#893,
    #894,#895,#896,#897,#898,#899,#900,#901,#902,#903,#904,#905,#906,
    #907,#908,#909,#910,#911,#912,#913,#914,#915,#916,#917,#918,#919),
  .UNSPECIFIED.,.F.,.F.,(9,7,7,7,7,7,7,7,9),(0.,0.167439817775,
    0.209173401385,0.273509506951,0.33820665436,0.509589618313,
    0.684904550776,0.743060352283,1.),.UNSPECIFIED.);
#862 = CARTESIAN_POINT('',(74.455466001983,-227.7506369535,
    100.40609335308));
#863 = CARTESIAN_POINT('',(75.222221641444,-227.5557675225,
    99.837510844398));
#864 = CARTESIAN_POINT('',(75.978641075449,-227.3445379557,
    99.266221487612));
#865 = CARTESIAN_POINT('',(76.724418966207,-227.1175529212,
    98.69270608776));
#866 = CARTESIAN_POINT('',(77.459308574441,-226.8753972205,
    98.117428073123));
#867 = CARTESIAN_POINT('',(78.18311838267,-226.618636378,97.540829827877
    ));
#868 = CARTESIAN_POINT('',(78.895708106368,-226.3478144077,
    96.963330073237));
#869 = CARTESIAN_POINT('',(79.596984092975,-226.0634487583,
    96.385322297109));
#870 = CARTESIAN_POINT('',(80.458850921162,-225.6918903298,
    95.66307355817));
#871 = CARTESIAN_POINT('',(80.630101295508,-225.6169470129,
    95.51896445743));
#872 = CARTESIAN_POINT('',(80.800644311148,-225.5412000421,
    95.374852729036));
#873 = CARTESIAN_POINT('',(80.970479164286,-225.4646568661,95.2307441048
    ));
#874 = CARTESIAN_POINT('',(81.139605168004,-225.3873248253,
    95.086644249309));
#875 = CARTESIAN_POINT('',(81.308021752267,-225.3092111517,
    94.942558759926));
#876 = CARTESIAN_POINT('',(81.475728463923,-225.230322969,
    94.798493166791));
#877 = CARTESIAN_POINT('',(81.900165227096,-225.0278708398,
    94.432401843585));
#878 = CARTESIAN_POINT('',(82.155918610959,-224.9032522087,
    94.210410206273));
#879 = CARTESIAN_POINT('',(82.409985006074,-224.7768391306,
    93.988497021516));
#880 = CARTESIAN_POINT('',(82.662364021336,-224.6486570568,
    93.766681666404));
#881 = CARTESIAN_POINT('',(82.913055728762,-224.5187307413,
    93.544983234137));
#882 = CARTESIAN_POINT('',(83.162060963353,-224.3870848821,
    93.323420254877));
#883 = CARTESIAN_POINT('',(83.409381180806,-224.2537438225,
    93.102010797849));
#884 = CARTESIAN_POINT('',(83.90203303122,-223.9829591286,
    92.658293567248));
#885 = CARTESIAN_POINT('',(84.147345635869,-223.8454968497,
    92.435987786272));
#886 = CARTESIAN_POINT('',(84.390957399669,-223.7063670756,
    92.213873870685));
#887 = CARTESIAN_POINT('',(84.632870337073,-223.5655927782,
    91.991969855214));
#888 = CARTESIAN_POINT('',(84.873086764357,-223.4231962999,
    91.770293550355));
#889 = CARTESIAN_POINT('',(85.111609299615,-223.2791993529,
    91.548862542366));
#890 = CARTESIAN_POINT('',(85.348440862767,-223.1336230198,
    91.327694193273));
#891 = CARTESIAN_POINT('',(86.206481436905,-222.5967259303,
    90.521671112832));
#892 = CARTESIAN_POINT('',(86.817529376561,-222.1960283626,
    89.938505050767));
#893 = CARTESIAN_POINT('',(87.416791574417,-221.7847662253,
    89.357622887915));
#894 = CARTESIAN_POINT('',(88.004349405751,-221.3633083519,
    88.779323792281));
#895 = CARTESIAN_POINT('',(88.580268306366,-220.9319656362,
    88.203922334082));
#896 = CARTESIAN_POINT('',(89.144633410203,-220.4910500522,
    87.631714975728));
#897 = CARTESIAN_POINT('',(89.697521847284,-220.0408279528,
    87.063005456314));
#898 = CARTESIAN_POINT('',(90.792935189435,-219.1117267393,85.92021697)
  );
#899 = CARTESIAN_POINT('',(91.334923627494,-218.6324334688,
    85.346322209192));
#900 = CARTESIAN_POINT('',(91.865069549688,-218.1439288633,
    84.776727850773));
#901 = CARTESIAN_POINT('',(92.383452400806,-217.6464548986,
    84.211762975007));
#902 = CARTESIAN_POINT('',(92.890144320399,-217.140233122,
    83.651765117504));
#903 = CARTESIAN_POINT('',(93.385210758159,-216.6254650171,
    83.097080270715));
#904 = CARTESIAN_POINT('',(93.868711089294,-216.1023323679,
    82.548062885425));
#905 = CARTESIAN_POINT('',(94.497268030025,-215.3947422567,
    81.824955191618));
#906 = CARTESIAN_POINT('',(94.652569511146,-215.2175845372,
    81.645498690389));
#907 = CARTESIAN_POINT('',(94.806605546547,-215.0395306033,
    81.466719719512));
#908 = CARTESIAN_POINT('',(94.959377877271,-214.8605864182,
    81.288631815164));
#909 = CARTESIAN_POINT('',(95.110888112125,-214.6807577711,
    81.111248698744));
#910 = CARTESIAN_POINT('',(95.261137727682,-214.5000502764,
    80.934584276875));
#911 = CARTESIAN_POINT('',(95.41012806828,-214.3184693747,
    80.758652641401));
#912 = CARTESIAN_POINT('',(96.210560135479,-213.3299375068,
    79.809480590032));
#913 = CARTESIAN_POINT('',(96.838685770523,-212.5069300134,
    79.050095826478));
#914 = CARTESIAN_POINT('',(97.442367255934,-211.6674222289,
    78.306517069421));
#915 = CARTESIAN_POINT('',(98.021653649419,-210.8118083971,
    77.580053074079));
#916 = CARTESIAN_POINT('',(98.576514855308,-209.9404497576,
    76.872130451942));
#917 = CARTESIAN_POINT('',(99.106861054894,-209.0536872609,
    76.184275611943));
#918 = CARTESIAN_POINT('',(99.612556218389,-208.1518525596,
    75.518097449893));
#919 = CARTESIAN_POINT('',(100.09340214341,-207.2352599641,
    74.875301985081));
#920 = ORIENTED_EDGE('',*,*,#921,.F.);
#921 = EDGE_CURVE('',#922,#859,#924,.T.);
#922 = VERTEX_POINT('',#923);
#923 = CARTESIAN_POINT('',(71.740629514417,-228.2831043542,
    102.3634801913));
#924 = B_SPLINE_CURVE_WITH_KNOTS('',4,(#925,#926,#927,#928,#929),
  .UNSPECIFIED.,.F.,.F.,(5,5),(0.,1.),.PIECEWISE_BEZIER_KNOTS.);
#925 = CARTESIAN_POINT('',(71.740629514417,-228.2831043542,
    102.3634801913));
#926 = CARTESIAN_POINT('',(72.42685424427,-228.1538883016,
    101.88254505685));
#927 = CARTESIAN_POINT('',(73.108055216894,-228.0218007635,
    101.39598421735));
#928 = CARTESIAN_POINT('',(73.784250729682,-227.8872552658,
    100.90382854242));
#929 = CARTESIAN_POINT('',(74.455466001983,-227.7506369535,
    100.40609335308));
#930 = ORIENTED_EDGE('',*,*,#931,.F.);
#931 = EDGE_CURVE('',#932,#922,#934,.T.);
#932 = VERTEX_POINT('',#933);
#933 = CARTESIAN_POINT('',(69.59476428323,-228.7451805901,
    103.83433336022));
#934 = B_SPLINE_CURVE_WITH_KNOTS('',4,(#935,#936,#937,#938,#939),
  .UNSPECIFIED.,.F.,.F.,(5,5),(0.,1.),.PIECEWISE_BEZIER_KNOTS.);
#935 = CARTESIAN_POINT('',(69.59476428323,-228.7451805901,
    103.83433336022));
#936 = CARTESIAN_POINT('',(70.136645832257,-228.6352078391,
    103.47113828347));
#937 = CARTESIAN_POINT('',(70.67491330955,-228.5213546487,
    103.10490105824));
#938 = CARTESIAN_POINT('',(71.209567898331,-228.4038990182,
    102.73567049372));
#939 = CARTESIAN_POINT('',(71.740629514417,-228.2831043542,
    102.3634801913));
#940 = ORIENTED_EDGE('',*,*,#941,.F.);
#941 = EDGE_CURVE('',#942,#932,#944,.T.);
#942 = VERTEX_POINT('',#943);
#943 = CARTESIAN_POINT('',(58.212550814093,-230.2203229322,
    110.61780565404));
#944 = B_SPLINE_CURVE_WITH_KNOTS('',8,(#945,#946,#947,#948,#949,#950,
    #951,#952,#953,#954,#955,#956,#957,#958,#959,#960,#961,#962,#963,
    #964,#965,#966,#967,#968,#969,#970,#971,#972,#973,#974,#975,#976,
    #977,#978,#979,#980,#981,#982,#983,#984,#985,#986,#987,#988),
  .UNSPECIFIED.,.F.,.F.,(9,7,7,7,7,7,9),(0.,1.715508725533E-02,
    2.91764594577E-02,0.409347620147,0.800464730602,0.81247587313,1.),
  .UNSPECIFIED.);
#945 = CARTESIAN_POINT('',(58.212550814093,-230.2203229322,
    110.61780565404));
#946 = CARTESIAN_POINT('',(58.238264696594,-230.2193173372,
    110.60427373951));
#947 = CARTESIAN_POINT('',(58.263974235355,-230.2182995197,
    110.59073538775));
#948 = CARTESIAN_POINT('',(58.289679418863,-230.2172694939,
    110.57719060569));
#949 = CARTESIAN_POINT('',(58.315380235661,-230.2162272742,
    110.56363940028));
#950 = CARTESIAN_POINT('',(58.341076674342,-230.215172875,
    110.55008177846));
#951 = CARTESIAN_POINT('',(58.366768723552,-230.2141063107,
    110.53651774714));
#952 = CARTESIAN_POINT('',(58.392456371989,-230.2130275957,
    110.52294731323));
#953 = CARTESIAN_POINT('',(58.436137053695,-230.2111723337,
    110.49985656399));
#954 = CARTESIAN_POINT('',(58.454063195359,-230.2104027177,
    110.49037605147));
#955 = CARTESIAN_POINT('',(58.471961574235,-230.2096317386,
    110.48090598709));
#956 = CARTESIAN_POINT('',(58.489859700217,-230.2088503592,
    110.47143182851));
#957 = CARTESIAN_POINT('',(58.507772171728,-230.2080659013,
    110.46194583276));
#958 = CARTESIAN_POINT('',(58.525697571189,-230.2072726701,
    110.45244872623));
#959 = CARTESIAN_POINT('',(58.543620807788,-230.2064741133,
    110.44294849747));
#960 = CARTESIAN_POINT('',(59.127310014719,-230.1802659831,
    110.13342525975));
#961 = CARTESIAN_POINT('',(59.690930468452,-230.1488613961,
    109.83029967039));
#962 = CARTESIAN_POINT('',(60.252250149851,-230.1116121948,
    109.52416064687));
#963 = CARTESIAN_POINT('',(60.811158441141,-230.0686760653,
    109.21508253077));
#964 = CARTESIAN_POINT('',(61.367556837816,-230.0202129112,
    108.90313717958));
#965 = CARTESIAN_POINT('',(61.92135858764,-229.9663845518,
    108.58839347546));
#966 = CARTESIAN_POINT('',(62.472488329631,-229.9073544198,
    108.27091683387));
#967 = CARTESIAN_POINT('',(63.585064568365,-229.7773754673,
    107.62140283414));
#968 = CARTESIAN_POINT('',(64.146350144905,-229.7061323988,
    107.28921005176));
#969 = CARTESIAN_POINT('',(64.70466923017,-229.6297369115,106.9542568786
    ));
#970 = CARTESIAN_POINT('',(65.259963542836,-229.54836872,106.61660614845
    ));
#971 = CARTESIAN_POINT('',(65.81218520382,-229.462207195,106.27631670746
    ));
#972 = CARTESIAN_POINT('',(66.361296187343,-229.3714301623,
    105.93344310617));
#973 = CARTESIAN_POINT('',(66.907267771997,-229.2762127025,
    105.58803529145));
#974 = CARTESIAN_POINT('',(67.466749666342,-229.1736707278,
    105.22945443877));
#975 = CARTESIAN_POINT('',(67.483161887237,-229.1706995985,
    105.21893132421));
#976 = CARTESIAN_POINT('',(67.499395500805,-229.1674922972,
    105.20851868034));
#977 = CARTESIAN_POINT('',(67.515721475722,-229.1646602466,
    105.19804282304));
#978 = CARTESIAN_POINT('',(67.532005245752,-229.1614810646,
    105.18758992917));
#979 = CARTESIAN_POINT('',(67.548389521723,-229.1584754797,
    105.17706843341));
#980 = CARTESIAN_POINT('',(67.564761090475,-229.1554014668,
    105.16655092465));
#981 = CARTESIAN_POINT('',(67.835247046874,-229.1047091115,
    104.99271673555));
#982 = CARTESIAN_POINT('',(68.088743462407,-229.0561027496,
    104.82880889646));
#983 = CARTESIAN_POINT('',(68.341530177978,-229.0065488754,
    104.66436830442));
#984 = CARTESIAN_POINT('',(68.593605312629,-228.9560652323,
    104.49939970926));
#985 = CARTESIAN_POINT('',(68.844967324271,-228.9046693564,
    104.33390766272));
#986 = CARTESIAN_POINT('',(69.095615009678,-228.8523785772,
    104.1678965184));
#987 = CARTESIAN_POINT('',(69.345547504495,-228.7992100166,
    104.00137043177));
#988 = CARTESIAN_POINT('',(69.59476428323,-228.7451805901,
    103.83433336022));
#989 = ORIENTED_EDGE('',*,*,#990,.F.);
#990 = EDGE_CURVE('',#991,#942,#993,.T.);
#991 = VERTEX_POINT('',#992);
#992 = CARTESIAN_POINT('',(-58.21255081407,-230.2203229322,
    110.61780565405));
#993 = B_SPLINE_CURVE_WITH_KNOTS('',8,(#994,#995,#996,#997,#998,#999,
    #1000,#1001,#1002,#1003,#1004,#1005,#1006,#1007,#1008,#1009,#1010,
    #1011,#1012,#1013,#1014,#1015,#1016,#1017,#1018,#1019,#1020,#1021,
    #1022,#1023,#1024,#1025,#1026,#1027,#1028,#1029,#1030,#1031,#1032,
    #1033,#1034,#1035,#1036,#1037,#1038,#1039,#1040,#1041,#1042,#1043,
    #1044,#1045,#1046,#1047,#1048,#1049,#1050,#1051,#1052,#1053,#1054,
    #1055,#1056,#1057,#1058,#1059,#1060,#1061,#1062,#1063,#1064,#1065,
    #1066,#1067,#1068,#1069,#1070,#1071,#1072,#1073,#1074,#1075,#1076,
    #1077,#1078,#1079,#1080,#1081,#1082,#1083,#1084,#1085,#1086,#1087,
    #1088,#1089,#1090,#1091,#1092,#1093,#1094,#1095,#1096,#1097,#1098,
    #1099,#1100,#1101,#1102,#1103,#1104,#1105,#1106,#1107,#1108,#1109,
    #1110,#1111,#1112,#1113,#1114,#1115,#1116,#1117,#1118,#1119,#1120,
    #1121,#1122,#1123,#1124,#1125,#1126,#1127,#1128,#1129,#1130,#1131,
    #1132,#1133,#1134,#1135,#1136,#1137,#1138,#1139,#1140,#1141,#1142,
    #1143,#1144,#1145,#1146,#1147,#1148,#1149,#1150,#1151,#1152,#1153,
    #1154,#1155,#1156,#1157,#1158,#1159,#1160,#1161,#1162,#1163,#1164,
    #1165,#1166,#1167,#1168,#1169,#1170,#1171,#1172,#1173,#1174,#1175,
    #1176,#1177,#1178,#1179,#1180,#1181,#1182,#1183,#1184,#1185,#1186,
    #1187,#1188,#1189,#1190,#1191,#1192,#1193,#1194,#1195,#1196,#1197,
    #1198,#1199,#1200,#1201,#1202,#1203,#1204,#1205,#1206,#1207,#1208,
    #1209,#1210,#1211,#1212,#1213,#1214,#1215,#1216,#1217,#1218,#1219,
    #1220,#1221,#1222,#1223,#1224,#1225,#1226),.UNSPECIFIED.,.F.,.F.,(9,
    7,7,7,7,7,7,7,7,7,7,7,7,7,7,7,7,7,7,7,7,7,7,7,7,7,7,7,7,7,7,7,7,9),(
    0.,9.473100300814E-02,0.106505553867,0.149805200014,0.171565113086,
    0.182466408916,0.194373893028,0.294903461431,0.307073658031,
    0.351801101329,0.374224287545,0.38544240066,0.397678832625,
    0.499964646921,0.550797933194,0.601880660283,0.614111074546,
    0.658897372197,0.703483372791,0.710569752331,0.721697249552,
    0.732751902883,0.768103076614,0.804346147109,0.811294946589,
    0.835158283255,0.86009017801,0.870872184277,0.90421086004,
    0.911055529054,0.920827195235,0.931581259574,0.940164818948,1.),
  .UNSPECIFIED.);
#994 = CARTESIAN_POINT('',(-58.21255081407,-230.2203229322,
    110.61780565405));
#995 = CARTESIAN_POINT('',(-56.95189310642,-230.2696235787,
    111.28122598166));
#996 = CARTESIAN_POINT('',(-55.68252003437,-230.3177069585,
    111.92826600708));
#997 = CARTESIAN_POINT('',(-54.40468184767,-230.3645629633,
    112.55878970795));
#998 = CARTESIAN_POINT('',(-53.1186293153,-230.4101819103,
    113.17266678477));
#999 = CARTESIAN_POINT('',(-51.82461620973,-230.4545544332,
    113.76977119916));
#1000 = CARTESIAN_POINT('',(-50.52289944208,-230.4976714853,
    114.34998121471));
#1001 = CARTESIAN_POINT('',(-49.21373837506,-230.5395243769,
    114.91317989457));
#1002 = CARTESIAN_POINT('',(-47.73378046521,-230.5851486907,
    115.52712919079));
#1003 = CARTESIAN_POINT('',(-47.56973025758,-230.5901829696,
    115.59487359639));
#1004 = CARTESIAN_POINT('',(-47.4054137775,-230.5952022167,
    115.66241572344));
#1005 = CARTESIAN_POINT('',(-47.2409411732,-230.6002030083,
    115.72970950253));
#1006 = CARTESIAN_POINT('',(-47.07637079659,-230.6051835817,
    115.796731212));
#1007 = CARTESIAN_POINT('',(-46.91170026518,-230.6101440396,
    115.86348223586));
#1008 = CARTESIAN_POINT('',(-46.7468729492,-230.615086081,
    115.92998543504));
#1009 = CARTESIAN_POINT('',(-45.97463924024,-230.638131496,
    116.24009894971));
#1010 = CARTESIAN_POINT('',(-45.36603232732,-230.6559804614,
    116.48028579008));
#1011 = CARTESIAN_POINT('',(-44.75597846509,-230.6735591719,
    116.71683591057));
#1012 = CARTESIAN_POINT('',(-44.14450318309,-230.6908668593,
    116.94973897461));
#1013 = CARTESIAN_POINT('',(-43.53163209997,-230.7079027717,
    117.17898486461));
#1014 = CARTESIAN_POINT('',(-42.91739092352,-230.7246661735,
    117.40456368199));
#1015 = CARTESIAN_POINT('',(-42.30180545067,-230.7411563455,
    117.62646574717));
#1016 = CARTESIAN_POINT('',(-41.37488113852,-230.765521934,
    117.95434434287));
#1017 = CARTESIAN_POINT('',(-41.06452774559,-230.7736021021,
    118.06307613721));
#1018 = CARTESIAN_POINT('',(-40.75384467373,-230.7816129995,
    118.17087578205));
#1019 = CARTESIAN_POINT('',(-40.4428352134,-230.7895545381,
    118.27774209094));
#1020 = CARTESIAN_POINT('',(-40.13150266048,-230.7974266307,
    118.38367389153));
#1021 = CARTESIAN_POINT('',(-39.81985031623,-230.8052291912,
    118.4886700256));
#1022 = CARTESIAN_POINT('',(-39.50788148734,-230.8129621348,
    118.59272934902));
#1023 = CARTESIAN_POINT('',(-39.03915223958,-230.8244645136,
    118.7475125512));
#1024 = CARTESIAN_POINT('',(-38.88258071493,-230.8282872772,
    118.79895404943));
#1025 = CARTESIAN_POINT('',(-38.72588488931,-230.8320936484,
    118.85017496026));
#1026 = CARTESIAN_POINT('',(-38.56906481035,-230.8358836056,
    118.90117499384));
#1027 = CARTESIAN_POINT('',(-38.41212059589,-230.8396571255,
    118.95195383671));
#1028 = CARTESIAN_POINT('',(-38.25505243407,-230.843414183,
    119.00251115176));
#1029 = CARTESIAN_POINT('',(-38.09786058325,-230.8471547513,
    119.05284657824));
#1030 = CARTESIAN_POINT('',(-37.76870998596,-230.8549465819,
    119.15769832331));
#1031 = CARTESIAN_POINT('',(-37.59678341805,-230.8589933287,
    119.21215387825));
#1032 = CARTESIAN_POINT('',(-37.42476632603,-230.8630190263,
    119.26632618281));
#1033 = CARTESIAN_POINT('',(-37.25265889188,-230.8670236698,
    119.32021516965));
#1034 = CARTESIAN_POINT('',(-37.08046240926,-230.871007229,
    119.37382043389));
#1035 = CARTESIAN_POINT('',(-36.90817640853,-230.874969714,
    119.42714210982));
#1036 = CARTESIAN_POINT('',(-36.73580242131,-230.8789110895,
    119.48017972273));
#1037 = CARTESIAN_POINT('',(-35.10731989784,-230.9159284314,
    119.97830822233));
#1038 = CARTESIAN_POINT('',(-33.64503608715,-230.9475206727,
    120.40343317741));
#1039 = CARTESIAN_POINT('',(-32.17682056004,-230.9776002919,
    120.8082033425));
#1040 = CARTESIAN_POINT('',(-30.7030069227,-231.0061599983,
    121.19252061008));
#1041 = CARTESIAN_POINT('',(-29.22393064196,-231.0331929997,
    121.5562935804));
#1042 = CARTESIAN_POINT('',(-27.73992901776,-231.0586930026,
    121.89943756559));
#1043 = CARTESIAN_POINT('',(-26.25134120664,-231.082654214,
    122.22187460946));
#1044 = CARTESIAN_POINT('',(-24.57778465126,-231.1077851807,
    122.56005261224));
#1045 = CARTESIAN_POINT('',(-24.39690891935,-231.1104777377,
    122.59628534323));
#1046 = CARTESIAN_POINT('',(-24.21591520859,-231.1131484613,
    122.63222426892));
#1047 = CARTESIAN_POINT('',(-24.03482465485,-231.1157970168,
    122.66786488848));
#1048 = CARTESIAN_POINT('',(-23.85364973616,-231.1184232113,
    122.70320460389));
#1049 = CARTESIAN_POINT('',(-23.67238940831,-231.1210270534,
    122.73824353166));
#1050 = CARTESIAN_POINT('',(-23.49103296471,-231.1236086828,
    122.77298355077));
#1051 = CARTESIAN_POINT('',(-22.64260702927,-231.1355757346,
    122.93401968336));
#1052 = CARTESIAN_POINT('',(-21.97486213705,-231.1446755741,
    123.05647281364));
#1053 = CARTESIAN_POINT('',(-21.30635334762,-231.1534674688,
    123.17478204688));
#1054 = CARTESIAN_POINT('',(-20.63711096908,-231.1619509981,
    123.28894172159));
#1055 = CARTESIAN_POINT('',(-19.9671653606,-231.1701257614,
    123.39894644792));
#1056 = CARTESIAN_POINT('',(-19.29654693239,-231.1779913783,
    123.50479110769));
#1057 = CARTESIAN_POINT('',(-18.62528614573,-231.1855474887,
    123.60647085438));
#1058 = CARTESIAN_POINT('',(-17.61658395046,-231.1964265184,
    123.75286588112));
#1059 = CARTESIAN_POINT('',(-17.27960061038,-231.1999814101,
    123.80070272678));
#1060 = CARTESIAN_POINT('',(-16.94246733653,-231.2034583849,
    123.84749107381));
#1061 = CARTESIAN_POINT('',(-16.60518797519,-231.2068574013,
    123.89323036324));
#1062 = CARTESIAN_POINT('',(-16.26776637516,-231.2101784189,
    123.93792005339));
#1063 = CARTESIAN_POINT('',(-15.93020638771,-231.2134213989,
    123.98155961987));
#1064 = CARTESIAN_POINT('',(-15.59251186664,-231.2165863035,
    124.0241485556));
#1065 = CARTESIAN_POINT('',(-15.08567583936,-231.2212173904,
    124.08646735635));
#1066 = CARTESIAN_POINT('',(-14.91661966522,-231.2227422491,
    124.10698680902));
#1067 = CARTESIAN_POINT('',(-14.7475188037,-231.2242476614,
    124.12724457795));
#1068 = CARTESIAN_POINT('',(-14.57837384446,-231.2257336167,
    124.14724052147));
#1069 = CARTESIAN_POINT('',(-14.409185309,-231.2272001051,
    124.16697450715));
#1070 = CARTESIAN_POINT('',(-14.23995365061,-231.2286471176,
    124.18644641175));
#1071 = CARTESIAN_POINT('',(-14.07067925437,-231.2300746456,
    124.20565612124));
#1072 = CARTESIAN_POINT('',(-13.71667596691,-231.2330185309,
    124.24527088243));
#1073 = CARTESIAN_POINT('',(-13.53189287235,-231.2345315725,
    124.26563131609));
#1074 = CARTESIAN_POINT('',(-13.34706029533,-231.2360213865,
    124.28567918563));
#1075 = CARTESIAN_POINT('',(-13.16220265391,-231.237487776,
    124.3054118391));
#1076 = CARTESIAN_POINT('',(-12.97732145708,-231.2389307421,
    124.32482929334));
#1077 = CARTESIAN_POINT('',(-12.79239538275,-231.2403504584,
    124.34393388339));
#1078 = CARTESIAN_POINT('',(-12.60738030853,-231.2417472449,
    124.36272991609));
#1079 = CARTESIAN_POINT('',(-10.87433950152,-231.2546094857,
    124.53581227131));
#1080 = CARTESIAN_POINT('',(-9.324246890254,-231.2644616598,
    124.66838928692));
#1081 = CARTESIAN_POINT('',(-7.772300676006,-231.2726752329,
    124.77891626204));
#1082 = CARTESIAN_POINT('',(-6.21887091704,-231.2792479402,
    124.86736272221));
#1083 = CARTESIAN_POINT('',(-4.664327809411,-231.2841780806,
    124.9337057734));
#1084 = CARTESIAN_POINT('',(-3.109042824896,-231.2874645193,
    124.97793014848));
#1085 = CARTESIAN_POINT('',(-1.553386818823,-231.289106689,
    125.00002821108));
#1086 = CARTESIAN_POINT('',(0.775387120369,-231.2891035484,
    124.99998594904));
#1087 = CARTESIAN_POINT('',(1.548505677666,-231.288696401,
    124.99450711896));
#1088 = CARTESIAN_POINT('',(2.321578527009,-231.287883149,124.9835634914
    ));
#1089 = CARTESIAN_POINT('',(3.094560311403,-231.2866638267,
    124.96715552838));
#1090 = CARTESIAN_POINT('',(3.86740509945,-231.2850385039,
    124.94528416781));
#1091 = CARTESIAN_POINT('',(4.640067652399,-231.2830072842,
    124.91795080603));
#1092 = CARTESIAN_POINT('',(5.41250235688,-231.280570306,124.8851573028)
  );
#1093 = CARTESIAN_POINT('',(6.96061407629,-231.2748712301,
    124.80846697327));
#1094 = CARTESIAN_POINT('',(7.736288413963,-231.2716051421,
    124.76451645172));
#1095 = CARTESIAN_POINT('',(8.511640519631,-231.267929654,124.7150567852
    ));
#1096 = CARTESIAN_POINT('',(9.286624155255,-231.2638449771,
    124.66009081825));
#1097 = CARTESIAN_POINT('',(10.0611931662,-231.2593513578,
    124.59962186709));
#1098 = CARTESIAN_POINT('',(10.835301525452,-231.2544490772,
    124.53365371418));
#1099 = CARTESIAN_POINT('',(11.60890329842,-231.2491384511,
    124.46219060877));
#1100 = CARTESIAN_POINT('',(12.56703881615,-231.2420506573,
    124.36681282314));
#1101 = CARTESIAN_POINT('',(12.752093406013,-231.2406580965,
    124.34807365493));
#1102 = CARTESIAN_POINT('',(12.93711565685,-231.2392421531,
    124.32901983502));
#1103 = CARTESIAN_POINT('',(13.122105081953,-231.2378028309,
    124.30965141495));
#1104 = CARTESIAN_POINT('',(13.307060811444,-231.2363401367,
    124.2899684871));
#1105 = CARTESIAN_POINT('',(13.491982436213,-231.234854074,
    124.26997109845));
#1106 = CARTESIAN_POINT('',(13.676869199989,-231.2333446491,
    124.24965933285));
#1107 = CARTESIAN_POINT('',(14.538623665111,-231.2261990045,
    124.15350307023));
#1108 = CARTESIAN_POINT('',(15.21505137469,-231.220272938,
    124.07375821445));
#1109 = CARTESIAN_POINT('',(15.890972684861,-231.2140339327,
    123.98980225764));
#1110 = CARTESIAN_POINT('',(16.566356614318,-231.2074822748,
    123.90163905265));
#1111 = CARTESIAN_POINT('',(17.241172223875,-231.2006182715,
    123.80927273191));
#1112 = CARTESIAN_POINT('',(17.915388655974,-231.1934422502,
    123.71270770186));
#1113 = CARTESIAN_POINT('',(18.58897514787,-231.1859545584,
    123.61194863885));
#1114 = CARTESIAN_POINT('',(19.931817373316,-231.1703914479,
    123.40252169197));
#1115 = CARTESIAN_POINT('',(20.601079010576,-231.1623188073,
    123.29389119247));
#1116 = CARTESIAN_POINT('',(21.269655649535,-231.1539380045,
    123.18111386865));
#1117 = CARTESIAN_POINT('',(21.937517091299,-231.1452494214,
    123.06419486125));
#1118 = CARTESIAN_POINT('',(22.604633130681,-231.1362534608,
    122.94313959023));
#1119 = CARTESIAN_POINT('',(23.27097354019,-231.1269505466,
    122.81795375947));
#1120 = CARTESIAN_POINT('',(23.936508126148,-231.117341123,
    122.68864334715));
#1121 = CARTESIAN_POINT('',(24.706852293258,-231.1058497147,
    122.53400777109));
#1122 = CARTESIAN_POINT('',(24.812476600584,-231.1042660456,
    122.5126969293));
#1123 = CARTESIAN_POINT('',(24.918079664241,-231.1026746474,
    122.49128208023));
#1124 = CARTESIAN_POINT('',(25.023661368189,-231.1010755219,
    122.46976324817));
#1125 = CARTESIAN_POINT('',(25.129221595041,-231.0994686711,
    122.44814045785));
#1126 = CARTESIAN_POINT('',(25.234760226056,-231.0978540966,
    122.42641373442));
#1127 = CARTESIAN_POINT('',(25.340277141146,-231.0962318005,
    122.40458310351));
#1128 = CARTESIAN_POINT('',(25.611427498498,-231.092042227,
    122.34820558341));
#1129 = CARTESIAN_POINT('',(25.777028922546,-231.0894636348,
    122.313506434));
#1130 = CARTESIAN_POINT('',(25.942576081435,-231.0868660145,
    122.2785512307));
#1131 = CARTESIAN_POINT('',(26.108068386401,-231.0842493756,
    122.24334010138));
#1132 = CARTESIAN_POINT('',(26.273505476474,-231.081613724,
    122.20787312552));
#1133 = CARTESIAN_POINT('',(26.438886946518,-231.0789590664,
    122.17215039308));
#1134 = CARTESIAN_POINT('',(26.604212118989,-231.076285414,
    122.13617205432));
#1135 = CARTESIAN_POINT('',(26.933667148937,-231.0709177604,
    122.06394155072));
#1136 = CARTESIAN_POINT('',(27.096699221455,-231.0682419048,
    122.02793356519));
#1137 = CARTESIAN_POINT('',(27.258977285316,-231.0655591421,
    121.99183263166));
#1138 = CARTESIAN_POINT('',(27.420842304953,-231.0628641064,
    121.95556654599));
#1139 = CARTESIAN_POINT('',(27.582575888368,-231.0601521945,
    121.91907336475));
#1140 = CARTESIAN_POINT('',(27.744400457004,-231.0574196262,
    121.88230221685));
#1141 = CARTESIAN_POINT('',(27.906479420671,-231.0546635014,
    121.84521407732));
#1142 = CARTESIAN_POINT('',(28.588370257105,-231.0429865541,
    121.68808177312));
#1143 = CARTESIAN_POINT('',(29.107233914814,-231.033903217,
    121.56585070925));
#1144 = CARTESIAN_POINT('',(29.625493876807,-231.0246320986,
    121.44109274287));
#1145 = CARTESIAN_POINT('',(30.143134890492,-231.0151734768,
    121.31381161241));
#1146 = CARTESIAN_POINT('',(30.660142636181,-231.0055276214,
    121.18401095081));
#1147 = CARTESIAN_POINT('',(31.176503171163,-230.9956948032,
    121.0516944008));
#1148 = CARTESIAN_POINT('',(31.692202007011,-230.9856753095,
    120.91686582818));
#1149 = CARTESIAN_POINT('',(32.735241303879,-230.9650060707,
    120.63872762654));
#1150 = CARTESIAN_POINT('',(33.262547214731,-230.9543468025,
    120.49528984746));
#1151 = CARTESIAN_POINT('',(33.789126912126,-230.9434919487,
    120.34922014712));
#1152 = CARTESIAN_POINT('',(34.314964726554,-230.9324418392,
    120.20052296419));
#1153 = CARTESIAN_POINT('',(34.84004511497,-230.9211968104,
    120.0492028254));
#1154 = CARTESIAN_POINT('',(35.364352744681,-230.9097572033,
    119.89526431869));
#1155 = CARTESIAN_POINT('',(35.887872426472,-230.8981233645,
    119.73871210878));
#1156 = CARTESIAN_POINT('',(36.510808108224,-230.8840279506,
    119.54903540546));
#1157 = CARTESIAN_POINT('',(36.610997779811,-230.8817531241,
    119.51842391817));
#1158 = CARTESIAN_POINT('',(36.711157806249,-230.8794711737,
    119.48771656643));
#1159 = CARTESIAN_POINT('',(36.81128808255,-230.8771821018,
    119.45691338349));
#1160 = CARTESIAN_POINT('',(36.911388504222,-230.8748859109,
    119.42601440261));
#1161 = CARTESIAN_POINT('',(37.01145896727,-230.8725826034,
    119.39501965701));
#1162 = CARTESIAN_POINT('',(37.111499368195,-230.8702721819,
    119.36392917992));
#1163 = CARTESIAN_POINT('',(37.554961438202,-230.8599958532,
    119.22564447564));
#1164 = CARTESIAN_POINT('',(37.898057464553,-230.8519531882,
    119.11741734619));
#1165 = CARTESIAN_POINT('',(38.240793330322,-230.8438267579,
    119.00806301798));
#1166 = CARTESIAN_POINT('',(38.583164679478,-230.8356166682,
    118.89758291662));
#1167 = CARTESIAN_POINT('',(38.925167157124,-230.8273230266,
    118.78597849014));
#1168 = CARTESIAN_POINT('',(39.26679641393,-230.8189459425,
    118.67325120762));
#1169 = CARTESIAN_POINT('',(39.60804811057,-230.8104855264,
    118.55940255777));
#1170 = CARTESIAN_POINT('',(40.305051282168,-230.7930156852,
    118.32431745042));
#1171 = CARTESIAN_POINT('',(40.660767793858,-230.7839986403,
    118.20297845573));
#1172 = CARTESIAN_POINT('',(41.016062513578,-230.7748908835,
    118.08041878591));
#1173 = CARTESIAN_POINT('',(41.370930535649,-230.765692544,
    117.9566401775));
#1174 = CARTESIAN_POINT('',(41.725366963496,-230.7564037525,
    117.8316443909));
#1175 = CARTESIAN_POINT('',(42.079366894438,-230.747024642,
    117.70543321559));
#1176 = CARTESIAN_POINT('',(42.432925418152,-230.7375553478,
    117.5780084711));
#1177 = CARTESIAN_POINT('',(42.938743955602,-230.7238619902,
    117.393742088));
#1178 = CARTESIAN_POINT('',(43.09136687449,-230.7197111311,
    117.33788553269));
#1179 = CARTESIAN_POINT('',(43.24390496272,-230.7155434689,
    117.2818028643));
#1180 = CARTESIAN_POINT('',(43.396359555558,-230.7113589677,
    117.22549359907));
#1181 = CARTESIAN_POINT('',(43.548729694599,-230.7071576539,
    117.16895809324));
#1182 = CARTESIAN_POINT('',(43.701014087735,-230.7029395631,
    117.11219682666));
#1183 = CARTESIAN_POINT('',(43.853213497159,-230.6987046754,
    117.05520952869));
#1184 = CARTESIAN_POINT('',(44.475671885786,-230.6813066087,
    116.82109026405));
#1185 = CARTESIAN_POINT('',(44.945196175559,-230.6679998326,
    116.64202596377));
#1186 = CARTESIAN_POINT('',(45.413888208873,-230.6545330246,
    116.46080817438));
#1187 = CARTESIAN_POINT('',(45.881736386437,-230.6409065261,
    116.27744149044));
#1188 = CARTESIAN_POINT('',(46.348729141917,-230.6271206842,
    116.0919305818));
#1189 = CARTESIAN_POINT('',(46.814854941933,-230.6131758516,
    115.90428019357));
#1190 = CARTESIAN_POINT('',(47.280102286063,-230.5990723863,
    115.71449514615));
#1191 = CARTESIAN_POINT('',(47.839795612569,-230.5818826161,
    115.48317884938));
#1192 = CARTESIAN_POINT('',(47.93509397023,-230.5789479099,
    115.44368760713));
#1193 = CARTESIAN_POINT('',(48.030354697036,-230.5760065363,
    115.40410664405));
#1194 = CARTESIAN_POINT('',(48.125577706039,-230.573058498,
    115.36443599763));
#1195 = CARTESIAN_POINT('',(48.220762906137,-230.570103798,
    115.3246757072));
#1196 = CARTESIAN_POINT('',(48.315910202071,-230.5671424394,
    115.28482581398));
#1197 = CARTESIAN_POINT('',(48.411019494427,-230.5641744253,
    115.24488636099));
#1198 = CARTESIAN_POINT('',(48.641817313492,-230.5569530316,
    115.14771077141));
#1199 = CARTESIAN_POINT('',(48.777497775626,-230.5526917607,
    115.09036844563));
#1200 = CARTESIAN_POINT('',(48.913131879001,-230.5484159397,
    115.03283032386));
#1201 = CARTESIAN_POINT('',(49.048719436383,-230.5441255616,
    114.97509631337));
#1202 = CARTESIAN_POINT('',(49.184260260334,-230.5398206195,
    114.91716632063));
#1203 = CARTESIAN_POINT('',(49.319754163214,-230.5355011064,
    114.85904025136));
#1204 = CARTESIAN_POINT('',(49.455200957178,-230.5311670152,
    114.80071801049));
#1205 = CARTESIAN_POINT('',(49.739612390865,-230.5220324667,
    114.67779781344));
#1206 = CARTESIAN_POINT('',(49.888419946666,-230.5172336535,
    114.61322198192));
#1207 = CARTESIAN_POINT('',(50.037172023227,-230.5124171674,
    114.54840833304));
#1208 = CARTESIAN_POINT('',(50.185946268563,-230.5075804535,
    114.48332248673));
#1209 = CARTESIAN_POINT('',(50.334744473014,-230.5027233695,
    114.41796252683));
#1210 = CARTESIAN_POINT('',(50.48349645028,-230.4978481413,
    114.35235840857));
#1211 = CARTESIAN_POINT('',(50.632062851258,-230.4929593549,
    114.28657184083));
#1212 = CARTESIAN_POINT('',(50.898487655482,-230.484157214,
    114.16812472899));
#1213 = CARTESIAN_POINT('',(51.016670639933,-230.480240231,
    114.11541535731));
#1214 = CARTESIAN_POINT('',(51.134802944442,-230.4763124737,
    114.06256099862));
#1215 = CARTESIAN_POINT('',(51.252902071209,-230.4723733536,
    114.0095537349));
#1216 = CARTESIAN_POINT('',(51.370976478419,-230.4684225736,
    113.95638956858));
#1217 = CARTESIAN_POINT('',(51.489025666749,-230.4644601333,
    113.90306849508));
#1218 = CARTESIAN_POINT('',(51.607040265872,-230.4604863347,
    113.84959457524));
#1219 = CARTESIAN_POINT('',(52.547303062678,-230.4287258806,
    113.42220604301));
#1220 = CARTESIAN_POINT('',(53.36648912813,-230.4004462741,
    113.04165797588));
#1221 = CARTESIAN_POINT('',(54.182494766891,-230.3716652551,
    112.65436258749));
#1222 = CARTESIAN_POINT('',(54.995254835942,-230.3423851666,
    112.26035140874));
#1223 = CARTESIAN_POINT('',(55.804704599679,-230.3126084077,
    111.85965672041));
#1224 = CARTESIAN_POINT('',(56.610779729905,-230.2823374328,
    111.45231155317));
#1225 = CARTESIAN_POINT('',(57.413416305835,-230.2515747524,
    111.03834968757));
#1226 = CARTESIAN_POINT('',(58.212550814093,-230.2203229322,
    110.61780565404));
#1227 = ORIENTED_EDGE('',*,*,#1228,.F.);
#1228 = EDGE_CURVE('',#1229,#991,#1231,.T.);
#1229 = VERTEX_POINT('',#1230);
#1230 = CARTESIAN_POINT('',(-69.59476459479,-228.7451805262,
    103.8343331514));
#1231 = B_SPLINE_CURVE_WITH_KNOTS('',8,(#1232,#1233,#1234,#1235,#1236,
    #1237,#1238,#1239,#1240,#1241,#1242,#1243,#1244,#1245,#1246,#1247,
    #1248,#1249,#1250,#1251,#1252,#1253,#1254,#1255,#1256,#1257,#1258,
    #1259,#1260,#1261,#1262,#1263,#1264,#1265,#1266,#1267,#1268,#1269,
    #1270,#1271,#1272,#1273,#1274,#1275,#1276,#1277,#1278,#1279,#1280,
    #1281,#1282,#1283,#1284,#1285,#1286,#1287,#1288,#1289,#1290,#1291,
    #1292,#1293,#1294,#1295,#1296,#1297,#1298,#1299,#1300,#1301,#1302,
    #1303),.UNSPECIFIED.,.F.,.F.,(9,7,7,7,7,7,7,7,7,7,9),(0.,
    0.195067258288,0.207076973707,0.589350730457,0.785839796047,
    0.884217225081,0.933448403066,0.957573278618,0.969637727993,
    0.982712776598,1.),.UNSPECIFIED.);
#1232 = CARTESIAN_POINT('',(-69.59476459479,-228.7451805262,
    103.8343331514));
#1233 = CARTESIAN_POINT('',(-69.33221400738,-228.8021006823,
    104.01030718397));
#1234 = CARTESIAN_POINT('',(-69.0688690747,-228.8580653924,
    104.1857140892));
#1235 = CARTESIAN_POINT('',(-68.80473040509,-228.9130548756,
    104.36054924107));
#1236 = CARTESIAN_POINT('',(-68.53979902737,-228.9670490973,
    104.53480776899));
#1237 = CARTESIAN_POINT('',(-68.27407639081,-229.0200277696,
    104.70848455781));
#1238 = CARTESIAN_POINT('',(-68.00756436517,-229.0719703509,
    104.88157424778));
#1239 = CARTESIAN_POINT('',(-67.74026524066,-229.1228560465,
    105.0540712346));
#1240 = CARTESIAN_POINT('',(-67.45567661724,-229.1757303247,
    105.23655294874));
#1241 = CARTESIAN_POINT('',(-67.43905819415,-229.1786867382,
    105.24720470776));
#1242 = CARTESIAN_POINT('',(-67.42246773134,-229.1818696244,
    105.25783428268));
#1243 = CARTESIAN_POINT('',(-67.40580098703,-229.1847600034,
    105.26850852714));
#1244 = CARTESIAN_POINT('',(-67.38921696439,-229.1878948886,
    105.27912550318));
#1245 = CARTESIAN_POINT('',(-67.37260894523,-229.1908763125,
    105.28975367878));
#1246 = CARTESIAN_POINT('',(-67.3560120486,-229.1939050024,
    105.30037051608));
#1247 = CARTESIAN_POINT('',(-66.80984542101,-229.2931350675,
    105.64960769994));
#1248 = CARTESIAN_POINT('',(-66.27731746249,-229.3852632126,
    105.98583666474));
#1249 = CARTESIAN_POINT('',(-65.74181160463,-229.4731531258,
    106.31965282655));
#1250 = CARTESIAN_POINT('',(-65.20335526529,-229.5566425252,
    106.65100955457));
#1251 = CARTESIAN_POINT('',(-64.66198431726,-229.6355667266,
    106.979856068));
#1252 = CARTESIAN_POINT('',(-64.11774357187,-229.7097597031,
    107.30613770917));
#1253 = CARTESIAN_POINT('',(-63.57068726269,-229.7790551446,
    107.62979621675));
#1254 = CARTESIAN_POINT('',(-62.73827784416,-229.8763030171,
    108.11575082074));
#1255 = CARTESIAN_POINT('',(-62.4549494725,-229.9079808712,
    108.28002223795));
#1256 = CARTESIAN_POINT('',(-62.1709032204,-229.9382985309,
    108.44357578746));
#1257 = CARTESIAN_POINT('',(-61.88614868726,-229.9672335535,
    108.60640276915));
#1258 = CARTESIAN_POINT('',(-61.6006962657,-229.9947636032,
    108.76849424594));
#1259 = CARTESIAN_POINT('',(-61.31455714155,-230.0208664506,
    108.92984104375));
#1260 = CARTESIAN_POINT('',(-61.02774329386,-230.0455199731,
    109.09043375151));
#1261 = CARTESIAN_POINT('',(-60.5963351599,-230.0803089249,
    109.33028530704));
#1262 = CARTESIAN_POINT('',(-60.45223689717,-230.0915468697,
    109.41011644391));
#1263 = CARTESIAN_POINT('',(-60.30797431458,-230.1024132313,
    109.48975492275));
#1264 = CARTESIAN_POINT('',(-60.16354907348,-230.1129052613,
    109.56919952234));
#1265 = CARTESIAN_POINT('',(-60.01896288867,-230.1230202206,
    109.6484490093));
#1266 = CARTESIAN_POINT('',(-59.87421752841,-230.13275538,
    109.72750213805));
#1267 = CARTESIAN_POINT('',(-59.72931481443,-230.1421080193,
    109.80635765083));
#1268 = CARTESIAN_POINT('',(-59.511664913,-230.1555630034,
    109.92437654236));
#1269 = CARTESIAN_POINT('',(-59.43903426747,-230.1599541045,
    109.96368899978));
#1270 = CARTESIAN_POINT('',(-59.36636492044,-230.164248392,
    110.00295149093));
#1271 = CARTESIAN_POINT('',(-59.29365711045,-230.1684455267,
    110.04216385608));
#1272 = CARTESIAN_POINT('',(-59.22091107952,-230.1725451701,
    110.08132593485));
#1273 = CARTESIAN_POINT('',(-59.14812707306,-230.1765469842,
    110.1204375662));
#1274 = CARTESIAN_POINT('',(-59.07530533996,-230.1804506314,
    110.15949858842));
#1275 = CARTESIAN_POINT('',(-58.96674275548,-230.1861204189,
    110.21762512852));
#1276 = CARTESIAN_POINT('',(-58.93103037963,-230.1879614089,
    110.23672922604));
#1277 = CARTESIAN_POINT('',(-58.89530903471,-230.1897787054,
    110.25582111262));
#1278 = CARTESIAN_POINT('',(-58.8595787506,-230.1915722687,
    110.2749007691));
#1279 = CARTESIAN_POINT('',(-58.82383955742,-230.1933420593,
    110.29396817633));
#1280 = CARTESIAN_POINT('',(-58.78809148545,-230.1950880376,
    110.31302331508));
#1281 = CARTESIAN_POINT('',(-58.7523345652,-230.1968101641,
    110.33206616613));
#1282 = CARTESIAN_POINT('',(-58.69868297619,-230.1993576585,
    110.36061356903));
#1283 = CARTESIAN_POINT('',(-58.68079448697,-230.2002009634,
    110.37012758046));
#1284 = CARTESIAN_POINT('',(-58.66290336162,-230.2010383087,
    110.37963874272));
#1285 = CARTESIAN_POINT('',(-58.64500960207,-230.2018696889,
    110.38914705404));
#1286 = CARTESIAN_POINT('',(-58.62711321026,-230.2026950989,
    110.39865251269));
#1287 = CARTESIAN_POINT('',(-58.60921418814,-230.203514533,
    110.4081551169));
#1288 = CARTESIAN_POINT('',(-58.59131253768,-230.2043279861,
    110.4176548649));
#1289 = CARTESIAN_POINT('',(-58.55400420162,-230.206010558,
    110.43744416821));
#1290 = CARTESIAN_POINT('',(-58.53459756862,-230.206878468,
    110.44773295356));
#1291 = CARTESIAN_POINT('',(-58.51518846491,-230.2077401874,
    110.45801805609));
#1292 = CARTESIAN_POINT('',(-58.49577654659,-230.2085923361,
    110.46829965706));
#1293 = CARTESIAN_POINT('',(-58.47636254043,-230.2094417825,
    110.47857737196));
#1294 = CARTESIAN_POINT('',(-58.4569454477,-230.2102790567,
    110.48885172817));
#1295 = CARTESIAN_POINT('',(-58.43752625195,-230.2111133411,
    110.49912220545));
#1296 = CARTESIAN_POINT('',(-58.39242545775,-230.2130288939,
    110.52296364479));
#1297 = CARTESIAN_POINT('',(-58.36674222109,-230.2141074109,
    110.53653173902));
#1298 = CARTESIAN_POINT('',(-58.34105458518,-230.2151737814,
    110.55009343285));
#1299 = CARTESIAN_POINT('',(-58.31536256132,-230.2162279909,
    110.56364871939));
#1300 = CARTESIAN_POINT('',(-58.28966616085,-230.2172700251,
    110.57719759171));
#1301 = CARTESIAN_POINT('',(-58.26396539517,-230.2182998696,
    110.59074004288));
#1302 = CARTESIAN_POINT('',(-58.23826027574,-230.2193175101,
    110.60427606598));
#1303 = CARTESIAN_POINT('',(-58.21255081407,-230.2203229322,
    110.61780565405));
#1304 = ORIENTED_EDGE('',*,*,#1305,.F.);
#1305 = EDGE_CURVE('',#1306,#1229,#1308,.T.);
#1306 = VERTEX_POINT('',#1307);
#1307 = CARTESIAN_POINT('',(-71.74062964567,-228.2831043247,
    102.36348009931));
#1308 = B_SPLINE_CURVE_WITH_KNOTS('',4,(#1309,#1310,#1311,#1312,#1313),
  .UNSPECIFIED.,.F.,.F.,(5,5),(0.,1.),.PIECEWISE_BEZIER_KNOTS.);
#1309 = CARTESIAN_POINT('',(-71.74062964567,-228.2831043247,
    102.36348009931));
#1310 = CARTESIAN_POINT('',(-71.20956807376,-228.4038989791,
    102.73567037178));
#1311 = CARTESIAN_POINT('',(-70.67491352975,-228.5213546007,
    103.10490090685));
#1312 = CARTESIAN_POINT('',(-70.13664609783,-228.6352077828,
    103.47113810311));
#1313 = CARTESIAN_POINT('',(-69.59476459479,-228.7451805262,
    103.8343331514));
#1314 = ORIENTED_EDGE('',*,*,#1315,.F.);
#1315 = EDGE_CURVE('',#1316,#1306,#1318,.T.);
#1316 = VERTEX_POINT('',#1317);
#1317 = CARTESIAN_POINT('',(-73.92357425406,-227.7731023633,
    100.79833912075));
#1318 = B_SPLINE_CURVE_WITH_KNOTS('',4,(#1319,#1320,#1321,#1322,#1323),
  .UNSPECIFIED.,.F.,.F.,(5,5),(0.,1.),.PIECEWISE_BEZIER_KNOTS.);
#1319 = CARTESIAN_POINT('',(-73.92357425406,-227.7731023633,
    100.79833912075));
#1320 = CARTESIAN_POINT('',(-73.38344942725,-227.9050759964,
    101.19445633944));
#1321 = CARTESIAN_POINT('',(-72.83960509759,-228.0342499051,
    101.58736687177));
#1322 = CARTESIAN_POINT('',(-72.29200586696,-228.1603544727,
    101.97705246664));
#1323 = CARTESIAN_POINT('',(-71.74062964567,-228.2831043247,
    102.36348009931));
#1324 = ORIENTED_EDGE('',*,*,#1325,.F.);
#1325 = EDGE_CURVE('',#1326,#1316,#1328,.T.);
#1326 = VERTEX_POINT('',#1327);
#1327 = CARTESIAN_POINT('',(-74.96403185497,-227.5185407194,
    100.0269660044));
#1328 = B_SPLINE_CURVE_WITH_KNOTS('',4,(#1329,#1330,#1331,#1332,#1333),
  .UNSPECIFIED.,.F.,.F.,(5,5),(0.,1.),.PIECEWISE_BEZIER_KNOTS.);
#1329 = CARTESIAN_POINT('',(-74.96403185497,-227.5185407194,
    100.0269660044));
#1330 = CARTESIAN_POINT('',(-74.70519194652,-227.5830452818,
    100.22095052595));
#1331 = CARTESIAN_POINT('',(-74.44550512085,-227.6469932016,
    100.41417509523));
#1332 = CARTESIAN_POINT('',(-74.18496714906,-227.7103554885,
    100.60663857041));
#1333 = CARTESIAN_POINT('',(-73.92357425391,-227.7731023634,
    100.79833912087));
#1334 = ORIENTED_EDGE('',*,*,#1335,.F.);
#1335 = EDGE_CURVE('',#1336,#1326,#1338,.T.);
#1336 = VERTEX_POINT('',#1337);
#1337 = CARTESIAN_POINT('',(-100.0934028415,-207.2352586323,
    74.875301051872));
#1338 = B_SPLINE_CURVE_WITH_KNOTS('',8,(#1339,#1340,#1341,#1342,#1343,
    #1344,#1345,#1346,#1347,#1348,#1349,#1350,#1351,#1352,#1353,#1354,
    #1355,#1356,#1357,#1358,#1359,#1360,#1361,#1362,#1363,#1364,#1365,
    #1366,#1367,#1368,#1369,#1370,#1371,#1372,#1373,#1374,#1375,#1376,
    #1377,#1378,#1379,#1380,#1381,#1382,#1383,#1384,#1385,#1386,#1387,
    #1388,#1389,#1390,#1391,#1392,#1393,#1394,#1395,#1396),
  .UNSPECIFIED.,.F.,.F.,(9,7,7,7,7,7,7,7,9),(0.,0.256629501687,
    0.314898119176,0.490409389219,0.663716720836,0.748793545249,
    0.779911635823,0.835119636882,1.),.UNSPECIFIED.);
#1339 = CARTESIAN_POINT('',(-100.0934028415,-207.2352586323,
    74.875301051872));
#1340 = CARTESIAN_POINT('',(-99.62004115345,-208.1361128556,
    75.508091591153));
#1341 = CARTESIAN_POINT('',(-99.1225845347,-209.0226330951,
    76.163560275455));
#1342 = CARTESIAN_POINT('',(-98.60122132851,-209.8945158345,
    76.84007954067));
#1343 = CARTESIAN_POINT('',(-98.05608224258,-210.7514416582,
    77.536112028486));
#1344 = CARTESIAN_POINT('',(-97.4872523115,-211.5930807962,
    78.250200565459));
#1345 = CARTESIAN_POINT('',(-96.89475927492,-212.419083656,
    78.980982935045));
#1346 = CARTESIAN_POINT('',(-96.2785567241,-213.2290698796,
    79.727207055746));
#1347 = CARTESIAN_POINT('',(-95.49319789799,-214.2028099211,
    80.660399772048));
#1348 = CARTESIAN_POINT('',(-95.34664753606,-214.3821424912,
    80.833813136569));
#1349 = CARTESIAN_POINT('',(-95.19886811402,-214.5606220569,
    81.007948487608));
#1350 = CARTESIAN_POINT('',(-95.04985833069,-214.7382433259,
    81.182792222652));
#1351 = CARTESIAN_POINT('',(-94.89961675371,-214.9150008353,
    81.358330921137));
#1352 = CARTESIAN_POINT('',(-94.74814181948,-215.0908889509,
    81.534551344445));
#1353 = CARTESIAN_POINT('',(-94.59543183321,-215.2659018674,
    81.711440435907));
#1354 = CARTESIAN_POINT('',(-93.97778064843,-215.9645369235,
    82.423769387777));
#1355 = CARTESIAN_POINT('',(-93.50285896041,-216.4810438264,
    82.964498085402));
#1356 = CARTESIAN_POINT('',(-93.01666788881,-216.9893967893,
    83.510821871234));
#1357 = CARTESIAN_POINT('',(-92.51914988659,-217.4894196134,
    84.062399577514));
#1358 = CARTESIAN_POINT('',(-92.0102413238,-217.9809171122,
    84.618898359562));
#1359 = CARTESIAN_POINT('',(-91.48987193563,-218.463674794,
    85.179993644163));
#1360 = CARTESIAN_POINT('',(-90.95796427051,-218.9374585454,
    85.745369077956));
#1361 = CARTESIAN_POINT('',(-89.87772726069,-219.8607365404,
    86.876914437606));
#1362 = CARTESIAN_POINT('',(-89.32969525522,-220.3104550592,
    87.442977609207));
#1363 = CARTESIAN_POINT('',(-88.77025318906,-220.7509241343,
    88.012611362509));
#1364 = CARTESIAN_POINT('',(-88.19932341434,-221.1818787409,
    88.585514801285));
#1365 = CARTESIAN_POINT('',(-87.61681894374,-221.6030067239,
    89.16139547308));
#1366 = CARTESIAN_POINT('',(-87.02267389594,-222.0139991923,
    89.739941300957));
#1367 = CARTESIAN_POINT('',(-86.41680370006,-222.4144859212,
    90.320858072917));
#1368 = CARTESIAN_POINT('',(-85.49593313299,-222.9953572174,
    91.190017300518));
#1369 = CARTESIAN_POINT('',(-85.18988301745,-223.1839958248,
    91.476695760035));
#1370 = CARTESIAN_POINT('',(-84.88098561552,-223.369967608,
    91.763831932353));
#1371 = CARTESIAN_POINT('',(-84.56923433464,-223.5532257875,
    92.051387995454));
#1372 = CARTESIAN_POINT('',(-84.25462348402,-223.733721727,
    92.339325455739));
#1373 = CARTESIAN_POINT('',(-83.93714827464,-223.9114049327,
    92.627605148028));
#1374 = CARTESIAN_POINT('',(-83.61680481925,-224.0862230541,
    92.916187235562));
#1375 = CARTESIAN_POINT('',(-83.17536964203,-224.3209963898,
    93.310680110512));
#1376 = CARTESIAN_POINT('',(-83.05676505957,-224.3834803306,
    93.416364025999));
#1377 = CARTESIAN_POINT('',(-82.93777625344,-224.4455710484,
    93.522080965555));
#1378 = CARTESIAN_POINT('',(-82.81840311676,-224.5072658506,
    93.627828921639));
#1379 = CARTESIAN_POINT('',(-82.6986455674,-224.5685620092,
    93.733605870074));
#1380 = CARTESIAN_POINT('',(-82.57850354794,-224.629456761,
    93.839409770051));
#1381 = CARTESIAN_POINT('',(-82.4579770257,-224.6899473073,
    93.945238564123));
#1382 = CARTESIAN_POINT('',(-82.12255230265,-224.8566276607,
    94.238886277357));
#1383 = CARTESIAN_POINT('',(-81.90682800221,-224.9619428785,
    94.426754489002));
#1384 = CARTESIAN_POINT('',(-81.6898960226,-225.0659652619,
    94.614680664266));
#1385 = CARTESIAN_POINT('',(-81.47174606599,-225.1686607855,
    94.802662174856));
#1386 = CARTESIAN_POINT('',(-81.25239298685,-225.2700375585,
    94.990674591179));
#1387 = CARTESIAN_POINT('',(-81.03182694307,-225.3700602868,
    95.178715082779));
#1388 = CARTESIAN_POINT('',(-80.81005519241,-225.4687219326,
    95.366766022059));
#1389 = CARTESIAN_POINT('',(-79.92114942103,-225.8565345979,
    96.116433297475));
#1390 = CARTESIAN_POINT('',(-79.24447515919,-226.134751172,
    96.678036760867));
#1391 = CARTESIAN_POINT('',(-78.55709891306,-226.4002057394,
    97.239290323372));
#1392 = CARTESIAN_POINT('',(-77.85910135023,-226.652420756,
    97.79983451698));
#1393 = CARTESIAN_POINT('',(-77.15060427094,-226.8908938032,
    98.35928714555));
#1394 = CARTESIAN_POINT('',(-76.43177456798,-227.1151018339,
    98.91724461808));
#1395 = CARTESIAN_POINT('',(-75.70282786805,-227.3245036656,
    99.47328403172));
#1396 = CARTESIAN_POINT('',(-74.96403185482,-227.5185407195,
    100.02696600451));
#1397 = ORIENTED_EDGE('',*,*,#1398,.F.);
#1398 = EDGE_CURVE('',#1399,#1336,#1401,.T.);
#1399 = VERTEX_POINT('',#1400);
#1400 = CARTESIAN_POINT('',(-101.0220722768,-205.3518408516,
    73.61753128762));
#1401 = B_SPLINE_CURVE_WITH_KNOTS('',4,(#1402,#1403,#1404,#1405,#1406),
  .UNSPECIFIED.,.F.,.F.,(5,5),(0.,1.),.PIECEWISE_BEZIER_KNOTS.);
#1402 = CARTESIAN_POINT('',(-101.0220722768,-205.3518408516,
    73.61753128762));
#1403 = CARTESIAN_POINT('',(-100.8011605042,-205.8291227536,
    73.920678712791));
#1404 = CARTESIAN_POINT('',(-100.5727030225,-206.3021784126,
    74.231632498261));
#1405 = CARTESIAN_POINT('',(-100.336767722,-206.7709170228,
    74.54997055326));
#1406 = CARTESIAN_POINT('',(-100.0934028415,-207.2352586323,
    74.875301051872));
#1407 = ORIENTED_EDGE('',*,*,#1408,.F.);
#1408 = EDGE_CURVE('',#60,#1399,#1409,.T.);
#1409 = B_SPLINE_CURVE_WITH_KNOTS('',4,(#1410,#1411,#1412,#1413,#1414),
  .UNSPECIFIED.,.F.,.F.,(5,5),(0.,1.),.PIECEWISE_BEZIER_KNOTS.);
#1410 = CARTESIAN_POINT('',(-101.854159297,-203.4320749642,
    72.461922648357));
#1411 = CARTESIAN_POINT('',(-101.6574316404,-203.918066517,
    72.73844760568));
#1412 = CARTESIAN_POINT('',(-101.4531205116,-204.4000926343,
    73.023512976598));
#1413 = CARTESIAN_POINT('',(-101.2413124294,-204.878047326,
    73.316677752507));
#1414 = CARTESIAN_POINT('',(-101.0220722768,-205.3518408516,
    73.61753128762));
#1415 = FACE_BOUND('',#1416,.T.);
#1416 = EDGE_LOOP('',(#1417,#1427,#1470,#1519,#1528,#1536,#1545,#1554,
    #1562,#1571,#1614,#1657,#1665,#1708,#1771,#1780,#1788,#1815,#1842,
    #1850,#1859,#1902));
#1417 = ORIENTED_EDGE('',*,*,#1418,.F.);
#1418 = EDGE_CURVE('',#1419,#1421,#1423,.T.);
#1419 = VERTEX_POINT('',#1420);
#1420 = CARTESIAN_POINT('',(-100.,-187.,75.));
#1421 = VERTEX_POINT('',#1422);
#1422 = CARTESIAN_POINT('',(-100.,-185.,75.));
#1423 = LINE('',#1424,#1425);
#1424 = CARTESIAN_POINT('',(-100.,1.665E-14,75.));
#1425 = VECTOR('',#1426,1.);
#1426 = DIRECTION('',(0.,1.,-2.2E-16));
#1427 = ORIENTED_EDGE('',*,*,#1428,.T.);
#1428 = EDGE_CURVE('',#1419,#1429,#1431,.T.);
#1429 = VERTEX_POINT('',#1430);
#1430 = CARTESIAN_POINT('',(-95.4258480064,-204.2993575911,80.7397518755
    ));
#1431 = B_SPLINE_CURVE_WITH_KNOTS('',7,(#1432,#1433,#1434,#1435,#1436,
    #1437,#1438,#1439,#1440,#1441,#1442,#1443,#1444,#1445,#1446,#1447,
    #1448,#1449,#1450,#1451,#1452,#1453,#1454,#1455,#1456,#1457,#1458,
    #1459,#1460,#1461,#1462,#1463,#1464,#1465,#1466,#1467,#1468,#1469),
  .UNSPECIFIED.,.F.,.F.,(8,6,6,6,6,6,8),(0.,0.215418055163,
    0.309291406285,0.555277561186,0.770994053625,0.86082162344,1.),
  .UNSPECIFIED.);
#1432 = CARTESIAN_POINT('',(-100.,-187.,75.));
#1433 = CARTESIAN_POINT('',(-100.,-188.8047254215,75.));
#1434 = CARTESIAN_POINT('',(-99.89143222642,-190.6003678292,
    75.144757440641));
#1435 = CARTESIAN_POINT('',(-99.67626369933,-192.3764459306,
    75.431646593666));
#1436 = CARTESIAN_POINT('',(-99.35810777773,-194.1223435282,
    75.853110473966));
#1437 = CARTESIAN_POINT('',(-98.9424283883,-195.8267935059,
    76.396611281791));
#1438 = CARTESIAN_POINT('',(-98.43751369508,-197.4777250186,
    77.044988756796));
#1439 = CARTESIAN_POINT('',(-97.60213984653,-199.7531053114,
    78.096020021889));
#1440 = CARTESIAN_POINT('',(-97.33331296854,-200.4329868615,
    78.4317558546));
#1441 = CARTESIAN_POINT('',(-97.04968903253,-201.1020551605,
    78.783119919781));
#1442 = CARTESIAN_POINT('',(-96.75172638058,-201.7602177952,
    79.149040204061));
#1443 = CARTESIAN_POINT('',(-96.43986066279,-202.4073816796,
    79.528482471465));
#1444 = CARTESIAN_POINT('',(-96.11450845167,-203.0434529948,
    79.920452028399));
#1445 = CARTESIAN_POINT('',(-94.88922744824,-205.3057863451,
    81.381442601505));
#1446 = CARTESIAN_POINT('',(-93.91223090802,-206.8669755546,
    82.518721282297));
#1447 = CARTESIAN_POINT('',(-92.85084560293,-208.3525803875,
    83.720362641365));
#1448 = CARTESIAN_POINT('',(-91.70894926052,-209.7631722032,
    84.973886028836));
#1449 = CARTESIAN_POINT('',(-90.48874279712,-211.0989757348,
    86.269591592037));
#1450 = CARTESIAN_POINT('',(-89.19076326184,-212.3594547371,
    87.599938687683));
#1451 = CARTESIAN_POINT('',(-86.60699199824,-214.5802799317,
    90.15046468972));
#1452 = CARTESIAN_POINT('',(-85.33957141296,-215.5582867492,
    91.363842466776));
#1453 = CARTESIAN_POINT('',(-84.01190502376,-216.4749768316,
    92.594297955739));
#1454 = CARTESIAN_POINT('',(-82.6235746448,-217.3277582341,
    93.837739672847));
#1455 = CARTESIAN_POINT('',(-81.17393397759,-218.1130260231,
    95.090318002376));
#1456 = CARTESIAN_POINT('',(-79.66235898912,-218.826006931,96.3481739986
    ));
#1457 = CARTESIAN_POINT('',(-77.43322387301,-219.7248262245,
    98.131545436241));
#1458 = CARTESIAN_POINT('',(-76.76711414763,-219.9754656863,
    98.656033045014));
#1459 = CARTESIAN_POINT('',(-76.09029082393,-220.2120319087,
    99.180365028646));
#1460 = CARTESIAN_POINT('',(-75.40281939023,-220.4340264542,
    99.704188952742));
#1461 = CARTESIAN_POINT('',(-74.70478436904,-220.6409187628,
    100.22714699127));
#1462 = CARTESIAN_POINT('',(-73.99629066215,-220.8321456246,
    100.74887702055));
#1463 = CARTESIAN_POINT('',(-72.16371993542,-221.2782005692,
    102.07491084051));
#1464 = CARTESIAN_POINT('',(-71.02458889959,-221.5103935091,
    102.87740453245));
#1465 = CARTESIAN_POINT('',(-69.86138278189,-221.7011811064,
    103.67448763792));
#1466 = CARTESIAN_POINT('',(-68.67557337572,-221.8480556873,
    104.46420785551));
#1467 = CARTESIAN_POINT('',(-67.46880968585,-221.9485038423,
    105.24468161959));
#1468 = CARTESIAN_POINT('',(-66.24293433992,-222.,106.01410798643));
#1469 = CARTESIAN_POINT('',(-65.,-222.,106.77078252031));
#1470 = ORIENTED_EDGE('',*,*,#1471,.F.);
#1471 = EDGE_CURVE('',#1472,#1429,#1474,.T.);
#1472 = VERTEX_POINT('',#1473);
#1473 = CARTESIAN_POINT('',(-65.,-223.9344397301,106.77078252031));
#1474 = B_SPLINE_CURVE_WITH_KNOTS('',8,(#1475,#1476,#1477,#1478,#1479,
    #1480,#1481,#1482,#1483,#1484,#1485,#1486,#1487,#1488,#1489,#1490,
    #1491,#1492,#1493,#1494,#1495,#1496,#1497,#1498,#1499,#1500,#1501,
    #1502,#1503,#1504,#1505,#1506,#1507,#1508,#1509,#1510,#1511,#1512,
    #1513,#1514,#1515,#1516,#1517,#1518),.UNSPECIFIED.,.F.,.F.,(9,7,7,7,
    7,7,9),(0.,0.13398961486,0.223505707439,0.437793996812,
    0.678490833995,0.774220873874,1.),.UNSPECIFIED.);
#1475 = CARTESIAN_POINT('',(-65.,-223.9344397301,106.77078252031));
#1476 = CARTESIAN_POINT('',(-66.05806448597,-223.8865726531,
    106.12665319986));
#1477 = CARTESIAN_POINT('',(-67.10275528777,-223.803449323,
    105.47424150454));
#1478 = CARTESIAN_POINT('',(-68.13265752119,-223.6865122267,
    104.81473910895));
#1479 = CARTESIAN_POINT('',(-69.14664597011,-223.5372521002,
    104.14928393453));
#1480 = CARTESIAN_POINT('',(-70.14385141823,-223.3571546443,
    103.47894663037));
#1481 = CARTESIAN_POINT('',(-71.12363139766,-223.1476567453,
    102.80471853062));
#1482 = CARTESIAN_POINT('',(-72.08554535428,-222.910112202,
    102.12750108869));
#1483 = CARTESIAN_POINT('',(-73.65986289043,-222.4691625756,
    100.99419878759));
#1484 = CARTESIAN_POINT('',(-74.28228934999,-222.2805994906,
    100.53933356209));
#1485 = CARTESIAN_POINT('',(-74.89653285073,-222.0804509159,
    100.08374351143));
#1486 = CARTESIAN_POINT('',(-75.50253429236,-221.8690725392,
    99.627661663879));
#1487 = CARTESIAN_POINT('',(-76.10025462915,-221.6468011885,
    99.171311252938));
#1488 = CARTESIAN_POINT('',(-76.68967326692,-221.4139534973,
    98.714905294275));
#1489 = CARTESIAN_POINT('',(-77.27078645998,-221.1708245704,
    98.258646162561));
#1490 = CARTESIAN_POINT('',(-79.21485028855,-220.3117118937,
    96.711317722765));
#1491 = CARTESIAN_POINT('',(-80.53832084211,-219.6484890634,
    95.622043971036));
#1492 = CARTESIAN_POINT('',(-81.81446430261,-218.9316724547,
    94.537320604562));
#1493 = CARTESIAN_POINT('',(-83.04369352388,-218.1643187827,
    93.459598762876));
#1494 = CARTESIAN_POINT('',(-84.22642204265,-217.3489552452,
    92.391337865015));
#1495 = CARTESIAN_POINT('',(-85.36307063725,-216.4875931096,
    91.335003377615));
#1496 = CARTESIAN_POINT('',(-86.45404568217,-215.5816868229,
    90.293088519689));
#1497 = CARTESIAN_POINT('',(-88.67419637027,-213.5653573355,
    88.116920716821));
#1498 = CARTESIAN_POINT('',(-89.79097381492,-212.4439762443,
    86.987639159255));
#1499 = CARTESIAN_POINT('',(-90.8507564592,-211.268973605,
    85.883764887294));
#1500 = CARTESIAN_POINT('',(-91.85336213794,-210.0410498819,
    84.809633659997));
#1501 = CARTESIAN_POINT('',(-92.79792761849,-208.7606478193,
    83.770449551961));
#1502 = CARTESIAN_POINT('',(-93.68301565456,-207.4279849474,
    82.77230308866));
#1503 = CARTESIAN_POINT('',(-94.50661267375,-206.0430149391,
    81.822222319345));
#1504 = CARTESIAN_POINT('',(-95.56807498424,-204.0335392703,
    80.572704350975));
#1505 = CARTESIAN_POINT('',(-95.85991665351,-203.4534929294,
    80.22608456807));
#1506 = CARTESIAN_POINT('',(-96.14137750251,-202.8652130569,
    79.888920382175));
#1507 = CARTESIAN_POINT('',(-96.41224578386,-202.2687401623,
    79.561776655118));
#1508 = CARTESIAN_POINT('',(-96.67228535981,-201.6641398836,
    79.245253942138));
#1509 = CARTESIAN_POINT('',(-96.92123902691,-201.0515062225,
    78.93998380705));
#1510 = CARTESIAN_POINT('',(-97.15883191673,-200.4309655263,
    78.646622732236));
#1511 = CARTESIAN_POINT('',(-97.91766126155,-198.3208738058,
    77.703629961046));
#1512 = CARTESIAN_POINT('',(-98.38617619723,-196.7947941358,
    77.110872599455));
#1513 = CARTESIAN_POINT('',(-98.78585507902,-195.2278274623,
    76.597219405509));
#1514 = CARTESIAN_POINT('',(-99.11215604879,-193.6246081236,
    76.172488564873));
#1515 = CARTESIAN_POINT('',(-99.36078940611,-191.9912301902,
    75.845936177542));
#1516 = CARTESIAN_POINT('',(-99.52810706613,-190.3355369176,
    75.62522773306));
#1517 = CARTESIAN_POINT('',(-99.61172815355,-188.6675544165,
    75.51492312293));
#1518 = CARTESIAN_POINT('',(-99.61172815355,-187.,75.51492312293));
#1519 = ORIENTED_EDGE('',*,*,#1520,.F.);
#1520 = EDGE_CURVE('',#1521,#1472,#1523,.T.);
#1521 = VERTEX_POINT('',#1522);
#1522 = CARTESIAN_POINT('',(-59.37171043519,-224.1744120415,110.));
#1523 = ELLIPSE('',#1524,125.34467465406,125.);
#1524 = AXIS2_PLACEMENT_3D('',#1525,#1526,#1527);
#1525 = CARTESIAN_POINT('',(0.,-216.,4.752E-14));
#1526 = DIRECTION('',(0.,-0.997250185099,-7.41084901954E-02));
#1527 = DIRECTION('',(0.,7.41084901954E-02,-0.997250185099));
#1528 = ORIENTED_EDGE('',*,*,#1529,.F.);
#1529 = EDGE_CURVE('',#1530,#1521,#1532,.T.);
#1530 = VERTEX_POINT('',#1531);
#1531 = CARTESIAN_POINT('',(-59.37171043519,-225.5200858563,110.));
#1532 = LINE('',#1533,#1534);
#1533 = CARTESIAN_POINT('',(-59.37171043519,0.,110.));
#1534 = VECTOR('',#1535,1.);
#1535 = DIRECTION('',(0.,1.,-2.2E-16));
#1536 = ORIENTED_EDGE('',*,*,#1537,.T.);
#1537 = EDGE_CURVE('',#1530,#1538,#1540,.T.);
#1538 = VERTEX_POINT('',#1539);
#1539 = CARTESIAN_POINT('',(0.,-226.175,125.));
#1540 = ELLIPSE('',#1541,125.11908564541,125.);
#1541 = AXIS2_PLACEMENT_3D('',#1542,#1543,#1544);
#1542 = CARTESIAN_POINT('',(0.,-220.7173821364,4.856E-14));
#1543 = DIRECTION('',(0.,0.999048221582,4.361938736534E-02));
#1544 = DIRECTION('',(0.,4.361938736534E-02,-0.999048221582));
#1545 = ORIENTED_EDGE('',*,*,#1546,.T.);
#1546 = EDGE_CURVE('',#1538,#1547,#1549,.T.);
#1547 = VERTEX_POINT('',#1548);
#1548 = CARTESIAN_POINT('',(59.37171043519,-225.5200858563,110.));
#1549 = ELLIPSE('',#1550,125.11908564541,125.);
#1550 = AXIS2_PLACEMENT_3D('',#1551,#1552,#1553);
#1551 = CARTESIAN_POINT('',(0.,-220.7173821364,4.856E-14));
#1552 = DIRECTION('',(0.,0.999048221582,4.361938736534E-02));
#1553 = DIRECTION('',(0.,4.361938736534E-02,-0.999048221582));
#1554 = ORIENTED_EDGE('',*,*,#1555,.T.);
#1555 = EDGE_CURVE('',#1547,#1556,#1558,.T.);
#1556 = VERTEX_POINT('',#1557);
#1557 = CARTESIAN_POINT('',(59.37171043519,-224.1744120415,110.));
#1558 = LINE('',#1559,#1560);
#1559 = CARTESIAN_POINT('',(59.37171043519,0.,110.));
#1560 = VECTOR('',#1561,1.);
#1561 = DIRECTION('',(0.,1.,-2.2E-16));
#1562 = ORIENTED_EDGE('',*,*,#1563,.F.);
#1563 = EDGE_CURVE('',#1564,#1556,#1566,.T.);
#1564 = VERTEX_POINT('',#1565);
#1565 = CARTESIAN_POINT('',(65.,-223.9344397301,106.77078252031));
#1566 = ELLIPSE('',#1567,125.34467465406,125.);
#1567 = AXIS2_PLACEMENT_3D('',#1568,#1569,#1570);
#1568 = CARTESIAN_POINT('',(0.,-216.,4.752E-14));
#1569 = DIRECTION('',(0.,-0.997250185099,-7.41084901954E-02));
#1570 = DIRECTION('',(0.,7.41084901954E-02,-0.997250185099));
#1571 = ORIENTED_EDGE('',*,*,#1572,.F.);
#1572 = EDGE_CURVE('',#1573,#1564,#1575,.T.);
#1573 = VERTEX_POINT('',#1574);
#1574 = CARTESIAN_POINT('',(95.425848006385,-204.2993575911,
    80.739751875521));
#1575 = B_SPLINE_CURVE_WITH_KNOTS('',7,(#1576,#1577,#1578,#1579,#1580,
    #1581,#1582,#1583,#1584,#1585,#1586,#1587,#1588,#1589,#1590,#1591,
    #1592,#1593,#1594,#1595,#1596,#1597,#1598,#1599,#1600,#1601,#1602,
    #1603,#1604,#1605,#1606,#1607,#1608,#1609,#1610,#1611,#1612,#1613),
  .UNSPECIFIED.,.F.,.F.,(8,6,6,6,6,6,8),(0.,0.240331892088,
    0.331674845757,0.561904680826,0.776868015968,0.866145901496,1.),
  .UNSPECIFIED.);
#1576 = CARTESIAN_POINT('',(99.611728153556,-187.,75.51492312293));
#1577 = CARTESIAN_POINT('',(99.611728153556,-189.0428776531,
    75.51492312293));
#1578 = CARTESIAN_POINT('',(99.483608688548,-191.0755506053,
    75.683917932865));
#1579 = CARTESIAN_POINT('',(99.229703111476,-193.0792141124,
    76.018868317865));
#1580 = CARTESIAN_POINT('',(98.856351056501,-195.0404885658,
    76.507562645679));
#1581 = CARTESIAN_POINT('',(98.370935404268,-196.948843521,
    77.133320226892));
#1582 = CARTESIAN_POINT('',(97.781770526416,-198.7955945659,
    77.877494914363));
#1583 = CARTESIAN_POINT('',(96.83811715489,-201.2491875753,
    79.04144075261));
#1584 = CARTESIAN_POINT('',(96.564423780715,-201.9153345714,
    79.376503388058));
#1585 = CARTESIAN_POINT('',(96.277301011946,-202.5717312263,
    79.7251661892));
#1586 = CARTESIAN_POINT('',(95.977105016699,-203.2182481726,
    80.086554171171));
#1587 = CARTESIAN_POINT('',(95.664159253957,-203.8548001562,
    80.459839582539));
#1588 = CARTESIAN_POINT('',(95.338748287658,-204.4813394841,
    80.844251288934));
#1589 = CARTESIAN_POINT('',(94.150098625947,-206.6517623563,
    82.234260055511));
#1590 = CARTESIAN_POINT('',(93.221725341514,-208.1413961331,
    83.295277609883));
#1591 = CARTESIAN_POINT('',(92.219513217007,-209.5673313371,
    84.411229709157));
#1592 = CARTESIAN_POINT('',(91.145880764085,-210.9294938959,
    85.572887031947));
#1593 = CARTESIAN_POINT('',(90.002356063042,-212.2273893411,
    86.772508143317));
#1594 = CARTESIAN_POINT('',(88.789455744843,-213.4601073431,
    88.003759860731));
#1595 = CARTESIAN_POINT('',(86.308095557908,-215.7147692549,
    90.43631895161));
#1596 = CARTESIAN_POINT('',(85.049177110899,-216.7447919509,
    91.633683088335));
#1597 = CARTESIAN_POINT('',(83.728922685124,-217.7148749769,
    92.849698885609));
#1598 = CARTESIAN_POINT('',(82.346649940397,-218.6224080178,
    94.080373186103));
#1599 = CARTESIAN_POINT('',(80.901681816633,-219.4637186841,
    95.321737426062));
#1600 = CARTESIAN_POINT('',(79.393367130968,-220.2341094663,
    96.569821341078));
#1601 = CARTESIAN_POINT('',(77.167950477016,-221.2157217131,
    98.340244952274));
#1602 = CARTESIAN_POINT('',(76.503921005216,-221.4904932617,
    98.860206395281));
#1603 = CARTESIAN_POINT('',(75.828880363226,-221.7515551944,
    99.380304678887));
#1604 = CARTESIAN_POINT('',(75.142841023221,-221.9984297865,
    99.900214198144));
#1605 = CARTESIAN_POINT('',(74.445849930432,-222.2305976495,
    100.41958854978));
#1606 = CARTESIAN_POINT('',(73.737992728385,-222.4475012536,
    100.93806164866));
#1607 = CARTESIAN_POINT('',(71.942010777764,-222.9499779816,
    102.23066624349));
#1608 = CARTESIAN_POINT('',(70.840523354058,-223.2157540651,
    103.00316687105));
#1609 = CARTESIAN_POINT('',(69.715350212218,-223.4438900111,
    103.77147098385));
#1610 = CARTESIAN_POINT('',(68.567267277016,-223.6321847509,
    104.53410191641));
#1611 = CARTESIAN_POINT('',(67.397466037348,-223.77828855,
    105.28941019283));
#1612 = CARTESIAN_POINT('',(66.207625220197,-223.8798064916,
    106.03560349979));
#1613 = CARTESIAN_POINT('',(65.,-223.9344397301,106.77078252031));
#1614 = ORIENTED_EDGE('',*,*,#1615,.T.);
#1615 = EDGE_CURVE('',#1573,#1616,#1618,.T.);
#1616 = VERTEX_POINT('',#1617);
#1617 = CARTESIAN_POINT('',(100.,-187.,75.));
#1618 = B_SPLINE_CURVE_WITH_KNOTS('',7,(#1619,#1620,#1621,#1622,#1623,
    #1624,#1625,#1626,#1627,#1628,#1629,#1630,#1631,#1632,#1633,#1634,
    #1635,#1636,#1637,#1638,#1639,#1640,#1641,#1642,#1643,#1644,#1645,
    #1646,#1647,#1648,#1649,#1650,#1651,#1652,#1653,#1654,#1655,#1656),
  .UNSPECIFIED.,.F.,.F.,(8,6,6,6,6,6,8),(0.,0.139178440277,
    0.229006051216,0.444722642412,0.690708862141,0.784582196175,1.),
  .UNSPECIFIED.);
#1619 = CARTESIAN_POINT('',(65.,-222.,106.77078252031));
#1620 = CARTESIAN_POINT('',(66.242934339928,-222.,106.01410798643));
#1621 = CARTESIAN_POINT('',(67.46880968585,-221.9485038423,
    105.24468161959));
#1622 = CARTESIAN_POINT('',(68.675573375724,-221.8480556873,
    104.46420785551));
#1623 = CARTESIAN_POINT('',(69.861382781897,-221.7011811064,
    103.67448763792));
#1624 = CARTESIAN_POINT('',(71.024588899597,-221.5103935091,
    102.87740453245));
#1625 = CARTESIAN_POINT('',(72.163719935422,-221.2782005692,
    102.07491084051));
#1626 = CARTESIAN_POINT('',(73.996290662157,-220.8321456246,
    100.74887702055));
#1627 = CARTESIAN_POINT('',(74.70478436904,-220.6409187628,
    100.22714699127));
#1628 = CARTESIAN_POINT('',(75.402819390237,-220.4340264542,
    99.704188952743));
#1629 = CARTESIAN_POINT('',(76.090290823936,-220.2120319087,
    99.180365028648));
#1630 = CARTESIAN_POINT('',(76.767114147636,-219.9754656863,
    98.656033045015));
#1631 = CARTESIAN_POINT('',(77.433223873017,-219.7248262245,
    98.131545436242));
#1632 = CARTESIAN_POINT('',(79.662358989124,-218.826006931,
    96.348173998601));
#1633 = CARTESIAN_POINT('',(81.173933977595,-218.1130260231,
    95.090318002377));
#1634 = CARTESIAN_POINT('',(82.623574644806,-217.3277582341,
    93.837739672848));
#1635 = CARTESIAN_POINT('',(84.011905023766,-216.4749768316,
    92.59429795574));
#1636 = CARTESIAN_POINT('',(85.339571412962,-215.5582867492,
    91.363842466776));
#1637 = CARTESIAN_POINT('',(86.606991998245,-214.5802799317,
    90.150464689721));
#1638 = CARTESIAN_POINT('',(89.190762994418,-212.359454967,
    87.599938951665));
#1639 = CARTESIAN_POINT('',(90.488742251132,-211.0989762605,
    86.269592150064));
#1640 = CARTESIAN_POINT('',(91.708948606528,-209.7631729481,
    84.973886732948));
#1641 = CARTESIAN_POINT('',(92.85084501778,-208.3525811774,
    83.720363299454));
#1642 = CARTESIAN_POINT('',(93.912230499829,-206.8669762002,
    82.518721756675));
#1643 = CARTESIAN_POINT('',(94.889227250495,-205.3057867103,
    81.381442837301));
#1644 = CARTESIAN_POINT('',(96.114508376339,-203.0434531339,
    79.920452118223));
#1645 = CARTESIAN_POINT('',(96.439860538787,-202.4073819243,
    79.528482621124));
#1646 = CARTESIAN_POINT('',(96.751726234838,-201.7602181041,
    79.149040382016));
#1647 = CARTESIAN_POINT('',(97.049688891011,-201.1020554845,
    78.783120094477));
#1648 = CARTESIAN_POINT('',(97.333312855089,-200.4329871438,
    78.43175599608));
#1649 = CARTESIAN_POINT('',(97.6021397817,-199.753105488,78.096020103466
    ));
#1650 = CARTESIAN_POINT('',(98.437513270936,-197.4777261739,
    77.044989290447));
#1651 = CARTESIAN_POINT('',(98.942427860958,-195.8267953442,
    76.396611964404));
#1652 = CARTESIAN_POINT('',(99.358107333861,-194.1223456322,
    75.853111060302));
#1653 = CARTESIAN_POINT('',(99.676263420749,-192.3764479378,
    75.431646965089));
#1654 = CARTESIAN_POINT('',(99.891432116686,-190.6003694236,
    75.144757586963));
#1655 = CARTESIAN_POINT('',(100.,-188.8047263338,75.));
#1656 = CARTESIAN_POINT('',(100.,-187.,75.));
#1657 = ORIENTED_EDGE('',*,*,#1658,.T.);
#1658 = EDGE_CURVE('',#1616,#1659,#1661,.T.);
#1659 = VERTEX_POINT('',#1660);
#1660 = CARTESIAN_POINT('',(100.,-185.,75.));
#1661 = LINE('',#1662,#1663);
#1662 = CARTESIAN_POINT('',(100.,1.665E-14,75.));
#1663 = VECTOR('',#1664,1.);
#1664 = DIRECTION('',(0.,1.,-2.2E-16));
#1665 = ORIENTED_EDGE('',*,*,#1666,.T.);
#1666 = EDGE_CURVE('',#1659,#1667,#1669,.T.);
#1667 = VERTEX_POINT('',#1668);
#1668 = CARTESIAN_POINT('',(95.425848006384,-167.7006424088,
    80.739751875522));
#1669 = B_SPLINE_CURVE_WITH_KNOTS('',7,(#1670,#1671,#1672,#1673,#1674,
    #1675,#1676,#1677,#1678,#1679,#1680,#1681,#1682,#1683,#1684,#1685,
    #1686,#1687,#1688,#1689,#1690,#1691,#1692,#1693,#1694,#1695,#1696,
    #1697,#1698,#1699,#1700,#1701,#1702,#1703,#1704,#1705,#1706,#1707),
  .UNSPECIFIED.,.F.,.F.,(8,6,6,6,6,6,8),(0.,0.215417804078,
    0.309291138075,0.555277357773,0.770993948879,0.86082155978,1.),
  .UNSPECIFIED.);
#1670 = CARTESIAN_POINT('',(100.,-185.,75.));
#1671 = CARTESIAN_POINT('',(100.,-183.1952736687,75.));
#1672 = CARTESIAN_POINT('',(99.891432116993,-181.3996305766,
    75.144757586553));
#1673 = CARTESIAN_POINT('',(99.676263420645,-179.6235520601,
    75.431646965231));
#1674 = CARTESIAN_POINT('',(99.35810733326,-177.8776543656,
    75.853111061114));
#1675 = CARTESIAN_POINT('',(98.942427860706,-176.1732046558,
    76.39661196468));
#1676 = CARTESIAN_POINT('',(98.437513271852,-174.5222738285,
    77.044989289295));
#1677 = CARTESIAN_POINT('',(97.602139781701,-172.2468945119,
    78.096020103464));
#1678 = CARTESIAN_POINT('',(97.33331285509,-171.5670128561,
    78.431755996078));
#1679 = CARTESIAN_POINT('',(97.049688891012,-170.8979445154,
    78.783120094475));
#1680 = CARTESIAN_POINT('',(96.75172623484,-170.2397818958,
    79.149040382014));
#1681 = CARTESIAN_POINT('',(96.439860538788,-169.5926180756,
    79.528482621123));
#1682 = CARTESIAN_POINT('',(96.114508376341,-168.956546866,
    79.920452118221));
#1683 = CARTESIAN_POINT('',(94.88922725026,-166.6942132892,
    81.381442837581));
#1684 = CARTESIAN_POINT('',(93.912230500007,-165.1330238002,
    82.518721756452));
#1685 = CARTESIAN_POINT('',(92.850845018095,-163.6474188228,
    83.7203632991));
#1686 = CARTESIAN_POINT('',(91.708948606371,-162.2368270515,
    84.973886733182));
#1687 = CARTESIAN_POINT('',(90.488742250664,-160.9010237391,
    86.269592150496));
#1688 = CARTESIAN_POINT('',(89.190762994817,-159.6405450333,
    87.599938951271));
#1689 = CARTESIAN_POINT('',(86.606991998247,-157.4197200682,
    90.150464689719));
#1690 = CARTESIAN_POINT('',(85.339571412966,-156.4417132507,
    91.363842466773));
#1691 = CARTESIAN_POINT('',(84.011905023767,-155.5250231683,
    92.594297955738));
#1692 = CARTESIAN_POINT('',(82.623574644809,-154.6722417658,
    93.837739672846));
#1693 = CARTESIAN_POINT('',(81.1739339776,-153.8869739768,
    95.090318002373));
#1694 = CARTESIAN_POINT('',(79.662358989127,-153.1739930689,
    96.348173998598));
#1695 = CARTESIAN_POINT('',(77.43322387302,-152.2751737754,
    98.131545436239));
#1696 = CARTESIAN_POINT('',(76.767114147639,-152.0245343136,
    98.656033045013));
#1697 = CARTESIAN_POINT('',(76.090290823939,-151.7879680912,
    99.180365028645));
#1698 = CARTESIAN_POINT('',(75.40281939024,-151.5659735457,
    99.70418895274));
#1699 = CARTESIAN_POINT('',(74.704784369044,-151.3590812371,
    100.22714699127));
#1700 = CARTESIAN_POINT('',(73.99629066216,-151.1678543753,
    100.74887702055));
#1701 = CARTESIAN_POINT('',(72.163719935425,-150.7217994307,
    102.07491084051));
#1702 = CARTESIAN_POINT('',(71.0245888996,-150.4896064908,
    102.87740453244));
#1703 = CARTESIAN_POINT('',(69.861382781899,-150.2988188935,
    103.67448763791));
#1704 = CARTESIAN_POINT('',(68.675573375726,-150.1519443126,
    104.46420785551));
#1705 = CARTESIAN_POINT('',(67.468809685851,-150.0514961576,
    105.24468161959));
#1706 = CARTESIAN_POINT('',(66.242934339929,-150.,106.01410798643));
#1707 = CARTESIAN_POINT('',(65.,-150.,106.77078252031));
#1708 = ORIENTED_EDGE('',*,*,#1709,.F.);
#1709 = EDGE_CURVE('',#1710,#1667,#1712,.T.);
#1710 = VERTEX_POINT('',#1711);
#1711 = CARTESIAN_POINT('',(65.,-148.0655602698,106.77078252031));
#1712 = B_SPLINE_CURVE_WITH_KNOTS('',8,(#1713,#1714,#1715,#1716,#1717,
    #1718,#1719,#1720,#1721,#1722,#1723,#1724,#1725,#1726,#1727,#1728,
    #1729,#1730,#1731,#1732,#1733,#1734,#1735,#1736,#1737,#1738,#1739,
    #1740,#1741,#1742,#1743,#1744,#1745,#1746,#1747,#1748,#1749,#1750,
    #1751,#1752,#1753,#1754,#1755,#1756,#1757,#1758,#1759,#1760,#1761,
    #1762,#1763,#1764,#1765,#1766,#1767,#1768,#1769,#1770),
  .UNSPECIFIED.,.F.,.F.,(9,7,7,7,7,7,7,7,9),(0.,0.133397195053,
    0.223170242408,0.32611131077,0.438278299901,0.548563893297,
    0.678183161396,0.773793273538,1.),.UNSPECIFIED.);
#1713 = CARTESIAN_POINT('',(65.,-148.0655602698,106.77078252031));
#1714 = CARTESIAN_POINT('',(66.053351992984,-148.1132141526,
    106.12952207501));
#1715 = CARTESIAN_POINT('',(67.093449847902,-148.1958109601,
    105.48005245326));
#1716 = CARTESIAN_POINT('',(68.118896922457,-148.3119274635,
    104.82354979208));
#1717 = CARTESIAN_POINT('',(69.128581367043,-148.4600929087,
    104.16113732597));
#1718 = CARTESIAN_POINT('',(70.121643179582,-148.6388412395,
    103.49387214283));
#1719 = CARTESIAN_POINT('',(71.097445566426,-148.8467540282,
    102.82273337793));
#1720 = CARTESIAN_POINT('',(72.05555060933,-149.0824941135,
    102.14861184588));
#1721 = CARTESIAN_POINT('',(73.628396255646,-149.5213755399,
    101.01716053858));
#1722 = CARTESIAN_POINT('',(74.252948512792,-149.7099628915,
    100.56103732932));
#1723 = CARTESIAN_POINT('',(74.869273660991,-149.9102149823,
    100.10417637596));
#1724 = CARTESIAN_POINT('',(75.477311373207,-150.1217724839,
    99.646813066912));
#1725 = CARTESIAN_POINT('',(76.077021710467,-150.3442951207,
    99.189172853915));
#1726 = CARTESIAN_POINT('',(76.668383488028,-150.5774630325,
    98.731470820156));
#1727 = CARTESIAN_POINT('',(77.251392641538,-150.820978138,
    98.273911248298));
#1728 = CARTESIAN_POINT('',(78.48502154685,-151.3653493633,
    97.292396941345));
#1729 = CARTESIAN_POINT('',(79.133003651502,-151.6693719172,
    96.768556791476));
#1730 = CARTESIAN_POINT('',(79.770025906886,-151.986218808,
    96.245457193213));
#1731 = CARTESIAN_POINT('',(80.396116824628,-152.3155074327,
    95.723383128071));
#1732 = CARTESIAN_POINT('',(81.011313570677,-152.6568875474,
    95.202614037509));
#1733 = CARTESIAN_POINT('',(81.615661107736,-153.0100418779,
    94.683423755634));
#1734 = CARTESIAN_POINT('',(82.209211337684,-153.3746867299,
    94.166080441894));
#1735 = CARTESIAN_POINT('',(83.427066601285,-154.1601466114,
    93.089435608158));
#1736 = CARTESIAN_POINT('',(84.049347018814,-154.5830584196,
    92.530540982467));
#1737 = CARTESIAN_POINT('',(84.658939656779,-155.0189851025,
    91.974501825489));
#1738 = CARTESIAN_POINT('',(85.255909453851,-155.467640588,
    91.421666909067));
#1739 = CARTESIAN_POINT('',(85.840311644356,-155.9287744606,
    90.872394466495));
#1740 = CARTESIAN_POINT('',(86.412192510755,-156.4021719193,
    90.327052608827));
#1741 = CARTESIAN_POINT('',(86.97158937141,-156.8876548874,
    89.786020279118));
#1742 = CARTESIAN_POINT('',(88.056296312233,-157.8741701936,
    88.722353188913));
#1743 = CARTESIAN_POINT('',(88.582008912933,-158.3747943604,
    88.199573679786));
#1744 = CARTESIAN_POINT('',(89.095695131418,-158.8868240292,
    87.681721401017));
#1745 = CARTESIAN_POINT('',(89.59735796727,-159.4101489457,
    87.169194203521));
#1746 = CARTESIAN_POINT('',(90.086978132126,-159.9446805505,
    86.662416911925));
#1747 = CARTESIAN_POINT('',(90.564515356477,-160.4903521162,
    86.161842146405));
#1748 = CARTESIAN_POINT('',(91.029908765091,-161.0471198184,
    85.667951659804));
#1749 = CARTESIAN_POINT('',(92.015686656914,-162.2823560175,
    84.609244662167));
#1750 = CARTESIAN_POINT('',(92.531385701854,-162.9650196292,
    84.047197596833));
#1751 = CARTESIAN_POINT('',(93.030053028274,-163.6629354975,
    83.495937014867));
#1752 = CARTESIAN_POINT('',(93.511491060562,-164.3760883436,
    82.956380497181));
#1753 = CARTESIAN_POINT('',(93.975433313357,-165.1044642576,
    82.429542384982));
#1754 = CARTESIAN_POINT('',(94.421549994061,-165.8480479018,
    81.916532598309));
#1755 = CARTESIAN_POINT('',(94.84945096964,-166.6068203459,
    81.418555072878));
#1756 = CARTESIAN_POINT('',(95.560547210339,-167.9516311586,
    80.581630398087));
#1757 = CARTESIAN_POINT('',(95.852241628596,-168.5307351571,
    80.235251742051));
#1758 = CARTESIAN_POINT('',(96.133586292327,-169.1180519223,
    79.898293192543));
#1759 = CARTESIAN_POINT('',(96.404370654514,-169.7135414156,
    79.571316855061));
#1760 = CARTESIAN_POINT('',(96.664359901109,-170.317138701,
    79.254920351916));
#1761 = CARTESIAN_POINT('',(96.913298243069,-170.9287507423,
    78.94973219124));
#1762 = CARTESIAN_POINT('',(97.150912280592,-171.548252462,
    78.656405748248));
#1763 = CARTESIAN_POINT('',(97.911619476554,-173.659462695,
    77.71127348353));
#1764 = CARTESIAN_POINT('',(98.381765992727,-175.1879229876,
    77.116540450982));
#1765 = CARTESIAN_POINT('',(98.782859303966,-176.7574572015,
    76.601118838509));
#1766 = CARTESIAN_POINT('',(99.110331795643,-178.3634114485,
    76.174884536809));
#1767 = CARTESIAN_POINT('',(99.359870116202,-179.9996711546,
    75.847148832436));
#1768 = CARTESIAN_POINT('',(99.527803041888,-181.6583655495,
    75.625628767247));
#1769 = CARTESIAN_POINT('',(99.611728153556,-183.3294169273,
    75.51492312293));
#1770 = CARTESIAN_POINT('',(99.611728153556,-185.,75.51492312293));
#1771 = ORIENTED_EDGE('',*,*,#1772,.F.);
#1772 = EDGE_CURVE('',#1773,#1710,#1775,.T.);
#1773 = VERTEX_POINT('',#1774);
#1774 = CARTESIAN_POINT('',(59.37171043519,-147.8255879584,110.));
#1775 = ELLIPSE('',#1776,125.34467465406,125.);
#1776 = AXIS2_PLACEMENT_3D('',#1777,#1778,#1779);
#1777 = CARTESIAN_POINT('',(0.,-156.,3.432E-14));
#1778 = DIRECTION('',(0.,0.997250185099,-7.41084901954E-02));
#1779 = DIRECTION('',(0.,7.41084901954E-02,0.997250185099));
#1780 = ORIENTED_EDGE('',*,*,#1781,.T.);
#1781 = EDGE_CURVE('',#1773,#1782,#1784,.T.);
#1782 = VERTEX_POINT('',#1783);
#1783 = CARTESIAN_POINT('',(59.37171043519,-146.4799141436,110.));
#1784 = LINE('',#1785,#1786);
#1785 = CARTESIAN_POINT('',(59.37171043519,0.,110.));
#1786 = VECTOR('',#1787,1.);
#1787 = DIRECTION('',(0.,1.,-2.2E-16));
#1788 = ORIENTED_EDGE('',*,*,#1789,.T.);
#1789 = EDGE_CURVE('',#1782,#1790,#1792,.T.);
#1790 = VERTEX_POINT('',#1791);
#1791 = CARTESIAN_POINT('',(0.,-145.825,125.));
#1792 = B_SPLINE_CURVE_WITH_KNOTS('',6,(#1793,#1794,#1795,#1796,#1797,
    #1798,#1799,#1800,#1801,#1802,#1803,#1804,#1805,#1806,#1807,#1808,
    #1809,#1810,#1811,#1812,#1813,#1814),.UNSPECIFIED.,.F.,.F.,(7,5,5,5,
    7),(0.,0.139914781564,0.309381260255,0.539999552241,1.),
  .UNSPECIFIED.);
#1793 = CARTESIAN_POINT('',(59.37171043519,-146.4799141436,110.));
#1794 = CARTESIAN_POINT('',(58.050994328605,-146.4487905697,
    110.71284703861));
#1795 = CARTESIAN_POINT('',(56.724448639756,-146.4186024557,
    111.40426852402));
#1796 = CARTESIAN_POINT('',(55.392364922337,-146.3893431535,
    112.07441672122));
#1797 = CARTESIAN_POINT('',(54.055022071558,-146.3610062885,
    112.72343763352));
#1798 = CARTESIAN_POINT('',(52.712686324147,-146.3335857595,
    113.35147100251));
#1799 = CARTESIAN_POINT('',(49.73401761699,-146.2749664798,
    114.69407323995));
#1800 = CARTESIAN_POINT('',(48.095472835284,-146.2441929891,
    115.398902057));
#1801 = CARTESIAN_POINT('',(46.450427122774,-146.2147449136,
    116.07337387372));
#1802 = CARTESIAN_POINT('',(44.799309978987,-146.1866125564,
    116.71771078823));
#1803 = CARTESIAN_POINT('',(43.142530193438,-146.159786876,
    117.33211988231));
#1804 = CARTESIAN_POINT('',(39.218670809939,-146.099520564,
    118.71244536379));
#1805 = CARTESIAN_POINT('',(36.947102930995,-146.0671860233,
    119.45302810258));
#1806 = CARTESIAN_POINT('',(34.666748031629,-146.0372346641,
    120.13902701037));
#1807 = CARTESIAN_POINT('',(32.378533708146,-146.0096477598,
    120.77087100045));
#1808 = CARTESIAN_POINT('',(30.08333980414,-145.9844089361,
    121.34893510015));
#1809 = CARTESIAN_POINT('',(23.191652453227,-145.9158170524,
    122.91994752195));
#1810 = CARTESIAN_POINT('',(18.576942005165,-145.8794167695,
    123.75365106785));
#1811 = CARTESIAN_POINT('',(13.944355950271,-145.8521893097,
    124.37726242312));
#1812 = CARTESIAN_POINT('',(9.300096019476,-145.834063331,
    124.79241559055));
#1813 = CARTESIAN_POINT('',(4.650093700948,-145.8250000045,
    124.99999989628));
#1814 = CARTESIAN_POINT('',(2.7880032718E-06,-145.825,125.));
#1815 = ORIENTED_EDGE('',*,*,#1816,.F.);
#1816 = EDGE_CURVE('',#1817,#1790,#1819,.T.);
#1817 = VERTEX_POINT('',#1818);
#1818 = CARTESIAN_POINT('',(-59.37171043519,-146.4799141436,110.));
#1819 = B_SPLINE_CURVE_WITH_KNOTS('',6,(#1820,#1821,#1822,#1823,#1824,
    #1825,#1826,#1827,#1828,#1829,#1830,#1831,#1832,#1833,#1834,#1835,
    #1836,#1837,#1838,#1839,#1840,#1841),.UNSPECIFIED.,.F.,.F.,(7,5,5,5,
    7),(0.,0.13991476851,0.309381231468,0.539999502193,1.),
  .UNSPECIFIED.);
#1820 = CARTESIAN_POINT('',(-59.37171043519,-146.4799141436,110.));
#1821 = CARTESIAN_POINT('',(-58.05099432833,-146.4487905697,
    110.71284703875));
#1822 = CARTESIAN_POINT('',(-56.72444863931,-146.4186024557,
    111.40426852425));
#1823 = CARTESIAN_POINT('',(-55.39236492184,-146.3893431535,
    112.07441672147));
#1824 = CARTESIAN_POINT('',(-54.05502207111,-146.3610062885,
    112.72343763372));
#1825 = CARTESIAN_POINT('',(-52.71268632387,-146.3335857595,
    113.35147100263));
#1826 = CARTESIAN_POINT('',(-49.73401761658,-146.2749664798,
    114.69407324013));
#1827 = CARTESIAN_POINT('',(-48.09547283462,-146.2441929891,
    115.39890205728));
#1828 = CARTESIAN_POINT('',(-46.45042712202,-146.2147449136,
    116.07337387402));
#1829 = CARTESIAN_POINT('',(-44.79930997832,-146.1866125564,
    116.71771078848));
#1830 = CARTESIAN_POINT('',(-43.14253019304,-146.159786876,
    117.33211988244));
#1831 = CARTESIAN_POINT('',(-39.21867080917,-146.0995205639,
    118.71244536406));
#1832 = CARTESIAN_POINT('',(-36.94710292972,-146.0671860233,
    119.45302810299));
#1833 = CARTESIAN_POINT('',(-34.66674803019,-146.0372346641,
    120.13902701078));
#1834 = CARTESIAN_POINT('',(-32.37853370689,-146.0096477597,
    120.77087100077));
#1835 = CARTESIAN_POINT('',(-30.0833398034,-145.9844089361,
    121.34893510031));
#1836 = CARTESIAN_POINT('',(-23.19165153246,-145.9158170433,
    122.91994773185));
#1837 = CARTESIAN_POINT('',(-18.57694015513,-145.8794167549,
    123.75365140202));
#1838 = CARTESIAN_POINT('',(-13.94435316651,-145.8521892934,
    124.37726279771));
#1839 = CARTESIAN_POINT('',(-9.300092301164,-145.8340633165,
    124.79241592275));
#1840 = CARTESIAN_POINT('',(-4.650089050796,-145.8249999954,
    125.00000010371));
#1841 = CARTESIAN_POINT('',(2.7880032718E-06,-145.825,125.));
#1842 = ORIENTED_EDGE('',*,*,#1843,.F.);
#1843 = EDGE_CURVE('',#1844,#1817,#1846,.T.);
#1844 = VERTEX_POINT('',#1845);
#1845 = CARTESIAN_POINT('',(-59.37171043519,-147.8255879584,110.));
#1846 = LINE('',#1847,#1848);
#1847 = CARTESIAN_POINT('',(-59.37171043519,0.,110.));
#1848 = VECTOR('',#1849,1.);
#1849 = DIRECTION('',(0.,1.,-2.2E-16));
#1850 = ORIENTED_EDGE('',*,*,#1851,.F.);
#1851 = EDGE_CURVE('',#1852,#1844,#1854,.T.);
#1852 = VERTEX_POINT('',#1853);
#1853 = CARTESIAN_POINT('',(-65.,-148.0655602698,106.77078252031));
#1854 = ELLIPSE('',#1855,125.34467465406,125.);
#1855 = AXIS2_PLACEMENT_3D('',#1856,#1857,#1858);
#1856 = CARTESIAN_POINT('',(0.,-156.,3.432E-14));
#1857 = DIRECTION('',(0.,0.997250185099,-7.41084901954E-02));
#1858 = DIRECTION('',(0.,7.41084901954E-02,0.997250185099));
#1859 = ORIENTED_EDGE('',*,*,#1860,.F.);
#1860 = EDGE_CURVE('',#1861,#1852,#1863,.T.);
#1861 = VERTEX_POINT('',#1862);
#1862 = CARTESIAN_POINT('',(-95.42584800796,-167.7006424117,
    80.739751874506));
#1863 = B_SPLINE_CURVE_WITH_KNOTS('',7,(#1864,#1865,#1866,#1867,#1868,
    #1869,#1870,#1871,#1872,#1873,#1874,#1875,#1876,#1877,#1878,#1879,
    #1880,#1881,#1882,#1883,#1884,#1885,#1886,#1887,#1888,#1889,#1890,
    #1891,#1892,#1893,#1894,#1895,#1896,#1897,#1898,#1899,#1900,#1901),
  .UNSPECIFIED.,.F.,.F.,(8,6,6,6,6,6,8),(0.,0.233380522739,0.32731953159
    ,0.561980457033,0.776906610578,0.86680676021,1.),.UNSPECIFIED.);
#1864 = CARTESIAN_POINT('',(-99.61172815355,-185.,75.51492312293));
#1865 = CARTESIAN_POINT('',(-99.61172815355,-183.0243017718,
    75.51492312293));
#1866 = CARTESIAN_POINT('',(-99.49189906999,-181.0525325526,
    75.672984960306));
#1867 = CARTESIAN_POINT('',(-99.25311461409,-179.1047645328,
    75.987982653157));
#1868 = CARTESIAN_POINT('',(-98.90091043248,-177.1953012726,
    76.449257586828));
#1869 = CARTESIAN_POINT('',(-98.44221359378,-175.3350431585,
    77.041393778165));
#1870 = CARTESIAN_POINT('',(-97.88488703623,-173.5325282929,
    77.747096134064));
#1871 = CARTESIAN_POINT('',(-96.97662171119,-171.0948542605,
    78.871458179144));
#1872 = CARTESIAN_POINT('',(-96.70118009918,-170.4052961903,
    79.209878115009));
#1873 = CARTESIAN_POINT('',(-96.41139079884,-169.7259987059,
    79.56302522807));
#1874 = CARTESIAN_POINT('',(-96.10765207773,-169.0571193342,
    79.929932191187));
#1875 = CARTESIAN_POINT('',(-95.79032638478,-168.3987623233,
    80.309682859644));
#1876 = CARTESIAN_POINT('',(-95.45973274745,-167.7509866814,
    80.701424100654));
#1877 = CARTESIAN_POINT('',(-94.25783772322,-165.5221487061,
    82.110961017669));
#1878 = CARTESIAN_POINT('',(-93.31875624624,-163.9972775562,
    83.187108619684));
#1879 = CARTESIAN_POINT('',(-92.30272897225,-162.5385927395,
    84.321105676921));
#1880 = CARTESIAN_POINT('',(-91.21239723796,-161.1461623266,
    85.503062645682));
#1881 = CARTESIAN_POINT('',(-90.04942119837,-159.8205002324,
    86.72471274618));
#1882 = CARTESIAN_POINT('',(-88.81437943954,-158.5625393106,
    87.979326342198));
#1883 = CARTESIAN_POINT('',(-86.30809556823,-156.2852307544,
    90.436318941483));
#1884 = CARTESIAN_POINT('',(-85.04917712336,-155.2552080583,
    91.633683076748));
#1885 = CARTESIAN_POINT('',(-83.72892269397,-154.2851250283,
    92.849698877935));
#1886 = CARTESIAN_POINT('',(-82.34664994277,-153.3775919827,
    94.080373184409));
#1887 = CARTESIAN_POINT('',(-80.90168181293,-152.5362813134,
    95.321737429358));
#1888 = CARTESIAN_POINT('',(-79.39336712516,-151.765890531,
    96.569821345699));
#1889 = CARTESIAN_POINT('',(-77.16328507739,-150.782220419,
    98.343956497087));
#1890 = CARTESIAN_POINT('',(-76.49443267045,-150.5055814335,
    98.867635717981));
#1891 = CARTESIAN_POINT('',(-75.81441105931,-150.2428517686,
    99.391451559166));
#1892 = CARTESIAN_POINT('',(-75.12323314955,-149.9945197773,
    99.915071264587));
#1893 = CARTESIAN_POINT('',(-74.42094741928,-149.7611166866,
    100.43814062764));
#1894 = CARTESIAN_POINT('',(-73.70764231189,-149.5432129305,
    100.96028515315));
#1895 = CARTESIAN_POINT('',(-71.91051096334,-149.0424362367,
    102.25275077039));
#1896 = CARTESIAN_POINT('',(-70.81371101925,-148.7788196843,
    103.02147033426));
#1897 = CARTESIAN_POINT('',(-69.69346529525,-148.5525269544,
    103.78600538396));
#1898 = CARTESIAN_POINT('',(-68.55054407143,-148.3657297838,
    104.54489813198));
#1899 = CARTESIAN_POINT('',(-67.38612643884,-148.2207450032,
    105.29652119033));
#1900 = CARTESIAN_POINT('',(-66.20187039422,-148.1199331587,
    106.03910692722));
#1901 = CARTESIAN_POINT('',(-65.,-148.0655602698,106.77078252031));
#1902 = ORIENTED_EDGE('',*,*,#1903,.T.);
#1903 = EDGE_CURVE('',#1861,#1421,#1904,.T.);
#1904 = B_SPLINE_CURVE_WITH_KNOTS('',7,(#1905,#1906,#1907,#1908,#1909,
    #1910,#1911,#1912,#1913,#1914,#1915,#1916,#1917,#1918,#1919,#1920,
    #1921,#1922,#1923,#1924,#1925,#1926,#1927,#1928,#1929,#1930,#1931,
    #1932,#1933,#1934,#1935,#1936,#1937,#1938,#1939,#1940,#1941,#1942),
  .UNSPECIFIED.,.F.,.F.,(8,6,6,6,6,6,8),(0.,0.138593148123,
    0.228027123168,0.442796070388,0.692004211891,0.785465727166,1.),
  .UNSPECIFIED.);
#1905 = CARTESIAN_POINT('',(-65.,-150.,106.77078252031));
#1906 = CARTESIAN_POINT('',(-66.23773486292,-150.,106.01727332808));
#1907 = CARTESIAN_POINT('',(-67.4586042469,-150.0510662473,
    105.25108767981));
#1908 = CARTESIAN_POINT('',(-68.66055847,-150.1506938456,104.47391905392
    ));
#1909 = CARTESIAN_POINT('',(-69.84175406432,-150.2963905431,
    103.68755853205));
#1910 = CARTESIAN_POINT('',(-71.00053780706,-150.4856704707,
    102.89388125147));
#1911 = CARTESIAN_POINT('',(-72.13543075163,-150.716047881,
    102.09483285753));
#1912 = CARTESIAN_POINT('',(-73.96118826644,-151.1586052626,
    100.77461739157));
#1913 = CARTESIAN_POINT('',(-74.66702844235,-151.3483189174,
    100.25522637284));
#1914 = CARTESIAN_POINT('',(-75.3625063544,-151.5535823561,
    99.73460409918));
#1915 = CARTESIAN_POINT('',(-76.04751702942,-151.7738386051,
    99.213108651087));
#1916 = CARTESIAN_POINT('',(-76.72197563028,-152.0085626917,
    98.691093913583));
#1917 = CARTESIAN_POINT('',(-77.38581613288,-152.2572611248,
    98.168908499525));
#1918 = CARTESIAN_POINT('',(-79.60753779985,-153.1491495218,
    96.393317831338));
#1919 = CARTESIAN_POINT('',(-81.11442249751,-153.8566885928,
    95.14085028342));
#1920 = CARTESIAN_POINT('',(-82.55990602183,-154.6360244498,
    93.893505184065));
#1921 = CARTESIAN_POINT('',(-83.94459620248,-155.4824172745,
    92.655096667225));
#1922 = CARTESIAN_POINT('',(-85.26912912494,-156.3922772208,
    91.429425286843));
#1923 = CARTESIAN_POINT('',(-86.53392368813,-157.3630132442,
    90.220522081566));
#1924 = CARTESIAN_POINT('',(-89.13733395088,-159.5879449023,
    87.654947970097));
#1925 = CARTESIAN_POINT('',(-90.45496072944,-160.8623744648,
    86.305966163436));
#1926 = CARTESIAN_POINT('',(-91.69279066006,-162.2141276403,
    84.992325868717));
#1927 = CARTESIAN_POINT('',(-92.85029372056,-163.6426335448,
    83.721827465044));
#1928 = CARTESIAN_POINT('',(-93.9251873773,-165.148125543,
    82.504539031348));
#1929 = CARTESIAN_POINT('',(-94.91342582896,-166.7311995163,
    81.35346184888));
#1930 = CARTESIAN_POINT('',(-96.14483437314,-169.0156230917,
    79.883942504159));
#1931 = CARTESIAN_POINT('',(-96.46770110012,-169.6497789053,
    79.494671336742));
#1932 = CARTESIAN_POINT('',(-96.77717457958,-170.2949285761,
    79.117879233128));
#1933 = CARTESIAN_POINT('',(-97.0728409431,-170.9509766229,
    78.754552037045));
#1934 = CARTESIAN_POINT('',(-97.35426800723,-171.6178283402,
    78.405713840581));
#1935 = CARTESIAN_POINT('',(-97.62100166237,-172.2953897387,
    78.072425224398));
#1936 = CARTESIAN_POINT('',(-98.45000175692,-174.5632306467,
    77.028948304669));
#1937 = CARTESIAN_POINT('',(-98.95098264984,-176.2083741541,
    76.385425800317));
#1938 = CARTESIAN_POINT('',(-99.36335318304,-177.906479855,
    75.846162139718));
#1939 = CARTESIAN_POINT('',(-99.678935242,-179.6455913427,
    75.428084582059));
#1940 = CARTESIAN_POINT('',(-99.89233704028,-181.4145435472,
    75.143551011903));
#1941 = CARTESIAN_POINT('',(-100.,-183.2028106964,75.));
#1942 = CARTESIAN_POINT('',(-100.,-185.,75.));
#1943 = CYLINDRICAL_SURFACE('',#1944,125.);
#1944 = AXIS2_PLACEMENT_3D('',#1945,#1946,#1947);
#1945 = CARTESIAN_POINT('',(0.,0.,0.));
#1946 = DIRECTION('',(0.,1.,-2.2E-16));
#1947 = DIRECTION('',(1.,0.,0.));
#1948 = ADVANCED_FACE('',(#1949),#1972,.F.);
#1949 = FACE_BOUND('',#1950,.F.);
#1950 = EDGE_LOOP('',(#1951,#1952,#1959,#1967));
#1951 = ORIENTED_EDGE('',*,*,#785,.F.);
#1952 = ORIENTED_EDGE('',*,*,#1953,.T.);
#1953 = EDGE_CURVE('',#786,#1954,#1956,.T.);
#1954 = VERTEX_POINT('',#1955);
#1955 = CARTESIAN_POINT('',(113.37631061341,-187.,180.));
#1956 = B_SPLINE_CURVE_WITH_KNOTS('',1,(#1957,#1958),.UNSPECIFIED.,.F.,
  .F.,(2,2),(0.,1.),.PIECEWISE_BEZIER_KNOTS.);
#1957 = CARTESIAN_POINT('',(100.,-187.,0.));
#1958 = CARTESIAN_POINT('',(113.37631061341,-187.,180.));
#1959 = ORIENTED_EDGE('',*,*,#1960,.T.);
#1960 = EDGE_CURVE('',#1954,#1961,#1963,.T.);
#1961 = VERTEX_POINT('',#1962);
#1962 = CARTESIAN_POINT('',(113.37631061341,-185.,180.));
#1963 = LINE('',#1964,#1965);
#1964 = CARTESIAN_POINT('',(113.37631061341,-187.,180.));
#1965 = VECTOR('',#1966,1.);
#1966 = DIRECTION('',(0.,1.,0.));
#1967 = ORIENTED_EDGE('',*,*,#1968,.F.);
#1968 = EDGE_CURVE('',#749,#1961,#1969,.T.);
#1969 = B_SPLINE_CURVE_WITH_KNOTS('',1,(#1970,#1971),.UNSPECIFIED.,.F.,
  .F.,(2,2),(0.,1.),.PIECEWISE_BEZIER_KNOTS.);
#1970 = CARTESIAN_POINT('',(100.,-185.,0.));
#1971 = CARTESIAN_POINT('',(113.37631061341,-185.,180.));
#1972 = PLANE('',#1973);
#1973 = AXIS2_PLACEMENT_3D('',#1974,#1975,#1976);
#1974 = CARTESIAN_POINT('',(113.37631061341,-187.,180.));
#1975 = DIRECTION('',(-0.997250185099,0.,7.41084901954E-02));
#1976 = DIRECTION('',(0.,-1.,0.));
#1977 = ADVANCED_FACE('',(#1978),#2018,.F.);
#1978 = FACE_BOUND('',#1979,.F.);
#1979 = EDGE_LOOP('',(#1980,#1990,#1998,#2005,#2013));
#1980 = ORIENTED_EDGE('',*,*,#1981,.F.);
#1981 = EDGE_CURVE('',#1982,#1984,#1986,.T.);
#1982 = VERTEX_POINT('',#1983);
#1983 = CARTESIAN_POINT('',(-3.111322684E-06,-225.2891045926,125.));
#1984 = VERTEX_POINT('',#1985);
#1985 = CARTESIAN_POINT('',(-65.,-225.2891045926,125.));
#1986 = LINE('',#1987,#1988);
#1987 = CARTESIAN_POINT('',(-7.105E-14,-225.2891045926,125.));
#1988 = VECTOR('',#1989,1.);
#1989 = DIRECTION('',(-1.,0.,0.));
#1990 = ORIENTED_EDGE('',*,*,#1991,.F.);
#1991 = EDGE_CURVE('',#1992,#1982,#1994,.T.);
#1992 = VERTEX_POINT('',#1993);
#1993 = CARTESIAN_POINT('',(65.,-225.2891045926,125.));
#1994 = LINE('',#1995,#1996);
#1995 = CARTESIAN_POINT('',(-7.105E-14,-225.2891045926,125.));
#1996 = VECTOR('',#1997,1.);
#1997 = DIRECTION('',(-1.,0.,0.));
#1998 = ORIENTED_EDGE('',*,*,#1999,.T.);
#1999 = EDGE_CURVE('',#1992,#2000,#2002,.T.);
#2000 = VERTEX_POINT('',#2001);
#2001 = CARTESIAN_POINT('',(65.,-229.3763106134,180.));
#2002 = B_SPLINE_CURVE_WITH_KNOTS('',1,(#2003,#2004),.UNSPECIFIED.,.F.,
  .F.,(2,2),(0.,1.),.PIECEWISE_BEZIER_KNOTS.);
#2003 = CARTESIAN_POINT('',(65.,-216.,0.));
#2004 = CARTESIAN_POINT('',(65.,-229.3763106134,180.));
#2005 = ORIENTED_EDGE('',*,*,#2006,.T.);
#2006 = EDGE_CURVE('',#2000,#2007,#2009,.T.);
#2007 = VERTEX_POINT('',#2008);
#2008 = CARTESIAN_POINT('',(-65.,-229.3763106134,180.));
#2009 = LINE('',#2010,#2011);
#2010 = CARTESIAN_POINT('',(65.,-229.3763106134,180.));
#2011 = VECTOR('',#2012,1.);
#2012 = DIRECTION('',(-1.,0.,0.));
#2013 = ORIENTED_EDGE('',*,*,#2014,.F.);
#2014 = EDGE_CURVE('',#1984,#2007,#2015,.T.);
#2015 = B_SPLINE_CURVE_WITH_KNOTS('',1,(#2016,#2017),.UNSPECIFIED.,.F.,
  .F.,(2,2),(0.,1.),.PIECEWISE_BEZIER_KNOTS.);
#2016 = CARTESIAN_POINT('',(-65.,-216.,0.));
#2017 = CARTESIAN_POINT('',(-65.,-229.3763106134,180.));
#2018 = PLANE('',#2019);
#2019 = AXIS2_PLACEMENT_3D('',#2020,#2021,#2022);
#2020 = CARTESIAN_POINT('',(65.,-229.3763106134,180.));
#2021 = DIRECTION('',(-0.,-0.997250185099,-7.41084901954E-02));
#2022 = DIRECTION('',(1.,0.,0.));
#2023 = ADVANCED_FACE('',(#2024),#2050,.F.);
#2024 = FACE_BOUND('',#2025,.F.);
#2025 = EDGE_LOOP('',(#2026,#2035,#2042,#2043));
#2026 = ORIENTED_EDGE('',*,*,#2027,.F.);
#2027 = EDGE_CURVE('',#2028,#2030,#2032,.T.);
#2028 = VERTEX_POINT('',#2029);
#2029 = CARTESIAN_POINT('',(-103.2891045926,-187.,125.));
#2030 = VERTEX_POINT('',#2031);
#2031 = CARTESIAN_POINT('',(-107.3763106134,-187.,180.));
#2032 = B_SPLINE_CURVE_WITH_KNOTS('',1,(#2033,#2034),.UNSPECIFIED.,.F.,
  .F.,(2,2),(0.,1.),.PIECEWISE_BEZIER_KNOTS.);
#2033 = CARTESIAN_POINT('',(-94.,-187.,0.));
#2034 = CARTESIAN_POINT('',(-107.3763106134,-187.,180.));
#2035 = ORIENTED_EDGE('',*,*,#2036,.T.);
#2036 = EDGE_CURVE('',#2028,#1984,#2037,.T.);
#2037 = CIRCLE('',#2038,38.289104592646);
#2038 = AXIS2_PLACEMENT_3D('',#2039,#2040,#2041);
#2039 = CARTESIAN_POINT('',(-65.,-187.,125.));
#2040 = DIRECTION('',(0.,0.,1.));
#2041 = DIRECTION('',(1.,0.,0.));
#2042 = ORIENTED_EDGE('',*,*,#2014,.T.);
#2043 = ORIENTED_EDGE('',*,*,#2044,.F.);
#2044 = EDGE_CURVE('',#2030,#2007,#2045,.T.);
#2045 = CIRCLE('',#2046,42.37631061341);
#2046 = AXIS2_PLACEMENT_3D('',#2047,#2048,#2049);
#2047 = CARTESIAN_POINT('',(-65.,-187.,180.));
#2048 = DIRECTION('',(0.,0.,1.));
#2049 = DIRECTION('',(1.,0.,0.));
#2050 = CONICAL_SURFACE('',#2051,29.,7.417649320976E-02);
#2051 = AXIS2_PLACEMENT_3D('',#2052,#2053,#2054);
#2052 = CARTESIAN_POINT('',(-65.,-187.,0.));
#2053 = DIRECTION('',(0.,0.,1.));
#2054 = DIRECTION('',(1.,0.,0.));
#2055 = ADVANCED_FACE('',(#2056),#2080,.F.);
#2056 = FACE_BOUND('',#2057,.F.);
#2057 = EDGE_LOOP('',(#2058,#2066,#2067,#2075));
#2058 = ORIENTED_EDGE('',*,*,#2059,.F.);
#2059 = EDGE_CURVE('',#2028,#2060,#2062,.T.);
#2060 = VERTEX_POINT('',#2061);
#2061 = CARTESIAN_POINT('',(-103.2891045926,-185.,125.));
#2062 = LINE('',#2063,#2064);
#2063 = CARTESIAN_POINT('',(-103.2891045926,-186.,125.));
#2064 = VECTOR('',#2065,1.);
#2065 = DIRECTION('',(0.,1.,0.));
#2066 = ORIENTED_EDGE('',*,*,#2027,.T.);
#2067 = ORIENTED_EDGE('',*,*,#2068,.T.);
#2068 = EDGE_CURVE('',#2030,#2069,#2071,.T.);
#2069 = VERTEX_POINT('',#2070);
#2070 = CARTESIAN_POINT('',(-107.3763106134,-185.,180.));
#2071 = LINE('',#2072,#2073);
#2072 = CARTESIAN_POINT('',(-107.3763106134,-187.,180.));
#2073 = VECTOR('',#2074,1.);
#2074 = DIRECTION('',(0.,1.,0.));
#2075 = ORIENTED_EDGE('',*,*,#2076,.F.);
#2076 = EDGE_CURVE('',#2060,#2069,#2077,.T.);
#2077 = B_SPLINE_CURVE_WITH_KNOTS('',1,(#2078,#2079),.UNSPECIFIED.,.F.,
  .F.,(2,2),(0.,1.),.PIECEWISE_BEZIER_KNOTS.);
#2078 = CARTESIAN_POINT('',(-94.,-185.,0.));
#2079 = CARTESIAN_POINT('',(-107.3763106134,-185.,180.));
#2080 = PLANE('',#2081);
#2081 = AXIS2_PLACEMENT_3D('',#2082,#2083,#2084);
#2082 = CARTESIAN_POINT('',(-107.3763106134,-187.,180.));
#2083 = DIRECTION('',(-0.997250185099,0.,-7.41084901954E-02));
#2084 = DIRECTION('',(0.,-1.,0.));
#2085 = ADVANCED_FACE('',(#2086),#2112,.F.);
#2086 = FACE_BOUND('',#2087,.F.);
#2087 = EDGE_LOOP('',(#2088,#2097,#2104,#2105));
#2088 = ORIENTED_EDGE('',*,*,#2089,.F.);
#2089 = EDGE_CURVE('',#2090,#2092,#2094,.T.);
#2090 = VERTEX_POINT('',#2091);
#2091 = CARTESIAN_POINT('',(-65.,-146.7108954073,125.));
#2092 = VERTEX_POINT('',#2093);
#2093 = CARTESIAN_POINT('',(-65.,-142.6236893865,180.));
#2094 = B_SPLINE_CURVE_WITH_KNOTS('',1,(#2095,#2096),.UNSPECIFIED.,.F.,
  .F.,(2,2),(0.,1.),.PIECEWISE_BEZIER_KNOTS.);
#2095 = CARTESIAN_POINT('',(-65.,-156.,0.));
#2096 = CARTESIAN_POINT('',(-65.,-142.6236893865,180.));
#2097 = ORIENTED_EDGE('',*,*,#2098,.T.);
#2098 = EDGE_CURVE('',#2090,#2060,#2099,.T.);
#2099 = CIRCLE('',#2100,38.289104592646);
#2100 = AXIS2_PLACEMENT_3D('',#2101,#2102,#2103);
#2101 = CARTESIAN_POINT('',(-65.,-185.,125.));
#2102 = DIRECTION('',(0.,0.,1.));
#2103 = DIRECTION('',(1.,0.,0.));
#2104 = ORIENTED_EDGE('',*,*,#2076,.T.);
#2105 = ORIENTED_EDGE('',*,*,#2106,.F.);
#2106 = EDGE_CURVE('',#2092,#2069,#2107,.T.);
#2107 = CIRCLE('',#2108,42.37631061341);
#2108 = AXIS2_PLACEMENT_3D('',#2109,#2110,#2111);
#2109 = CARTESIAN_POINT('',(-65.,-185.,180.));
#2110 = DIRECTION('',(0.,0.,1.));
#2111 = DIRECTION('',(1.,0.,0.));
#2112 = CONICAL_SURFACE('',#2113,29.,7.417649320976E-02);
#2113 = AXIS2_PLACEMENT_3D('',#2114,#2115,#2116);
#2114 = CARTESIAN_POINT('',(-65.,-185.,0.));
#2115 = DIRECTION('',(0.,0.,1.));
#2116 = DIRECTION('',(1.,0.,0.));
#2117 = ADVANCED_FACE('',(#2118),#2150,.F.);
#2118 = FACE_BOUND('',#2119,.F.);
#2119 = EDGE_LOOP('',(#2120,#2130,#2136,#2137,#2145));
#2120 = ORIENTED_EDGE('',*,*,#2121,.F.);
#2121 = EDGE_CURVE('',#2122,#2124,#2126,.T.);
#2122 = VERTEX_POINT('',#2123);
#2123 = CARTESIAN_POINT('',(2.933879664E-06,-146.7108954073,125.));
#2124 = VERTEX_POINT('',#2125);
#2125 = CARTESIAN_POINT('',(65.,-146.7108954073,125.));
#2126 = LINE('',#2127,#2128);
#2127 = CARTESIAN_POINT('',(-65.,-146.7108954073,125.));
#2128 = VECTOR('',#2129,1.);
#2129 = DIRECTION('',(1.,0.,0.));
#2130 = ORIENTED_EDGE('',*,*,#2131,.F.);
#2131 = EDGE_CURVE('',#2090,#2122,#2132,.T.);
#2132 = LINE('',#2133,#2134);
#2133 = CARTESIAN_POINT('',(-65.,-146.7108954073,125.));
#2134 = VECTOR('',#2135,1.);
#2135 = DIRECTION('',(1.,0.,0.));
#2136 = ORIENTED_EDGE('',*,*,#2089,.T.);
#2137 = ORIENTED_EDGE('',*,*,#2138,.T.);
#2138 = EDGE_CURVE('',#2092,#2139,#2141,.T.);
#2139 = VERTEX_POINT('',#2140);
#2140 = CARTESIAN_POINT('',(65.,-142.6236893865,180.));
#2141 = LINE('',#2142,#2143);
#2142 = CARTESIAN_POINT('',(-65.,-142.6236893865,180.));
#2143 = VECTOR('',#2144,1.);
#2144 = DIRECTION('',(1.,0.,0.));
#2145 = ORIENTED_EDGE('',*,*,#2146,.F.);
#2146 = EDGE_CURVE('',#2124,#2139,#2147,.T.);
#2147 = B_SPLINE_CURVE_WITH_KNOTS('',1,(#2148,#2149),.UNSPECIFIED.,.F.,
  .F.,(2,2),(0.,1.),.PIECEWISE_BEZIER_KNOTS.);
#2148 = CARTESIAN_POINT('',(65.,-156.,0.));
#2149 = CARTESIAN_POINT('',(65.,-142.6236893865,180.));
#2150 = PLANE('',#2151);
#2151 = AXIS2_PLACEMENT_3D('',#2152,#2153,#2154);
#2152 = CARTESIAN_POINT('',(-65.,-142.6236893865,180.));
#2153 = DIRECTION('',(0.,0.997250185099,-7.41084901954E-02));
#2154 = DIRECTION('',(-1.,0.,0.));
#2155 = ADVANCED_FACE('',(#2156),#2182,.F.);
#2156 = FACE_BOUND('',#2157,.F.);
#2157 = EDGE_LOOP('',(#2158,#2167,#2174,#2175));
#2158 = ORIENTED_EDGE('',*,*,#2159,.F.);
#2159 = EDGE_CURVE('',#2160,#2162,#2164,.T.);
#2160 = VERTEX_POINT('',#2161);
#2161 = CARTESIAN_POINT('',(103.28910459264,-185.,125.));
#2162 = VERTEX_POINT('',#2163);
#2163 = CARTESIAN_POINT('',(107.37631061341,-185.,180.));
#2164 = B_SPLINE_CURVE_WITH_KNOTS('',1,(#2165,#2166),.UNSPECIFIED.,.F.,
  .F.,(2,2),(0.,1.),.PIECEWISE_BEZIER_KNOTS.);
#2165 = CARTESIAN_POINT('',(94.,-185.,0.));
#2166 = CARTESIAN_POINT('',(107.37631061341,-185.,180.));
#2167 = ORIENTED_EDGE('',*,*,#2168,.T.);
#2168 = EDGE_CURVE('',#2160,#2124,#2169,.T.);
#2169 = CIRCLE('',#2170,38.289104592646);
#2170 = AXIS2_PLACEMENT_3D('',#2171,#2172,#2173);
#2171 = CARTESIAN_POINT('',(65.,-185.,125.));
#2172 = DIRECTION('',(0.,0.,1.));
#2173 = DIRECTION('',(1.,0.,0.));
#2174 = ORIENTED_EDGE('',*,*,#2146,.T.);
#2175 = ORIENTED_EDGE('',*,*,#2176,.F.);
#2176 = EDGE_CURVE('',#2162,#2139,#2177,.T.);
#2177 = CIRCLE('',#2178,42.37631061341);
#2178 = AXIS2_PLACEMENT_3D('',#2179,#2180,#2181);
#2179 = CARTESIAN_POINT('',(65.,-185.,180.));
#2180 = DIRECTION('',(0.,0.,1.));
#2181 = DIRECTION('',(1.,0.,0.));
#2182 = CONICAL_SURFACE('',#2183,29.,7.417649320976E-02);
#2183 = AXIS2_PLACEMENT_3D('',#2184,#2185,#2186);
#2184 = CARTESIAN_POINT('',(65.,-185.,0.));
#2185 = DIRECTION('',(0.,0.,1.));
#2186 = DIRECTION('',(1.,0.,0.));
#2187 = ADVANCED_FACE('',(#2188),#2212,.F.);
#2188 = FACE_BOUND('',#2189,.F.);
#2189 = EDGE_LOOP('',(#2190,#2199,#2205,#2206));
#2190 = ORIENTED_EDGE('',*,*,#2191,.F.);
#2191 = EDGE_CURVE('',#2192,#2194,#2196,.T.);
#2192 = VERTEX_POINT('',#2193);
#2193 = CARTESIAN_POINT('',(103.28910459264,-187.,125.));
#2194 = VERTEX_POINT('',#2195);
#2195 = CARTESIAN_POINT('',(107.37631061341,-187.,180.));
#2196 = B_SPLINE_CURVE_WITH_KNOTS('',1,(#2197,#2198),.UNSPECIFIED.,.F.,
  .F.,(2,2),(0.,1.),.PIECEWISE_BEZIER_KNOTS.);
#2197 = CARTESIAN_POINT('',(94.,-187.,0.));
#2198 = CARTESIAN_POINT('',(107.37631061341,-187.,180.));
#2199 = ORIENTED_EDGE('',*,*,#2200,.F.);
#2200 = EDGE_CURVE('',#2160,#2192,#2201,.T.);
#2201 = LINE('',#2202,#2203);
#2202 = CARTESIAN_POINT('',(103.28910459264,-186.,125.));
#2203 = VECTOR('',#2204,1.);
#2204 = DIRECTION('',(0.,-1.,0.));
#2205 = ORIENTED_EDGE('',*,*,#2159,.T.);
#2206 = ORIENTED_EDGE('',*,*,#2207,.F.);
#2207 = EDGE_CURVE('',#2194,#2162,#2208,.T.);
#2208 = LINE('',#2209,#2210);
#2209 = CARTESIAN_POINT('',(107.37631061341,-187.,180.));
#2210 = VECTOR('',#2211,1.);
#2211 = DIRECTION('',(0.,1.,0.));
#2212 = PLANE('',#2213);
#2213 = AXIS2_PLACEMENT_3D('',#2214,#2215,#2216);
#2214 = CARTESIAN_POINT('',(107.37631061341,-187.,180.));
#2215 = DIRECTION('',(0.997250185099,0.,-7.41084901954E-02));
#2216 = DIRECTION('',(0.,1.,0.));
#2217 = ADVANCED_FACE('',(#2218),#2236,.F.);
#2218 = FACE_BOUND('',#2219,.F.);
#2219 = EDGE_LOOP('',(#2220,#2221,#2228,#2229));
#2220 = ORIENTED_EDGE('',*,*,#1999,.F.);
#2221 = ORIENTED_EDGE('',*,*,#2222,.T.);
#2222 = EDGE_CURVE('',#1992,#2192,#2223,.T.);
#2223 = CIRCLE('',#2224,38.289104592646);
#2224 = AXIS2_PLACEMENT_3D('',#2225,#2226,#2227);
#2225 = CARTESIAN_POINT('',(65.,-187.,125.));
#2226 = DIRECTION('',(0.,0.,1.));
#2227 = DIRECTION('',(1.,0.,0.));
#2228 = ORIENTED_EDGE('',*,*,#2191,.T.);
#2229 = ORIENTED_EDGE('',*,*,#2230,.F.);
#2230 = EDGE_CURVE('',#2000,#2194,#2231,.T.);
#2231 = CIRCLE('',#2232,42.37631061341);
#2232 = AXIS2_PLACEMENT_3D('',#2233,#2234,#2235);
#2233 = CARTESIAN_POINT('',(65.,-187.,180.));
#2234 = DIRECTION('',(0.,0.,1.));
#2235 = DIRECTION('',(1.,0.,0.));
#2236 = CONICAL_SURFACE('',#2237,29.,7.417649320976E-02);
#2237 = AXIS2_PLACEMENT_3D('',#2238,#2239,#2240);
#2238 = CARTESIAN_POINT('',(65.,-187.,0.));
#2239 = DIRECTION('',(0.,0.,1.));
#2240 = DIRECTION('',(1.,0.,0.));
#2241 = ADVANCED_FACE('',(#2242),#2267,.F.);
#2242 = FACE_BOUND('',#2243,.F.);
#2243 = EDGE_LOOP('',(#2244,#2254,#2260,#2261));
#2244 = ORIENTED_EDGE('',*,*,#2245,.T.);
#2245 = EDGE_CURVE('',#2246,#2248,#2250,.T.);
#2246 = VERTEX_POINT('',#2247);
#2247 = CARTESIAN_POINT('',(-100.,-187.,68.124885321004));
#2248 = VERTEX_POINT('',#2249);
#2249 = CARTESIAN_POINT('',(-100.,-185.,68.124885321004));
#2250 = LINE('',#2251,#2252);
#2251 = CARTESIAN_POINT('',(-100.,1.513E-14,68.124885321004));
#2252 = VECTOR('',#2253,1.);
#2253 = DIRECTION('',(0.,1.,-2.2E-16));
#2254 = ORIENTED_EDGE('',*,*,#2255,.T.);
#2255 = EDGE_CURVE('',#2248,#1421,#2256,.T.);
#2256 = LINE('',#2257,#2258);
#2257 = CARTESIAN_POINT('',(-100.,-185.,0.));
#2258 = VECTOR('',#2259,1.);
#2259 = DIRECTION('',(0.,0.,1.));
#2260 = ORIENTED_EDGE('',*,*,#1418,.F.);
#2261 = ORIENTED_EDGE('',*,*,#2262,.F.);
#2262 = EDGE_CURVE('',#2246,#1419,#2263,.T.);
#2263 = LINE('',#2264,#2265);
#2264 = CARTESIAN_POINT('',(-100.,-187.,0.));
#2265 = VECTOR('',#2266,1.);
#2266 = DIRECTION('',(0.,0.,1.));
#2267 = PLANE('',#2268);
#2268 = AXIS2_PLACEMENT_3D('',#2269,#2270,#2271);
#2269 = CARTESIAN_POINT('',(-100.,-185.,0.));
#2270 = DIRECTION('',(1.,0.,0.));
#2271 = DIRECTION('',(0.,-1.,0.));
#2272 = ADVANCED_FACE('',(#2273),#2339,.T.);
#2273 = FACE_BOUND('',#2274,.F.);
#2274 = EDGE_LOOP('',(#2275,#2318,#2337,#2338));
#2275 = ORIENTED_EDGE('',*,*,#2276,.F.);
#2276 = EDGE_CURVE('',#2277,#2248,#2279,.T.);
#2277 = VERTEX_POINT('',#2278);
#2278 = CARTESIAN_POINT('',(-90.12265229634,-160.6309142178,
    80.739751930299));
#2279 = B_SPLINE_CURVE_WITH_KNOTS('',7,(#2280,#2281,#2282,#2283,#2284,
    #2285,#2286,#2287,#2288,#2289,#2290,#2291,#2292,#2293,#2294,#2295,
    #2296,#2297,#2298,#2299,#2300,#2301,#2302,#2303,#2304,#2305,#2306,
    #2307,#2308,#2309,#2310,#2311,#2312,#2313,#2314,#2315,#2316,#2317),
  .UNSPECIFIED.,.F.,.F.,(8,6,6,6,6,6,8),(0.,0.138639650844,0.22844376291
    ,0.444752626261,0.703807838529,0.796770707236,1.),.UNSPECIFIED.);
#2280 = CARTESIAN_POINT('',(-65.,-150.,102.05880657738));
#2281 = CARTESIAN_POINT('',(-66.24119045707,-150.,101.26830762471));
#2282 = CARTESIAN_POINT('',(-67.4641521755,-150.0513515909,
    100.46466433658));
#2283 = CARTESIAN_POINT('',(-68.66694864612,-150.1513406273,
    99.64961408033));
#2284 = CARTESIAN_POINT('',(-69.84786452799,-150.2973042684,
    98.824980026906));
#2285 = CARTESIAN_POINT('',(-71.00538752952,-150.486623688,
    97.992656685097));
#2286 = CARTESIAN_POINT('',(-72.13819028959,-150.7167167836,
    97.154595435671));
#2287 = CARTESIAN_POINT('',(-73.96212318561,-151.1588318839,
    95.767508947675));
#2288 = CARTESIAN_POINT('',(-74.66853430543,-151.3487325764,
    95.220459706174));
#2289 = CARTESIAN_POINT('',(-75.36424985588,-151.5541171438,
    94.672004609984));
#2290 = CARTESIAN_POINT('',(-76.04919633438,-151.7744070824,
    94.122500663747));
#2291 = CARTESIAN_POINT('',(-76.72332105968,-152.0090606116,
    93.572298487732));
#2292 = CARTESIAN_POINT('',(-77.38659073372,-152.2575720808,
    93.021741197724));
#2293 = CARTESIAN_POINT('',(-79.610407405,-153.1503014966,
    91.145000375887));
#2294 = CARTESIAN_POINT('',(-81.11861238849,-153.8587465831,
    89.818840143126));
#2295 = CARTESIAN_POINT('',(-82.56422551981,-154.6385392212,
    88.496673602378));
#2296 = CARTESIAN_POINT('',(-83.94823204616,-155.4848700852,
    87.182228771772));
#2297 = CARTESIAN_POINT('',(-85.27162161644,-156.3941885692,
    85.879199271729));
#2298 = CARTESIAN_POINT('',(-86.53511936631,-157.3640350971,
    84.591544958676));
#2299 = CARTESIAN_POINT('',(-89.18080652609,-159.6250975211,
    81.8056687996));
#2300 = CARTESIAN_POINT('',(-90.53591944924,-160.940931642,
    80.317373026037));
#2301 = CARTESIAN_POINT('',(-91.80683343856,-162.3390705257,
    78.864944957379));
#2302 = CARTESIAN_POINT('',(-92.99383590525,-163.8202517136,
    77.456501972152));
#2303 = CARTESIAN_POINT('',(-94.09452272645,-165.3861315844,
    76.103709898378));
#2304 = CARTESIAN_POINT('',(-95.10394961957,-167.038603562,
    74.822971685059));
#2305 = CARTESIAN_POINT('',(-96.34114378861,-169.4041761326,
    73.209782513464));
#2306 = CARTESIAN_POINT('',(-96.65523867545,-170.040487925,
    72.79566468389));
#2307 = CARTESIAN_POINT('',(-96.95628016877,-170.6883972341,
    72.394524213156));
#2308 = CARTESIAN_POINT('',(-97.24381672256,-171.3479017358,
    72.00750670061));
#2309 = CARTESIAN_POINT('',(-97.51736506489,-172.0189976372,
    71.635826441449));
#2310 = CARTESIAN_POINT('',(-97.77640677061,-172.7016796549,
    71.280764852827));
#2311 = CARTESIAN_POINT('',(-98.55375358622,-174.913689348,
    70.206731958885));
#2312 = CARTESIAN_POINT('',(-99.01912277997,-176.4981387689,
    69.550138997906));
#2313 = CARTESIAN_POINT('',(-99.40366069148,-178.1362951306,
    68.997267544869));
#2314 = CARTESIAN_POINT('',(-99.69878311405,-179.8161225675,
    68.567036953091));
#2315 = CARTESIAN_POINT('',(-99.89883978979,-181.5266912324,
    68.273378152793));
#2316 = CARTESIAN_POINT('',(-100.,-183.2579294735,68.124885321004));
#2317 = CARTESIAN_POINT('',(-100.,-185.,68.124885321004));
#2318 = ORIENTED_EDGE('',*,*,#2319,.T.);
#2319 = EDGE_CURVE('',#2277,#1861,#2320,.T.);
#2320 = B_SPLINE_CURVE_WITH_KNOTS('',8,(#2321,#2322,#2323,#2324,#2325,
    #2326,#2327,#2328,#2329,#2330,#2331,#2332,#2333,#2334,#2335,#2336),
  .UNSPECIFIED.,.F.,.F.,(9,7,9),(0.,0.502008142433,1.),.UNSPECIFIED.);
#2321 = CARTESIAN_POINT('',(-65.,-150.,80.739751880259));
#2322 = CARTESIAN_POINT('',(-68.44907707265,-150.,80.739751880259));
#2323 = CARTESIAN_POINT('',(-71.90043417098,-150.3884456833,
    80.739751880244));
#2324 = CARTESIAN_POINT('',(-75.29947227491,-151.1662304796,
    80.739751880282));
#2325 = CARTESIAN_POINT('',(-78.59532238338,-152.3239891277,
    80.739751880232));
#2326 = CARTESIAN_POINT('',(-81.73971013423,-153.8457836927,
    80.73975188027));
#2327 = CARTESIAN_POINT('',(-84.68730299696,-155.7086056209,
    80.739751880253));
#2328 = CARTESIAN_POINT('',(-87.39560179019,-157.8829730038,
    80.739751880257));
#2329 = CARTESIAN_POINT('',(-92.23845793667,-162.7565075857,
    80.739751880256));
#2330 = CARTESIAN_POINT('',(-94.38055780515,-165.4544824196,
    80.739751880257));
#2331 = CARTESIAN_POINT('',(-96.21492295667,-168.3862866486,
    80.739751880254));
#2332 = CARTESIAN_POINT('',(-97.71296196005,-171.5103122668,
    80.739751880261));
#2333 = CARTESIAN_POINT('',(-98.85238316615,-174.7822193936,
    80.739751880252));
#2334 = CARTESIAN_POINT('',(-99.61774495824,-178.1548434298,
    80.739751880258));
#2335 = CARTESIAN_POINT('',(-100.,-181.5785170625,80.739751880256));
#2336 = CARTESIAN_POINT('',(-100.,-185.,80.739751880256));
#2337 = ORIENTED_EDGE('',*,*,#1903,.T.);
#2338 = ORIENTED_EDGE('',*,*,#2255,.F.);
#2339 = CYLINDRICAL_SURFACE('',#2340,35.);
#2340 = AXIS2_PLACEMENT_3D('',#2341,#2342,#2343);
#2341 = CARTESIAN_POINT('',(-65.,-185.,0.));
#2342 = DIRECTION('',(-0.,-0.,-1.));
#2343 = DIRECTION('',(1.,0.,0.));
#2344 = ADVANCED_FACE('',(#2345),#2405,.F.);
#2345 = FACE_BOUND('',#2346,.F.);
#2346 = EDGE_LOOP('',(#2347,#2354,#2355,#2356,#2391,#2398));
#2347 = ORIENTED_EDGE('',*,*,#2348,.F.);
#2348 = EDGE_CURVE('',#1852,#2349,#2351,.T.);
#2349 = VERTEX_POINT('',#2350);
#2350 = CARTESIAN_POINT('',(-65.,-147.8255879584,110.));
#2351 = B_SPLINE_CURVE_WITH_KNOTS('',1,(#2352,#2353),.UNSPECIFIED.,.F.,
  .F.,(2,2),(0.,1.),.PIECEWISE_BEZIER_KNOTS.);
#2352 = CARTESIAN_POINT('',(-65.,-156.,0.));
#2353 = CARTESIAN_POINT('',(-65.,-142.6236893865,180.));
#2354 = ORIENTED_EDGE('',*,*,#1860,.F.);
#2355 = ORIENTED_EDGE('',*,*,#2319,.F.);
#2356 = ORIENTED_EDGE('',*,*,#2357,.F.);
#2357 = EDGE_CURVE('',#2358,#2277,#2360,.T.);
#2358 = VERTEX_POINT('',#2359);
#2359 = CARTESIAN_POINT('',(-99.15366402718,-185.,69.350925804813));
#2360 = B_SPLINE_CURVE_WITH_KNOTS('',8,(#2361,#2362,#2363,#2364,#2365,
    #2366,#2367,#2368,#2369,#2370,#2371,#2372,#2373,#2374,#2375,#2376,
    #2377,#2378,#2379,#2380,#2381,#2382,#2383,#2384,#2385,#2386,#2387,
    #2388,#2389,#2390),.UNSPECIFIED.,.F.,.F.,(9,7,7,7,9),(0.,
    0.264454159663,0.374326583084,0.664318351124,1.),.UNSPECIFIED.);
#2361 = CARTESIAN_POINT('',(-99.15366402718,-185.,69.350925804813));
#2362 = CARTESIAN_POINT('',(-99.15366402718,-183.3268142323,
    69.350925804813));
#2363 = CARTESIAN_POINT('',(-99.06897954515,-181.6570236228,
    69.471997626552));
#2364 = CARTESIAN_POINT('',(-98.90022416944,-180.0036542602,
    69.71328665091));
#2365 = CARTESIAN_POINT('',(-98.6504955879,-178.3763940581,
    70.068554987288));
#2366 = CARTESIAN_POINT('',(-98.32399562886,-176.7827003293,
    70.528386812725));
#2367 = CARTESIAN_POINT('',(-97.92546403494,-175.2284630036,
    71.081737393532));
#2368 = CARTESIAN_POINT('',(-97.46000672777,-173.7183708687,
    71.716962157705));
#2369 = CARTESIAN_POINT('',(-96.71390269746,-171.6486121697,
    72.715575359605));
#2370 = CARTESIAN_POINT('',(-96.48413663436,-171.0490010884,
    73.02099015052));
#2371 = CARTESIAN_POINT('',(-96.24389329161,-170.4573979424,
    73.337986088944));
#2372 = CARTESIAN_POINT('',(-95.9934471429,-169.8738715662,
    73.665870072529));
#2373 = CARTESIAN_POINT('',(-95.73305206836,-169.2984611422,
    74.003983169694));
#2374 = CARTESIAN_POINT('',(-95.46293841495,-168.7311799113,
    74.351706012825));
#2375 = CARTESIAN_POINT('',(-95.18331002511,-168.1720181056,
    74.708462781802));
#2376 = CARTESIAN_POINT('',(-94.13165148644,-166.1664706396,
    76.03777534561));
#2377 = CARTESIAN_POINT('',(-93.3042418769,-164.7690047484,
    77.060630533859));
#2378 = CARTESIAN_POINT('',(-92.41502629004,-163.4271520151,
    78.132954067776));
#2379 = CARTESIAN_POINT('',(-91.46609052711,-162.1401899293,
    79.246849676884));
#2380 = CARTESIAN_POINT('',(-90.458854886,-160.9078312414,
    80.395642932048));
#2381 = CARTESIAN_POINT('',(-89.3940913563,-159.7301214067,
    81.573764894494));
#2382 = CARTESIAN_POINT('',(-88.27179824036,-158.6074536177,
    82.77670557197));
#2383 = CARTESIAN_POINT('',(-85.72401994957,-156.3058384924,
    85.418202425943));
#2384 = CARTESIAN_POINT('',(-84.27983102852,-155.1469836302,
    86.86276860619));
#2385 = CARTESIAN_POINT('',(-82.75694478841,-154.0651754938,
    88.329304230992));
#2386 = CARTESIAN_POINT('',(-81.15384600937,-153.063942472,
    89.812488237373));
#2387 = CARTESIAN_POINT('',(-79.46919674421,-152.1486610732,
    91.306794192133));
#2388 = CARTESIAN_POINT('',(-77.70193108848,-151.3264789456,
    92.806470983706));
#2389 = CARTESIAN_POINT('',(-75.85137762894,-150.6062551625,
    94.305553449692));
#2390 = CARTESIAN_POINT('',(-73.91710211345,-149.999012534,
    95.798027198627));
#2391 = ORIENTED_EDGE('',*,*,#2392,.T.);
#2392 = EDGE_CURVE('',#2358,#2393,#2395,.T.);
#2393 = VERTEX_POINT('',#2394);
#2394 = CARTESIAN_POINT('',(-102.1744120415,-185.,110.));
#2395 = B_SPLINE_CURVE_WITH_KNOTS('',1,(#2396,#2397),.UNSPECIFIED.,.F.,
  .F.,(2,2),(0.,1.),.PIECEWISE_BEZIER_KNOTS.);
#2396 = CARTESIAN_POINT('',(-94.,-185.,0.));
#2397 = CARTESIAN_POINT('',(-107.3763106134,-185.,180.));
#2398 = ORIENTED_EDGE('',*,*,#2399,.F.);
#2399 = EDGE_CURVE('',#2349,#2393,#2400,.T.);
#2400 = CIRCLE('',#2401,37.174412041528);
#2401 = AXIS2_PLACEMENT_3D('',#2402,#2403,#2404);
#2402 = CARTESIAN_POINT('',(-65.,-185.,110.));
#2403 = DIRECTION('',(0.,0.,1.));
#2404 = DIRECTION('',(1.,0.,0.));
#2405 = CONICAL_SURFACE('',#2406,29.,7.417649320976E-02);
#2406 = AXIS2_PLACEMENT_3D('',#2407,#2408,#2409);
#2407 = CARTESIAN_POINT('',(-65.,-185.,0.));
#2408 = DIRECTION('',(0.,0.,1.));
#2409 = DIRECTION('',(1.,0.,0.));
#2410 = ADVANCED_FACE('',(#2411),#2421,.F.);
#2411 = FACE_BOUND('',#2412,.F.);
#2412 = EDGE_LOOP('',(#2413,#2414,#2415));
#2413 = ORIENTED_EDGE('',*,*,#1851,.F.);
#2414 = ORIENTED_EDGE('',*,*,#2348,.T.);
#2415 = ORIENTED_EDGE('',*,*,#2416,.T.);
#2416 = EDGE_CURVE('',#2349,#1844,#2417,.T.);
#2417 = LINE('',#2418,#2419);
#2418 = CARTESIAN_POINT('',(-65.,-147.8255879584,110.));
#2419 = VECTOR('',#2420,1.);
#2420 = DIRECTION('',(1.,0.,0.));
#2421 = PLANE('',#2422);
#2422 = AXIS2_PLACEMENT_3D('',#2423,#2424,#2425);
#2423 = CARTESIAN_POINT('',(-65.,-142.6236893865,180.));
#2424 = DIRECTION('',(0.,0.997250185099,-7.41084901954E-02));
#2425 = DIRECTION('',(-1.,0.,0.));
#2426 = ADVANCED_FACE('',(#2427,#2510,#2521),#2532,.F.);
#2427 = FACE_BOUND('',#2428,.F.);
#2428 = EDGE_LOOP('',(#2429,#2435,#2436,#2437,#2438,#2446,#2455,#2461,
    #2462,#2468,#2469,#2477,#2486,#2494,#2503,#2509));
#2429 = ORIENTED_EDGE('',*,*,#2430,.F.);
#2430 = EDGE_CURVE('',#1817,#1782,#2431,.T.);
#2431 = LINE('',#2432,#2433);
#2432 = CARTESIAN_POINT('',(-65.,-146.4799141436,110.));
#2433 = VECTOR('',#2434,1.);
#2434 = DIRECTION('',(1.,0.,0.));
#2435 = ORIENTED_EDGE('',*,*,#1843,.F.);
#2436 = ORIENTED_EDGE('',*,*,#2416,.F.);
#2437 = ORIENTED_EDGE('',*,*,#2399,.T.);
#2438 = ORIENTED_EDGE('',*,*,#2439,.F.);
#2439 = EDGE_CURVE('',#2440,#2393,#2442,.T.);
#2440 = VERTEX_POINT('',#2441);
#2441 = CARTESIAN_POINT('',(-102.1744120415,-187.,110.));
#2442 = LINE('',#2443,#2444);
#2443 = CARTESIAN_POINT('',(-102.1744120415,-186.,110.));
#2444 = VECTOR('',#2445,1.);
#2445 = DIRECTION('',(0.,1.,0.));
#2446 = ORIENTED_EDGE('',*,*,#2447,.T.);
#2447 = EDGE_CURVE('',#2440,#2448,#2450,.T.);
#2448 = VERTEX_POINT('',#2449);
#2449 = CARTESIAN_POINT('',(-65.,-224.1744120415,110.));
#2450 = CIRCLE('',#2451,37.174412041528);
#2451 = AXIS2_PLACEMENT_3D('',#2452,#2453,#2454);
#2452 = CARTESIAN_POINT('',(-65.,-187.,110.));
#2453 = DIRECTION('',(0.,0.,1.));
#2454 = DIRECTION('',(1.,0.,0.));
#2455 = ORIENTED_EDGE('',*,*,#2456,.F.);
#2456 = EDGE_CURVE('',#1521,#2448,#2457,.T.);
#2457 = LINE('',#2458,#2459);
#2458 = CARTESIAN_POINT('',(-7.105E-14,-224.1744120415,110.));
#2459 = VECTOR('',#2460,1.);
#2460 = DIRECTION('',(-1.,0.,0.));
#2461 = ORIENTED_EDGE('',*,*,#1529,.F.);
#2462 = ORIENTED_EDGE('',*,*,#2463,.F.);
#2463 = EDGE_CURVE('',#1547,#1530,#2464,.T.);
#2464 = LINE('',#2465,#2466);
#2465 = CARTESIAN_POINT('',(65.,-225.5200858563,110.));
#2466 = VECTOR('',#2467,1.);
#2467 = DIRECTION('',(-1.,0.,0.));
#2468 = ORIENTED_EDGE('',*,*,#1555,.T.);
#2469 = ORIENTED_EDGE('',*,*,#2470,.F.);
#2470 = EDGE_CURVE('',#2471,#1556,#2473,.T.);
#2471 = VERTEX_POINT('',#2472);
#2472 = CARTESIAN_POINT('',(65.,-224.1744120415,110.));
#2473 = LINE('',#2474,#2475);
#2474 = CARTESIAN_POINT('',(-7.105E-14,-224.1744120415,110.));
#2475 = VECTOR('',#2476,1.);
#2476 = DIRECTION('',(-1.,0.,0.));
#2477 = ORIENTED_EDGE('',*,*,#2478,.T.);
#2478 = EDGE_CURVE('',#2471,#2479,#2481,.T.);
#2479 = VERTEX_POINT('',#2480);
#2480 = CARTESIAN_POINT('',(102.17441204152,-187.,110.));
#2481 = CIRCLE('',#2482,37.174412041528);
#2482 = AXIS2_PLACEMENT_3D('',#2483,#2484,#2485);
#2483 = CARTESIAN_POINT('',(65.,-187.,110.));
#2484 = DIRECTION('',(0.,0.,1.));
#2485 = DIRECTION('',(1.,0.,0.));
#2486 = ORIENTED_EDGE('',*,*,#2487,.F.);
#2487 = EDGE_CURVE('',#2488,#2479,#2490,.T.);
#2488 = VERTEX_POINT('',#2489);
#2489 = CARTESIAN_POINT('',(102.17441204152,-185.,110.));
#2490 = LINE('',#2491,#2492);
#2491 = CARTESIAN_POINT('',(102.17441204152,-186.,110.));
#2492 = VECTOR('',#2493,1.);
#2493 = DIRECTION('',(0.,-1.,0.));
#2494 = ORIENTED_EDGE('',*,*,#2495,.T.);
#2495 = EDGE_CURVE('',#2488,#2496,#2498,.T.);
#2496 = VERTEX_POINT('',#2497);
#2497 = CARTESIAN_POINT('',(65.,-147.8255879584,110.));
#2498 = CIRCLE('',#2499,37.174412041528);
#2499 = AXIS2_PLACEMENT_3D('',#2500,#2501,#2502);
#2500 = CARTESIAN_POINT('',(65.,-185.,110.));
#2501 = DIRECTION('',(0.,0.,1.));
#2502 = DIRECTION('',(1.,0.,0.));
#2503 = ORIENTED_EDGE('',*,*,#2504,.F.);
#2504 = EDGE_CURVE('',#1773,#2496,#2505,.T.);
#2505 = LINE('',#2506,#2507);
#2506 = CARTESIAN_POINT('',(-65.,-147.8255879584,110.));
#2507 = VECTOR('',#2508,1.);
#2508 = DIRECTION('',(1.,0.,0.));
#2509 = ORIENTED_EDGE('',*,*,#1781,.T.);
#2510 = FACE_BOUND('',#2511,.F.);
#2511 = EDGE_LOOP('',(#2512));
#2512 = ORIENTED_EDGE('',*,*,#2513,.F.);
#2513 = EDGE_CURVE('',#2514,#2514,#2516,.T.);
#2514 = VERTEX_POINT('',#2515);
#2515 = CARTESIAN_POINT('',(-17.5,-186.,110.));
#2516 = CIRCLE('',#2517,32.);
#2517 = AXIS2_PLACEMENT_3D('',#2518,#2519,#2520);
#2518 = CARTESIAN_POINT('',(-49.5,-186.,110.));
#2519 = DIRECTION('',(0.,0.,1.));
#2520 = DIRECTION('',(1.,0.,-0.));
#2521 = FACE_BOUND('',#2522,.F.);
#2522 = EDGE_LOOP('',(#2523));
#2523 = ORIENTED_EDGE('',*,*,#2524,.F.);
#2524 = EDGE_CURVE('',#2525,#2525,#2527,.T.);
#2525 = VERTEX_POINT('',#2526);
#2526 = CARTESIAN_POINT('',(81.499999999999,-186.,110.));
#2527 = CIRCLE('',#2528,32.);
#2528 = AXIS2_PLACEMENT_3D('',#2529,#2530,#2531);
#2529 = CARTESIAN_POINT('',(49.499999999999,-186.,110.));
#2530 = DIRECTION('',(0.,0.,1.));
#2531 = DIRECTION('',(1.,0.,-0.));
#2532 = PLANE('',#2533);
#2533 = AXIS2_PLACEMENT_3D('',#2534,#2535,#2536);
#2534 = CARTESIAN_POINT('',(-65.,-185.,110.));
#2535 = DIRECTION('',(0.,0.,1.));
#2536 = DIRECTION('',(1.,0.,0.));
#2537 = ADVANCED_FACE('',(#2538),#2543,.F.);
#2538 = FACE_BOUND('',#2539,.F.);
#2539 = EDGE_LOOP('',(#2540,#2541,#2542));
#2540 = ORIENTED_EDGE('',*,*,#1789,.T.);
#2541 = ORIENTED_EDGE('',*,*,#1816,.F.);
#2542 = ORIENTED_EDGE('',*,*,#2430,.T.);
#2543 = B_SPLINE_SURFACE_WITH_KNOTS('',1,1,(
    (#2544,#2545)
    ,(#2546,#2547
    )),.UNSPECIFIED.,.F.,.F.,.F.,(2,2),(2,2),(-130.0000002045,0.),(0.,1.
    ),.PIECEWISE_BEZIER_KNOTS.);
#2544 = CARTESIAN_POINT('',(65.000000204598,-145.825,125.));
#2545 = CARTESIAN_POINT('',(65.,-146.4799141436,110.));
#2546 = CARTESIAN_POINT('',(-65.,-145.825,125.));
#2547 = CARTESIAN_POINT('',(-65.,-146.4799141436,110.));
#2548 = ADVANCED_FACE('',(#2549),#2558,.F.);
#2549 = FACE_BOUND('',#2550,.F.);
#2550 = EDGE_LOOP('',(#2551,#2552,#2553));
#2551 = ORIENTED_EDGE('',*,*,#1772,.F.);
#2552 = ORIENTED_EDGE('',*,*,#2504,.T.);
#2553 = ORIENTED_EDGE('',*,*,#2554,.F.);
#2554 = EDGE_CURVE('',#1710,#2496,#2555,.T.);
#2555 = B_SPLINE_CURVE_WITH_KNOTS('',1,(#2556,#2557),.UNSPECIFIED.,.F.,
  .F.,(2,2),(0.,1.),.PIECEWISE_BEZIER_KNOTS.);
#2556 = CARTESIAN_POINT('',(65.,-156.,0.));
#2557 = CARTESIAN_POINT('',(65.,-142.6236893865,180.));
#2558 = PLANE('',#2559);
#2559 = AXIS2_PLACEMENT_3D('',#2560,#2561,#2562);
#2560 = CARTESIAN_POINT('',(-65.,-142.6236893865,180.));
#2561 = DIRECTION('',(0.,0.997250185099,-7.41084901954E-02));
#2562 = DIRECTION('',(-1.,0.,0.));
#2563 = ADVANCED_FACE('',(#2564),#2651,.F.);
#2564 = FACE_BOUND('',#2565,.F.);
#2565 = EDGE_LOOP('',(#2566,#2573,#2629,#2648,#2649,#2650));
#2566 = ORIENTED_EDGE('',*,*,#2567,.F.);
#2567 = EDGE_CURVE('',#2568,#2488,#2570,.T.);
#2568 = VERTEX_POINT('',#2569);
#2569 = CARTESIAN_POINT('',(99.153664027182,-185.,69.350925804813));
#2570 = B_SPLINE_CURVE_WITH_KNOTS('',1,(#2571,#2572),.UNSPECIFIED.,.F.,
  .F.,(2,2),(0.,1.),.PIECEWISE_BEZIER_KNOTS.);
#2571 = CARTESIAN_POINT('',(94.,-185.,0.));
#2572 = CARTESIAN_POINT('',(107.37631061341,-185.,180.));
#2573 = ORIENTED_EDGE('',*,*,#2574,.F.);
#2574 = EDGE_CURVE('',#2575,#2568,#2577,.T.);
#2575 = VERTEX_POINT('',#2576);
#2576 = CARTESIAN_POINT('',(90.122652304766,-160.6309142274,
    80.739751922256));
#2577 = B_SPLINE_CURVE_WITH_KNOTS('',8,(#2578,#2579,#2580,#2581,#2582,
    #2583,#2584,#2585,#2586,#2587,#2588,#2589,#2590,#2591,#2592,#2593,
    #2594,#2595,#2596,#2597,#2598,#2599,#2600,#2601,#2602,#2603,#2604,
    #2605,#2606,#2607,#2608,#2609,#2610,#2611,#2612,#2613,#2614,#2615,
    #2616,#2617,#2618,#2619,#2620,#2621,#2622,#2623,#2624,#2625,#2626,
    #2627,#2628),.UNSPECIFIED.,.F.,.F.,(9,7,7,7,7,7,7,9),(0.,
    9.889779405197E-02,0.212565405515,0.335269908976,0.471782498572,
    0.631496306762,0.744192146297,1.),.UNSPECIFIED.);
#2578 = CARTESIAN_POINT('',(73.917102113455,-149.999012534,
    95.798027198628));
#2579 = CARTESIAN_POINT('',(74.486997459992,-150.1779243516,
    95.35829984979));
#2580 = CARTESIAN_POINT('',(75.049716217249,-150.3666722725,
    94.917928535987));
#2581 = CARTESIAN_POINT('',(75.605228322016,-150.5649682459,
    94.477095478975));
#2582 = CARTESIAN_POINT('',(76.153516470642,-150.7725391253,
    94.035976380874));
#2583 = CARTESIAN_POINT('',(76.694575229064,-150.9891273038,
    93.594740185155));
#2584 = CARTESIAN_POINT('',(77.228410142847,-151.2144913499,
    93.153548837632));
#2585 = CARTESIAN_POINT('',(77.755036847219,-151.4484066422,
    92.712557047447));
#2586 = CARTESIAN_POINT('',(78.871499384296,-151.9691054124,
    91.76545924935));
#2587 = CARTESIAN_POINT('',(79.459021964371,-152.2585637024,
    91.259470897225));
#2588 = CARTESIAN_POINT('',(80.037086613587,-152.5587265667,
    90.7541701743));
#2589 = CARTESIAN_POINT('',(80.605736670257,-152.8693044386,
    90.249777021039));
#2590 = CARTESIAN_POINT('',(81.16501970908,-153.1900328203,
    89.746508147063));
#2591 = CARTESIAN_POINT('',(81.714987135483,-153.5206726103,
    89.244577042459));
#2592 = CARTESIAN_POINT('',(82.255693779964,-153.8610104312,
    88.744193989089));
#2593 = CARTESIAN_POINT('',(83.360957231778,-154.5885214156,
    87.707295845199));
#2594 = CARTESIAN_POINT('',(83.923983915476,-154.9772611574,
    87.171079060559));
#2595 = CARTESIAN_POINT('',(84.476350618863,-155.3768430826,
    86.637176332292));
#2596 = CARTESIAN_POINT('',(85.018122356177,-155.7870590597,
    86.105855518492));
#2597 = CARTESIAN_POINT('',(85.549356366369,-156.2077284605,
    85.5773923518));
#2598 = CARTESIAN_POINT('',(86.070102398913,-156.6386986954,
    85.052071070173));
#2599 = CARTESIAN_POINT('',(86.580402999617,-157.0798457487,
    84.530185047658));
#2600 = CARTESIAN_POINT('',(87.63643790904,-158.0330810195,
    83.435582024208));
#2601 = CARTESIAN_POINT('',(88.179684638497,-158.5475546733,
    82.863767086241));
#2602 = CARTESIAN_POINT('',(88.710086888545,-159.0743677491,
    82.297006614825));
#2603 = CARTESIAN_POINT('',(89.227667389546,-159.6134225586,
    81.735749408408));
#2604 = CARTESIAN_POINT('',(89.732421599264,-160.1646510042,
    81.180479812625));
#2605 = CARTESIAN_POINT('',(90.224319289184,-160.7280154698,
    80.631719379924));
#2606 = CARTESIAN_POINT('',(90.703304816369,-161.3035112528,
    80.0900294365));
#2607 = CARTESIAN_POINT('',(91.714485646586,-162.5787064004,
    78.931240311439));
#2608 = CARTESIAN_POINT('',(92.241855999216,-163.2828504013,
    78.31700914263));
#2609 = CARTESIAN_POINT('',(92.75129617315,-164.0036719645,
    77.714267884629));
#2610 = CARTESIAN_POINT('',(93.242594775579,-164.7412518889,
    77.124100681397));
#2611 = CARTESIAN_POINT('',(93.71545094046,-165.4956793661,
    76.547729954153));
#2612 = CARTESIAN_POINT('',(94.169480979554,-166.2670507662,
    75.986517785717));
#2613 = CARTESIAN_POINT('',(94.604220730532,-167.0554701845,
    75.441967721375));
#2614 = CARTESIAN_POINT('',(95.311883683262,-168.4294790658,
    74.544405670266));
#2615 = CARTESIAN_POINT('',(95.594752781302,-169.0064230647,
    74.182218657714));
#2616 = CARTESIAN_POINT('',(95.867536210943,-169.5919140268,
    73.829748612222));
#2617 = CARTESIAN_POINT('',(96.130006192234,-170.1859570994,
    73.487629898617));
#2618 = CARTESIAN_POINT('',(96.381905439606,-170.788529684,
    73.156545337376));
#2619 = CARTESIAN_POINT('',(96.62295078839,-171.3995778226,
    72.83722113814));
#2620 = CARTESIAN_POINT('',(96.852836858848,-172.0190115856,
    72.530420012298));
#2621 = CARTESIAN_POINT('',(97.566991659727,-174.0714857619,
    71.570746206462));
#2622 = CARTESIAN_POINT('',(98.004039850205,-175.5401298149,
    70.972535680709));
#2623 = CARTESIAN_POINT('',(98.377886472061,-177.0497436933,
    70.452463973007));
#2624 = CARTESIAN_POINT('',(98.683869096123,-178.596089456,
    70.021088286785));
#2625 = CARTESIAN_POINT('',(98.917518475275,-180.1733413077,
    69.68855187392));
#2626 = CARTESIAN_POINT('',(99.074973035105,-181.7737473785,
    69.463433356701));
#2627 = CARTESIAN_POINT('',(99.153664027182,-183.3870844235,
    69.350925804813));
#2628 = CARTESIAN_POINT('',(99.153664027182,-185.,69.350925804813));
#2629 = ORIENTED_EDGE('',*,*,#2630,.F.);
#2630 = EDGE_CURVE('',#1667,#2575,#2631,.T.);
#2631 = B_SPLINE_CURVE_WITH_KNOTS('',8,(#2632,#2633,#2634,#2635,#2636,
    #2637,#2638,#2639,#2640,#2641,#2642,#2643,#2644,#2645,#2646,#2647),
  .UNSPECIFIED.,.F.,.F.,(9,7,9),(0.,0.512550638435,1.),.UNSPECIFIED.);
#2632 = CARTESIAN_POINT('',(100.,-185.,80.739751880256));
#2633 = CARTESIAN_POINT('',(100.,-181.4784497273,80.739751880256));
#2634 = CARTESIAN_POINT('',(99.595058279631,-177.9544103493,
    80.739751880268));
#2635 = CARTESIAN_POINT('',(98.78418053558,-174.4861474356,
    80.739751880239));
#2636 = CARTESIAN_POINT('',(97.577609507848,-171.127745915,
    80.739751880276));
#2637 = CARTESIAN_POINT('',(95.992635438214,-167.9304700806,
    80.739751880247));
#2638 = CARTESIAN_POINT('',(94.05422053925,-164.9423192626,
    80.73975188026));
#2639 = CARTESIAN_POINT('',(91.794297151242,-162.2081895394,
    80.739751880258));
#2640 = CARTESIAN_POINT('',(86.841169061956,-157.4467891724,
    80.739751880257));
#2641 = CARTESIAN_POINT('',(84.171539715078,-155.3885133124,
    80.739751880259));
#2642 = CARTESIAN_POINT('',(81.282053689029,-153.6279475436,
    80.739751880251));
#2643 = CARTESIAN_POINT('',(78.212026516197,-152.1914369173,
    80.73975188027));
#2644 = CARTESIAN_POINT('',(75.003251264099,-151.0994703298,
    80.739751880244));
#2645 = CARTESIAN_POINT('',(71.700056613375,-150.3662401643,
    80.739751880264));
#2646 = CARTESIAN_POINT('',(68.34904355441,-150.,80.739751880256));
#2647 = CARTESIAN_POINT('',(65.,-150.,80.739751880256));
#2648 = ORIENTED_EDGE('',*,*,#1709,.F.);
#2649 = ORIENTED_EDGE('',*,*,#2554,.T.);
#2650 = ORIENTED_EDGE('',*,*,#2495,.F.);
#2651 = CONICAL_SURFACE('',#2652,29.,7.417649320976E-02);
#2652 = AXIS2_PLACEMENT_3D('',#2653,#2654,#2655);
#2653 = CARTESIAN_POINT('',(65.,-185.,0.));
#2654 = DIRECTION('',(0.,0.,1.));
#2655 = DIRECTION('',(1.,0.,0.));
#2656 = ADVANCED_FACE('',(#2657),#2710,.T.);
#2657 = FACE_BOUND('',#2658,.F.);
#2658 = EDGE_LOOP('',(#2659,#2702,#2708,#2709));
#2659 = ORIENTED_EDGE('',*,*,#2660,.F.);
#2660 = EDGE_CURVE('',#2661,#2575,#2663,.T.);
#2661 = VERTEX_POINT('',#2662);
#2662 = CARTESIAN_POINT('',(100.,-185.,68.124885321004));
#2663 = B_SPLINE_CURVE_WITH_KNOTS('',7,(#2664,#2665,#2666,#2667,#2668,
    #2669,#2670,#2671,#2672,#2673,#2674,#2675,#2676,#2677,#2678,#2679,
    #2680,#2681,#2682,#2683,#2684,#2685,#2686,#2687,#2688,#2689,#2690,
    #2691,#2692,#2693,#2694,#2695,#2696,#2697,#2698,#2699,#2700,#2701),
  .UNSPECIFIED.,.F.,.F.,(8,6,6,6,6,6,8),(0.,0.20406893281,0.297448123473
    ,0.553300432649,0.770569797344,0.86077204515,1.),.UNSPECIFIED.);
#2664 = CARTESIAN_POINT('',(100.,-185.,68.124885321004));
#2665 = CARTESIAN_POINT('',(100.,-183.2505544168,68.124885321004));
#2666 = CARTESIAN_POINT('',(99.897981455958,-181.5121347174,
    68.274638107612));
#2667 = CARTESIAN_POINT('',(99.696258317327,-179.7946533366,
    68.570743025084));
#2668 = CARTESIAN_POINT('',(99.398720248832,-178.108260947,
    69.004468847772));
#2669 = CARTESIAN_POINT('',(99.011092144307,-176.4639815671,
    69.561683866577));
#2670 = CARTESIAN_POINT('',(98.542072241142,-174.8739620979,
    70.223212760844));
#2671 = CARTESIAN_POINT('',(97.758760171402,-172.6545736018,
    71.304983081572));
#2672 = CARTESIAN_POINT('',(97.497680396511,-171.9695221754,
    71.662649849735));
#2673 = CARTESIAN_POINT('',(97.221992201431,-171.2961656929,
    72.037016183038));
#2674 = CARTESIAN_POINT('',(96.932218752899,-170.6345065283,
    72.426787276232));
#2675 = CARTESIAN_POINT('',(96.628847014034,-169.9845454199,
    72.830737398073));
#2676 = CARTESIAN_POINT('',(96.312331143828,-169.3462814903,
    73.247711456811));
#2677 = CARTESIAN_POINT('',(95.081014847767,-167.0029573731,
    74.851823311995));
#2678 = CARTESIAN_POINT('',(94.082595739774,-165.3723792028,
    76.117770784263));
#2679 = CARTESIAN_POINT('',(92.995201492996,-163.8262420138,
    77.453840413323));
#2680 = CARTESIAN_POINT('',(91.823575873038,-162.3627207068,
    78.844265174549));
#2681 = CARTESIAN_POINT('',(90.570040135172,-160.980219661,
    80.277779324553));
#2682 = CARTESIAN_POINT('',(89.234355836166,-159.6780143254,
    81.746504753739));
#2683 = CARTESIAN_POINT('',(86.608169703402,-157.4207323394,
    84.51684995399));
#2684 = CARTESIAN_POINT('',(85.342037926129,-156.4436158241,
    85.809416406241));
#2685 = CARTESIAN_POINT('',(84.015515964127,-155.5274730138,
    87.117652878165));
#2686 = CARTESIAN_POINT('',(82.627876924397,-154.6747598352,
    88.437538457896));
#2687 = CARTESIAN_POINT('',(81.178116839738,-153.8890385824,
    89.765332219696));
#2688 = CARTESIAN_POINT('',(79.665229045063,-153.1751503167,
    91.097263626072));
#2689 = CARTESIAN_POINT('',(77.434002277595,-152.2754876393,
    92.982307856809));
#2690 = CARTESIAN_POINT('',(76.768466546524,-152.0250370039,
    93.535315093027));
#2691 = CARTESIAN_POINT('',(76.091979246056,-151.7885421309,
    94.087980390187));
#2692 = CARTESIAN_POINT('',(75.404572759635,-151.5665136629,
    94.639956918185));
#2693 = CARTESIAN_POINT('',(74.706299077692,-151.3594990835,
    95.190890190268));
#2694 = CARTESIAN_POINT('',(73.997231259634,-151.1680833205,
    95.740419200828));
#2695 = CARTESIAN_POINT('',(72.166499246529,-150.722475926,
    97.133647364649));
#2696 = CARTESIAN_POINT('',(71.029474038136,-150.4905706671,
    97.9753332571));
#2697 = CARTESIAN_POINT('',(69.867538616338,-150.2997432471,
    98.811237925215));
#2698 = CARTESIAN_POINT('',(68.682011688038,-150.1525986988,
    99.639403974204));
#2699 = CARTESIAN_POINT('',(67.474399923674,-150.0517848897,
    100.45792875414));
#2700 = CARTESIAN_POINT('',(66.24641655952,-150.,101.26497918427));
#2701 = CARTESIAN_POINT('',(65.,-150.,102.05880657738));
#2702 = ORIENTED_EDGE('',*,*,#2703,.T.);
#2703 = EDGE_CURVE('',#2661,#1659,#2704,.T.);
#2704 = LINE('',#2705,#2706);
#2705 = CARTESIAN_POINT('',(100.,-185.,0.));
#2706 = VECTOR('',#2707,1.);
#2707 = DIRECTION('',(0.,0.,1.));
#2708 = ORIENTED_EDGE('',*,*,#1666,.T.);
#2709 = ORIENTED_EDGE('',*,*,#2630,.T.);
#2710 = CYLINDRICAL_SURFACE('',#2711,35.);
#2711 = AXIS2_PLACEMENT_3D('',#2712,#2713,#2714);
#2712 = CARTESIAN_POINT('',(65.,-185.,0.));
#2713 = DIRECTION('',(-0.,-0.,-1.));
#2714 = DIRECTION('',(1.,0.,0.));
#2715 = ADVANCED_FACE('',(#2716),#2734,.F.);
#2716 = FACE_BOUND('',#2717,.F.);
#2717 = EDGE_LOOP('',(#2718,#2726,#2732,#2733));
#2718 = ORIENTED_EDGE('',*,*,#2719,.F.);
#2719 = EDGE_CURVE('',#2720,#2661,#2722,.T.);
#2720 = VERTEX_POINT('',#2721);
#2721 = CARTESIAN_POINT('',(100.,-187.,68.124885321004));
#2722 = LINE('',#2723,#2724);
#2723 = CARTESIAN_POINT('',(100.,1.513E-14,68.124885321004));
#2724 = VECTOR('',#2725,1.);
#2725 = DIRECTION('',(0.,1.,-2.2E-16));
#2726 = ORIENTED_EDGE('',*,*,#2727,.T.);
#2727 = EDGE_CURVE('',#2720,#1616,#2728,.T.);
#2728 = LINE('',#2729,#2730);
#2729 = CARTESIAN_POINT('',(100.,-187.,0.));
#2730 = VECTOR('',#2731,1.);
#2731 = DIRECTION('',(0.,0.,1.));
#2732 = ORIENTED_EDGE('',*,*,#1658,.T.);
#2733 = ORIENTED_EDGE('',*,*,#2703,.F.);
#2734 = PLANE('',#2735);
#2735 = AXIS2_PLACEMENT_3D('',#2736,#2737,#2738);
#2736 = CARTESIAN_POINT('',(100.,-187.,0.));
#2737 = DIRECTION('',(-1.,0.,0.));
#2738 = DIRECTION('',(0.,1.,0.));
#2739 = ADVANCED_FACE('',(#2740),#2816,.T.);
#2740 = FACE_BOUND('',#2741,.F.);
#2741 = EDGE_LOOP('',(#2742,#2785,#2814,#2815));
#2742 = ORIENTED_EDGE('',*,*,#2743,.F.);
#2743 = EDGE_CURVE('',#2744,#2720,#2746,.T.);
#2744 = VERTEX_POINT('',#2745);
#2745 = CARTESIAN_POINT('',(90.122652304766,-211.3690857725,
    80.739751922255));
#2746 = B_SPLINE_CURVE_WITH_KNOTS('',7,(#2747,#2748,#2749,#2750,#2751,
    #2752,#2753,#2754,#2755,#2756,#2757,#2758,#2759,#2760,#2761,#2762,
    #2763,#2764,#2765,#2766,#2767,#2768,#2769,#2770,#2771,#2772,#2773,
    #2774,#2775,#2776,#2777,#2778,#2779,#2780,#2781,#2782,#2783,#2784),
  .UNSPECIFIED.,.F.,.F.,(8,6,6,6,6,6,8),(0.,0.139227954858,
    0.229430202663,0.446699567356,0.702551876531,0.795931067194,1.),
  .UNSPECIFIED.);
#2747 = CARTESIAN_POINT('',(65.,-222.,102.05880657738));
#2748 = CARTESIAN_POINT('',(66.24641655945,-222.,101.26497918432));
#2749 = CARTESIAN_POINT('',(67.474399923667,-221.9482151102,
    100.45792875414));
#2750 = CARTESIAN_POINT('',(68.682011688091,-221.8474013011,
    99.639403974169));
#2751 = CARTESIAN_POINT('',(69.867538616386,-221.7002567528,
    98.811237925179));
#2752 = CARTESIAN_POINT('',(71.029474038125,-221.5094293328,
    97.975333257106));
#2753 = CARTESIAN_POINT('',(72.166499246464,-221.2775240739,
    97.133647364697));
#2754 = CARTESIAN_POINT('',(73.997231259631,-220.8319166794,
    95.74041920083));
#2755 = CARTESIAN_POINT('',(74.706299077689,-220.6405009164,
    95.19089019027));
#2756 = CARTESIAN_POINT('',(75.404572759632,-220.433486337,
    94.639956918187));
#2757 = CARTESIAN_POINT('',(76.091979246053,-220.211457869,
    94.08798039019));
#2758 = CARTESIAN_POINT('',(76.76846654652,-219.974962996,93.53531509303
    ));
#2759 = CARTESIAN_POINT('',(77.434002277591,-219.7245123606,
    92.982307856812));
#2760 = CARTESIAN_POINT('',(79.66522904506,-218.8248496832,
    91.097263626074));
#2761 = CARTESIAN_POINT('',(81.178116839734,-218.1109614175,
    89.7653322197));
#2762 = CARTESIAN_POINT('',(82.627876924396,-217.3252401647,
    88.437538457898));
#2763 = CARTESIAN_POINT('',(84.015515964125,-216.4725269861,
    87.117652878167));
#2764 = CARTESIAN_POINT('',(85.342037926125,-215.5563841758,
    85.809416406245));
#2765 = CARTESIAN_POINT('',(86.608169703399,-214.5792676605,
    84.516849953993));
#2766 = CARTESIAN_POINT('',(89.234355836165,-212.3219856745,
    81.74650475374));
#2767 = CARTESIAN_POINT('',(90.570040135169,-211.0197803389,
    80.277779324557));
#2768 = CARTESIAN_POINT('',(91.823575873038,-209.6372792931,
    78.844265174548));
#2769 = CARTESIAN_POINT('',(92.99520149299,-208.1737579861,
    77.453840413331));
#2770 = CARTESIAN_POINT('',(94.082595739774,-206.6276207971,
    76.117770784262));
#2771 = CARTESIAN_POINT('',(95.081014847766,-204.9970426268,
    74.851823311996));
#2772 = CARTESIAN_POINT('',(96.312331143824,-202.6537185096,
    73.247711456815));
#2773 = CARTESIAN_POINT('',(96.628847014033,-202.01545458,
    72.830737398076));
#2774 = CARTESIAN_POINT('',(96.932218752899,-201.3654934716,
    72.426787276231));
#2775 = CARTESIAN_POINT('',(97.221992201431,-200.703834307,
    72.037016183037));
#2776 = CARTESIAN_POINT('',(97.49768039651,-200.0304778245,
    71.662649849737));
#2777 = CARTESIAN_POINT('',(97.758760171399,-199.3454263981,
    71.304983081576));
#2778 = CARTESIAN_POINT('',(98.542072241141,-197.126037902,
    70.223212760846));
#2779 = CARTESIAN_POINT('',(99.011092144309,-195.5360184328,
    69.561683866576));
#2780 = CARTESIAN_POINT('',(99.398720248829,-193.8917390529,
    69.004468847774));
#2781 = CARTESIAN_POINT('',(99.696258317328,-192.2053466633,
    68.570743025084));
#2782 = CARTESIAN_POINT('',(99.897981455958,-190.4878652825,
    68.274638107612));
#2783 = CARTESIAN_POINT('',(100.,-188.7494455831,68.124885321004));
#2784 = CARTESIAN_POINT('',(100.,-187.,68.124885321004));
#2785 = ORIENTED_EDGE('',*,*,#2786,.T.);
#2786 = EDGE_CURVE('',#2744,#1573,#2787,.T.);
#2787 = B_SPLINE_CURVE_WITH_KNOTS('',4,(#2788,#2789,#2790,#2791,#2792,
    #2793,#2794,#2795,#2796,#2797,#2798,#2799,#2800,#2801,#2802,#2803,
    #2804,#2805,#2806,#2807,#2808,#2809,#2810,#2811,#2812,#2813),
  .UNSPECIFIED.,.F.,.F.,(5,3,3,3,3,3,3,3,5),(0.,0.125628138082,
    0.250753765711,0.37587939334,0.500502510474,0.625628138103,
    0.750251255237,0.875376882866,1.),.UNSPECIFIED.);
#2788 = CARTESIAN_POINT('',(65.,-222.,80.739751880257));
#2789 = CARTESIAN_POINT('',(66.726690122655,-222.,80.739751880257));
#2790 = CARTESIAN_POINT('',(68.453391157984,-221.8864200734,
    80.739751880257));
#2791 = CARTESIAN_POINT('',(70.168849164242,-221.6592622122,
    80.739751880257));
#2792 = CARTESIAN_POINT('',(73.548434592099,-220.9835536831,
    80.739751880257));
#2793 = CARTESIAN_POINT('',(75.212760993722,-220.5358880062,
    80.739751880257));
#2794 = CARTESIAN_POINT('',(76.844104542288,-219.9799157443,
    80.739751880257));
#2795 = CARTESIAN_POINT('',(80.02028918501,-218.6598889402,
    80.739751880257));
#2796 = CARTESIAN_POINT('',(81.565150033263,-217.8958261882,
    80.739751880257));
#2797 = CARTESIAN_POINT('',(83.056512526884,-217.0319831226,
    80.739751880257));
#2798 = CARTESIAN_POINT('',(85.90802796855,-215.1209586058,
    80.739751880257));
#2799 = CARTESIAN_POINT('',(87.268701333688,-214.074515647,
    80.739751880257));
#2800 = CARTESIAN_POINT('',(88.558034639241,-212.9413367116,
    80.739751880257));
#2801 = CARTESIAN_POINT('',(90.983375138947,-210.5121643261,
    80.739751880257));
#2802 = CARTESIAN_POINT('',(92.118758139842,-209.2155177395,
    80.739751880257));
#2803 = CARTESIAN_POINT('',(93.166559142554,-207.8471245254,
    80.739751880257));
#2804 = CARTESIAN_POINT('',(95.07082582008,-204.9910917108,
    80.739751880257));
#2805 = CARTESIAN_POINT('',(95.928054715624,-203.5039355343,
    80.739751880257));
#2806 = CARTESIAN_POINT('',(96.686202428425,-201.9639073143,
    80.739751880257));
#2807 = CARTESIAN_POINT('',(97.998572806034,-198.7920247488,
    80.739751880257));
#2808 = CARTESIAN_POINT('',(98.551968990805,-197.1598055257,
    80.739751880257));
#2809 = CARTESIAN_POINT('',(98.997006655909,-195.4947744731,
    80.739751880258));
#2810 = CARTESIAN_POINT('',(99.664692176138,-192.127676158,
    80.739751880258));
#2811 = CARTESIAN_POINT('',(99.888230092627,-190.4257638005,
    80.739751880256));
#2812 = CARTESIAN_POINT('',(100.,-188.7128766588,80.739751880259));
#2813 = CARTESIAN_POINT('',(100.,-187.,80.739751880259));
#2814 = ORIENTED_EDGE('',*,*,#1615,.T.);
#2815 = ORIENTED_EDGE('',*,*,#2727,.F.);
#2816 = CYLINDRICAL_SURFACE('',#2817,35.);
#2817 = AXIS2_PLACEMENT_3D('',#2818,#2819,#2820);
#2818 = CARTESIAN_POINT('',(65.,-187.,0.));
#2819 = DIRECTION('',(-0.,-0.,-1.));
#2820 = DIRECTION('',(1.,0.,0.));
#2821 = ADVANCED_FACE('',(#2822),#2872,.F.);
#2822 = FACE_BOUND('',#2823,.F.);
#2823 = EDGE_LOOP('',(#2824,#2829,#2830,#2831,#2866,#2871));
#2824 = ORIENTED_EDGE('',*,*,#2825,.F.);
#2825 = EDGE_CURVE('',#1564,#2471,#2826,.T.);
#2826 = B_SPLINE_CURVE_WITH_KNOTS('',1,(#2827,#2828),.UNSPECIFIED.,.F.,
  .F.,(2,2),(0.,1.),.PIECEWISE_BEZIER_KNOTS.);
#2827 = CARTESIAN_POINT('',(65.,-216.,0.));
#2828 = CARTESIAN_POINT('',(65.,-229.3763106134,180.));
#2829 = ORIENTED_EDGE('',*,*,#1572,.F.);
#2830 = ORIENTED_EDGE('',*,*,#2786,.F.);
#2831 = ORIENTED_EDGE('',*,*,#2832,.F.);
#2832 = EDGE_CURVE('',#2833,#2744,#2835,.T.);
#2833 = VERTEX_POINT('',#2834);
#2834 = CARTESIAN_POINT('',(99.153664027182,-187.,69.350925804813));
#2835 = B_SPLINE_CURVE_WITH_KNOTS('',8,(#2836,#2837,#2838,#2839,#2840,
    #2841,#2842,#2843,#2844,#2845,#2846,#2847,#2848,#2849,#2850,#2851,
    #2852,#2853,#2854,#2855,#2856,#2857,#2858,#2859,#2860,#2861,#2862,
    #2863,#2864,#2865),.UNSPECIFIED.,.F.,.F.,(9,7,7,7,9),(0.,
    0.272574368723,0.379433745016,0.664246186542,1.),.UNSPECIFIED.);
#2836 = CARTESIAN_POINT('',(99.153664027182,-187.,69.350925804813));
#2837 = CARTESIAN_POINT('',(99.153664027182,-188.7324411932,
    69.350925804813));
#2838 = CARTESIAN_POINT('',(99.062872555966,-190.4562519515,
    69.480726139839));
#2839 = CARTESIAN_POINT('',(98.882895481319,-192.1593799931,
    69.738063641411));
#2840 = CARTESIAN_POINT('',(98.617456461049,-193.8329081456,
    70.115529021327));
#2841 = CARTESIAN_POINT('',(98.271147394163,-195.4698585029,
    70.602744597889));
#2842 = CARTESIAN_POINT('',(97.849000412394,-197.0645166839,
    71.187787120989));
#2843 = CARTESIAN_POINT('',(97.35645356389,-198.6120954261,
    71.858077203825));
#2844 = CARTESIAN_POINT('',(96.580850322969,-200.6952257147,
    72.892193561793));
#2845 = CARTESIAN_POINT('',(96.35236067114,-201.2743747708,
    73.194754173742));
#2846 = CARTESIAN_POINT('',(96.114074736379,-201.8459247343,
    73.507986623583));
#2847 = CARTESIAN_POINT('',(95.866237494676,-202.4098233992,
    73.83126629496));
#2848 = CARTESIAN_POINT('',(95.60907515324,-202.9660429128,
    74.163999698107));
#2849 = CARTESIAN_POINT('',(95.34279275675,-203.5145771526,
    74.505628131502));
#2850 = CARTESIAN_POINT('',(95.0675717936,-204.0554391042,
    74.855631343534));
#2851 = CARTESIAN_POINT('',(94.026611576008,-206.0098479238,
    76.167442154659));
#2852 = CARTESIAN_POINT('',(93.207577784188,-207.3761534131,
    77.177050189581));
#2853 = CARTESIAN_POINT('',(92.329142378506,-208.6888850083,
    78.233657166171));
#2854 = CARTESIAN_POINT('',(91.393221817759,-209.948718804,
    79.329887619594));
#2855 = CARTESIAN_POINT('',(90.401118028375,-211.1559154701,
    80.459489007311));
#2856 = CARTESIAN_POINT('',(89.353533393627,-212.3104149562,
    81.61722462612));
#2857 = CARTESIAN_POINT('',(88.250458455321,-213.4118243438,
    82.798830328768));
#2858 = CARTESIAN_POINT('',(85.724019943537,-215.694161513,
    85.418202432207));
#2859 = CARTESIAN_POINT('',(84.279831027174,-216.8530163696,
    86.862768607115));
#2860 = CARTESIAN_POINT('',(82.756944798339,-217.9348244975,
    88.329304220786));
#2861 = CARTESIAN_POINT('',(81.153846032249,-218.9360575127,
    89.812488215703));
#2862 = CARTESIAN_POINT('',(79.469196777164,-219.8513389092,
    91.306794163104));
#2863 = CARTESIAN_POINT('',(77.701931123699,-220.6735210396,
    92.806470954647));
#2864 = CARTESIAN_POINT('',(75.85137765445,-221.3937448294,
    94.30555343001));
#2865 = CARTESIAN_POINT('',(73.917102113455,-222.0009874659,
    95.798027198628));
#2866 = ORIENTED_EDGE('',*,*,#2867,.T.);
#2867 = EDGE_CURVE('',#2833,#2479,#2868,.T.);
#2868 = B_SPLINE_CURVE_WITH_KNOTS('',1,(#2869,#2870),.UNSPECIFIED.,.F.,
  .F.,(2,2),(0.,1.),.PIECEWISE_BEZIER_KNOTS.);
#2869 = CARTESIAN_POINT('',(94.,-187.,0.));
#2870 = CARTESIAN_POINT('',(107.37631061341,-187.,180.));
#2871 = ORIENTED_EDGE('',*,*,#2478,.F.);
#2872 = CONICAL_SURFACE('',#2873,29.,7.417649320976E-02);
#2873 = AXIS2_PLACEMENT_3D('',#2874,#2875,#2876);
#2874 = CARTESIAN_POINT('',(65.,-187.,0.));
#2875 = DIRECTION('',(0.,0.,1.));
#2876 = DIRECTION('',(1.,0.,0.));
#2877 = ADVANCED_FACE('',(#2878),#2883,.F.);
#2878 = FACE_BOUND('',#2879,.F.);
#2879 = EDGE_LOOP('',(#2880,#2881,#2882));
#2880 = ORIENTED_EDGE('',*,*,#1563,.F.);
#2881 = ORIENTED_EDGE('',*,*,#2825,.T.);
#2882 = ORIENTED_EDGE('',*,*,#2470,.T.);
#2883 = PLANE('',#2884);
#2884 = AXIS2_PLACEMENT_3D('',#2885,#2886,#2887);
#2885 = CARTESIAN_POINT('',(65.,-229.3763106134,180.));
#2886 = DIRECTION('',(-0.,-0.997250185099,-7.41084901954E-02));
#2887 = DIRECTION('',(1.,0.,0.));
#2888 = ADVANCED_FACE('',(#2889),#2894,.F.);
#2889 = FACE_BOUND('',#2890,.F.);
#2890 = EDGE_LOOP('',(#2891,#2892,#2893));
#2891 = ORIENTED_EDGE('',*,*,#1537,.T.);
#2892 = ORIENTED_EDGE('',*,*,#1546,.T.);
#2893 = ORIENTED_EDGE('',*,*,#2463,.T.);
#2894 = PLANE('',#2895);
#2895 = AXIS2_PLACEMENT_3D('',#2896,#2897,#2898);
#2896 = CARTESIAN_POINT('',(65.,-225.5200858563,110.));
#2897 = DIRECTION('',(0.,0.999048221582,4.361938736534E-02));
#2898 = DIRECTION('',(1.,0.,0.));
#2899 = ADVANCED_FACE('',(#2900),#2909,.F.);
#2900 = FACE_BOUND('',#2901,.F.);
#2901 = EDGE_LOOP('',(#2902,#2903,#2904));
#2902 = ORIENTED_EDGE('',*,*,#1520,.F.);
#2903 = ORIENTED_EDGE('',*,*,#2456,.T.);
#2904 = ORIENTED_EDGE('',*,*,#2905,.F.);
#2905 = EDGE_CURVE('',#1472,#2448,#2906,.T.);
#2906 = B_SPLINE_CURVE_WITH_KNOTS('',1,(#2907,#2908),.UNSPECIFIED.,.F.,
  .F.,(2,2),(0.,1.),.PIECEWISE_BEZIER_KNOTS.);
#2907 = CARTESIAN_POINT('',(-65.,-216.,0.));
#2908 = CARTESIAN_POINT('',(-65.,-229.3763106134,180.));
#2909 = PLANE('',#2910);
#2910 = AXIS2_PLACEMENT_3D('',#2911,#2912,#2913);
#2911 = CARTESIAN_POINT('',(65.,-229.3763106134,180.));
#2912 = DIRECTION('',(-0.,-0.997250185099,-7.41084901954E-02));
#2913 = DIRECTION('',(1.,0.,0.));
#2914 = ADVANCED_FACE('',(#2915),#2994,.F.);
#2915 = FACE_BOUND('',#2916,.F.);
#2916 = EDGE_LOOP('',(#2917,#2924,#2966,#2991,#2992,#2993));
#2917 = ORIENTED_EDGE('',*,*,#2918,.F.);
#2918 = EDGE_CURVE('',#2919,#2440,#2921,.T.);
#2919 = VERTEX_POINT('',#2920);
#2920 = CARTESIAN_POINT('',(-99.15366402718,-187.,69.350925804813));
#2921 = B_SPLINE_CURVE_WITH_KNOTS('',1,(#2922,#2923),.UNSPECIFIED.,.F.,
  .F.,(2,2),(0.,1.),.PIECEWISE_BEZIER_KNOTS.);
#2922 = CARTESIAN_POINT('',(-94.,-187.,0.));
#2923 = CARTESIAN_POINT('',(-107.3763106134,-187.,180.));
#2924 = ORIENTED_EDGE('',*,*,#2925,.F.);
#2925 = EDGE_CURVE('',#2926,#2919,#2928,.T.);
#2926 = VERTEX_POINT('',#2927);
#2927 = CARTESIAN_POINT('',(-90.12265230436,-211.369085773,
    80.739751922521));
#2928 = B_SPLINE_CURVE_WITH_KNOTS('',8,(#2929,#2930,#2931,#2932,#2933,
    #2934,#2935,#2936,#2937,#2938,#2939,#2940,#2941,#2942,#2943,#2944,
    #2945,#2946,#2947,#2948,#2949,#2950,#2951,#2952,#2953,#2954,#2955,
    #2956,#2957,#2958,#2959,#2960,#2961,#2962,#2963,#2964,#2965),
  .UNSPECIFIED.,.F.,.F.,(9,7,7,7,7,9),(0.,9.896754656377E-02,
    0.335862676067,0.6330740163,0.744913657906,1.),.UNSPECIFIED.);
#2929 = CARTESIAN_POINT('',(-73.91710211345,-222.0009874659,
    95.798027198627));
#2930 = CARTESIAN_POINT('',(-74.48742765698,-221.8219405931,
    95.357967912736));
#2931 = CARTESIAN_POINT('',(-75.05056576455,-221.6330427639,
    94.91726369525));
#2932 = CARTESIAN_POINT('',(-75.60648631168,-221.4345826803,
    94.476097176044));
#2933 = CARTESIAN_POINT('',(-76.15517196862,-221.2268340953,
    94.034644447701));
#2934 = CARTESIAN_POINT('',(-76.69661730736,-221.0100551754,
    93.593074825723));
#2935 = CARTESIAN_POINT('',(-77.2308279086,-220.7844878636,
    93.151550608724));
#2936 = CARTESIAN_POINT('',(-77.75781946879,-220.5503572413,
    92.710226838636));
#2937 = CARTESIAN_POINT('',(-79.52183772236,-219.7274398593,
    91.2137028777));
#2938 = CARTESIAN_POINT('',(-80.72467398007,-219.0992105994,
    90.160288919196));
#2939 = CARTESIAN_POINT('',(-81.88665899613,-218.4259701746,
    89.110885104718));
#2940 = CARTESIAN_POINT('',(-83.00827280311,-217.7100419596,
    88.067403860408));
#2941 = CARTESIAN_POINT('',(-84.08997114393,-216.9533342205,
    87.031777820429));
#2942 = CARTESIAN_POINT('',(-85.13219428729,-216.1573488915,
    86.005960860253));
#2943 = CARTESIAN_POINT('',(-86.13535566487,-215.3231505501,
    84.991946462043));
#2944 = CARTESIAN_POINT('',(-88.30982618969,-213.3574563806,
    82.737012497224));
#2945 = CARTESIAN_POINT('',(-89.4582687089,-212.2049295463,
    81.504727534385));
#2946 = CARTESIAN_POINT('',(-90.54630083034,-210.9946048283,
    80.298634219956));
#2947 = CARTESIAN_POINT('',(-91.57390914947,-209.7268690246,
    79.123602115218));
#2948 = CARTESIAN_POINT('',(-92.54021311184,-208.401742095,
    77.98569105228));
#2949 = CARTESIAN_POINT('',(-93.44361071935,-207.0188968069,
    76.892202503856));
#2950 = CARTESIAN_POINT('',(-94.28175794219,-205.5775449138,
    75.851809389229));
#2951 = CARTESIAN_POINT('',(-95.34098489718,-203.5112115376,
    74.507151563713));
#2952 = CARTESIAN_POINT('',(-95.62083187691,-202.9378597731,
    74.148550691223));
#2953 = CARTESIAN_POINT('',(-95.8907277982,-202.3560890548,
    73.799567797032));
#2954 = CARTESIAN_POINT('',(-96.15044838695,-201.7658956263,
    73.460825693891));
#2955 = CARTESIAN_POINT('',(-96.39974075335,-201.1673030471,
    73.132994177535));
#2956 = CARTESIAN_POINT('',(-96.63832692315,-200.5603657195,
    72.816785055796));
#2957 = CARTESIAN_POINT('',(-96.8659074158,-199.9451733851,
    72.512945410783));
#2958 = CARTESIAN_POINT('',(-97.57540968052,-197.9001817759,
    71.559222469405));
#2959 = CARTESIAN_POINT('',(-98.01020388417,-196.4349352779,
    70.963959742165));
#2960 = CARTESIAN_POINT('',(-98.38208577761,-194.928994095,
    70.446543435658));
#2961 = CARTESIAN_POINT('',(-98.6864317593,-193.3865773183,
    70.017440919704));
#2962 = CARTESIAN_POINT('',(-98.9188114127,-191.813482239,
    69.686703282547));
#2963 = CARTESIAN_POINT('',(-99.07540076837,-190.2174175589,
    69.462821817216));
#2964 = CARTESIAN_POINT('',(-99.15366402718,-188.6085259907,
    69.350925804813));
#2965 = CARTESIAN_POINT('',(-99.15366402718,-187.,69.350925804813));
#2966 = ORIENTED_EDGE('',*,*,#2967,.F.);
#2967 = EDGE_CURVE('',#1429,#2926,#2968,.T.);
#2968 = B_SPLINE_CURVE_WITH_KNOTS('',6,(#2969,#2970,#2971,#2972,#2973,
    #2974,#2975,#2976,#2977,#2978,#2979,#2980,#2981,#2982,#2983,#2984,
    #2985,#2986,#2987,#2988,#2989,#2990),.UNSPECIFIED.,.F.,.F.,(7,5,5,5,
    7),(0.,0.251256201081,0.500502480179,0.750753720903,1.),
  .UNSPECIFIED.);
#2969 = CARTESIAN_POINT('',(-100.,-187.,80.739751880256));
#2970 = CARTESIAN_POINT('',(-100.,-189.3022182025,80.739751880256));
#2971 = CARTESIAN_POINT('',(-99.81827842733,-191.6045735256,
    80.739751880256));
#2972 = CARTESIAN_POINT('',(-99.45479592996,-193.8888329573,
    80.739751880256));
#2973 = CARTESIAN_POINT('',(-98.91202374363,-196.1372455153,
    80.739751880256));
#2974 = CARTESIAN_POINT('',(-98.19450597116,-198.3324746627,
    80.739751880256));
#2975 = CARTESIAN_POINT('',(-96.43115458739,-202.5659330324,
    80.739751880256));
#2976 = CARTESIAN_POINT('',(-95.38789071398,-204.6055238854,
    80.739751880256));
#2977 = CARTESIAN_POINT('',(-94.18630534778,-206.5600361329,
    80.739751880256));
#2978 = CARTESIAN_POINT('',(-92.83527011164,-208.4143902816,
    80.739751880256));
#2979 = CARTESIAN_POINT('',(-91.34536016429,-210.1546485113,
    80.739751880256));
#2980 = CARTESIAN_POINT('',(-88.10651213947,-213.3883874316,
    80.739751880256));
#2981 = CARTESIAN_POINT('',(-86.35636476873,-214.8810336333,
    80.739751880256));
#2982 = CARTESIAN_POINT('',(-84.49147202957,-216.2334494846,
    80.739751880256));
#2983 = CARTESIAN_POINT('',(-82.5259643053,-217.43496226,80.739751880256
    ));
#2984 = CARTESIAN_POINT('',(-80.47512704454,-218.476631609,
    80.739751880256));
#2985 = CARTESIAN_POINT('',(-76.24463372611,-220.2230938088,
    80.739751880256));
#2986 = CARTESIAN_POINT('',(-74.06528302377,-220.9293238515,
    80.739751880262));
#2987 = CARTESIAN_POINT('',(-71.83400594119,-221.4634849684,
    80.739751880243));
#2988 = CARTESIAN_POINT('',(-69.56773500489,-221.8211741652,
    80.73975188027));
#2989 = CARTESIAN_POINT('',(-67.28380162632,-222.,80.739751880253));
#2990 = CARTESIAN_POINT('',(-65.,-222.,80.739751880253));
#2991 = ORIENTED_EDGE('',*,*,#1471,.F.);
#2992 = ORIENTED_EDGE('',*,*,#2905,.T.);
#2993 = ORIENTED_EDGE('',*,*,#2447,.F.);
#2994 = CONICAL_SURFACE('',#2995,29.,7.417649320976E-02);
#2995 = AXIS2_PLACEMENT_3D('',#2996,#2997,#2998);
#2996 = CARTESIAN_POINT('',(-65.,-187.,0.));
#2997 = DIRECTION('',(0.,0.,1.));
#2998 = DIRECTION('',(1.,0.,0.));
#2999 = ADVANCED_FACE('',(#3000),#3046,.T.);
#3000 = FACE_BOUND('',#3001,.F.);
#3001 = EDGE_LOOP('',(#3002,#3043,#3044,#3045));
#3002 = ORIENTED_EDGE('',*,*,#3003,.F.);
#3003 = EDGE_CURVE('',#2246,#2926,#3004,.T.);
#3004 = B_SPLINE_CURVE_WITH_KNOTS('',7,(#3005,#3006,#3007,#3008,#3009,
    #3010,#3011,#3012,#3013,#3014,#3015,#3016,#3017,#3018,#3019,#3020,
    #3021,#3022,#3023,#3024,#3025,#3026,#3027,#3028,#3029,#3030,#3031,
    #3032,#3033,#3034,#3035,#3036,#3037,#3038,#3039,#3040,#3041,#3042),
  .UNSPECIFIED.,.F.,.F.,(8,6,6,6,6,6,8),(0.,0.202109878409,
    0.295399835712,0.553316524901,0.770578062516,0.860777060805,1.),
  .UNSPECIFIED.);
#3005 = CARTESIAN_POINT('',(-100.,-187.,68.124885321004));
#3006 = CARTESIAN_POINT('',(-100.,-188.7323166049,68.124885321004));
#3007 = CARTESIAN_POINT('',(-99.89996941538,-190.4540494994,
    68.271719966488));
#3008 = CARTESIAN_POINT('',(-99.70210766657,-192.1554621182,
    68.562156945166));
#3009 = CARTESIAN_POINT('',(-99.41016882694,-193.8265890478,
    68.98778041495));
#3010 = CARTESIAN_POINT('',(-99.02970497237,-195.4566269644,
    69.534922827963));
#3011 = CARTESIAN_POINT('',(-98.56914963572,-197.0336886112,
    70.185002144489));
#3012 = CARTESIAN_POINT('',(-97.79736446067,-199.2425033099,
    71.252006714071));
#3013 = CARTESIAN_POINT('',(-97.53842060098,-199.9284134168,
    71.607155401141));
#3014 = CARTESIAN_POINT('',(-97.26483476465,-200.6026602251,
    71.979118154225));
#3015 = CARTESIAN_POINT('',(-96.97713319349,-201.2652355357,
    72.366595825365));
#3016 = CARTESIAN_POINT('',(-96.67580685871,-201.9161325446,
    72.768356626394));
#3017 = CARTESIAN_POINT('',(-96.36131504752,-202.5553458212,
    73.183237772223));
#3018 = CARTESIAN_POINT('',(-95.12941416721,-204.9177771117,
    74.790414001838));
#3019 = CARTESIAN_POINT('',(-94.12653612856,-206.5650134155,
    76.063750168593));
#3020 = CARTESIAN_POINT('',(-93.03308796777,-208.1263603333,
    77.40885767849));
#3021 = CARTESIAN_POINT('',(-91.85399107024,-209.6036985182,
    78.809470646979));
#3022 = CARTESIAN_POINT('',(-90.59166317288,-210.9986858864,
    80.253997346933));
#3023 = CARTESIAN_POINT('',(-89.24586629587,-212.3120921056,
    81.734362451104));
#3024 = CARTESIAN_POINT('',(-86.6081697034,-214.5792676605,
    84.516849953991));
#3025 = CARTESIAN_POINT('',(-85.34203792612,-215.5563841758,
    85.809416406244));
#3026 = CARTESIAN_POINT('',(-84.01551596412,-216.4725269861,
    87.117652878166));
#3027 = CARTESIAN_POINT('',(-82.62787692439,-217.3252401647,
    88.437538457897));
#3028 = CARTESIAN_POINT('',(-81.17811683973,-218.1109614175,
    89.765332219699));
#3029 = CARTESIAN_POINT('',(-79.66522904506,-218.8248496832,
    91.097263626073));
#3030 = CARTESIAN_POINT('',(-77.43400227759,-219.7245123606,
    92.98230785681));
#3031 = CARTESIAN_POINT('',(-76.76846654652,-219.974962996,
    93.535315093028));
#3032 = CARTESIAN_POINT('',(-76.09197924605,-220.211457869,
    94.087980390189));
#3033 = CARTESIAN_POINT('',(-75.40457275963,-220.433486337,
    94.639956918187));
#3034 = CARTESIAN_POINT('',(-74.70629907769,-220.6405009164,
    95.19089019027));
#3035 = CARTESIAN_POINT('',(-73.99723125963,-220.8319166794,
    95.74041920083));
#3036 = CARTESIAN_POINT('',(-72.16649924652,-221.2775240739,
    97.13364736465));
#3037 = CARTESIAN_POINT('',(-71.02947403813,-221.5094293328,
    97.975333257101));
#3038 = CARTESIAN_POINT('',(-69.86753861633,-221.7002567528,
    98.811237925215));
#3039 = CARTESIAN_POINT('',(-68.68201168803,-221.8474013011,
    99.639403974204));
#3040 = CARTESIAN_POINT('',(-67.47439992367,-221.9482151102,
    100.45792875414));
#3041 = CARTESIAN_POINT('',(-66.24641655951,-222.,101.26497918428));
#3042 = CARTESIAN_POINT('',(-65.,-222.,102.05880657738));
#3043 = ORIENTED_EDGE('',*,*,#2262,.T.);
#3044 = ORIENTED_EDGE('',*,*,#1428,.T.);
#3045 = ORIENTED_EDGE('',*,*,#2967,.T.);
#3046 = CYLINDRICAL_SURFACE('',#3047,35.);
#3047 = AXIS2_PLACEMENT_3D('',#3048,#3049,#3050);
#3048 = CARTESIAN_POINT('',(-65.,-187.,0.));
#3049 = DIRECTION('',(-0.,-0.,-1.));
#3050 = DIRECTION('',(1.,0.,0.));
#3051 = ADVANCED_FACE('',(#3052,#3064,#3075),#3086,.T.);
#3052 = FACE_BOUND('',#3053,.T.);
#3053 = EDGE_LOOP('',(#3054,#3055,#3056,#3057,#3058,#3059,#3060,#3061,
    #3062,#3063));
#3054 = ORIENTED_EDGE('',*,*,#2121,.F.);
#3055 = ORIENTED_EDGE('',*,*,#2131,.F.);
#3056 = ORIENTED_EDGE('',*,*,#2098,.T.);
#3057 = ORIENTED_EDGE('',*,*,#2059,.F.);
#3058 = ORIENTED_EDGE('',*,*,#2036,.T.);
#3059 = ORIENTED_EDGE('',*,*,#1981,.F.);
#3060 = ORIENTED_EDGE('',*,*,#1991,.F.);
#3061 = ORIENTED_EDGE('',*,*,#2222,.T.);
#3062 = ORIENTED_EDGE('',*,*,#2200,.F.);
#3063 = ORIENTED_EDGE('',*,*,#2168,.T.);
#3064 = FACE_BOUND('',#3065,.T.);
#3065 = EDGE_LOOP('',(#3066));
#3066 = ORIENTED_EDGE('',*,*,#3067,.F.);
#3067 = EDGE_CURVE('',#3068,#3068,#3070,.T.);
#3068 = VERTEX_POINT('',#3069);
#3069 = CARTESIAN_POINT('',(-17.5,-186.,125.));
#3070 = CIRCLE('',#3071,32.);
#3071 = AXIS2_PLACEMENT_3D('',#3072,#3073,#3074);
#3072 = CARTESIAN_POINT('',(-49.5,-186.,125.));
#3073 = DIRECTION('',(0.,0.,1.));
#3074 = DIRECTION('',(1.,0.,0.));
#3075 = FACE_BOUND('',#3076,.T.);
#3076 = EDGE_LOOP('',(#3077));
#3077 = ORIENTED_EDGE('',*,*,#3078,.F.);
#3078 = EDGE_CURVE('',#3079,#3079,#3081,.T.);
#3079 = VERTEX_POINT('',#3080);
#3080 = CARTESIAN_POINT('',(81.499999999999,-186.,125.));
#3081 = CIRCLE('',#3082,32.);
#3082 = AXIS2_PLACEMENT_3D('',#3083,#3084,#3085);
#3083 = CARTESIAN_POINT('',(49.499999999999,-186.,125.));
#3084 = DIRECTION('',(0.,0.,1.));
#3085 = DIRECTION('',(1.,0.,0.));
#3086 = PLANE('',#3087);
#3087 = AXIS2_PLACEMENT_3D('',#3088,#3089,#3090);
#3088 = CARTESIAN_POINT('',(-65.,-185.,125.));
#3089 = DIRECTION('',(0.,0.,1.));
#3090 = DIRECTION('',(1.,0.,0.));
#3091 = ADVANCED_FACE('',(#3092),#3105,.F.);
#3092 = FACE_BOUND('',#3093,.T.);
#3093 = EDGE_LOOP('',(#3094,#3095,#3096,#3097,#3098,#3104));
#3094 = ORIENTED_EDGE('',*,*,#3003,.F.);
#3095 = ORIENTED_EDGE('',*,*,#2245,.T.);
#3096 = ORIENTED_EDGE('',*,*,#2276,.F.);
#3097 = ORIENTED_EDGE('',*,*,#2357,.F.);
#3098 = ORIENTED_EDGE('',*,*,#3099,.F.);
#3099 = EDGE_CURVE('',#2919,#2358,#3100,.T.);
#3100 = LINE('',#3101,#3102);
#3101 = CARTESIAN_POINT('',(-99.15366402718,1.694E-14,69.350925804813));
#3102 = VECTOR('',#3103,1.);
#3103 = DIRECTION('',(0.,1.,-2.2E-16));
#3104 = ORIENTED_EDGE('',*,*,#2925,.F.);
#3105 = CYLINDRICAL_SURFACE('',#3106,121.);
#3106 = AXIS2_PLACEMENT_3D('',#3107,#3108,#3109);
#3107 = CARTESIAN_POINT('',(0.,0.,0.));
#3108 = DIRECTION('',(0.,1.,-2.2E-16));
#3109 = DIRECTION('',(1.,0.,0.));
#3110 = ADVANCED_FACE('',(#3111),#3117,.F.);
#3111 = FACE_BOUND('',#3112,.F.);
#3112 = EDGE_LOOP('',(#3113,#3114,#3115,#3116));
#3113 = ORIENTED_EDGE('',*,*,#3099,.F.);
#3114 = ORIENTED_EDGE('',*,*,#2918,.T.);
#3115 = ORIENTED_EDGE('',*,*,#2439,.T.);
#3116 = ORIENTED_EDGE('',*,*,#2392,.F.);
#3117 = PLANE('',#3118);
#3118 = AXIS2_PLACEMENT_3D('',#3119,#3120,#3121);
#3119 = CARTESIAN_POINT('',(-107.3763106134,-187.,180.));
#3120 = DIRECTION('',(-0.997250185099,0.,-7.41084901954E-02));
#3121 = DIRECTION('',(0.,-1.,0.));
#3122 = ADVANCED_FACE('',(#3123),#3134,.F.);
#3123 = FACE_BOUND('',#3124,.F.);
#3124 = EDGE_LOOP('',(#3125,#3126,#3132,#3133));
#3125 = ORIENTED_EDGE('',*,*,#2867,.F.);
#3126 = ORIENTED_EDGE('',*,*,#3127,.T.);
#3127 = EDGE_CURVE('',#2833,#2568,#3128,.T.);
#3128 = LINE('',#3129,#3130);
#3129 = CARTESIAN_POINT('',(99.153664027182,1.694E-14,69.350925804813));
#3130 = VECTOR('',#3131,1.);
#3131 = DIRECTION('',(0.,1.,-2.2E-16));
#3132 = ORIENTED_EDGE('',*,*,#2567,.T.);
#3133 = ORIENTED_EDGE('',*,*,#2487,.T.);
#3134 = PLANE('',#3135);
#3135 = AXIS2_PLACEMENT_3D('',#3136,#3137,#3138);
#3136 = CARTESIAN_POINT('',(107.37631061341,-187.,180.));
#3137 = DIRECTION('',(0.997250185099,0.,-7.41084901954E-02));
#3138 = DIRECTION('',(0.,1.,0.));
#3139 = ADVANCED_FACE('',(#3140),#3151,.F.);
#3140 = FACE_BOUND('',#3141,.F.);
#3141 = EDGE_LOOP('',(#3142,#3143,#3149,#3150));
#3142 = ORIENTED_EDGE('',*,*,#3067,.F.);
#3143 = ORIENTED_EDGE('',*,*,#3144,.T.);
#3144 = EDGE_CURVE('',#3068,#2514,#3145,.T.);
#3145 = LINE('',#3146,#3147);
#3146 = CARTESIAN_POINT('',(-17.5,-186.,125.));
#3147 = VECTOR('',#3148,1.);
#3148 = DIRECTION('',(-0.,-0.,-1.));
#3149 = ORIENTED_EDGE('',*,*,#2513,.T.);
#3150 = ORIENTED_EDGE('',*,*,#3144,.F.);
#3151 = CYLINDRICAL_SURFACE('',#3152,32.);
#3152 = AXIS2_PLACEMENT_3D('',#3153,#3154,#3155);
#3153 = CARTESIAN_POINT('',(-49.5,-186.,125.));
#3154 = DIRECTION('',(0.,0.,1.));
#3155 = DIRECTION('',(1.,0.,-0.));
#3156 = ADVANCED_FACE('',(#3157),#3168,.F.);
#3157 = FACE_BOUND('',#3158,.F.);
#3158 = EDGE_LOOP('',(#3159,#3160,#3166,#3167));
#3159 = ORIENTED_EDGE('',*,*,#3078,.F.);
#3160 = ORIENTED_EDGE('',*,*,#3161,.T.);
#3161 = EDGE_CURVE('',#3079,#2525,#3162,.T.);
#3162 = LINE('',#3163,#3164);
#3163 = CARTESIAN_POINT('',(81.499999999999,-186.,125.));
#3164 = VECTOR('',#3165,1.);
#3165 = DIRECTION('',(-0.,-0.,-1.));
#3166 = ORIENTED_EDGE('',*,*,#2524,.T.);
#3167 = ORIENTED_EDGE('',*,*,#3161,.F.);
#3168 = CYLINDRICAL_SURFACE('',#3169,32.);
#3169 = AXIS2_PLACEMENT_3D('',#3170,#3171,#3172);
#3170 = CARTESIAN_POINT('',(49.499999999999,-186.,125.));
#3171 = DIRECTION('',(0.,0.,1.));
#3172 = DIRECTION('',(1.,0.,-0.));
#3173 = ADVANCED_FACE('',(#3174),#3182,.F.);
#3174 = FACE_BOUND('',#3175,.T.);
#3175 = EDGE_LOOP('',(#3176,#3177,#3178,#3179,#3180,#3181));
#3176 = ORIENTED_EDGE('',*,*,#2743,.F.);
#3177 = ORIENTED_EDGE('',*,*,#2832,.F.);
#3178 = ORIENTED_EDGE('',*,*,#3127,.T.);
#3179 = ORIENTED_EDGE('',*,*,#2574,.F.);
#3180 = ORIENTED_EDGE('',*,*,#2660,.F.);
#3181 = ORIENTED_EDGE('',*,*,#2719,.F.);
#3182 = CYLINDRICAL_SURFACE('',#3183,121.);
#3183 = AXIS2_PLACEMENT_3D('',#3184,#3185,#3186);
#3184 = CARTESIAN_POINT('',(0.,0.,0.));
#3185 = DIRECTION('',(0.,1.,-2.2E-16));
#3186 = DIRECTION('',(1.,0.,0.));
#3187 = ( GEOMETRIC_REPRESENTATION_CONTEXT(3) 
GLOBAL_UNCERTAINTY_ASSIGNED_CONTEXT((#3191)) 
GLOBAL_UNIT_ASSIGNED_CONTEXT((#3188,#3189,#3190)) REPRESENTATION_CONTEXT
('Context #1','3D Context with UNIT and UNCERTAINTY') );
#3188 = ( LENGTH_UNIT() NAMED_UNIT(*) SI_UNIT(.MILLI.,.METRE.) );
#3189 = ( NAMED_UNIT(*) PLANE_ANGLE_UNIT() SI_UNIT($,.RADIAN.) );
#3190 = ( NAMED_UNIT(*) SI_UNIT($,.STERADIAN.) SOLID_ANGLE_UNIT() );
#3191 = UNCERTAINTY_MEASURE_WITH_UNIT(LENGTH_MEASURE(1.E-04),#3188,
  'distance_accuracy_value','confusion accuracy');
#3192 = PRODUCT_RELATED_PRODUCT_CATEGORY('part',$,(#7));
#3193 = MECHANICAL_DESIGN_GEOMETRIC_PRESENTATION_REPRESENTATION('',(
    #3194,#3205,#3213,#3220,#3227,#3234,#3241,#3248,#3255,#3262),#3187);
#3194 = STYLED_ITEM('color',(#3195),#15);
#3195 = PRESENTATION_STYLE_ASSIGNMENT((#3196,#3202));
#3196 = SURFACE_STYLE_USAGE(.BOTH.,#3197);
#3197 = SURFACE_SIDE_STYLE('',(#3198));
#3198 = SURFACE_STYLE_FILL_AREA(#3199);
#3199 = FILL_AREA_STYLE('',(#3200));
#3200 = FILL_AREA_STYLE_COLOUR('',#3201);
#3201 = COLOUR_RGB('',0.72156863771,0.764705913506,0.780392170416);
#3202 = CURVE_STYLE('',#3203,POSITIVE_LENGTH_MEASURE(0.1),#3204);
#3203 = DRAUGHTING_PRE_DEFINED_CURVE_FONT('continuous');
#3204 = COLOUR_RGB('',9.803921802644E-02,9.803921802644E-02,
  9.803921802644E-02);
#3205 = OVER_RIDING_STYLED_ITEM('overriding color',(#3206),#1977,#3194);
#3206 = PRESENTATION_STYLE_ASSIGNMENT((#3207));
#3207 = SURFACE_STYLE_USAGE(.BOTH.,#3208);
#3208 = SURFACE_SIDE_STYLE('',(#3209));
#3209 = SURFACE_STYLE_FILL_AREA(#3210);
#3210 = FILL_AREA_STYLE('',(#3211));
#3211 = FILL_AREA_STYLE_COLOUR('',#3212);
#3212 = DRAUGHTING_PRE_DEFINED_COLOUR('black');
#3213 = OVER_RIDING_STYLED_ITEM('overriding color',(#3214),#2023,#3194);
#3214 = PRESENTATION_STYLE_ASSIGNMENT((#3215));
#3215 = SURFACE_STYLE_USAGE(.BOTH.,#3216);
#3216 = SURFACE_SIDE_STYLE('',(#3217));
#3217 = SURFACE_STYLE_FILL_AREA(#3218);
#3218 = FILL_AREA_STYLE('',(#3219));
#3219 = FILL_AREA_STYLE_COLOUR('',#3212);
#3220 = OVER_RIDING_STYLED_ITEM('overriding color',(#3221),#2055,#3194);
#3221 = PRESENTATION_STYLE_ASSIGNMENT((#3222));
#3222 = SURFACE_STYLE_USAGE(.BOTH.,#3223);
#3223 = SURFACE_SIDE_STYLE('',(#3224));
#3224 = SURFACE_STYLE_FILL_AREA(#3225);
#3225 = FILL_AREA_STYLE('',(#3226));
#3226 = FILL_AREA_STYLE_COLOUR('',#3212);
#3227 = OVER_RIDING_STYLED_ITEM('overriding color',(#3228),#2085,#3194);
#3228 = PRESENTATION_STYLE_ASSIGNMENT((#3229));
#3229 = SURFACE_STYLE_USAGE(.BOTH.,#3230);
#3230 = SURFACE_SIDE_STYLE('',(#3231));
#3231 = SURFACE_STYLE_FILL_AREA(#3232);
#3232 = FILL_AREA_STYLE('',(#3233));
#3233 = FILL_AREA_STYLE_COLOUR('',#3212);
#3234 = OVER_RIDING_STYLED_ITEM('overriding color',(#3235),#2117,#3194);
#3235 = PRESENTATION_STYLE_ASSIGNMENT((#3236));
#3236 = SURFACE_STYLE_USAGE(.BOTH.,#3237);
#3237 = SURFACE_SIDE_STYLE('',(#3238));
#3238 = SURFACE_STYLE_FILL_AREA(#3239);
#3239 = FILL_AREA_STYLE('',(#3240));
#3240 = FILL_AREA_STYLE_COLOUR('',#3212);
#3241 = OVER_RIDING_STYLED_ITEM('overriding color',(#3242),#2155,#3194);
#3242 = PRESENTATION_STYLE_ASSIGNMENT((#3243));
#3243 = SURFACE_STYLE_USAGE(.BOTH.,#3244);
#3244 = SURFACE_SIDE_STYLE('',(#3245));
#3245 = SURFACE_STYLE_FILL_AREA(#3246);
#3246 = FILL_AREA_STYLE('',(#3247));
#3247 = FILL_AREA_STYLE_COLOUR('',#3212);
#3248 = OVER_RIDING_STYLED_ITEM('overriding color',(#3249),#2187,#3194);
#3249 = PRESENTATION_STYLE_ASSIGNMENT((#3250));
#3250 = SURFACE_STYLE_USAGE(.BOTH.,#3251);
#3251 = SURFACE_SIDE_STYLE('',(#3252));
#3252 = SURFACE_STYLE_FILL_AREA(#3253);
#3253 = FILL_AREA_STYLE('',(#3254));
#3254 = FILL_AREA_STYLE_COLOUR('',#3212);
#3255 = OVER_RIDING_STYLED_ITEM('overriding color',(#3256),#2217,#3194);
#3256 = PRESENTATION_STYLE_ASSIGNMENT((#3257));
#3257 = SURFACE_STYLE_USAGE(.BOTH.,#3258);
#3258 = SURFACE_SIDE_STYLE('',(#3259));
#3259 = SURFACE_STYLE_FILL_AREA(#3260);
#3260 = FILL_AREA_STYLE('',(#3261));
#3261 = FILL_AREA_STYLE_COLOUR('',#3212);
#3262 = OVER_RIDING_STYLED_ITEM('overriding color',(#3263),#3051,#3194);
#3263 = PRESENTATION_STYLE_ASSIGNMENT((#3264));
#3264 = SURFACE_STYLE_USAGE(.BOTH.,#3265);
#3265 = SURFACE_SIDE_STYLE('',(#3266));
#3266 = SURFACE_STYLE_FILL_AREA(#3267);
#3267 = FILL_AREA_STYLE('',(#3268));
#3268 = FILL_AREA_STYLE_COLOUR('',#3212);
ENDSEC;
END-ISO-10303-21;
