// Generated by asset_tool.py from assets/mouth_assets.json.
// Do not edit this file; edit/import the native 64x32 sprites instead.
#pragma once

#include <cstddef>
#include <cstdint>

namespace mouth_assets {

constexpr uint8_t kWidth = 64;
constexpr uint8_t kHeight = 32;
constexpr uint8_t kAnimationCount = 31;

constexpr uint8_t kPlaybackLoop = 0;
constexpr uint8_t kPlaybackPingPong = 1;
constexpr uint8_t kPlaybackIntensity = 2;

struct Frame {
    uint32_t offset;
    uint16_t length;
};

struct Animation {
    uint16_t firstFrameReference;
    uint8_t frameCount;
    uint16_t frameMs;
    uint8_t playback;
};

constexpr uint8_t kPalette[][3] = {
    {0, 0, 0},
    {255, 246, 166},
    {116, 112, 76},
    {110, 88, 25},
    {255, 45, 90},
    {30, 170, 255},
    {255, 90, 60},
    {170, 25, 20},
    {185, 198, 172},
    {205, 205, 160},
    {235, 215, 110},
    {230, 232, 200},
    {245, 178, 25},
};

constexpr Frame kFrames[] = {
    {0u, 502u},
    {502u, 18u},
    {520u, 126u},
    {646u, 126u},
    {772u, 126u},
    {898u, 18u},
    {916u, 152u},
    {1068u, 426u},
    {1494u, 128u},
    {1622u, 128u},
    {1750u, 128u},
    {1878u, 426u},
    {2304u, 186u},
    {2490u, 186u},
    {2676u, 194u},
    {2870u, 762u},
    {3632u, 762u},
    {4394u, 26u},
    {4420u, 426u},
    {4846u, 426u},
    {5272u, 438u},
    {5710u, 430u},
    {6140u, 438u},
    {6578u, 430u},
    {7008u, 438u},
    {7446u, 430u},
    {7876u, 438u},
    {8314u, 430u},
    {8744u, 426u},
    {9170u, 522u},
    {9692u, 514u},
    {10206u, 514u},
    {10720u, 522u},
    {11242u, 522u},
    {11764u, 514u},
    {12278u, 642u},
    {12920u, 642u},
    {13562u, 642u},
    {14204u, 642u},
    {14846u, 638u},
    {15484u, 638u},
    {16122u, 642u},
    {16764u, 642u},
    {17406u, 426u},
    {17832u, 486u},
    {18318u, 570u},
    {18888u, 578u},
    {19466u, 578u},
    {20044u, 582u},
    {20626u, 582u},
    {21208u, 582u},
    {21790u, 442u},
    {22232u, 434u},
    {22666u, 442u},
    {23108u, 458u},
    {23566u, 442u},
    {24008u, 450u},
    {24458u, 450u},
    {24908u, 458u},
    {25366u, 806u},
    {26172u, 806u},
    {26978u, 774u},
    {27752u, 730u},
    {28482u, 678u},
    {29160u, 606u},
    {29766u, 506u},
    {30272u, 118u},
    {30390u, 486u},
    {30876u, 510u},
    {31386u, 510u},
    {31896u, 510u},
    {32406u, 518u},
    {32924u, 518u},
    {33442u, 518u},
    {33960u, 510u},
    {34470u, 510u},
    {34980u, 510u},
    {35490u, 96u},
    {35586u, 104u},
    {35690u, 450u},
    {36140u, 442u},
    {36582u, 450u},
    {37032u, 442u},
    {37474u, 450u},
    {37924u, 442u},
    {38366u, 450u},
    {38816u, 442u},
    {39258u, 426u},
    {39684u, 456u},
    {40140u, 462u},
    {40602u, 462u},
    {41064u, 462u},
    {41526u, 462u},
    {41988u, 462u},
    {42450u, 462u},
    {42912u, 462u},
    {43374u, 462u},
};

constexpr uint8_t kFrameReferences[] = {
    0x12, 0x14, 0x15, 0x16, 0x17, 0x18, 0x19, 0x1a, 0x1b, 0x44, 0x45, 0x46, 0x47, 0x48, 0x49, 0x4a,
    0x4b, 0x4c, 0x33, 0x34, 0x35, 0x36, 0x37, 0x38, 0x39, 0x3a, 0x11, 0x00, 0x0f, 0x10, 0x01, 0x4f,
    0x50, 0x51, 0x52, 0x53, 0x54, 0x55, 0x56, 0x13, 0x2b, 0x57, 0x0b, 0x07, 0x1c, 0x2c, 0x43, 0x4d,
    0x4e, 0x42, 0x06, 0x0c, 0x0d, 0x0e, 0x58, 0x59, 0x5a, 0x5b, 0x5c, 0x5d, 0x5e, 0x5f, 0x60, 0x1d,
    0x1e, 0x1f, 0x20, 0x21, 0x22, 0x02, 0x03, 0x04, 0x05, 0x41, 0x23, 0x24, 0x25, 0x26, 0x27, 0x28,
    0x29, 0x2a, 0x08, 0x09, 0x0a, 0x3b, 0x3c, 0x3d, 0x3e, 0x3f, 0x40, 0x2d, 0x2e, 0x2f, 0x30, 0x31,
    0x32,
};

constexpr Animation kAnimations[] = {
    {0u, 1u, 1000u, 0u},
    {1u, 8u, 192u, 0u},
    {9u, 3u, 288u, 0u},
    {12u, 3u, 192u, 0u},
    {15u, 3u, 448u, 0u},
    {18u, 8u, 32u, 2u},
    {26u, 1u, 1000u, 0u},
    {27u, 1u, 1000u, 0u},
    {28u, 2u, 1024u, 0u},
    {30u, 1u, 1000u, 0u},
    {31u, 8u, 192u, 0u},
    {39u, 1u, 1000u, 0u},
    {40u, 1u, 1000u, 0u},
    {41u, 1u, 1000u, 0u},
    {42u, 1u, 1000u, 0u},
    {43u, 1u, 1000u, 0u},
    {44u, 1u, 1000u, 0u},
    {45u, 1u, 1000u, 0u},
    {46u, 1u, 1000u, 0u},
    {47u, 2u, 640u, 0u},
    {49u, 1u, 1000u, 0u},
    {50u, 1u, 1000u, 0u},
    {51u, 3u, 192u, 1u},
    {54u, 9u, 192u, 0u},
    {63u, 6u, 144u, 0u},
    {69u, 4u, 500u, 0u},
    {73u, 1u, 1000u, 0u},
    {74u, 8u, 128u, 0u},
    {82u, 3u, 480u, 0u},
    {85u, 6u, 160u, 0u},
    {91u, 6u, 288u, 0u},
};

constexpr uint8_t kRleData[] = {
    0xcf, 0x00, 0x0a, 0x01, 0x02, 0x00, 0x0a, 0x01, 0x02, 0x00, 0x0a, 0x01, 0x1a, 0x00, 0x02, 0x01,
    0x02, 0x00, 0x0a, 0x01, 0x02, 0x00, 0x0a, 0x01, 0x02, 0x00, 0x0a, 0x01, 0x02, 0x00, 0x02, 0x01,
    0x14, 0x00, 0x04, 0x01, 0x02, 0x00, 0x0a, 0x01, 0x02, 0x00, 0x0a, 0x01, 0x02, 0x00, 0x0a, 0x01,
    0x02, 0x00, 0x04, 0x01, 0x11, 0x00, 0x05, 0x01, 0x02, 0x00, 0x0a, 0x01, 0x02, 0x00, 0x0a, 0x01,
    0x02, 0x00, 0x0a, 0x01, 0x02, 0x00, 0x05, 0x01, 0x0f, 0x00, 0x06, 0x01, 0x02, 0x00, 0x0a, 0x01,
    0x02, 0x00, 0x0a, 0x01, 0x02, 0x00, 0x0a, 0x01, 0x02, 0x00, 0x06, 0x01, 0x0d, 0x00, 0x07, 0x01,
    0x02, 0x00, 0x0a, 0x01, 0x02, 0x00, 0x0a, 0x01, 0x02, 0x00, 0x0a, 0x01, 0x02, 0x00, 0x07, 0x01,
    0x11, 0x00, 0x02, 0x01, 0x02, 0x00, 0x0a, 0x01, 0x02, 0x00, 0x0a, 0x01, 0x02, 0x00, 0x0a, 0x01,
    0x02, 0x00, 0x02, 0x01, 0x10, 0x00, 0x01, 0x01, 0x0a, 0x00, 0x09, 0x01, 0x02, 0x00, 0x0a, 0x01,
    0x02, 0x00, 0x0a, 0x01, 0x09, 0x00, 0x01, 0x01, 0x09, 0x00, 0x07, 0x01, 0x09, 0x00, 0x05, 0x01,
    0x02, 0x00, 0x0a, 0x01, 0x02, 0x00, 0x05, 0x01, 0x09, 0x00, 0x07, 0x01, 0x08, 0x00, 0x09, 0x01,
    0x02, 0x00, 0x01, 0x01, 0x0b, 0x00, 0x0a, 0x01, 0x0e, 0x00, 0x09, 0x01, 0x08, 0x00, 0x09, 0x01,
    0x02, 0x00, 0x05, 0x01, 0x0a, 0x00, 0x05, 0x01, 0x09, 0x00, 0x05, 0x01, 0x02, 0x00, 0x09, 0x01,
    0x08, 0x00, 0x09, 0x01, 0x02, 0x00, 0x0a, 0x01, 0x0e, 0x00, 0x0a, 0x01, 0x02, 0x00, 0x09, 0x01,
    0x07, 0x00, 0x0a, 0x01, 0x02, 0x00, 0x0a, 0x01, 0x02, 0x00, 0x03, 0x01, 0x05, 0x00, 0x02, 0x01,
    0x02, 0x00, 0x0a, 0x01, 0x02, 0x00, 0x0a, 0x01, 0x06, 0x00, 0x0a, 0x01, 0x02, 0x00, 0x0a, 0x01,
    0x02, 0x00, 0x0a, 0x01, 0x02, 0x00, 0x0a, 0x01, 0x02, 0x00, 0x0a, 0x01, 0x07, 0x00, 0x09, 0x01,
    0x02, 0x00, 0x0a, 0x01, 0x02, 0x00, 0x0a, 0x01, 0x02, 0x00, 0x0a, 0x01, 0x02, 0x00, 0x09, 0x01,
    0x08, 0x00, 0x09, 0x01, 0x02, 0x00, 0x0a, 0x01, 0x02, 0x00, 0x03, 0x01, 0x05, 0x00, 0x02, 0x01,
    0x02, 0x00, 0x0a, 0x01, 0x02, 0x00, 0x09, 0x01, 0x08, 0x00, 0x09, 0x01, 0x02, 0x00, 0x09, 0x01,
    0x11, 0x00, 0x08, 0x01, 0x02, 0x00, 0x09, 0x01, 0x08, 0x00, 0x09, 0x01, 0x02, 0x00, 0x03, 0x01,
    0x0c, 0x00, 0x05, 0x01, 0x0b, 0x00, 0x03, 0x01, 0x02, 0x00, 0x09, 0x01, 0x09, 0x00, 0x07, 0x01,
    0x0c, 0x00, 0x01, 0x01, 0x02, 0x00, 0x0a, 0x01, 0x02, 0x00, 0x02, 0x01, 0x0b, 0x00, 0x07, 0x01,
    0x0a, 0x00, 0x01, 0x01, 0x0c, 0x00, 0x07, 0x01, 0x02, 0x00, 0x0a, 0x01, 0x02, 0x00, 0x07, 0x01,
    0x0c, 0x00, 0x01, 0x01, 0x11, 0x00, 0x01, 0x01, 0x02, 0x00, 0x0a, 0x01, 0x02, 0x00, 0x0a, 0x01,
    0x02, 0x00, 0x0a, 0x01, 0x02, 0x00, 0x01, 0x01, 0x13, 0x00, 0x06, 0x01, 0x02, 0x00, 0x0a, 0x01,
    0x02, 0x00, 0x0a, 0x01, 0x02, 0x00, 0x0a, 0x01, 0x02, 0x00, 0x06, 0x01, 0x0f, 0x00, 0x05, 0x01,
    0x02, 0x00, 0x0a, 0x01, 0x02, 0x00, 0x0a, 0x01, 0x02, 0x00, 0x0a, 0x01, 0x02, 0x00, 0x05, 0x01,
    0x11, 0x00, 0x04, 0x01, 0x02, 0x00, 0x0a, 0x01, 0x02, 0x00, 0x0a, 0x01, 0x02, 0x00, 0x0a, 0x01,
    0x02, 0x00, 0x04, 0x01, 0x14, 0x00, 0x02, 0x01, 0x02, 0x00, 0x0a, 0x01, 0x02, 0x00, 0x0a, 0x01,
    0x02, 0x00, 0x0a, 0x01, 0x02, 0x00, 0x02, 0x01, 0x1a, 0x00, 0x0a, 0x01, 0x02, 0x00, 0x0a, 0x01,
    0x02, 0x00, 0x0a, 0x01, 0xcf, 0x00, 0xff, 0x00, 0xff, 0x00, 0xff, 0x00, 0xff, 0x00, 0xff, 0x00,
    0xff, 0x00, 0xff, 0x00, 0xff, 0x00, 0x08, 0x00, 0xff, 0x00, 0xff, 0x00, 0x8f, 0x00, 0x26, 0x02,
    0x17, 0x00, 0x2c, 0x02, 0x13, 0x00, 0x2e, 0x02, 0x11, 0x00, 0x30, 0x02, 0x01, 0x00, 0x03, 0x02,
    0x0c, 0x00, 0x30, 0x02, 0x01, 0x00, 0x03, 0x02, 0x0c, 0x00, 0x02, 0x02, 0x0f, 0x00, 0x0e, 0x02,
    0x10, 0x00, 0x01, 0x02, 0x01, 0x00, 0x03, 0x02, 0x0b, 0x00, 0x03, 0x02, 0x11, 0x00, 0x0a, 0x02,
    0x12, 0x00, 0x05, 0x02, 0x0b, 0x00, 0x12, 0x02, 0x04, 0x00, 0x06, 0x02, 0x04, 0x00, 0x15, 0x02,
    0x0c, 0x00, 0x13, 0x02, 0x04, 0x00, 0x02, 0x02, 0x04, 0x00, 0x13, 0x02, 0x01, 0x00, 0x03, 0x02,
    0x0c, 0x00, 0x15, 0x02, 0x06, 0x00, 0x15, 0x02, 0x01, 0x00, 0x03, 0x02, 0x0c, 0x00, 0x17, 0x02,
    0x02, 0x00, 0x17, 0x02, 0x11, 0x00, 0x2e, 0x02, 0x13, 0x00, 0x2c, 0x02, 0x17, 0x00, 0x26, 0x02,
    0xff, 0x00, 0xff, 0x00, 0x0f, 0x00, 0xff, 0x00, 0xff, 0x00, 0x8f, 0x00, 0x26, 0x02, 0x17, 0x00,
    0x2c, 0x02, 0x13, 0x00, 0x2e, 0x02, 0x11, 0x00, 0x30, 0x02, 0x01, 0x00, 0x03, 0x02, 0x0c, 0x00,
    0x30, 0x02, 0x01, 0x00, 0x03, 0x02, 0x0c, 0x00, 0x02, 0x02, 0x0f, 0x00, 0x0e, 0x02, 0x10, 0x00,
    0x01, 0x02, 0x01, 0x00, 0x03, 0x02, 0x0b, 0x00, 0x03, 0x02, 0x11, 0x00, 0x0a, 0x02, 0x12, 0x00,
    0x05, 0x02, 0x0b, 0x00, 0x12, 0x02, 0x04, 0x00, 0x06, 0x02, 0x04, 0x00, 0x15, 0x02, 0x0c, 0x00,
    0x13, 0x02, 0x04, 0x00, 0x02, 0x02, 0x04, 0x00, 0x13, 0x02, 0x01, 0x00, 0x03, 0x02, 0x0c, 0x00,
    0x15, 0x02, 0x06, 0x00, 0x15, 0x02, 0x01, 0x00, 0x03, 0x02, 0x0c, 0x00, 0x17, 0x02, 0x02, 0x00,
    0x17, 0x02, 0x11, 0x00, 0x2e, 0x02, 0x13, 0x00, 0x2c, 0x02, 0x17, 0x00, 0x26, 0x02, 0xff, 0x00,
    0xff, 0x00, 0x0f, 0x00, 0xff, 0x00, 0xff, 0x00, 0x8f, 0x00, 0x26, 0x02, 0x17, 0x00, 0x2c, 0x02,
    0x13, 0x00, 0x2e, 0x02, 0x11, 0x00, 0x30, 0x02, 0x01, 0x00, 0x03, 0x02, 0x0c, 0x00, 0x30, 0x02,
    0x01, 0x00, 0x03, 0x02, 0x0c, 0x00, 0x02, 0x02, 0x0f, 0x00, 0x0e, 0x02, 0x10, 0x00, 0x01, 0x02,
    0x01, 0x00, 0x03, 0x02, 0x0b, 0x00, 0x03, 0x02, 0x11, 0x00, 0x0a, 0x02, 0x12, 0x00, 0x05, 0x02,
    0x0b, 0x00, 0x12, 0x02, 0x04, 0x00, 0x06, 0x02, 0x04, 0x00, 0x15, 0x02, 0x0c, 0x00, 0x13, 0x02,
    0x04, 0x00, 0x02, 0x02, 0x04, 0x00, 0x13, 0x02, 0x01, 0x00, 0x03, 0x02, 0x0c, 0x00, 0x15, 0x02,
    0x06, 0x00, 0x15, 0x02, 0x01, 0x00, 0x03, 0x02, 0x0c, 0x00, 0x17, 0x02, 0x02, 0x00, 0x17, 0x02,
    0x11, 0x00, 0x2e, 0x02, 0x13, 0x00, 0x2c, 0x02, 0x17, 0x00, 0x26, 0x02, 0xff, 0x00, 0xff, 0x00,
    0x0f, 0x00, 0xff, 0x00, 0xff, 0x00, 0xff, 0x00, 0xff, 0x00, 0xff, 0x00, 0xff, 0x00, 0xff, 0x00,
    0xff, 0x00, 0x08, 0x00, 0xff, 0x00, 0xff, 0x00, 0xff, 0x00, 0x0d, 0x00, 0x06, 0x02, 0x01, 0x00,
    0x0a, 0x02, 0x01, 0x00, 0x0a, 0x02, 0x01, 0x00, 0x0a, 0x02, 0x01, 0x00, 0x04, 0x02, 0x12, 0x00,
    0x08, 0x02, 0x01, 0x00, 0x0a, 0x02, 0x01, 0x00, 0x0a, 0x02, 0x01, 0x00, 0x0a, 0x02, 0x01, 0x00,
    0x06, 0x02, 0x0f, 0x00, 0x09, 0x02, 0x01, 0x00, 0x0a, 0x02, 0x01, 0x00, 0x0a, 0x02, 0x01, 0x00,
    0x0a, 0x02, 0x01, 0x00, 0x07, 0x02, 0x0e, 0x00, 0x09, 0x02, 0x01, 0x00, 0x0a, 0x02, 0x01, 0x00,
    0x0a, 0x02, 0x01, 0x00, 0x0a, 0x02, 0x01, 0x00, 0x07, 0x02, 0x8e, 0x00, 0x09, 0x02, 0x01, 0x00,
    0x0a, 0x02, 0x01, 0x00, 0x0a, 0x02, 0x01, 0x00, 0x0a, 0x02, 0x01, 0x00, 0x07, 0x02, 0x0f, 0x00,
    0x08, 0x02, 0x01, 0x00, 0x0a, 0x02, 0x01, 0x00, 0x0a, 0x02, 0x01, 0x00, 0x0a, 0x02, 0x01, 0x00,
    0x06, 0x02, 0x12, 0x00, 0x06, 0x02, 0x01, 0x00, 0x0a, 0x02, 0x01, 0x00, 0x0a, 0x02, 0x01, 0x00,
    0x0a, 0x02, 0x01, 0x00, 0x04, 0x02, 0xff, 0x00, 0xff, 0x00, 0xcc, 0x00, 0xcf, 0x00, 0x0a, 0x01,
    0x02, 0x00, 0x0a, 0x01, 0x02, 0x00, 0x0a, 0x01, 0x1a, 0x00, 0x02, 0x01, 0x02, 0x00, 0x0a, 0x01,
    0x02, 0x00, 0x0a, 0x01, 0x02, 0x00, 0x0a, 0x01, 0x02, 0x00, 0x02, 0x01, 0x14, 0x00, 0x04, 0x01,
    0x02, 0x00, 0x0a, 0x01, 0x02, 0x00, 0x0a, 0x01, 0x02, 0x00, 0x0a, 0x01, 0x02, 0x00, 0x04, 0x01,
    0x11, 0x00, 0x05, 0x01, 0x02, 0x00, 0x0a, 0x01, 0x02, 0x00, 0x0a, 0x01, 0x02, 0x00, 0x0a, 0x01,
    0x02, 0x00, 0x05, 0x01, 0x0f, 0x00, 0x06, 0x01, 0x02, 0x00, 0x0a, 0x01, 0x02, 0x00, 0x0a, 0x01,
    0x02, 0x00, 0x0a, 0x01, 0x02, 0x00, 0x06, 0x01, 0x0d, 0x00, 0x07, 0x01, 0x02, 0x00, 0x0a, 0x01,
    0x02, 0x00, 0x0a, 0x01, 0x02, 0x00, 0x0a, 0x01, 0x02, 0x00, 0x07, 0x01, 0x0b, 0x00, 0x08, 0x01,
    0x02, 0x00, 0x0a, 0x01, 0x02, 0x00, 0x0a, 0x01, 0x02, 0x00, 0x0a, 0x01, 0x02, 0x00, 0x08, 0x01,
    0x0a, 0x00, 0x08, 0x01, 0x02, 0x00, 0x0a, 0x01, 0x02, 0x00, 0x0a, 0x01, 0x02, 0x00, 0x0a, 0x01,
    0x02, 0x00, 0x08, 0x01, 0x89, 0x00, 0x09, 0x01, 0x02, 0x00, 0x0a, 0x01, 0x02, 0x00, 0x0a, 0x01,
    0x02, 0x00, 0x0a, 0x01, 0x02, 0x00, 0x09, 0x01, 0x08, 0x00, 0x09, 0x01, 0x02, 0x00, 0x0a, 0x01,
    0x02, 0x00, 0x0a, 0x01, 0x02, 0x00, 0x0a, 0x01, 0x02, 0x00, 0x09, 0x01, 0x07, 0x00, 0x0a, 0x01,
    0x02, 0x00, 0x0a, 0x01, 0x02, 0x00, 0x0a, 0x01, 0x02, 0x00, 0x0a, 0x01, 0x02, 0x00, 0x0a, 0x01,
    0x06, 0x00, 0x0a, 0x01, 0x02, 0x00, 0x0a, 0x01, 0x02, 0x00, 0x0a, 0x01, 0x02, 0x00, 0x0a, 0x01,
    0x02, 0x00, 0x0a, 0x01, 0x07, 0x00, 0x09, 0x01, 0x02, 0x00, 0x0a, 0x01, 0x02, 0x00, 0x0a, 0x01,
    0x02, 0x00, 0x0a, 0x01, 0x02, 0x00, 0x09, 0x01, 0x08, 0x00, 0x09, 0x01, 0x02, 0x00, 0x0a, 0x01,
    0x02, 0x00, 0x0a, 0x01, 0x02, 0x00, 0x0a, 0x01, 0x02, 0x00, 0x09, 0x01, 0x08, 0x00, 0x09, 0x01,
    0x02, 0x00, 0x0a, 0x01, 0x02, 0x00, 0x0a, 0x01, 0x02, 0x00, 0x0a, 0x01, 0x02, 0x00, 0x09, 0x01,
    0x89, 0x00, 0x08, 0x01, 0x02, 0x00, 0x0a, 0x01, 0x02, 0x00, 0x0a, 0x01, 0x02, 0x00, 0x0a, 0x01,
    0x02, 0x00, 0x08, 0x01, 0x0b, 0x00, 0x07, 0x01, 0x02, 0x00, 0x0a, 0x01, 0x02, 0x00, 0x0a, 0x01,
    0x02, 0x00, 0x0a, 0x01, 0x02, 0x00, 0x07, 0x01, 0x0d, 0x00, 0x06, 0x01, 0x02, 0x00, 0x0a, 0x01,
    0x02, 0x00, 0x0a, 0x01, 0x02, 0x00, 0x0a, 0x01, 0x02, 0x00, 0x06, 0x01, 0x0f, 0x00, 0x05, 0x01,
    0x02, 0x00, 0x0a, 0x01, 0x02, 0x00, 0x0a, 0x01, 0x02, 0x00, 0x0a, 0x01, 0x02, 0x00, 0x05, 0x01,
    0x11, 0x00, 0x04, 0x01, 0x02, 0x00, 0x0a, 0x01, 0x02, 0x00, 0x0a, 0x01, 0x02, 0x00, 0x0a, 0x01,
    0x02, 0x00, 0x04, 0x01, 0x14, 0x00, 0x02, 0x01, 0x02, 0x00, 0x0a, 0x01, 0x02, 0x00, 0x0a, 0x01,
    0x02, 0x00, 0x0a, 0x01, 0x02, 0x00, 0x02, 0x01, 0x1a, 0x00, 0x0a, 0x01, 0x02, 0x00, 0x0a, 0x01,
    0x02, 0x00, 0x0a, 0x01, 0xcf, 0x00, 0xff, 0x00, 0xff, 0x00, 0x11, 0x00, 0x22, 0x09, 0x1b, 0x00,
    0x28, 0x09, 0x16, 0x00, 0x2c, 0x09, 0x13, 0x00, 0x2e, 0x09, 0x12, 0x00, 0x2e, 0x09, 0x11, 0x00,
    0x0b, 0x09, 0x05, 0x00, 0x14, 0x09, 0x04, 0x00, 0x08, 0x09, 0x10, 0x00, 0x05, 0x09, 0x0f, 0x00,
    0x0c, 0x09, 0x0c, 0x00, 0x04, 0x09, 0x10, 0x00, 0x02, 0x09, 0x09, 0x00, 0x05, 0x09, 0x08, 0x00,
    0x04, 0x09, 0x08, 0x00, 0x04, 0x09, 0x07, 0x00, 0x01, 0x09, 0x0f, 0x00, 0x03, 0x09, 0x03, 0x00,
    0x0f, 0x09, 0x0c, 0x00, 0x0c, 0x09, 0x03, 0x00, 0x02, 0x09, 0x0e, 0x00, 0x19, 0x09, 0x04, 0x00,
    0x15, 0x09, 0x0f, 0x00, 0x30, 0x09, 0x10, 0x00, 0x30, 0x09, 0x10, 0x00, 0x30, 0x09, 0x11, 0x00,
    0x2e, 0x09, 0x12, 0x00, 0x2e, 0x09, 0x13, 0x00, 0x2c, 0x09, 0x16, 0x00, 0x28, 0x09, 0x1b, 0x00,
    0x22, 0x09, 0xff, 0x00, 0x90, 0x00, 0xff, 0x00, 0xff, 0x00, 0x11, 0x00, 0x22, 0x09, 0x1b, 0x00,
    0x28, 0x09, 0x16, 0x00, 0x2c, 0x09, 0x13, 0x00, 0x2e, 0x09, 0x12, 0x00, 0x2e, 0x09, 0x11, 0x00,
    0x30, 0x09, 0x10, 0x00, 0x0b, 0x09, 0x05, 0x00, 0x14, 0x09, 0x04, 0x00, 0x08, 0x09, 0x10, 0x00,
    0x05, 0x09, 0x0f, 0x00, 0x0c, 0x09, 0x0c, 0x00, 0x04, 0x09, 0x0f, 0x00, 0x03, 0x09, 0x09, 0x00,
    0x05, 0x09, 0x08, 0x00, 0x04, 0x09, 0x08, 0x00, 0x04, 0x09, 0x07, 0x00, 0x02, 0x09, 0x0e, 0x00,
    0x03, 0x09, 0x03, 0x00, 0x0f, 0x09, 0x0c, 0x00, 0x0c, 0x09, 0x03, 0x00, 0x02, 0x09, 0x0f, 0x00,
    0x18, 0x09, 0x04, 0x00, 0x14, 0x09, 0x10, 0x00, 0x30, 0x09, 0x10, 0x00, 0x30, 0x09, 0x11, 0x00,
    0x2e, 0x09, 0x12, 0x00, 0x2e, 0x09, 0x13, 0x00, 0x2c, 0x09, 0x16, 0x00, 0x28, 0x09, 0x1b, 0x00,
    0x22, 0x09, 0xff, 0x00, 0x90, 0x00, 0xff, 0x00, 0xff, 0x00, 0x11, 0x00, 0x22, 0x09, 0x1b, 0x00,
    0x28, 0x09, 0x16, 0x00, 0x2c, 0x09, 0x13, 0x00, 0x2e, 0x09, 0x12, 0x00, 0x2e, 0x09, 0x11, 0x00,
    0x30, 0x09, 0x10, 0x00, 0x30, 0x09, 0x10, 0x00, 0x0b, 0x09, 0x05, 0x00, 0x14, 0x09, 0x04, 0x00,
    0x08, 0x09, 0x0f, 0x00, 0x06, 0x09, 0x0f, 0x00, 0x0c, 0x09, 0x0c, 0x00, 0x05, 0x09, 0x0e, 0x00,
    0x03, 0x09, 0x09, 0x00, 0x05, 0x09, 0x08, 0x00, 0x04, 0x09, 0x08, 0x00, 0x04, 0x09, 0x07, 0x00,
    0x02, 0x09, 0x0f, 0x00, 0x02, 0x09, 0x03, 0x00, 0x0f, 0x09, 0x0c, 0x00, 0x0c, 0x09, 0x03, 0x00,
    0x01, 0x09, 0x10, 0x00, 0x18, 0x09, 0x04, 0x00, 0x14, 0x09, 0x10, 0x00, 0x30, 0x09, 0x11, 0x00,
    0x2e, 0x09, 0x12, 0x00, 0x2e, 0x09, 0x13, 0x00, 0x2c, 0x09, 0x16, 0x00, 0x28, 0x09, 0x1b, 0x00,
    0x22, 0x09, 0xff, 0x00, 0x90, 0x00, 0xcf, 0x00, 0x0a, 0x01, 0x02, 0x00, 0x0a, 0x01, 0x02, 0x00,
    0x0a, 0x01, 0x1a, 0x00, 0x02, 0x01, 0x02, 0x00, 0x0a, 0x01, 0x02, 0x00, 0x0a, 0x01, 0x02, 0x00,
    0x0a, 0x01, 0x02, 0x00, 0x02, 0x01, 0x14, 0x00, 0x04, 0x01, 0x02, 0x00, 0x0a, 0x01, 0x02, 0x00,
    0x0a, 0x01, 0x02, 0x00, 0x0a, 0x01, 0x02, 0x00, 0x04, 0x01, 0x11, 0x00, 0x05, 0x01, 0x02, 0x00,
    0x0a, 0x01, 0x02, 0x00, 0x0a, 0x01, 0x02, 0x00, 0x0a, 0x01, 0x02, 0x00, 0x05, 0x01, 0x0f, 0x00,
    0x06, 0x01, 0x02, 0x00, 0x0a, 0x01, 0x02, 0x00, 0x0a, 0x01, 0x02, 0x00, 0x0a, 0x01, 0x02, 0x00,
    0x06, 0x01, 0x0d, 0x00, 0x07, 0x01, 0x02, 0x00, 0x0a, 0x01, 0x02, 0x00, 0x0a, 0x01, 0x02, 0x00,
    0x0a, 0x01, 0x02, 0x00, 0x07, 0x01, 0x0b, 0x00, 0x08, 0x01, 0x02, 0x00, 0x0a, 0x01, 0x02, 0x00,
    0x0a, 0x01, 0x02, 0x00, 0x0a, 0x01, 0x02, 0x00, 0x08, 0x01, 0x0a, 0x00, 0x08, 0x01, 0x02, 0x00,
    0x0a, 0x01, 0x02, 0x00, 0x0a, 0x01, 0x02, 0x00, 0x0a, 0x01, 0x02, 0x00, 0x08, 0x01, 0x89, 0x00,
    0x09, 0x01, 0x02, 0x00, 0x0a, 0x01, 0x02, 0x00, 0x0a, 0x01, 0x02, 0x00, 0x0a, 0x01, 0x02, 0x00,
    0x09, 0x01, 0x08, 0x00, 0x09, 0x01, 0x02, 0x00, 0x0a, 0x01, 0x02, 0x00, 0x0a, 0x01, 0x02, 0x00,
    0x0a, 0x01, 0x02, 0x00, 0x09, 0x01, 0x07, 0x00, 0x0a, 0x01, 0x02, 0x00, 0x0a, 0x01, 0x02, 0x00,
    0x0a, 0x01, 0x02, 0x00, 0x0a, 0x01, 0x02, 0x00, 0x0a, 0x01, 0x06, 0x00, 0x0a, 0x01, 0x02, 0x00,
    0x0a, 0x01, 0x02, 0x00, 0x0a, 0x01, 0x02, 0x00, 0x0a, 0x01, 0x02, 0x00, 0x0a, 0x01, 0x07, 0x00,
    0x09, 0x01, 0x02, 0x00, 0x0a, 0x01, 0x02, 0x00, 0x0a, 0x01, 0x02, 0x00, 0x0a, 0x01, 0x02, 0x00,
    0x09, 0x01, 0x08, 0x00, 0x09, 0x01, 0x02, 0x00, 0x0a, 0x01, 0x02, 0x00, 0x0a, 0x01, 0x02, 0x00,
    0x0a, 0x01, 0x02, 0x00, 0x09, 0x01, 0x08, 0x00, 0x09, 0x01, 0x02, 0x00, 0x0a, 0x01, 0x02, 0x00,
    0x0a, 0x01, 0x02, 0x00, 0x0a, 0x01, 0x02, 0x00, 0x09, 0x01, 0x89, 0x00, 0x08, 0x01, 0x02, 0x00,
    0x0a, 0x01, 0x02, 0x00, 0x0a, 0x01, 0x02, 0x00, 0x0a, 0x01, 0x02, 0x00, 0x08, 0x01, 0x0b, 0x00,
    0x07, 0x01, 0x02, 0x00, 0x0a, 0x01, 0x02, 0x00, 0x0a, 0x01, 0x02, 0x00, 0x0a, 0x01, 0x02, 0x00,
    0x07, 0x01, 0x0d, 0x00, 0x06, 0x01, 0x02, 0x00, 0x0a, 0x01, 0x02, 0x00, 0x0a, 0x01, 0x02, 0x00,
    0x0a, 0x01, 0x02, 0x00, 0x06, 0x01, 0x0f, 0x00, 0x05, 0x01, 0x02, 0x00, 0x0a, 0x01, 0x02, 0x00,
    0x0a, 0x01, 0x02, 0x00, 0x0a, 0x01, 0x02, 0x00, 0x05, 0x01, 0x11, 0x00, 0x04, 0x01, 0x02, 0x00,
    0x0a, 0x01, 0x02, 0x00, 0x0a, 0x01, 0x02, 0x00, 0x0a, 0x01, 0x02, 0x00, 0x04, 0x01, 0x14, 0x00,
    0x02, 0x01, 0x02, 0x00, 0x0a, 0x01, 0x02, 0x00, 0x0a, 0x01, 0x02, 0x00, 0x0a, 0x01, 0x02, 0x00,
    0x02, 0x01, 0x1a, 0x00, 0x0a, 0x01, 0x02, 0x00, 0x0a, 0x01, 0x02, 0x00, 0x0a, 0x01, 0xcf, 0x00,
    0x9f, 0x00, 0x01, 0x01, 0x3b, 0x00, 0x09, 0x01, 0x35, 0x00, 0x0d, 0x01, 0x32, 0x00, 0x0f, 0x01,
    0x30, 0x00, 0x08, 0x01, 0x01, 0x00, 0x08, 0x01, 0x2e, 0x00, 0x06, 0x01, 0x07, 0x00, 0x06, 0x01,
    0x2d, 0x00, 0x05, 0x01, 0x09, 0x00, 0x05, 0x01, 0x2c, 0x00, 0x05, 0x01, 0x0b, 0x00, 0x05, 0x01,
    0x2b, 0x00, 0x04, 0x01, 0x0d, 0x00, 0x04, 0x01, 0x2b, 0x00, 0x04, 0x01, 0x0d, 0x00, 0x04, 0x01,
    0x2b, 0x00, 0x04, 0x01, 0x0d, 0x00, 0x04, 0x01, 0x2b, 0x00, 0x04, 0x01, 0x0e, 0x00, 0x04, 0x01,
    0x2a, 0x00, 0x04, 0x01, 0x0e, 0x00, 0x04, 0x01, 0x2a, 0x00, 0x04, 0x01, 0x0e, 0x00, 0x04, 0x01,
    0x2a, 0x00, 0x04, 0x01, 0x0e, 0x00, 0x04, 0x01, 0x2a, 0x00, 0x04, 0x01, 0x0e, 0x00, 0x04, 0x01,
    0x2a, 0x00, 0x04, 0x01, 0x0d, 0x00, 0x04, 0x01, 0x2b, 0x00, 0x04, 0x01, 0x0d, 0x00, 0x04, 0x01,
    0x2b, 0x00, 0x04, 0x01, 0x0d, 0x00, 0x04, 0x01, 0x2b, 0x00, 0x05, 0x01, 0x0b, 0x00, 0x05, 0x01,
    0x2c, 0x00, 0x05, 0x01, 0x09, 0x00, 0x05, 0x01, 0x2d, 0x00, 0x06, 0x01, 0x07, 0x00, 0x06, 0x01,
    0x2e, 0x00, 0x08, 0x01, 0x01, 0x00, 0x08, 0x01, 0x30, 0x00, 0x0f, 0x01, 0x32, 0x00, 0x0d, 0x01,
    0x35, 0x00, 0x09, 0x01, 0x3b, 0x00, 0x01, 0x01, 0xe0, 0x00, 0x9f, 0x00, 0x01, 0x01, 0x3b, 0x00,
    0x09, 0x01, 0x35, 0x00, 0x0d, 0x01, 0x32, 0x00, 0x0f, 0x01, 0x30, 0x00, 0x08, 0x01, 0x01, 0x00,
    0x08, 0x01, 0x2e, 0x00, 0x06, 0x01, 0x07, 0x00, 0x06, 0x01, 0x2d, 0x00, 0x05, 0x01, 0x09, 0x00,
    0x05, 0x01, 0x2c, 0x00, 0x05, 0x01, 0x0b, 0x00, 0x05, 0x01, 0x2b, 0x00, 0x04, 0x01, 0x0d, 0x00,
    0x04, 0x01, 0x2b, 0x00, 0x04, 0x01, 0x0d, 0x00, 0x04, 0x01, 0x2b, 0x00, 0x04, 0x01, 0x0d, 0x00,
    0x04, 0x01, 0x2a, 0x00, 0x04, 0x01, 0x0f, 0x00, 0x04, 0x01, 0x29, 0x00, 0x04, 0x01, 0x0f, 0x00,
    0x04, 0x01, 0x29, 0x00, 0x04, 0x01, 0x0f, 0x00, 0x04, 0x01, 0x29, 0x00, 0x04, 0x01, 0x0f, 0x00,
    0x04, 0x01, 0x29, 0x00, 0x04, 0x01, 0x0f, 0x00, 0x04, 0x01, 0x2a, 0x00, 0x04, 0x01, 0x0d, 0x00,
    0x04, 0x01, 0x2b, 0x00, 0x04, 0x01, 0x0d, 0x00, 0x04, 0x01, 0x2b, 0x00, 0x04, 0x01, 0x0d, 0x00,
    0x04, 0x01, 0x2b, 0x00, 0x05, 0x01, 0x0b, 0x00, 0x05, 0x01, 0x2c, 0x00, 0x05, 0x01, 0x09, 0x00,
    0x05, 0x01, 0x2d, 0x00, 0x06, 0x01, 0x07, 0x00, 0x06, 0x01, 0x2e, 0x00, 0x08, 0x01, 0x01, 0x00,
    0x08, 0x01, 0x30, 0x00, 0x0f, 0x01, 0x32, 0x00, 0x0d, 0x01, 0x35, 0x00, 0x09, 0x01, 0x3b, 0x00,
    0x01, 0x01, 0xe0, 0x00, 0x9f, 0x00, 0x01, 0x01, 0x3b, 0x00, 0x09, 0x01, 0x35, 0x00, 0x0d, 0x01,
    0x32, 0x00, 0x0f, 0x01, 0x30, 0x00, 0x08, 0x01, 0x01, 0x00, 0x08, 0x01, 0x2e, 0x00, 0x06, 0x01,
    0x07, 0x00, 0x06, 0x01, 0x2c, 0x00, 0x05, 0x01, 0x0b, 0x00, 0x05, 0x01, 0x2b, 0x00, 0x04, 0x01,
    0x0d, 0x00, 0x04, 0x01, 0x2a, 0x00, 0x05, 0x01, 0x0d, 0x00, 0x05, 0x01, 0x29, 0x00, 0x04, 0x01,
    0x0f, 0x00, 0x04, 0x01, 0x29, 0x00, 0x04, 0x01, 0x0f, 0x00, 0x04, 0x01, 0x29, 0x00, 0x04, 0x01,
    0x0f, 0x00, 0x04, 0x01, 0x29, 0x00, 0x04, 0x01, 0x10, 0x00, 0x04, 0x01, 0x28, 0x00, 0x04, 0x01,
    0x10, 0x00, 0x04, 0x01, 0x28, 0x00, 0x04, 0x01, 0x10, 0x00, 0x04, 0x01, 0x28, 0x00, 0x04, 0x01,
    0x10, 0x00, 0x04, 0x01, 0x28, 0x00, 0x04, 0x01, 0x0f, 0x00, 0x04, 0x01, 0x29, 0x00, 0x04, 0x01,
    0x0f, 0x00, 0x04, 0x01, 0x29, 0x00, 0x04, 0x01, 0x0f, 0x00, 0x04, 0x01, 0x29, 0x00, 0x05, 0x01,
    0x0d, 0x00, 0x05, 0x01, 0x2a, 0x00, 0x04, 0x01, 0x0d, 0x00, 0x04, 0x01, 0x2b, 0x00, 0x05, 0x01,
    0x0b, 0x00, 0x05, 0x01, 0x2c, 0x00, 0x06, 0x01, 0x07, 0x00, 0x06, 0x01, 0x2e, 0x00, 0x08, 0x01,
    0x01, 0x00, 0x08, 0x01, 0x30, 0x00, 0x0f, 0x01, 0x32, 0x00, 0x0d, 0x01, 0x35, 0x00, 0x09, 0x01,
    0x3b, 0x00, 0x01, 0x01, 0xa0, 0x00, 0xcf, 0x00, 0x0a, 0x07, 0x02, 0x00, 0x0a, 0x07, 0x02, 0x00,
    0x0a, 0x07, 0x1a, 0x00, 0x02, 0x07, 0x02, 0x00, 0x0a, 0x07, 0x02, 0x00, 0x0a, 0x07, 0x02, 0x00,
    0x0a, 0x07, 0x02, 0x00, 0x02, 0x07, 0x14, 0x00, 0x04, 0x07, 0x02, 0x00, 0x0a, 0x07, 0x02, 0x00,
    0x0a, 0x07, 0x02, 0x00, 0x0a, 0x07, 0x02, 0x00, 0x04, 0x07, 0x11, 0x00, 0x05, 0x07, 0x02, 0x00,
    0x0a, 0x07, 0x02, 0x00, 0x0a, 0x07, 0x02, 0x00, 0x0a, 0x07, 0x02, 0x00, 0x05, 0x07, 0x0f, 0x00,
    0x06, 0x07, 0x02, 0x00, 0x0a, 0x07, 0x02, 0x00, 0x0a, 0x07, 0x02, 0x00, 0x0a, 0x07, 0x02, 0x00,
    0x06, 0x07, 0x0d, 0x00, 0x07, 0x07, 0x02, 0x00, 0x0a, 0x07, 0x02, 0x00, 0x0a, 0x07, 0x02, 0x00,
    0x0a, 0x07, 0x02, 0x00, 0x07, 0x07, 0x0b, 0x00, 0x08, 0x07, 0x02, 0x00, 0x02, 0x07, 0x01, 0x00,
    0x07, 0x07, 0x02, 0x00, 0x04, 0x07, 0x01, 0x00, 0x05, 0x07, 0x02, 0x00, 0x06, 0x07, 0x01, 0x00,
    0x03, 0x07, 0x02, 0x00, 0x08, 0x07, 0x0a, 0x00, 0x08, 0x07, 0x02, 0x00, 0x01, 0x07, 0x03, 0x00,
    0x06, 0x07, 0x02, 0x00, 0x03, 0x07, 0x03, 0x00, 0x04, 0x07, 0x02, 0x00, 0x05, 0x07, 0x03, 0x00,
    0x02, 0x07, 0x02, 0x00, 0x08, 0x07, 0x0a, 0x00, 0x08, 0x07, 0x02, 0x00, 0x01, 0x07, 0x01, 0x00,
    0x01, 0x07, 0x01, 0x00, 0x06, 0x07, 0x02, 0x00, 0x03, 0x07, 0x01, 0x00, 0x01, 0x07, 0x01, 0x00,
    0x04, 0x07, 0x02, 0x00, 0x05, 0x07, 0x01, 0x00, 0x01, 0x07, 0x01, 0x00, 0x02, 0x07, 0x02, 0x00,
    0x08, 0x07, 0x0b, 0x00, 0x07, 0x07, 0x04, 0x00, 0x01, 0x07, 0x02, 0x00, 0x05, 0x07, 0x02, 0x00,
    0x02, 0x07, 0x02, 0x00, 0x01, 0x07, 0x02, 0x00, 0x03, 0x07, 0x02, 0x00, 0x04, 0x07, 0x02, 0x00,
    0x01, 0x07, 0x02, 0x00, 0x01, 0x07, 0x02, 0x00, 0x07, 0x07, 0x0a, 0x00, 0x01, 0x07, 0x01, 0x00,
    0x07, 0x07, 0x03, 0x00, 0x03, 0x07, 0x01, 0x00, 0x05, 0x07, 0x02, 0x00, 0x02, 0x07, 0x01, 0x00,
    0x03, 0x07, 0x01, 0x00, 0x03, 0x07, 0x02, 0x00, 0x04, 0x07, 0x01, 0x00, 0x03, 0x07, 0x01, 0x00,
    0x01, 0x07, 0x02, 0x00, 0x07, 0x07, 0x01, 0x00, 0x01, 0x07, 0x08, 0x00, 0x01, 0x07, 0x02, 0x00,
    0x06, 0x07, 0x03, 0x00, 0x03, 0x07, 0x02, 0x00, 0x04, 0x07, 0x02, 0x00, 0x01, 0x07, 0x02, 0x00,
    0x03, 0x07, 0x02, 0x00, 0x02, 0x07, 0x02, 0x00, 0x03, 0x07, 0x02, 0x00, 0x03, 0x07, 0x04, 0x00,
    0x06, 0x07, 0x02, 0x00, 0x01, 0x07, 0x07, 0x00, 0x03, 0x07, 0x01, 0x00, 0x06, 0x07, 0x02, 0x00,
    0x05, 0x07, 0x01, 0x00, 0x04, 0x07, 0x02, 0x00, 0x01, 0x07, 0x01, 0x00, 0x05, 0x07, 0x01, 0x00,
    0x02, 0x07, 0x02, 0x00, 0x03, 0x07, 0x01, 0x00, 0x05, 0x07, 0x03, 0x00, 0x05, 0x07, 0x02, 0x00,
    0x03, 0x07, 0x06, 0x00, 0x03, 0x07, 0x02, 0x00, 0x05, 0x07, 0x02, 0x00, 0x05, 0x07, 0x02, 0x00,
    0x03, 0x07, 0x04, 0x00, 0x05, 0x07, 0x02, 0x00, 0x01, 0x07, 0x02, 0x00, 0x02, 0x07, 0x02, 0x00,
    0x05, 0x07, 0x03, 0x00, 0x05, 0x07, 0x01, 0x00, 0x04, 0x07, 0x07, 0x00, 0x03, 0x07, 0x01, 0x00,
    0x05, 0x07, 0x02, 0x00, 0x06, 0x07, 0x01, 0x00, 0x03, 0x07, 0x03, 0x00, 0x07, 0x07, 0x01, 0x00,
    0x01, 0x07, 0x02, 0x00, 0x02, 0x07, 0x01, 0x00, 0x07, 0x07, 0x02, 0x00, 0x04, 0x07, 0x02, 0x00,
    0x03, 0x07, 0x08, 0x00, 0x03, 0x07, 0x02, 0x00, 0x03, 0x07, 0x03, 0x00, 0x06, 0x07, 0x02, 0x00,
    0x02, 0x07, 0x03, 0x00, 0x07, 0x07, 0x04, 0x00, 0x01, 0x07, 0x02, 0x00, 0x07, 0x07, 0x02, 0x00,
    0x03, 0x07, 0x02, 0x00, 0x04, 0x07, 0x08, 0x00, 0x04, 0x07, 0x01, 0x00, 0x03, 0x07, 0x03, 0x00,
    0x07, 0x07, 0x01, 0x00, 0x02, 0x07, 0x02, 0x00, 0x09, 0x07, 0x03, 0x00, 0x01, 0x07, 0x01, 0x00,
    0x08, 0x07, 0x02, 0x00, 0x03, 0x07, 0x01, 0x00, 0x05, 0x07, 0x08, 0x00, 0x04, 0x07, 0x02, 0x00,
    0x01, 0x07, 0x04, 0x00, 0x07, 0x07, 0x02, 0x00, 0x01, 0x07, 0x02, 0x00, 0x09, 0x07, 0x05, 0x00,
    0x08, 0x07, 0x03, 0x00, 0x01, 0x07, 0x02, 0x00, 0x05, 0x07, 0x09, 0x00, 0x04, 0x07, 0x01, 0x00,
    0x01, 0x07, 0x01, 0x00, 0x01, 0x07, 0x02, 0x00, 0x08, 0x07, 0x01, 0x00, 0x01, 0x07, 0x02, 0x00,
    0x0a, 0x07, 0x03, 0x00, 0x09, 0x07, 0x03, 0x00, 0x01, 0x07, 0x01, 0x00, 0x05, 0x07, 0x0a, 0x00,
    0x04, 0x07, 0x03, 0x00, 0x01, 0x07, 0x02, 0x00, 0x08, 0x07, 0x04, 0x00, 0x0a, 0x07, 0x03, 0x00,
    0x09, 0x07, 0x05, 0x00, 0x05, 0x07, 0x0b, 0x00, 0x04, 0x07, 0x01, 0x00, 0x02, 0x07, 0x02, 0x00,
    0x09, 0x07, 0x03, 0x00, 0x0a, 0x07, 0x02, 0x00, 0x0a, 0x07, 0x02, 0x00, 0x01, 0x07, 0x01, 0x00,
    0x05, 0x07, 0x0d, 0x00, 0x06, 0x07, 0x02, 0x00, 0x0a, 0x07, 0x02, 0x00, 0x0a, 0x07, 0x02, 0x00,
    0x0a, 0x07, 0x02, 0x00, 0x06, 0x07, 0x0f, 0x00, 0x05, 0x07, 0x02, 0x00, 0x0a, 0x07, 0x02, 0x00,
    0x0a, 0x07, 0x02, 0x00, 0x0a, 0x07, 0x02, 0x00, 0x05, 0x07, 0x11, 0x00, 0x04, 0x07, 0x02, 0x00,
    0x0a, 0x07, 0x02, 0x00, 0x0a, 0x07, 0x02, 0x00, 0x0a, 0x07, 0x02, 0x00, 0x04, 0x07, 0x14, 0x00,
    0x02, 0x07, 0x02, 0x00, 0x0a, 0x07, 0x02, 0x00, 0x0a, 0x07, 0x02, 0x00, 0x0a, 0x07, 0x02, 0x00,
    0x02, 0x07, 0x1a, 0x00, 0x0a, 0x07, 0x02, 0x00, 0x0a, 0x07, 0x02, 0x00, 0x0a, 0x07, 0xcf, 0x00,
    0xcf, 0x00, 0x0a, 0x06, 0x02, 0x00, 0x0a, 0x06, 0x02, 0x00, 0x0a, 0x06, 0x1a, 0x00, 0x02, 0x06,
    0x02, 0x00, 0x0a, 0x06, 0x02, 0x00, 0x0a, 0x06, 0x02, 0x00, 0x0a, 0x06, 0x02, 0x00, 0x02, 0x06,
    0x14, 0x00, 0x04, 0x06, 0x02, 0x00, 0x0a, 0x06, 0x02, 0x00, 0x0a, 0x06, 0x02, 0x00, 0x0a, 0x06,
    0x02, 0x00, 0x04, 0x06, 0x11, 0x00, 0x05, 0x06, 0x02, 0x00, 0x0a, 0x06, 0x02, 0x00, 0x0a, 0x06,
    0x02, 0x00, 0x0a, 0x06, 0x02, 0x00, 0x05, 0x06, 0x0f, 0x00, 0x06, 0x06, 0x02, 0x00, 0x0a, 0x06,
    0x02, 0x00, 0x0a, 0x06, 0x02, 0x00, 0x0a, 0x06, 0x02, 0x00, 0x06, 0x06, 0x0d, 0x00, 0x07, 0x06,
    0x02, 0x00, 0x0a, 0x06, 0x02, 0x00, 0x0a, 0x06, 0x02, 0x00, 0x0a, 0x06, 0x02, 0x00, 0x07, 0x06,
    0x0b, 0x00, 0x08, 0x06, 0x02, 0x00, 0x02, 0x06, 0x01, 0x00, 0x07, 0x06, 0x02, 0x00, 0x04, 0x06,
    0x01, 0x00, 0x05, 0x06, 0x02, 0x00, 0x06, 0x06, 0x01, 0x00, 0x03, 0x06, 0x02, 0x00, 0x08, 0x06,
    0x0a, 0x00, 0x08, 0x06, 0x02, 0x00, 0x01, 0x06, 0x03, 0x00, 0x06, 0x06, 0x02, 0x00, 0x03, 0x06,
    0x03, 0x00, 0x04, 0x06, 0x02, 0x00, 0x05, 0x06, 0x03, 0x00, 0x02, 0x06, 0x02, 0x00, 0x08, 0x06,
    0x0a, 0x00, 0x08, 0x06, 0x02, 0x00, 0x01, 0x06, 0x01, 0x00, 0x01, 0x06, 0x01, 0x00, 0x06, 0x06,
    0x02, 0x00, 0x03, 0x06, 0x01, 0x00, 0x01, 0x06, 0x01, 0x00, 0x04, 0x06, 0x02, 0x00, 0x05, 0x06,
    0x01, 0x00, 0x01, 0x06, 0x01, 0x00, 0x02, 0x06, 0x02, 0x00, 0x08, 0x06, 0x0b, 0x00, 0x07, 0x06,
    0x04, 0x00, 0x01, 0x06, 0x02, 0x00, 0x05, 0x06, 0x02, 0x00, 0x02, 0x06, 0x02, 0x00, 0x01, 0x06,
    0x02, 0x00, 0x03, 0x06, 0x02, 0x00, 0x04, 0x06, 0x02, 0x00, 0x01, 0x06, 0x02, 0x00, 0x01, 0x06,
    0x02, 0x00, 0x07, 0x06, 0x0a, 0x00, 0x01, 0x06, 0x01, 0x00, 0x07, 0x06, 0x03, 0x00, 0x03, 0x06,
    0x01, 0x00, 0x05, 0x06, 0x02, 0x00, 0x02, 0x06, 0x01, 0x00, 0x03, 0x06, 0x01, 0x00, 0x03, 0x06,
    0x02, 0x00, 0x04, 0x06, 0x01, 0x00, 0x03, 0x06, 0x01, 0x00, 0x01, 0x06, 0x02, 0x00, 0x07, 0x06,
    0x01, 0x00, 0x01, 0x06, 0x08, 0x00, 0x01, 0x06, 0x02, 0x00, 0x06, 0x06, 0x03, 0x00, 0x03, 0x06,
    0x02, 0x00, 0x04, 0x06, 0x02, 0x00, 0x01, 0x06, 0x02, 0x00, 0x03, 0x06, 0x02, 0x00, 0x02, 0x06,
    0x02, 0x00, 0x03, 0x06, 0x02, 0x00, 0x03, 0x06, 0x04, 0x00, 0x06, 0x06, 0x02, 0x00, 0x01, 0x06,
    0x07, 0x00, 0x03, 0x06, 0x01, 0x00, 0x06, 0x06, 0x02, 0x00, 0x05, 0x06, 0x01, 0x00, 0x04, 0x06,
    0x02, 0x00, 0x01, 0x06, 0x01, 0x00, 0x05, 0x06, 0x01, 0x00, 0x02, 0x06, 0x02, 0x00, 0x03, 0x06,
    0x01, 0x00, 0x05, 0x06, 0x03, 0x00, 0x05, 0x06, 0x02, 0x00, 0x03, 0x06, 0x06, 0x00, 0x03, 0x06,
    0x02, 0x00, 0x05, 0x06, 0x02, 0x00, 0x05, 0x06, 0x02, 0x00, 0x03, 0x06, 0x04, 0x00, 0x05, 0x06,
    0x02, 0x00, 0x01, 0x06, 0x02, 0x00, 0x02, 0x06, 0x02, 0x00, 0x05, 0x06, 0x03, 0x00, 0x05, 0x06,
    0x01, 0x00, 0x04, 0x06, 0x07, 0x00, 0x03, 0x06, 0x01, 0x00, 0x05, 0x06, 0x02, 0x00, 0x06, 0x06,
    0x01, 0x00, 0x03, 0x06, 0x03, 0x00, 0x07, 0x06, 0x01, 0x00, 0x01, 0x06, 0x02, 0x00, 0x02, 0x06,
    0x01, 0x00, 0x07, 0x06, 0x02, 0x00, 0x04, 0x06, 0x02, 0x00, 0x03, 0x06, 0x08, 0x00, 0x03, 0x06,
    0x02, 0x00, 0x03, 0x06, 0x03, 0x00, 0x06, 0x06, 0x02, 0x00, 0x02, 0x06, 0x03, 0x00, 0x07, 0x06,
    0x04, 0x00, 0x01, 0x06, 0x02, 0x00, 0x07, 0x06, 0x02, 0x00, 0x03, 0x06, 0x02, 0x00, 0x04, 0x06,
    0x08, 0x00, 0x04, 0x06, 0x01, 0x00, 0x03, 0x06, 0x03, 0x00, 0x07, 0x06, 0x01, 0x00, 0x02, 0x06,
    0x02, 0x00, 0x09, 0x06, 0x03, 0x00, 0x01, 0x06, 0x01, 0x00, 0x08, 0x06, 0x02, 0x00, 0x03, 0x06,
    0x01, 0x00, 0x05, 0x06, 0x08, 0x00, 0x04, 0x06, 0x02, 0x00, 0x01, 0x06, 0x04, 0x00, 0x07, 0x06,
    0x02, 0x00, 0x01, 0x06, 0x02, 0x00, 0x09, 0x06, 0x05, 0x00, 0x08, 0x06, 0x03, 0x00, 0x01, 0x06,
    0x02, 0x00, 0x05, 0x06, 0x09, 0x00, 0x04, 0x06, 0x01, 0x00, 0x01, 0x06, 0x01, 0x00, 0x01, 0x06,
    0x02, 0x00, 0x08, 0x06, 0x01, 0x00, 0x01, 0x06, 0x02, 0x00, 0x0a, 0x06, 0x03, 0x00, 0x09, 0x06,
    0x03, 0x00, 0x01, 0x06, 0x01, 0x00, 0x05, 0x06, 0x0a, 0x00, 0x04, 0x06, 0x03, 0x00, 0x01, 0x06,
    0x02, 0x00, 0x08, 0x06, 0x04, 0x00, 0x0a, 0x06, 0x03, 0x00, 0x09, 0x06, 0x05, 0x00, 0x05, 0x06,
    0x0b, 0x00, 0x04, 0x06, 0x01, 0x00, 0x02, 0x06, 0x02, 0x00, 0x09, 0x06, 0x03, 0x00, 0x0a, 0x06,
    0x02, 0x00, 0x0a, 0x06, 0x02, 0x00, 0x01, 0x06, 0x01, 0x00, 0x05, 0x06, 0x0d, 0x00, 0x06, 0x06,
    0x02, 0x00, 0x0a, 0x06, 0x02, 0x00, 0x0a, 0x06, 0x02, 0x00, 0x0a, 0x06, 0x02, 0x00, 0x06, 0x06,
    0x0f, 0x00, 0x05, 0x06, 0x02, 0x00, 0x0a, 0x06, 0x02, 0x00, 0x0a, 0x06, 0x02, 0x00, 0x0a, 0x06,
    0x02, 0x00, 0x05, 0x06, 0x11, 0x00, 0x04, 0x06, 0x02, 0x00, 0x0a, 0x06, 0x02, 0x00, 0x0a, 0x06,
    0x02, 0x00, 0x0a, 0x06, 0x02, 0x00, 0x04, 0x06, 0x14, 0x00, 0x02, 0x06, 0x02, 0x00, 0x0a, 0x06,
    0x02, 0x00, 0x0a, 0x06, 0x02, 0x00, 0x0a, 0x06, 0x02, 0x00, 0x02, 0x06, 0x1a, 0x00, 0x0a, 0x06,
    0x02, 0x00, 0x0a, 0x06, 0x02, 0x00, 0x0a, 0x06, 0xcf, 0x00, 0xff, 0x00, 0xff, 0x00, 0xff, 0x00,
    0xff, 0x00, 0xff, 0x00, 0xa4, 0x00, 0x02, 0x01, 0x3d, 0x00, 0x04, 0x01, 0x3d, 0x00, 0x02, 0x01,
    0xff, 0x00, 0xe0, 0x00, 0xcf, 0x00, 0x0a, 0x01, 0x02, 0x00, 0x0a, 0x01, 0x02, 0x00, 0x0a, 0x01,
    0x1a, 0x00, 0x02, 0x01, 0x02, 0x00, 0x0a, 0x01, 0x02, 0x00, 0x0a, 0x01, 0x02, 0x00, 0x0a, 0x01,
    0x02, 0x00, 0x02, 0x01, 0x14, 0x00, 0x04, 0x01, 0x02, 0x00, 0x0a, 0x01, 0x02, 0x00, 0x0a, 0x01,
    0x02, 0x00, 0x0a, 0x01, 0x02, 0x00, 0x04, 0x01, 0x11, 0x00, 0x05, 0x01, 0x02, 0x00, 0x0a, 0x01,
    0x02, 0x00, 0x0a, 0x01, 0x02, 0x00, 0x0a, 0x01, 0x02, 0x00, 0x05, 0x01, 0x0f, 0x00, 0x06, 0x01,
    0x02, 0x00, 0x0a, 0x01, 0x02, 0x00, 0x0a, 0x01, 0x02, 0x00, 0x0a, 0x01, 0x02, 0x00, 0x06, 0x01,
    0x0d, 0x00, 0x07, 0x01, 0x02, 0x00, 0x0a, 0x01, 0x02, 0x00, 0x0a, 0x01, 0x02, 0x00, 0x0a, 0x01,
    0x02, 0x00, 0x07, 0x01, 0x0b, 0x00, 0x08, 0x01, 0x02, 0x00, 0x0a, 0x01, 0x02, 0x00, 0x0a, 0x01,
    0x02, 0x00, 0x0a, 0x01, 0x02, 0x00, 0x08, 0x01, 0x0a, 0x00, 0x08, 0x01, 0x02, 0x00, 0x0a, 0x01,
    0x02, 0x00, 0x0a, 0x01, 0x02, 0x00, 0x0a, 0x01, 0x02, 0x00, 0x08, 0x01, 0x89, 0x00, 0x09, 0x01,
    0x02, 0x00, 0x0a, 0x01, 0x02, 0x00, 0x0a, 0x01, 0x02, 0x00, 0x0a, 0x01, 0x02, 0x00, 0x09, 0x01,
    0x08, 0x00, 0x09, 0x01, 0x02, 0x00, 0x0a, 0x01, 0x02, 0x00, 0x0a, 0x01, 0x02, 0x00, 0x0a, 0x01,
    0x02, 0x00, 0x09, 0x01, 0x07, 0x00, 0x0a, 0x01, 0x02, 0x00, 0x0a, 0x01, 0x02, 0x00, 0x0a, 0x01,
    0x02, 0x00, 0x0a, 0x01, 0x02, 0x00, 0x0a, 0x01, 0x06, 0x00, 0x0a, 0x01, 0x02, 0x00, 0x0a, 0x01,
    0x02, 0x00, 0x0a, 0x01, 0x02, 0x00, 0x0a, 0x01, 0x02, 0x00, 0x0a, 0x01, 0x07, 0x00, 0x09, 0x01,
    0x02, 0x00, 0x0a, 0x01, 0x02, 0x00, 0x0a, 0x01, 0x02, 0x00, 0x0a, 0x01, 0x02, 0x00, 0x09, 0x01,
    0x08, 0x00, 0x09, 0x01, 0x02, 0x00, 0x0a, 0x01, 0x02, 0x00, 0x0a, 0x01, 0x02, 0x00, 0x0a, 0x01,
    0x02, 0x00, 0x09, 0x01, 0x08, 0x00, 0x09, 0x01, 0x02, 0x00, 0x0a, 0x01, 0x02, 0x00, 0x0a, 0x01,
    0x02, 0x00, 0x0a, 0x01, 0x02, 0x00, 0x09, 0x01, 0x89, 0x00, 0x08, 0x01, 0x02, 0x00, 0x0a, 0x01,
    0x02, 0x00, 0x0a, 0x01, 0x02, 0x00, 0x0a, 0x01, 0x02, 0x00, 0x08, 0x01, 0x0b, 0x00, 0x07, 0x01,
    0x02, 0x00, 0x0a, 0x01, 0x02, 0x00, 0x0a, 0x01, 0x02, 0x00, 0x0a, 0x01, 0x02, 0x00, 0x07, 0x01,
    0x0d, 0x00, 0x06, 0x01, 0x02, 0x00, 0x0a, 0x01, 0x02, 0x00, 0x0a, 0x01, 0x02, 0x00, 0x0a, 0x01,
    0x02, 0x00, 0x06, 0x01, 0x0f, 0x00, 0x05, 0x01, 0x02, 0x00, 0x0a, 0x01, 0x02, 0x00, 0x0a, 0x01,
    0x02, 0x00, 0x0a, 0x01, 0x02, 0x00, 0x05, 0x01, 0x11, 0x00, 0x04, 0x01, 0x02, 0x00, 0x0a, 0x01,
    0x02, 0x00, 0x0a, 0x01, 0x02, 0x00, 0x0a, 0x01, 0x02, 0x00, 0x04, 0x01, 0x14, 0x00, 0x02, 0x01,
    0x02, 0x00, 0x0a, 0x01, 0x02, 0x00, 0x0a, 0x01, 0x02, 0x00, 0x0a, 0x01, 0x02, 0x00, 0x02, 0x01,
    0x1a, 0x00, 0x0a, 0x01, 0x02, 0x00, 0x0a, 0x01, 0x02, 0x00, 0x0a, 0x01, 0xcf, 0x00, 0xcf, 0x00,
    0x0a, 0x01, 0x02, 0x00, 0x0a, 0x01, 0x02, 0x00, 0x0a, 0x01, 0x1a, 0x00, 0x02, 0x01, 0x02, 0x00,
    0x0a, 0x01, 0x02, 0x00, 0x0a, 0x01, 0x02, 0x00, 0x0a, 0x01, 0x02, 0x00, 0x02, 0x01, 0x14, 0x00,
    0x04, 0x01, 0x02, 0x00, 0x0a, 0x01, 0x02, 0x00, 0x0a, 0x01, 0x02, 0x00, 0x0a, 0x01, 0x02, 0x00,
    0x04, 0x01, 0x11, 0x00, 0x05, 0x01, 0x02, 0x00, 0x0a, 0x01, 0x02, 0x00, 0x0a, 0x01, 0x02, 0x00,
    0x0a, 0x01, 0x02, 0x00, 0x05, 0x01, 0x0f, 0x00, 0x06, 0x01, 0x02, 0x00, 0x0a, 0x01, 0x02, 0x00,
    0x0a, 0x01, 0x02, 0x00, 0x0a, 0x01, 0x02, 0x00, 0x06, 0x01, 0x0d, 0x00, 0x07, 0x01, 0x02, 0x00,
    0x0a, 0x01, 0x02, 0x00, 0x0a, 0x01, 0x02, 0x00, 0x0a, 0x01, 0x02, 0x00, 0x07, 0x01, 0x0b, 0x00,
    0x08, 0x01, 0x02, 0x00, 0x0a, 0x01, 0x02, 0x00, 0x0a, 0x01, 0x02, 0x00, 0x0a, 0x01, 0x02, 0x00,
    0x08, 0x01, 0x0a, 0x00, 0x08, 0x01, 0x02, 0x00, 0x0a, 0x01, 0x02, 0x00, 0x0a, 0x01, 0x02, 0x00,
    0x0a, 0x01, 0x02, 0x00, 0x08, 0x01, 0x89, 0x00, 0x09, 0x01, 0x02, 0x00, 0x0a, 0x01, 0x02, 0x00,
    0x0a, 0x01, 0x02, 0x00, 0x0a, 0x01, 0x02, 0x00, 0x09, 0x01, 0x08, 0x00, 0x09, 0x01, 0x02, 0x00,
    0x0a, 0x01, 0x02, 0x00, 0x0a, 0x01, 0x02, 0x00, 0x0a, 0x01, 0x02, 0x00, 0x09, 0x01, 0x07, 0x00,
    0x0a, 0x01, 0x02, 0x00, 0x0a, 0x01, 0x02, 0x00, 0x0a, 0x01, 0x02, 0x00, 0x0a, 0x01, 0x02, 0x00,
    0x0a, 0x01, 0x06, 0x00, 0x0a, 0x01, 0x02, 0x00, 0x0a, 0x01, 0x02, 0x00, 0x0a, 0x01, 0x02, 0x00,
    0x0a, 0x01, 0x02, 0x00, 0x0a, 0x01, 0x07, 0x00, 0x09, 0x01, 0x02, 0x00, 0x0a, 0x01, 0x02, 0x00,
    0x0a, 0x01, 0x02, 0x00, 0x0a, 0x01, 0x02, 0x00, 0x09, 0x01, 0x08, 0x00, 0x09, 0x01, 0x02, 0x00,
    0x0a, 0x01, 0x02, 0x00, 0x0a, 0x01, 0x02, 0x00, 0x0a, 0x01, 0x02, 0x00, 0x09, 0x01, 0x08, 0x00,
    0x09, 0x01, 0x02, 0x00, 0x0a, 0x01, 0x02, 0x00, 0x0a, 0x01, 0x02, 0x00, 0x0a, 0x01, 0x02, 0x00,
    0x09, 0x01, 0x89, 0x00, 0x08, 0x01, 0x02, 0x00, 0x0a, 0x01, 0x02, 0x00, 0x0a, 0x01, 0x02, 0x00,
    0x0a, 0x01, 0x02, 0x00, 0x08, 0x01, 0x0b, 0x00, 0x07, 0x01, 0x02, 0x00, 0x0a, 0x01, 0x02, 0x00,
    0x0a, 0x01, 0x02, 0x00, 0x0a, 0x01, 0x02, 0x00, 0x07, 0x01, 0x0d, 0x00, 0x06, 0x01, 0x02, 0x00,
    0x0a, 0x01, 0x02, 0x00, 0x0a, 0x01, 0x02, 0x00, 0x0a, 0x01, 0x02, 0x00, 0x06, 0x01, 0x0f, 0x00,
    0x05, 0x01, 0x02, 0x00, 0x0a, 0x01, 0x02, 0x00, 0x0a, 0x01, 0x02, 0x00, 0x0a, 0x01, 0x02, 0x00,
    0x05, 0x01, 0x11, 0x00, 0x04, 0x01, 0x02, 0x00, 0x0a, 0x01, 0x02, 0x00, 0x0a, 0x01, 0x02, 0x00,
    0x0a, 0x01, 0x02, 0x00, 0x04, 0x01, 0x14, 0x00, 0x02, 0x01, 0x02, 0x00, 0x0a, 0x01, 0x02, 0x00,
    0x0a, 0x01, 0x02, 0x00, 0x0a, 0x01, 0x02, 0x00, 0x02, 0x01, 0x1a, 0x00, 0x0a, 0x01, 0x02, 0x00,
    0x0a, 0x01, 0x02, 0x00, 0x0a, 0x01, 0xcf, 0x00, 0xcf, 0x00, 0x0a, 0x01, 0x02, 0x00, 0x0a, 0x01,
    0x02, 0x00, 0x0a, 0x01, 0x1a, 0x00, 0x02, 0x01, 0x02, 0x00, 0x0a, 0x01, 0x02, 0x00, 0x0a, 0x01,
    0x02, 0x00, 0x0a, 0x01, 0x02, 0x00, 0x02, 0x01, 0x14, 0x00, 0x04, 0x01, 0x02, 0x00, 0x0a, 0x01,
    0x02, 0x00, 0x0a, 0x01, 0x02, 0x00, 0x0a, 0x01, 0x02, 0x00, 0x04, 0x01, 0x11, 0x00, 0x05, 0x01,
    0x02, 0x00, 0x0a, 0x01, 0x02, 0x00, 0x0a, 0x01, 0x02, 0x00, 0x0a, 0x01, 0x02, 0x00, 0x05, 0x01,
    0x0f, 0x00, 0x06, 0x01, 0x02, 0x00, 0x0a, 0x01, 0x02, 0x00, 0x0a, 0x01, 0x02, 0x00, 0x0a, 0x01,
    0x02, 0x00, 0x06, 0x01, 0x0d, 0x00, 0x07, 0x01, 0x02, 0x00, 0x0a, 0x01, 0x02, 0x00, 0x0a, 0x01,
    0x02, 0x00, 0x0a, 0x01, 0x02, 0x00, 0x07, 0x01, 0x0b, 0x00, 0x08, 0x01, 0x02, 0x00, 0x0a, 0x01,
    0x02, 0x00, 0x0a, 0x01, 0x02, 0x00, 0x0a, 0x01, 0x02, 0x00, 0x08, 0x01, 0x0a, 0x00, 0x08, 0x01,
    0x02, 0x00, 0x0a, 0x01, 0x02, 0x00, 0x0a, 0x01, 0x02, 0x00, 0x0a, 0x01, 0x02, 0x00, 0x08, 0x01,
    0x89, 0x00, 0x09, 0x01, 0x02, 0x00, 0x0a, 0x01, 0x02, 0x00, 0x0a, 0x01, 0x02, 0x00, 0x0a, 0x01,
    0x02, 0x00, 0x09, 0x01, 0x08, 0x00, 0x09, 0x01, 0x02, 0x00, 0x0a, 0x01, 0x02, 0x00, 0x0a, 0x01,
    0x02, 0x00, 0x0a, 0x01, 0x02, 0x00, 0x09, 0x01, 0x07, 0x00, 0x05, 0x01, 0x01, 0x03, 0x04, 0x01,
    0x02, 0x00, 0x0a, 0x01, 0x02, 0x00, 0x0a, 0x01, 0x02, 0x00, 0x0a, 0x01, 0x02, 0x00, 0x0a, 0x01,
    0x06, 0x00, 0x04, 0x01, 0x03, 0x03, 0x03, 0x01, 0x02, 0x00, 0x0a, 0x01, 0x02, 0x00, 0x0a, 0x01,
    0x02, 0x00, 0x0a, 0x01, 0x02, 0x00, 0x0a, 0x01, 0x07, 0x00, 0x04, 0x01, 0x01, 0x03, 0x04, 0x01,
    0x02, 0x00, 0x0a, 0x01, 0x02, 0x00, 0x0a, 0x01, 0x02, 0x00, 0x0a, 0x01, 0x02, 0x00, 0x09, 0x01,
    0x08, 0x00, 0x09, 0x01, 0x02, 0x00, 0x0a, 0x01, 0x02, 0x00, 0x0a, 0x01, 0x02, 0x00, 0x0a, 0x01,
    0x02, 0x00, 0x09, 0x01, 0x08, 0x00, 0x09, 0x01, 0x02, 0x00, 0x0a, 0x01, 0x02, 0x00, 0x0a, 0x01,
    0x02, 0x00, 0x0a, 0x01, 0x02, 0x00, 0x09, 0x01, 0x89, 0x00, 0x08, 0x01, 0x02, 0x00, 0x0a, 0x01,
    0x02, 0x00, 0x0a, 0x01, 0x02, 0x00, 0x0a, 0x01, 0x02, 0x00, 0x08, 0x01, 0x0b, 0x00, 0x07, 0x01,
    0x02, 0x00, 0x0a, 0x01, 0x02, 0x00, 0x0a, 0x01, 0x02, 0x00, 0x0a, 0x01, 0x02, 0x00, 0x07, 0x01,
    0x0d, 0x00, 0x06, 0x01, 0x02, 0x00, 0x0a, 0x01, 0x02, 0x00, 0x0a, 0x01, 0x02, 0x00, 0x0a, 0x01,
    0x02, 0x00, 0x06, 0x01, 0x0f, 0x00, 0x05, 0x01, 0x02, 0x00, 0x0a, 0x01, 0x02, 0x00, 0x0a, 0x01,
    0x02, 0x00, 0x0a, 0x01, 0x02, 0x00, 0x05, 0x01, 0x11, 0x00, 0x04, 0x01, 0x02, 0x00, 0x0a, 0x01,
    0x02, 0x00, 0x0a, 0x01, 0x02, 0x00, 0x0a, 0x01, 0x02, 0x00, 0x04, 0x01, 0x14, 0x00, 0x02, 0x01,
    0x02, 0x00, 0x0a, 0x01, 0x02, 0x00, 0x0a, 0x01, 0x02, 0x00, 0x0a, 0x01, 0x02, 0x00, 0x02, 0x01,
    0x1a, 0x00, 0x0a, 0x01, 0x02, 0x00, 0x0a, 0x01, 0x02, 0x00, 0x0a, 0x01, 0xcf, 0x00, 0xcf, 0x00,
    0x0a, 0x01, 0x02, 0x00, 0x0a, 0x01, 0x02, 0x00, 0x0a, 0x01, 0x1a, 0x00, 0x02, 0x01, 0x02, 0x00,
    0x0a, 0x01, 0x02, 0x00, 0x0a, 0x01, 0x02, 0x00, 0x0a, 0x01, 0x02, 0x00, 0x02, 0x01, 0x14, 0x00,
    0x04, 0x01, 0x02, 0x00, 0x0a, 0x01, 0x02, 0x00, 0x0a, 0x01, 0x02, 0x00, 0x0a, 0x01, 0x02, 0x00,
    0x04, 0x01, 0x11, 0x00, 0x05, 0x01, 0x02, 0x00, 0x0a, 0x01, 0x02, 0x00, 0x0a, 0x01, 0x02, 0x00,
    0x0a, 0x01, 0x02, 0x00, 0x05, 0x01, 0x0f, 0x00, 0x06, 0x01, 0x02, 0x00, 0x0a, 0x01, 0x02, 0x00,
    0x0a, 0x01, 0x02, 0x00, 0x0a, 0x01, 0x02, 0x00, 0x06, 0x01, 0x0d, 0x00, 0x07, 0x01, 0x02, 0x00,
    0x0a, 0x01, 0x02, 0x00, 0x0a, 0x01, 0x02, 0x00, 0x0a, 0x01, 0x02, 0x00, 0x07, 0x01, 0x0b, 0x00,
    0x08, 0x01, 0x02, 0x00, 0x0a, 0x01, 0x02, 0x00, 0x0a, 0x01, 0x02, 0x00, 0x0a, 0x01, 0x02, 0x00,
    0x08, 0x01, 0x0a, 0x00, 0x08, 0x01, 0x02, 0x00, 0x0a, 0x01, 0x02, 0x00, 0x0a, 0x01, 0x02, 0x00,
    0x0a, 0x01, 0x02, 0x00, 0x08, 0x01, 0x89, 0x00, 0x09, 0x01, 0x02, 0x00, 0x0a, 0x01, 0x02, 0x00,
    0x0a, 0x01, 0x02, 0x00, 0x0a, 0x01, 0x02, 0x00, 0x09, 0x01, 0x08, 0x00, 0x09, 0x01, 0x02, 0x00,
    0x0a, 0x01, 0x02, 0x00, 0x0a, 0x01, 0x02, 0x00, 0x0a, 0x01, 0x02, 0x00, 0x09, 0x01, 0x07, 0x00,
    0x0a, 0x01, 0x01, 0x00, 0x01, 0x03, 0x0a, 0x01, 0x02, 0x00, 0x0a, 0x01, 0x02, 0x00, 0x0a, 0x01,
    0x02, 0x00, 0x0a, 0x01, 0x06, 0x00, 0x0a, 0x01, 0x03, 0x03, 0x09, 0x01, 0x02, 0x00, 0x0a, 0x01,
    0x02, 0x00, 0x0a, 0x01, 0x02, 0x00, 0x0a, 0x01, 0x07, 0x00, 0x09, 0x01, 0x01, 0x00, 0x01, 0x03,
    0x0a, 0x01, 0x02, 0x00, 0x0a, 0x01, 0x02, 0x00, 0x0a, 0x01, 0x02, 0x00, 0x09, 0x01, 0x08, 0x00,
    0x09, 0x01, 0x02, 0x00, 0x0a, 0x01, 0x02, 0x00, 0x0a, 0x01, 0x02, 0x00, 0x0a, 0x01, 0x02, 0x00,
    0x09, 0x01, 0x08, 0x00, 0x09, 0x01, 0x02, 0x00, 0x0a, 0x01, 0x02, 0x00, 0x0a, 0x01, 0x02, 0x00,
    0x0a, 0x01, 0x02, 0x00, 0x09, 0x01, 0x89, 0x00, 0x08, 0x01, 0x02, 0x00, 0x0a, 0x01, 0x02, 0x00,
    0x0a, 0x01, 0x02, 0x00, 0x0a, 0x01, 0x02, 0x00, 0x08, 0x01, 0x0b, 0x00, 0x07, 0x01, 0x02, 0x00,
    0x0a, 0x01, 0x02, 0x00, 0x0a, 0x01, 0x02, 0x00, 0x0a, 0x01, 0x02, 0x00, 0x07, 0x01, 0x0d, 0x00,
    0x06, 0x01, 0x02, 0x00, 0x0a, 0x01, 0x02, 0x00, 0x0a, 0x01, 0x02, 0x00, 0x0a, 0x01, 0x02, 0x00,
    0x06, 0x01, 0x0f, 0x00, 0x05, 0x01, 0x02, 0x00, 0x0a, 0x01, 0x02, 0x00, 0x0a, 0x01, 0x02, 0x00,
    0x0a, 0x01, 0x02, 0x00, 0x05, 0x01, 0x11, 0x00, 0x04, 0x01, 0x02, 0x00, 0x0a, 0x01, 0x02, 0x00,
    0x0a, 0x01, 0x02, 0x00, 0x0a, 0x01, 0x02, 0x00, 0x04, 0x01, 0x14, 0x00, 0x02, 0x01, 0x02, 0x00,
    0x0a, 0x01, 0x02, 0x00, 0x0a, 0x01, 0x02, 0x00, 0x0a, 0x01, 0x02, 0x00, 0x02, 0x01, 0x1a, 0x00,
    0x0a, 0x01, 0x02, 0x00, 0x0a, 0x01, 0x02, 0x00, 0x0a, 0x01, 0xcf, 0x00, 0xcf, 0x00, 0x0a, 0x01,
    0x02, 0x00, 0x0a, 0x01, 0x02, 0x00, 0x0a, 0x01, 0x1a, 0x00, 0x02, 0x01, 0x02, 0x00, 0x0a, 0x01,
    0x02, 0x00, 0x0a, 0x01, 0x02, 0x00, 0x0a, 0x01, 0x02, 0x00, 0x02, 0x01, 0x14, 0x00, 0x04, 0x01,
    0x02, 0x00, 0x0a, 0x01, 0x02, 0x00, 0x0a, 0x01, 0x02, 0x00, 0x0a, 0x01, 0x02, 0x00, 0x04, 0x01,
    0x11, 0x00, 0x05, 0x01, 0x02, 0x00, 0x0a, 0x01, 0x02, 0x00, 0x0a, 0x01, 0x02, 0x00, 0x0a, 0x01,
    0x02, 0x00, 0x05, 0x01, 0x0f, 0x00, 0x06, 0x01, 0x02, 0x00, 0x0a, 0x01, 0x02, 0x00, 0x0a, 0x01,
    0x02, 0x00, 0x0a, 0x01, 0x02, 0x00, 0x06, 0x01, 0x0d, 0x00, 0x07, 0x01, 0x02, 0x00, 0x0a, 0x01,
    0x02, 0x00, 0x0a, 0x01, 0x02, 0x00, 0x0a, 0x01, 0x02, 0x00, 0x07, 0x01, 0x0b, 0x00, 0x08, 0x01,
    0x02, 0x00, 0x0a, 0x01, 0x02, 0x00, 0x0a, 0x01, 0x02, 0x00, 0x0a, 0x01, 0x02, 0x00, 0x08, 0x01,
    0x0a, 0x00, 0x08, 0x01, 0x02, 0x00, 0x0a, 0x01, 0x02, 0x00, 0x0a, 0x01, 0x02, 0x00, 0x0a, 0x01,
    0x02, 0x00, 0x08, 0x01, 0x89, 0x00, 0x09, 0x01, 0x02, 0x00, 0x0a, 0x01, 0x02, 0x00, 0x0a, 0x01,
    0x02, 0x00, 0x0a, 0x01, 0x02, 0x00, 0x09, 0x01, 0x08, 0x00, 0x09, 0x01, 0x02, 0x00, 0x0a, 0x01,
    0x02, 0x00, 0x0a, 0x01, 0x02, 0x00, 0x0a, 0x01, 0x02, 0x00, 0x09, 0x01, 0x07, 0x00, 0x0a, 0x01,
    0x02, 0x00, 0x05, 0x01, 0x01, 0x03, 0x04, 0x01, 0x02, 0x00, 0x0a, 0x01, 0x02, 0x00, 0x0a, 0x01,
    0x02, 0x00, 0x0a, 0x01, 0x06, 0x00, 0x0a, 0x01, 0x02, 0x00, 0x04, 0x01, 0x03, 0x03, 0x03, 0x01,
    0x02, 0x00, 0x0a, 0x01, 0x02, 0x00, 0x0a, 0x01, 0x02, 0x00, 0x0a, 0x01, 0x07, 0x00, 0x09, 0x01,
    0x02, 0x00, 0x05, 0x01, 0x01, 0x03, 0x04, 0x01, 0x02, 0x00, 0x0a, 0x01, 0x02, 0x00, 0x0a, 0x01,
    0x02, 0x00, 0x09, 0x01, 0x08, 0x00, 0x09, 0x01, 0x02, 0x00, 0x0a, 0x01, 0x02, 0x00, 0x0a, 0x01,
    0x02, 0x00, 0x0a, 0x01, 0x02, 0x00, 0x09, 0x01, 0x08, 0x00, 0x09, 0x01, 0x02, 0x00, 0x0a, 0x01,
    0x02, 0x00, 0x0a, 0x01, 0x02, 0x00, 0x0a, 0x01, 0x02, 0x00, 0x09, 0x01, 0x89, 0x00, 0x08, 0x01,
    0x02, 0x00, 0x0a, 0x01, 0x02, 0x00, 0x0a, 0x01, 0x02, 0x00, 0x0a, 0x01, 0x02, 0x00, 0x08, 0x01,
    0x0b, 0x00, 0x07, 0x01, 0x02, 0x00, 0x0a, 0x01, 0x02, 0x00, 0x0a, 0x01, 0x02, 0x00, 0x0a, 0x01,
    0x02, 0x00, 0x07, 0x01, 0x0d, 0x00, 0x06, 0x01, 0x02, 0x00, 0x0a, 0x01, 0x02, 0x00, 0x0a, 0x01,
    0x02, 0x00, 0x0a, 0x01, 0x02, 0x00, 0x06, 0x01, 0x0f, 0x00, 0x05, 0x01, 0x02, 0x00, 0x0a, 0x01,
    0x02, 0x00, 0x0a, 0x01, 0x02, 0x00, 0x0a, 0x01, 0x02, 0x00, 0x05, 0x01, 0x11, 0x00, 0x04, 0x01,
    0x02, 0x00, 0x0a, 0x01, 0x02, 0x00, 0x0a, 0x01, 0x02, 0x00, 0x0a, 0x01, 0x02, 0x00, 0x04, 0x01,
    0x14, 0x00, 0x02, 0x01, 0x02, 0x00, 0x0a, 0x01, 0x02, 0x00, 0x0a, 0x01, 0x02, 0x00, 0x0a, 0x01,
    0x02, 0x00, 0x02, 0x01, 0x1a, 0x00, 0x0a, 0x01, 0x02, 0x00, 0x0a, 0x01, 0x02, 0x00, 0x0a, 0x01,
    0xcf, 0x00, 0xcf, 0x00, 0x0a, 0x01, 0x02, 0x00, 0x0a, 0x01, 0x02, 0x00, 0x0a, 0x01, 0x1a, 0x00,
    0x02, 0x01, 0x02, 0x00, 0x0a, 0x01, 0x02, 0x00, 0x0a, 0x01, 0x02, 0x00, 0x0a, 0x01, 0x02, 0x00,
    0x02, 0x01, 0x14, 0x00, 0x04, 0x01, 0x02, 0x00, 0x0a, 0x01, 0x02, 0x00, 0x0a, 0x01, 0x02, 0x00,
    0x0a, 0x01, 0x02, 0x00, 0x04, 0x01, 0x11, 0x00, 0x05, 0x01, 0x02, 0x00, 0x0a, 0x01, 0x02, 0x00,
    0x0a, 0x01, 0x02, 0x00, 0x0a, 0x01, 0x02, 0x00, 0x05, 0x01, 0x0f, 0x00, 0x06, 0x01, 0x02, 0x00,
    0x0a, 0x01, 0x02, 0x00, 0x0a, 0x01, 0x02, 0x00, 0x0a, 0x01, 0x02, 0x00, 0x06, 0x01, 0x0d, 0x00,
    0x07, 0x01, 0x02, 0x00, 0x0a, 0x01, 0x02, 0x00, 0x0a, 0x01, 0x02, 0x00, 0x0a, 0x01, 0x02, 0x00,
    0x07, 0x01, 0x0b, 0x00, 0x08, 0x01, 0x02, 0x00, 0x0a, 0x01, 0x02, 0x00, 0x0a, 0x01, 0x02, 0x00,
    0x0a, 0x01, 0x02, 0x00, 0x08, 0x01, 0x0a, 0x00, 0x08, 0x01, 0x02, 0x00, 0x0a, 0x01, 0x02, 0x00,
    0x0a, 0x01, 0x02, 0x00, 0x0a, 0x01, 0x02, 0x00, 0x08, 0x01, 0x89, 0x00, 0x09, 0x01, 0x02, 0x00,
    0x0a, 0x01, 0x02, 0x00, 0x0a, 0x01, 0x02, 0x00, 0x0a, 0x01, 0x02, 0x00, 0x09, 0x01, 0x08, 0x00,
    0x09, 0x01, 0x02, 0x00, 0x0a, 0x01, 0x02, 0x00, 0x0a, 0x01, 0x02, 0x00, 0x0a, 0x01, 0x02, 0x00,
    0x09, 0x01, 0x07, 0x00, 0x0a, 0x01, 0x02, 0x00, 0x0a, 0x01, 0x01, 0x00, 0x01, 0x03, 0x0a, 0x01,
    0x02, 0x00, 0x0a, 0x01, 0x02, 0x00, 0x0a, 0x01, 0x06, 0x00, 0x0a, 0x01, 0x02, 0x00, 0x0a, 0x01,
    0x03, 0x03, 0x09, 0x01, 0x02, 0x00, 0x0a, 0x01, 0x02, 0x00, 0x0a, 0x01, 0x07, 0x00, 0x09, 0x01,
    0x02, 0x00, 0x0a, 0x01, 0x01, 0x00, 0x01, 0x03, 0x0a, 0x01, 0x02, 0x00, 0x0a, 0x01, 0x02, 0x00,
    0x09, 0x01, 0x08, 0x00, 0x09, 0x01, 0x02, 0x00, 0x0a, 0x01, 0x02, 0x00, 0x0a, 0x01, 0x02, 0x00,
    0x0a, 0x01, 0x02, 0x00, 0x09, 0x01, 0x08, 0x00, 0x09, 0x01, 0x02, 0x00, 0x0a, 0x01, 0x02, 0x00,
    0x0a, 0x01, 0x02, 0x00, 0x0a, 0x01, 0x02, 0x00, 0x09, 0x01, 0x89, 0x00, 0x08, 0x01, 0x02, 0x00,
    0x0a, 0x01, 0x02, 0x00, 0x0a, 0x01, 0x02, 0x00, 0x0a, 0x01, 0x02, 0x00, 0x08, 0x01, 0x0b, 0x00,
    0x07, 0x01, 0x02, 0x00, 0x0a, 0x01, 0x02, 0x00, 0x0a, 0x01, 0x02, 0x00, 0x0a, 0x01, 0x02, 0x00,
    0x07, 0x01, 0x0d, 0x00, 0x06, 0x01, 0x02, 0x00, 0x0a, 0x01, 0x02, 0x00, 0x0a, 0x01, 0x02, 0x00,
    0x0a, 0x01, 0x02, 0x00, 0x06, 0x01, 0x0f, 0x00, 0x05, 0x01, 0x02, 0x00, 0x0a, 0x01, 0x02, 0x00,
    0x0a, 0x01, 0x02, 0x00, 0x0a, 0x01, 0x02, 0x00, 0x05, 0x01, 0x11, 0x00, 0x04, 0x01, 0x02, 0x00,
    0x0a, 0x01, 0x02, 0x00, 0x0a, 0x01, 0x02, 0x00, 0x0a, 0x01, 0x02, 0x00, 0x04, 0x01, 0x14, 0x00,
    0x02, 0x01, 0x02, 0x00, 0x0a, 0x01, 0x02, 0x00, 0x0a, 0x01, 0x02, 0x00, 0x0a, 0x01, 0x02, 0x00,
    0x02, 0x01, 0x1a, 0x00, 0x0a, 0x01, 0x02, 0x00, 0x0a, 0x01, 0x02, 0x00, 0x0a, 0x01, 0xcf, 0x00,
    0xcf, 0x00, 0x0a, 0x01, 0x02, 0x00, 0x0a, 0x01, 0x02, 0x00, 0x0a, 0x01, 0x1a, 0x00, 0x02, 0x01,
    0x02, 0x00, 0x0a, 0x01, 0x02, 0x00, 0x0a, 0x01, 0x02, 0x00, 0x0a, 0x01, 0x02, 0x00, 0x02, 0x01,
    0x14, 0x00, 0x04, 0x01, 0x02, 0x00, 0x0a, 0x01, 0x02, 0x00, 0x0a, 0x01, 0x02, 0x00, 0x0a, 0x01,
    0x02, 0x00, 0x04, 0x01, 0x11, 0x00, 0x05, 0x01, 0x02, 0x00, 0x0a, 0x01, 0x02, 0x00, 0x0a, 0x01,
    0x02, 0x00, 0x0a, 0x01, 0x02, 0x00, 0x05, 0x01, 0x0f, 0x00, 0x06, 0x01, 0x02, 0x00, 0x0a, 0x01,
    0x02, 0x00, 0x0a, 0x01, 0x02, 0x00, 0x0a, 0x01, 0x02, 0x00, 0x06, 0x01, 0x0d, 0x00, 0x07, 0x01,
    0x02, 0x00, 0x0a, 0x01, 0x02, 0x00, 0x0a, 0x01, 0x02, 0x00, 0x0a, 0x01, 0x02, 0x00, 0x07, 0x01,
    0x0b, 0x00, 0x08, 0x01, 0x02, 0x00, 0x0a, 0x01, 0x02, 0x00, 0x0a, 0x01, 0x02, 0x00, 0x0a, 0x01,
    0x02, 0x00, 0x08, 0x01, 0x0a, 0x00, 0x08, 0x01, 0x02, 0x00, 0x0a, 0x01, 0x02, 0x00, 0x0a, 0x01,
    0x02, 0x00, 0x0a, 0x01, 0x02, 0x00, 0x08, 0x01, 0x89, 0x00, 0x09, 0x01, 0x02, 0x00, 0x0a, 0x01,
    0x02, 0x00, 0x0a, 0x01, 0x02, 0x00, 0x0a, 0x01, 0x02, 0x00, 0x09, 0x01, 0x08, 0x00, 0x09, 0x01,
    0x02, 0x00, 0x0a, 0x01, 0x02, 0x00, 0x0a, 0x01, 0x02, 0x00, 0x0a, 0x01, 0x02, 0x00, 0x09, 0x01,
    0x07, 0x00, 0x0a, 0x01, 0x02, 0x00, 0x0a, 0x01, 0x02, 0x00, 0x05, 0x01, 0x01, 0x03, 0x04, 0x01,
    0x02, 0x00, 0x0a, 0x01, 0x02, 0x00, 0x0a, 0x01, 0x06, 0x00, 0x0a, 0x01, 0x02, 0x00, 0x0a, 0x01,
    0x02, 0x00, 0x04, 0x01, 0x03, 0x03, 0x03, 0x01, 0x02, 0x00, 0x0a, 0x01, 0x02, 0x00, 0x0a, 0x01,
    0x07, 0x00, 0x09, 0x01, 0x02, 0x00, 0x0a, 0x01, 0x02, 0x00, 0x05, 0x01, 0x01, 0x03, 0x04, 0x01,
    0x02, 0x00, 0x0a, 0x01, 0x02, 0x00, 0x09, 0x01, 0x08, 0x00, 0x09, 0x01, 0x02, 0x00, 0x0a, 0x01,
    0x02, 0x00, 0x0a, 0x01, 0x02, 0x00, 0x0a, 0x01, 0x02, 0x00, 0x09, 0x01, 0x08, 0x00, 0x09, 0x01,
    0x02, 0x00, 0x0a, 0x01, 0x02, 0x00, 0x0a, 0x01, 0x02, 0x00, 0x0a, 0x01, 0x02, 0x00, 0x09, 0x01,
    0x89, 0x00, 0x08, 0x01, 0x02, 0x00, 0x0a, 0x01, 0x02, 0x00, 0x0a, 0x01, 0x02, 0x00, 0x0a, 0x01,
    0x02, 0x00, 0x08, 0x01, 0x0b, 0x00, 0x07, 0x01, 0x02, 0x00, 0x0a, 0x01, 0x02, 0x00, 0x0a, 0x01,
    0x02, 0x00, 0x0a, 0x01, 0x02, 0x00, 0x07, 0x01, 0x0d, 0x00, 0x06, 0x01, 0x02, 0x00, 0x0a, 0x01,
    0x02, 0x00, 0x0a, 0x01, 0x02, 0x00, 0x0a, 0x01, 0x02, 0x00, 0x06, 0x01, 0x0f, 0x00, 0x05, 0x01,
    0x02, 0x00, 0x0a, 0x01, 0x02, 0x00, 0x0a, 0x01, 0x02, 0x00, 0x0a, 0x01, 0x02, 0x00, 0x05, 0x01,
    0x11, 0x00, 0x04, 0x01, 0x02, 0x00, 0x0a, 0x01, 0x02, 0x00, 0x0a, 0x01, 0x02, 0x00, 0x0a, 0x01,
    0x02, 0x00, 0x04, 0x01, 0x14, 0x00, 0x02, 0x01, 0x02, 0x00, 0x0a, 0x01, 0x02, 0x00, 0x0a, 0x01,
    0x02, 0x00, 0x0a, 0x01, 0x02, 0x00, 0x02, 0x01, 0x1a, 0x00, 0x0a, 0x01, 0x02, 0x00, 0x0a, 0x01,
    0x02, 0x00, 0x0a, 0x01, 0xcf, 0x00, 0xcf, 0x00, 0x0a, 0x01, 0x02, 0x00, 0x0a, 0x01, 0x02, 0x00,
    0x0a, 0x01, 0x1a, 0x00, 0x02, 0x01, 0x02, 0x00, 0x0a, 0x01, 0x02, 0x00, 0x0a, 0x01, 0x02, 0x00,
    0x0a, 0x01, 0x02, 0x00, 0x02, 0x01, 0x14, 0x00, 0x04, 0x01, 0x02, 0x00, 0x0a, 0x01, 0x02, 0x00,
    0x0a, 0x01, 0x02, 0x00, 0x0a, 0x01, 0x02, 0x00, 0x04, 0x01, 0x11, 0x00, 0x05, 0x01, 0x02, 0x00,
    0x0a, 0x01, 0x02, 0x00, 0x0a, 0x01, 0x02, 0x00, 0x0a, 0x01, 0x02, 0x00, 0x05, 0x01, 0x0f, 0x00,
    0x06, 0x01, 0x02, 0x00, 0x0a, 0x01, 0x02, 0x00, 0x0a, 0x01, 0x02, 0x00, 0x0a, 0x01, 0x02, 0x00,
    0x06, 0x01, 0x0d, 0x00, 0x07, 0x01, 0x02, 0x00, 0x0a, 0x01, 0x02, 0x00, 0x0a, 0x01, 0x02, 0x00,
    0x0a, 0x01, 0x02, 0x00, 0x07, 0x01, 0x0b, 0x00, 0x08, 0x01, 0x02, 0x00, 0x0a, 0x01, 0x02, 0x00,
    0x0a, 0x01, 0x02, 0x00, 0x0a, 0x01, 0x02, 0x00, 0x08, 0x01, 0x0a, 0x00, 0x08, 0x01, 0x02, 0x00,
    0x0a, 0x01, 0x02, 0x00, 0x0a, 0x01, 0x02, 0x00, 0x0a, 0x01, 0x02, 0x00, 0x08, 0x01, 0x89, 0x00,
    0x09, 0x01, 0x02, 0x00, 0x0a, 0x01, 0x02, 0x00, 0x0a, 0x01, 0x02, 0x00, 0x0a, 0x01, 0x02, 0x00,
    0x09, 0x01, 0x08, 0x00, 0x09, 0x01, 0x02, 0x00, 0x0a, 0x01, 0x02, 0x00, 0x0a, 0x01, 0x02, 0x00,
    0x0a, 0x01, 0x02, 0x00, 0x09, 0x01, 0x07, 0x00, 0x0a, 0x01, 0x02, 0x00, 0x0a, 0x01, 0x02, 0x00,
    0x0a, 0x01, 0x01, 0x00, 0x01, 0x03, 0x0a, 0x01, 0x02, 0x00, 0x0a, 0x01, 0x06, 0x00, 0x0a, 0x01,
    0x02, 0x00, 0x0a, 0x01, 0x02, 0x00, 0x0a, 0x01, 0x03, 0x03, 0x09, 0x01, 0x02, 0x00, 0x0a, 0x01,
    0x07, 0x00, 0x09, 0x01, 0x02, 0x00, 0x0a, 0x01, 0x02, 0x00, 0x0a, 0x01, 0x01, 0x00, 0x01, 0x03,
    0x0a, 0x01, 0x02, 0x00, 0x09, 0x01, 0x08, 0x00, 0x09, 0x01, 0x02, 0x00, 0x0a, 0x01, 0x02, 0x00,
    0x0a, 0x01, 0x02, 0x00, 0x0a, 0x01, 0x02, 0x00, 0x09, 0x01, 0x08, 0x00, 0x09, 0x01, 0x02, 0x00,
    0x0a, 0x01, 0x02, 0x00, 0x0a, 0x01, 0x02, 0x00, 0x0a, 0x01, 0x02, 0x00, 0x09, 0x01, 0x89, 0x00,
    0x08, 0x01, 0x02, 0x00, 0x0a, 0x01, 0x02, 0x00, 0x0a, 0x01, 0x02, 0x00, 0x0a, 0x01, 0x02, 0x00,
    0x08, 0x01, 0x0b, 0x00, 0x07, 0x01, 0x02, 0x00, 0x0a, 0x01, 0x02, 0x00, 0x0a, 0x01, 0x02, 0x00,
    0x0a, 0x01, 0x02, 0x00, 0x07, 0x01, 0x0d, 0x00, 0x06, 0x01, 0x02, 0x00, 0x0a, 0x01, 0x02, 0x00,
    0x0a, 0x01, 0x02, 0x00, 0x0a, 0x01, 0x02, 0x00, 0x06, 0x01, 0x0f, 0x00, 0x05, 0x01, 0x02, 0x00,
    0x0a, 0x01, 0x02, 0x00, 0x0a, 0x01, 0x02, 0x00, 0x0a, 0x01, 0x02, 0x00, 0x05, 0x01, 0x11, 0x00,
    0x04, 0x01, 0x02, 0x00, 0x0a, 0x01, 0x02, 0x00, 0x0a, 0x01, 0x02, 0x00, 0x0a, 0x01, 0x02, 0x00,
    0x04, 0x01, 0x14, 0x00, 0x02, 0x01, 0x02, 0x00, 0x0a, 0x01, 0x02, 0x00, 0x0a, 0x01, 0x02, 0x00,
    0x0a, 0x01, 0x02, 0x00, 0x02, 0x01, 0x1a, 0x00, 0x0a, 0x01, 0x02, 0x00, 0x0a, 0x01, 0x02, 0x00,
    0x0a, 0x01, 0xcf, 0x00, 0xcf, 0x00, 0x0a, 0x01, 0x02, 0x00, 0x0a, 0x01, 0x02, 0x00, 0x0a, 0x01,
    0x1a, 0x00, 0x02, 0x01, 0x02, 0x00, 0x0a, 0x01, 0x02, 0x00, 0x0a, 0x01, 0x02, 0x00, 0x0a, 0x01,
    0x02, 0x00, 0x02, 0x01, 0x14, 0x00, 0x04, 0x01, 0x02, 0x00, 0x0a, 0x01, 0x02, 0x00, 0x0a, 0x01,
    0x02, 0x00, 0x0a, 0x01, 0x02, 0x00, 0x04, 0x01, 0x11, 0x00, 0x05, 0x01, 0x02, 0x00, 0x0a, 0x01,
    0x02, 0x00, 0x0a, 0x01, 0x02, 0x00, 0x0a, 0x01, 0x02, 0x00, 0x05, 0x01, 0x0f, 0x00, 0x06, 0x01,
    0x02, 0x00, 0x0a, 0x01, 0x02, 0x00, 0x0a, 0x01, 0x02, 0x00, 0x0a, 0x01, 0x02, 0x00, 0x06, 0x01,
    0x0d, 0x00, 0x07, 0x01, 0x02, 0x00, 0x0a, 0x01, 0x02, 0x00, 0x0a, 0x01, 0x02, 0x00, 0x0a, 0x01,
    0x02, 0x00, 0x07, 0x01, 0x0b, 0x00, 0x08, 0x01, 0x02, 0x00, 0x0a, 0x01, 0x02, 0x00, 0x0a, 0x01,
    0x02, 0x00, 0x0a, 0x01, 0x02, 0x00, 0x08, 0x01, 0x0a, 0x00, 0x08, 0x01, 0x02, 0x00, 0x0a, 0x01,
    0x02, 0x00, 0x0a, 0x01, 0x02, 0x00, 0x0a, 0x01, 0x02, 0x00, 0x08, 0x01, 0x89, 0x00, 0x09, 0x01,
    0x02, 0x00, 0x0a, 0x01, 0x02, 0x00, 0x0a, 0x01, 0x02, 0x00, 0x0a, 0x01, 0x02, 0x00, 0x09, 0x01,
    0x08, 0x00, 0x09, 0x01, 0x02, 0x00, 0x0a, 0x01, 0x02, 0x00, 0x0a, 0x01, 0x02, 0x00, 0x0a, 0x01,
    0x02, 0x00, 0x09, 0x01, 0x07, 0x00, 0x0a, 0x01, 0x02, 0x00, 0x0a, 0x01, 0x02, 0x00, 0x0a, 0x01,
    0x02, 0x00, 0x05, 0x01, 0x01, 0x03, 0x04, 0x01, 0x02, 0x00, 0x0a, 0x01, 0x06, 0x00, 0x0a, 0x01,
    0x02, 0x00, 0x0a, 0x01, 0x02, 0x00, 0x0a, 0x01, 0x02, 0x00, 0x04, 0x01, 0x03, 0x03, 0x03, 0x01,
    0x02, 0x00, 0x0a, 0x01, 0x07, 0x00, 0x09, 0x01, 0x02, 0x00, 0x0a, 0x01, 0x02, 0x00, 0x0a, 0x01,
    0x02, 0x00, 0x05, 0x01, 0x01, 0x03, 0x04, 0x01, 0x02, 0x00, 0x09, 0x01, 0x08, 0x00, 0x09, 0x01,
    0x02, 0x00, 0x0a, 0x01, 0x02, 0x00, 0x0a, 0x01, 0x02, 0x00, 0x0a, 0x01, 0x02, 0x00, 0x09, 0x01,
    0x08, 0x00, 0x09, 0x01, 0x02, 0x00, 0x0a, 0x01, 0x02, 0x00, 0x0a, 0x01, 0x02, 0x00, 0x0a, 0x01,
    0x02, 0x00, 0x09, 0x01, 0x89, 0x00, 0x08, 0x01, 0x02, 0x00, 0x0a, 0x01, 0x02, 0x00, 0x0a, 0x01,
    0x02, 0x00, 0x0a, 0x01, 0x02, 0x00, 0x08, 0x01, 0x0b, 0x00, 0x07, 0x01, 0x02, 0x00, 0x0a, 0x01,
    0x02, 0x00, 0x0a, 0x01, 0x02, 0x00, 0x0a, 0x01, 0x02, 0x00, 0x07, 0x01, 0x0d, 0x00, 0x06, 0x01,
    0x02, 0x00, 0x0a, 0x01, 0x02, 0x00, 0x0a, 0x01, 0x02, 0x00, 0x0a, 0x01, 0x02, 0x00, 0x06, 0x01,
    0x0f, 0x00, 0x05, 0x01, 0x02, 0x00, 0x0a, 0x01, 0x02, 0x00, 0x0a, 0x01, 0x02, 0x00, 0x0a, 0x01,
    0x02, 0x00, 0x05, 0x01, 0x11, 0x00, 0x04, 0x01, 0x02, 0x00, 0x0a, 0x01, 0x02, 0x00, 0x0a, 0x01,
    0x02, 0x00, 0x0a, 0x01, 0x02, 0x00, 0x04, 0x01, 0x14, 0x00, 0x02, 0x01, 0x02, 0x00, 0x0a, 0x01,
    0x02, 0x00, 0x0a, 0x01, 0x02, 0x00, 0x0a, 0x01, 0x02, 0x00, 0x02, 0x01, 0x1a, 0x00, 0x0a, 0x01,
    0x02, 0x00, 0x0a, 0x01, 0x02, 0x00, 0x0a, 0x01, 0xcf, 0x00, 0xcf, 0x00, 0x0a, 0x01, 0x02, 0x00,
    0x0a, 0x01, 0x02, 0x00, 0x0a, 0x01, 0x1a, 0x00, 0x02, 0x01, 0x02, 0x00, 0x0a, 0x01, 0x02, 0x00,
    0x0a, 0x01, 0x02, 0x00, 0x0a, 0x01, 0x02, 0x00, 0x02, 0x01, 0x14, 0x00, 0x04, 0x01, 0x02, 0x00,
    0x0a, 0x01, 0x02, 0x00, 0x0a, 0x01, 0x02, 0x00, 0x0a, 0x01, 0x02, 0x00, 0x04, 0x01, 0x11, 0x00,
    0x05, 0x01, 0x02, 0x00, 0x0a, 0x01, 0x02, 0x00, 0x0a, 0x01, 0x02, 0x00, 0x0a, 0x01, 0x02, 0x00,
    0x05, 0x01, 0x0f, 0x00, 0x06, 0x01, 0x02, 0x00, 0x0a, 0x01, 0x02, 0x00, 0x0a, 0x01, 0x02, 0x00,
    0x0a, 0x01, 0x02, 0x00, 0x06, 0x01, 0x0d, 0x00, 0x07, 0x01, 0x02, 0x00, 0x0a, 0x01, 0x02, 0x00,
    0x0a, 0x01, 0x02, 0x00, 0x0a, 0x01, 0x02, 0x00, 0x07, 0x01, 0x0b, 0x00, 0x08, 0x01, 0x02, 0x00,
    0x0a, 0x01, 0x02, 0x00, 0x0a, 0x01, 0x02, 0x00, 0x0a, 0x01, 0x02, 0x00, 0x08, 0x01, 0x0a, 0x00,
    0x08, 0x01, 0x02, 0x00, 0x0a, 0x01, 0x02, 0x00, 0x0a, 0x01, 0x02, 0x00, 0x0a, 0x01, 0x02, 0x00,
    0x08, 0x01, 0x89, 0x00, 0x09, 0x01, 0x02, 0x00, 0x0a, 0x01, 0x02, 0x00, 0x0a, 0x01, 0x02, 0x00,
    0x0a, 0x01, 0x02, 0x00, 0x09, 0x01, 0x08, 0x00, 0x09, 0x01, 0x02, 0x00, 0x0a, 0x01, 0x02, 0x00,
    0x0a, 0x01, 0x02, 0x00, 0x0a, 0x01, 0x02, 0x00, 0x09, 0x01, 0x07, 0x00, 0x0a, 0x01, 0x02, 0x00,
    0x0a, 0x01, 0x02, 0x00, 0x0a, 0x01, 0x02, 0x00, 0x0a, 0x01, 0x01, 0x00, 0x01, 0x03, 0x0a, 0x01,
    0x06, 0x00, 0x0a, 0x01, 0x02, 0x00, 0x0a, 0x01, 0x02, 0x00, 0x0a, 0x01, 0x02, 0x00, 0x0a, 0x01,
    0x03, 0x03, 0x09, 0x01, 0x07, 0x00, 0x09, 0x01, 0x02, 0x00, 0x0a, 0x01, 0x02, 0x00, 0x0a, 0x01,
    0x02, 0x00, 0x0a, 0x01, 0x01, 0x00, 0x01, 0x03, 0x09, 0x01, 0x08, 0x00, 0x09, 0x01, 0x02, 0x00,
    0x0a, 0x01, 0x02, 0x00, 0x0a, 0x01, 0x02, 0x00, 0x0a, 0x01, 0x02, 0x00, 0x09, 0x01, 0x08, 0x00,
    0x09, 0x01, 0x02, 0x00, 0x0a, 0x01, 0x02, 0x00, 0x0a, 0x01, 0x02, 0x00, 0x0a, 0x01, 0x02, 0x00,
    0x09, 0x01, 0x89, 0x00, 0x08, 0x01, 0x02, 0x00, 0x0a, 0x01, 0x02, 0x00, 0x0a, 0x01, 0x02, 0x00,
    0x0a, 0x01, 0x02, 0x00, 0x08, 0x01, 0x0b, 0x00, 0x07, 0x01, 0x02, 0x00, 0x0a, 0x01, 0x02, 0x00,
    0x0a, 0x01, 0x02, 0x00, 0x0a, 0x01, 0x02, 0x00, 0x07, 0x01, 0x0d, 0x00, 0x06, 0x01, 0x02, 0x00,
    0x0a, 0x01, 0x02, 0x00, 0x0a, 0x01, 0x02, 0x00, 0x0a, 0x01, 0x02, 0x00, 0x06, 0x01, 0x0f, 0x00,
    0x05, 0x01, 0x02, 0x00, 0x0a, 0x01, 0x02, 0x00, 0x0a, 0x01, 0x02, 0x00, 0x0a, 0x01, 0x02, 0x00,
    0x05, 0x01, 0x11, 0x00, 0x04, 0x01, 0x02, 0x00, 0x0a, 0x01, 0x02, 0x00, 0x0a, 0x01, 0x02, 0x00,
    0x0a, 0x01, 0x02, 0x00, 0x04, 0x01, 0x14, 0x00, 0x02, 0x01, 0x02, 0x00, 0x0a, 0x01, 0x02, 0x00,
    0x0a, 0x01, 0x02, 0x00, 0x0a, 0x01, 0x02, 0x00, 0x02, 0x01, 0x1a, 0x00, 0x0a, 0x01, 0x02, 0x00,
    0x0a, 0x01, 0x02, 0x00, 0x0a, 0x01, 0xcf, 0x00, 0xcf, 0x00, 0x0a, 0x01, 0x02, 0x00, 0x0a, 0x01,
    0x02, 0x00, 0x0a, 0x01, 0x1a, 0x00, 0x02, 0x01, 0x02, 0x00, 0x0a, 0x01, 0x02, 0x00, 0x0a, 0x01,
    0x02, 0x00, 0x0a, 0x01, 0x02, 0x00, 0x02, 0x01, 0x14, 0x00, 0x04, 0x01, 0x02, 0x00, 0x0a, 0x01,
    0x02, 0x00, 0x0a, 0x01, 0x02, 0x00, 0x0a, 0x01, 0x02, 0x00, 0x04, 0x01, 0x11, 0x00, 0x05, 0x01,
    0x02, 0x00, 0x0a, 0x01, 0x02, 0x00, 0x0a, 0x01, 0x02, 0x00, 0x0a, 0x01, 0x02, 0x00, 0x05, 0x01,
    0x0f, 0x00, 0x06, 0x01, 0x02, 0x00, 0x0a, 0x01, 0x02, 0x00, 0x0a, 0x01, 0x02, 0x00, 0x0a, 0x01,
    0x02, 0x00, 0x06, 0x01, 0x0d, 0x00, 0x07, 0x01, 0x02, 0x00, 0x0a, 0x01, 0x02, 0x00, 0x0a, 0x01,
    0x02, 0x00, 0x0a, 0x01, 0x02, 0x00, 0x07, 0x01, 0x0b, 0x00, 0x08, 0x01, 0x02, 0x00, 0x0a, 0x01,
    0x02, 0x00, 0x0a, 0x01, 0x02, 0x00, 0x0a, 0x01, 0x02, 0x00, 0x08, 0x01, 0x0a, 0x00, 0x08, 0x01,
    0x02, 0x00, 0x0a, 0x01, 0x02, 0x00, 0x0a, 0x01, 0x02, 0x00, 0x0a, 0x01, 0x02, 0x00, 0x08, 0x01,
    0x89, 0x00, 0x09, 0x01, 0x02, 0x00, 0x0a, 0x01, 0x02, 0x00, 0x0a, 0x01, 0x02, 0x00, 0x0a, 0x01,
    0x02, 0x00, 0x09, 0x01, 0x08, 0x00, 0x09, 0x01, 0x02, 0x00, 0x0a, 0x01, 0x02, 0x00, 0x0a, 0x01,
    0x02, 0x00, 0x0a, 0x01, 0x02, 0x00, 0x09, 0x01, 0x07, 0x00, 0x0a, 0x01, 0x02, 0x00, 0x0a, 0x01,
    0x02, 0x00, 0x0a, 0x01, 0x02, 0x00, 0x0a, 0x01, 0x02, 0x00, 0x0a, 0x01, 0x06, 0x00, 0x0a, 0x01,
    0x02, 0x00, 0x0a, 0x01, 0x02, 0x00, 0x0a, 0x01, 0x02, 0x00, 0x0a, 0x01, 0x02, 0x00, 0x0a, 0x01,
    0x07, 0x00, 0x09, 0x01, 0x02, 0x00, 0x0a, 0x01, 0x02, 0x00, 0x0a, 0x01, 0x02, 0x00, 0x0a, 0x01,
    0x02, 0x00, 0x09, 0x01, 0x08, 0x00, 0x09, 0x01, 0x02, 0x00, 0x0a, 0x01, 0x02, 0x00, 0x0a, 0x01,
    0x02, 0x00, 0x0a, 0x01, 0x02, 0x00, 0x09, 0x01, 0x08, 0x00, 0x09, 0x01, 0x02, 0x00, 0x0a, 0x01,
    0x02, 0x00, 0x0a, 0x01, 0x02, 0x00, 0x0a, 0x01, 0x02, 0x00, 0x09, 0x01, 0x89, 0x00, 0x08, 0x01,
    0x02, 0x00, 0x0a, 0x01, 0x02, 0x00, 0x0a, 0x01, 0x02, 0x00, 0x0a, 0x01, 0x02, 0x00, 0x08, 0x01,
    0x0b, 0x00, 0x07, 0x01, 0x02, 0x00, 0x0a, 0x01, 0x02, 0x00, 0x0a, 0x01, 0x02, 0x00, 0x0a, 0x01,
    0x02, 0x00, 0x07, 0x01, 0x0d, 0x00, 0x06, 0x01, 0x02, 0x00, 0x0a, 0x01, 0x02, 0x00, 0x0a, 0x01,
    0x02, 0x00, 0x0a, 0x01, 0x02, 0x00, 0x06, 0x01, 0x0f, 0x00, 0x05, 0x01, 0x02, 0x00, 0x0a, 0x01,
    0x02, 0x00, 0x0a, 0x01, 0x02, 0x00, 0x0a, 0x01, 0x02, 0x00, 0x05, 0x01, 0x11, 0x00, 0x04, 0x01,
    0x02, 0x00, 0x0a, 0x01, 0x02, 0x00, 0x0a, 0x01, 0x02, 0x00, 0x0a, 0x01, 0x02, 0x00, 0x04, 0x01,
    0x14, 0x00, 0x02, 0x01, 0x02, 0x00, 0x0a, 0x01, 0x02, 0x00, 0x0a, 0x01, 0x02, 0x00, 0x0a, 0x01,
    0x02, 0x00, 0x02, 0x01, 0x1a, 0x00, 0x0a, 0x01, 0x02, 0x00, 0x0a, 0x01, 0x02, 0x00, 0x0a, 0x01,
    0xcf, 0x00, 0xcf, 0x00, 0x0a, 0x01, 0x02, 0x00, 0x0a, 0x01, 0x02, 0x00, 0x0a, 0x01, 0x1a, 0x00,
    0x02, 0x01, 0x02, 0x00, 0x0a, 0x01, 0x02, 0x00, 0x0a, 0x01, 0x02, 0x00, 0x0a, 0x01, 0x02, 0x00,
    0x02, 0x01, 0x14, 0x00, 0x04, 0x01, 0x02, 0x00, 0x0a, 0x01, 0x02, 0x00, 0x0a, 0x01, 0x02, 0x00,
    0x0a, 0x01, 0x02, 0x00, 0x04, 0x01, 0x11, 0x00, 0x01, 0x01, 0x02, 0x04, 0x02, 0x01, 0x02, 0x00,
    0x0a, 0x01, 0x02, 0x00, 0x0a, 0x01, 0x02, 0x00, 0x0a, 0x01, 0x02, 0x00, 0x05, 0x01, 0x0f, 0x00,
    0x02, 0x01, 0x02, 0x04, 0x02, 0x01, 0x02, 0x00, 0x0a, 0x01, 0x02, 0x00, 0x0a, 0x01, 0x02, 0x00,
    0x0a, 0x01, 0x02, 0x00, 0x06, 0x01, 0x0d, 0x00, 0x07, 0x01, 0x02, 0x00, 0x0a, 0x01, 0x02, 0x00,
    0x0a, 0x01, 0x02, 0x00, 0x0a, 0x01, 0x02, 0x00, 0x07, 0x01, 0x0b, 0x00, 0x08, 0x01, 0x02, 0x00,
    0x0a, 0x01, 0x02, 0x00, 0x0a, 0x01, 0x02, 0x00, 0x0a, 0x01, 0x02, 0x00, 0x08, 0x01, 0x0a, 0x00,
    0x08, 0x01, 0x02, 0x00, 0x0a, 0x01, 0x02, 0x00, 0x0a, 0x01, 0x02, 0x00, 0x0a, 0x01, 0x02, 0x00,
    0x08, 0x01, 0x0b, 0x00, 0x07, 0x01, 0x02, 0x00, 0x0a, 0x01, 0x02, 0x00, 0x0a, 0x01, 0x02, 0x00,
    0x0a, 0x01, 0x02, 0x00, 0x07, 0x01, 0x10, 0x00, 0x03, 0x01, 0x02, 0x00, 0x0a, 0x01, 0x02, 0x00,
    0x0a, 0x01, 0x02, 0x00, 0x0a, 0x01, 0x02, 0x00, 0x03, 0x01, 0x0e, 0x00, 0x02, 0x01, 0x09, 0x00,
    0x0a, 0x01, 0x02, 0x00, 0x0a, 0x01, 0x02, 0x00, 0x0a, 0x01, 0x09, 0x00, 0x02, 0x01, 0x08, 0x00,
    0x06, 0x01, 0x08, 0x00, 0x07, 0x01, 0x02, 0x00, 0x0a, 0x01, 0x02, 0x00, 0x07, 0x01, 0x08, 0x00,
    0x06, 0x01, 0x07, 0x00, 0x0a, 0x01, 0x09, 0x00, 0x03, 0x01, 0x02, 0x00, 0x0a, 0x01, 0x02, 0x00,
    0x03, 0x01, 0x09, 0x00, 0x0a, 0x01, 0x06, 0x00, 0x0a, 0x01, 0x02, 0x00, 0x03, 0x01, 0x09, 0x00,
    0x0a, 0x01, 0x09, 0x00, 0x03, 0x01, 0x02, 0x00, 0x0a, 0x01, 0x07, 0x00, 0x09, 0x01, 0x02, 0x00,
    0x07, 0x01, 0x08, 0x00, 0x04, 0x01, 0x08, 0x00, 0x07, 0x01, 0x02, 0x00, 0x09, 0x01, 0x08, 0x00,
    0x09, 0x01, 0x02, 0x00, 0x0a, 0x01, 0x0e, 0x00, 0x0a, 0x01, 0x02, 0x00, 0x09, 0x01, 0x08, 0x00,
    0x09, 0x01, 0x02, 0x00, 0x0a, 0x01, 0x02, 0x00, 0x03, 0x01, 0x04, 0x00, 0x03, 0x01, 0x02, 0x00,
    0x0a, 0x01, 0x02, 0x00, 0x09, 0x01, 0x08, 0x00, 0x09, 0x01, 0x02, 0x00, 0x0a, 0x01, 0x02, 0x00,
    0x0a, 0x01, 0x02, 0x00, 0x0a, 0x01, 0x02, 0x00, 0x09, 0x01, 0x09, 0x00, 0x08, 0x01, 0x02, 0x00,
    0x0a, 0x01, 0x02, 0x00, 0x0a, 0x01, 0x02, 0x00, 0x0a, 0x01, 0x02, 0x00, 0x08, 0x01, 0x0a, 0x00,
    0x08, 0x01, 0x02, 0x00, 0x0a, 0x01, 0x02, 0x00, 0x0a, 0x01, 0x02, 0x00, 0x0a, 0x01, 0x02, 0x00,
    0x08, 0x01, 0x0b, 0x00, 0x07, 0x01, 0x02, 0x00, 0x0a, 0x01, 0x02, 0x00, 0x0a, 0x01, 0x02, 0x00,
    0x0a, 0x01, 0x02, 0x00, 0x02, 0x01, 0x02, 0x05, 0x03, 0x01, 0x0d, 0x00, 0x06, 0x01, 0x02, 0x00,
    0x0a, 0x01, 0x02, 0x00, 0x0a, 0x01, 0x02, 0x00, 0x0a, 0x01, 0x02, 0x00, 0x02, 0x01, 0x02, 0x05,
    0x02, 0x01, 0x0f, 0x00, 0x05, 0x01, 0x02, 0x00, 0x0a, 0x01, 0x02, 0x00, 0x0a, 0x01, 0x02, 0x00,
    0x0a, 0x01, 0x02, 0x00, 0x05, 0x01, 0x11, 0x00, 0x04, 0x01, 0x02, 0x00, 0x0a, 0x01, 0x02, 0x00,
    0x0a, 0x01, 0x02, 0x00, 0x0a, 0x01, 0x02, 0x00, 0x04, 0x01, 0x14, 0x00, 0x02, 0x01, 0x02, 0x00,
    0x0a, 0x01, 0x02, 0x00, 0x0a, 0x01, 0x02, 0x00, 0x0a, 0x01, 0x02, 0x00, 0x02, 0x01, 0x1a, 0x00,
    0x0a, 0x01, 0x02, 0x00, 0x0a, 0x01, 0x02, 0x00, 0x0a, 0x01, 0xcf, 0x00, 0xcf, 0x00, 0x0a, 0x01,
    0x02, 0x00, 0x0a, 0x01, 0x02, 0x00, 0x0a, 0x01, 0x1a, 0x00, 0x02, 0x01, 0x02, 0x00, 0x0a, 0x01,
    0x02, 0x00, 0x0a, 0x01, 0x02, 0x00, 0x0a, 0x01, 0x02, 0x00, 0x02, 0x01, 0x14, 0x00, 0x04, 0x01,
    0x02, 0x00, 0x0a, 0x01, 0x02, 0x00, 0x0a, 0x01, 0x02, 0x00, 0x0a, 0x01, 0x02, 0x00, 0x04, 0x01,
    0x11, 0x00, 0x04, 0x01, 0x02, 0x04, 0x01, 0x00, 0x0a, 0x01, 0x02, 0x00, 0x0a, 0x01, 0x02, 0x00,
    0x0a, 0x01, 0x02, 0x00, 0x05, 0x01, 0x0f, 0x00, 0x05, 0x01, 0x02, 0x04, 0x01, 0x00, 0x0a, 0x01,
    0x02, 0x00, 0x0a, 0x01, 0x02, 0x00, 0x0a, 0x01, 0x02, 0x00, 0x06, 0x01, 0x0d, 0x00, 0x07, 0x01,
    0x02, 0x00, 0x0a, 0x01, 0x02, 0x00, 0x0a, 0x01, 0x02, 0x00, 0x0a, 0x01, 0x02, 0x00, 0x07, 0x01,
    0x0b, 0x00, 0x08, 0x01, 0x02, 0x00, 0x0a, 0x01, 0x02, 0x00, 0x0a, 0x01, 0x02, 0x00, 0x0a, 0x01,
    0x02, 0x00, 0x08, 0x01, 0x0a, 0x00, 0x08, 0x01, 0x02, 0x00, 0x0a, 0x01, 0x02, 0x00, 0x0a, 0x01,
    0x02, 0x00, 0x0a, 0x01, 0x02, 0x00, 0x08, 0x01, 0x0b, 0x00, 0x07, 0x01, 0x02, 0x00, 0x0a, 0x01,
    0x02, 0x00, 0x0a, 0x01, 0x02, 0x00, 0x0a, 0x01, 0x02, 0x00, 0x07, 0x01, 0x10, 0x00, 0x03, 0x01,
    0x02, 0x00, 0x0a, 0x01, 0x02, 0x00, 0x0a, 0x01, 0x02, 0x00, 0x0a, 0x01, 0x02, 0x00, 0x03, 0x01,
    0x0e, 0x00, 0x02, 0x01, 0x09, 0x00, 0x0a, 0x01, 0x02, 0x00, 0x0a, 0x01, 0x02, 0x00, 0x0a, 0x01,
    0x09, 0x00, 0x02, 0x01, 0x08, 0x00, 0x06, 0x01, 0x08, 0x00, 0x07, 0x01, 0x02, 0x00, 0x0a, 0x01,
    0x02, 0x00, 0x07, 0x01, 0x08, 0x00, 0x06, 0x01, 0x07, 0x00, 0x0a, 0x01, 0x09, 0x00, 0x03, 0x01,
    0x02, 0x00, 0x0a, 0x01, 0x02, 0x00, 0x03, 0x01, 0x09, 0x00, 0x0a, 0x01, 0x06, 0x00, 0x0a, 0x01,
    0x02, 0x00, 0x03, 0x01, 0x09, 0x00, 0x0a, 0x01, 0x09, 0x00, 0x03, 0x01, 0x02, 0x00, 0x0a, 0x01,
    0x07, 0x00, 0x09, 0x01, 0x02, 0x00, 0x07, 0x01, 0x08, 0x00, 0x04, 0x01, 0x08, 0x00, 0x07, 0x01,
    0x02, 0x00, 0x09, 0x01, 0x08, 0x00, 0x09, 0x01, 0x02, 0x00, 0x0a, 0x01, 0x0e, 0x00, 0x0a, 0x01,
    0x02, 0x00, 0x09, 0x01, 0x08, 0x00, 0x09, 0x01, 0x02, 0x00, 0x0a, 0x01, 0x02, 0x00, 0x03, 0x01,
    0x04, 0x00, 0x03, 0x01, 0x02, 0x00, 0x0a, 0x01, 0x02, 0x00, 0x09, 0x01, 0x08, 0x00, 0x09, 0x01,
    0x02, 0x00, 0x0a, 0x01, 0x02, 0x00, 0x0a, 0x01, 0x02, 0x00, 0x0a, 0x01, 0x02, 0x00, 0x09, 0x01,
    0x09, 0x00, 0x08, 0x01, 0x02, 0x00, 0x0a, 0x01, 0x02, 0x00, 0x0a, 0x01, 0x02, 0x00, 0x0a, 0x01,
    0x02, 0x00, 0x08, 0x01, 0x0a, 0x00, 0x08, 0x01, 0x02, 0x00, 0x0a, 0x01, 0x02, 0x00, 0x0a, 0x01,
    0x02, 0x00, 0x0a, 0x01, 0x02, 0x00, 0x08, 0x01, 0x0b, 0x00, 0x07, 0x01, 0x02, 0x00, 0x0a, 0x01,
    0x02, 0x00, 0x0a, 0x01, 0x02, 0x00, 0x0a, 0x01, 0x01, 0x00, 0x02, 0x05, 0x06, 0x01, 0x0d, 0x00,
    0x06, 0x01, 0x02, 0x00, 0x0a, 0x01, 0x02, 0x00, 0x0a, 0x01, 0x02, 0x00, 0x0a, 0x01, 0x01, 0x00,
    0x02, 0x05, 0x05, 0x01, 0x0f, 0x00, 0x05, 0x01, 0x02, 0x00, 0x0a, 0x01, 0x02, 0x00, 0x0a, 0x01,
    0x02, 0x00, 0x0a, 0x01, 0x02, 0x00, 0x05, 0x01, 0x11, 0x00, 0x04, 0x01, 0x02, 0x00, 0x0a, 0x01,
    0x02, 0x00, 0x0a, 0x01, 0x02, 0x00, 0x0a, 0x01, 0x02, 0x00, 0x04, 0x01, 0x14, 0x00, 0x02, 0x01,
    0x02, 0x00, 0x0a, 0x01, 0x02, 0x00, 0x0a, 0x01, 0x02, 0x00, 0x0a, 0x01, 0x02, 0x00, 0x02, 0x01,
    0x1a, 0x00, 0x0a, 0x01, 0x02, 0x00, 0x0a, 0x01, 0x02, 0x00, 0x0a, 0x01, 0xcf, 0x00, 0xcf, 0x00,
    0x0a, 0x01, 0x02, 0x00, 0x0a, 0x01, 0x02, 0x00, 0x0a, 0x01, 0x1a, 0x00, 0x02, 0x01, 0x02, 0x00,
    0x0a, 0x01, 0x02, 0x00, 0x0a, 0x01, 0x02, 0x00, 0x0a, 0x01, 0x02, 0x00, 0x02, 0x01, 0x14, 0x00,
    0x04, 0x01, 0x02, 0x00, 0x0a, 0x01, 0x02, 0x00, 0x0a, 0x01, 0x02, 0x00, 0x0a, 0x01, 0x02, 0x00,
    0x04, 0x01, 0x11, 0x00, 0x05, 0x01, 0x02, 0x00, 0x02, 0x04, 0x08, 0x01, 0x02, 0x00, 0x0a, 0x01,
    0x02, 0x00, 0x0a, 0x01, 0x02, 0x00, 0x05, 0x01, 0x0f, 0x00, 0x06, 0x01, 0x02, 0x00, 0x02, 0x04,
    0x08, 0x01, 0x02, 0x00, 0x0a, 0x01, 0x02, 0x00, 0x0a, 0x01, 0x02, 0x00, 0x06, 0x01, 0x0d, 0x00,
    0x07, 0x01, 0x02, 0x00, 0x0a, 0x01, 0x02, 0x00, 0x0a, 0x01, 0x02, 0x00, 0x0a, 0x01, 0x02, 0x00,
    0x07, 0x01, 0x0b, 0x00, 0x08, 0x01, 0x02, 0x00, 0x0a, 0x01, 0x02, 0x00, 0x0a, 0x01, 0x02, 0x00,
    0x0a, 0x01, 0x02, 0x00, 0x08, 0x01, 0x0a, 0x00, 0x08, 0x01, 0x02, 0x00, 0x0a, 0x01, 0x02, 0x00,
    0x0a, 0x01, 0x02, 0x00, 0x0a, 0x01, 0x02, 0x00, 0x08, 0x01, 0x0b, 0x00, 0x07, 0x01, 0x02, 0x00,
    0x0a, 0x01, 0x02, 0x00, 0x0a, 0x01, 0x02, 0x00, 0x0a, 0x01, 0x02, 0x00, 0x07, 0x01, 0x10, 0x00,
    0x03, 0x01, 0x02, 0x00, 0x0a, 0x01, 0x02, 0x00, 0x0a, 0x01, 0x02, 0x00, 0x0a, 0x01, 0x02, 0x00,
    0x03, 0x01, 0x0e, 0x00, 0x02, 0x01, 0x09, 0x00, 0x0a, 0x01, 0x02, 0x00, 0x0a, 0x01, 0x02, 0x00,
    0x0a, 0x01, 0x09, 0x00, 0x02, 0x01, 0x08, 0x00, 0x06, 0x01, 0x08, 0x00, 0x07, 0x01, 0x02, 0x00,
    0x0a, 0x01, 0x02, 0x00, 0x07, 0x01, 0x08, 0x00, 0x06, 0x01, 0x07, 0x00, 0x0a, 0x01, 0x09, 0x00,
    0x03, 0x01, 0x02, 0x00, 0x0a, 0x01, 0x02, 0x00, 0x03, 0x01, 0x09, 0x00, 0x0a, 0x01, 0x06, 0x00,
    0x0a, 0x01, 0x02, 0x00, 0x03, 0x01, 0x09, 0x00, 0x0a, 0x01, 0x09, 0x00, 0x03, 0x01, 0x02, 0x00,
    0x0a, 0x01, 0x07, 0x00, 0x09, 0x01, 0x02, 0x00, 0x07, 0x01, 0x08, 0x00, 0x04, 0x01, 0x08, 0x00,
    0x07, 0x01, 0x02, 0x00, 0x09, 0x01, 0x08, 0x00, 0x09, 0x01, 0x02, 0x00, 0x0a, 0x01, 0x0e, 0x00,
    0x0a, 0x01, 0x02, 0x00, 0x09, 0x01, 0x08, 0x00, 0x09, 0x01, 0x02, 0x00, 0x0a, 0x01, 0x02, 0x00,
    0x03, 0x01, 0x04, 0x00, 0x03, 0x01, 0x02, 0x00, 0x0a, 0x01, 0x02, 0x00, 0x09, 0x01, 0x08, 0x00,
    0x09, 0x01, 0x02, 0x00, 0x0a, 0x01, 0x02, 0x00, 0x0a, 0x01, 0x02, 0x00, 0x0a, 0x01, 0x02, 0x00,
    0x09, 0x01, 0x09, 0x00, 0x08, 0x01, 0x02, 0x00, 0x0a, 0x01, 0x02, 0x00, 0x0a, 0x01, 0x02, 0x00,
    0x0a, 0x01, 0x02, 0x00, 0x08, 0x01, 0x0a, 0x00, 0x08, 0x01, 0x02, 0x00, 0x0a, 0x01, 0x02, 0x00,
    0x0a, 0x01, 0x02, 0x00, 0x0a, 0x01, 0x02, 0x00, 0x08, 0x01, 0x0b, 0x00, 0x07, 0x01, 0x02, 0x00,
    0x0a, 0x01, 0x02, 0x00, 0x0a, 0x01, 0x02, 0x00, 0x08, 0x01, 0x02, 0x05, 0x02, 0x00, 0x07, 0x01,
    0x0d, 0x00, 0x06, 0x01, 0x02, 0x00, 0x0a, 0x01, 0x02, 0x00, 0x0a, 0x01, 0x02, 0x00, 0x08, 0x01,
    0x02, 0x05, 0x02, 0x00, 0x06, 0x01, 0x0f, 0x00, 0x05, 0x01, 0x02, 0x00, 0x0a, 0x01, 0x02, 0x00,
    0x0a, 0x01, 0x02, 0x00, 0x0a, 0x01, 0x02, 0x00, 0x05, 0x01, 0x11, 0x00, 0x04, 0x01, 0x02, 0x00,
    0x0a, 0x01, 0x02, 0x00, 0x0a, 0x01, 0x02, 0x00, 0x0a, 0x01, 0x02, 0x00, 0x04, 0x01, 0x14, 0x00,
    0x02, 0x01, 0x02, 0x00, 0x0a, 0x01, 0x02, 0x00, 0x0a, 0x01, 0x02, 0x00, 0x0a, 0x01, 0x02, 0x00,
    0x02, 0x01, 0x1a, 0x00, 0x0a, 0x01, 0x02, 0x00, 0x0a, 0x01, 0x02, 0x00, 0x0a, 0x01, 0xcf, 0x00,
    0xcf, 0x00, 0x0a, 0x01, 0x02, 0x00, 0x0a, 0x01, 0x02, 0x00, 0x0a, 0x01, 0x1a, 0x00, 0x02, 0x01,
    0x02, 0x00, 0x0a, 0x01, 0x02, 0x00, 0x0a, 0x01, 0x02, 0x00, 0x0a, 0x01, 0x02, 0x00, 0x02, 0x01,
    0x14, 0x00, 0x04, 0x01, 0x02, 0x00, 0x0a, 0x01, 0x02, 0x00, 0x0a, 0x01, 0x02, 0x00, 0x0a, 0x01,
    0x02, 0x00, 0x04, 0x01, 0x11, 0x00, 0x05, 0x01, 0x02, 0x00, 0x03, 0x01, 0x02, 0x04, 0x05, 0x01,
    0x02, 0x00, 0x0a, 0x01, 0x02, 0x00, 0x0a, 0x01, 0x02, 0x00, 0x05, 0x01, 0x0f, 0x00, 0x06, 0x01,
    0x02, 0x00, 0x03, 0x01, 0x02, 0x04, 0x05, 0x01, 0x02, 0x00, 0x0a, 0x01, 0x02, 0x00, 0x0a, 0x01,
    0x02, 0x00, 0x06, 0x01, 0x0d, 0x00, 0x07, 0x01, 0x02, 0x00, 0x0a, 0x01, 0x02, 0x00, 0x0a, 0x01,
    0x02, 0x00, 0x0a, 0x01, 0x02, 0x00, 0x07, 0x01, 0x0b, 0x00, 0x08, 0x01, 0x02, 0x00, 0x0a, 0x01,
    0x02, 0x00, 0x0a, 0x01, 0x02, 0x00, 0x0a, 0x01, 0x02, 0x00, 0x08, 0x01, 0x0a, 0x00, 0x08, 0x01,
    0x02, 0x00, 0x0a, 0x01, 0x02, 0x00, 0x0a, 0x01, 0x02, 0x00, 0x0a, 0x01, 0x02, 0x00, 0x08, 0x01,
    0x0b, 0x00, 0x07, 0x01, 0x02, 0x00, 0x0a, 0x01, 0x02, 0x00, 0x0a, 0x01, 0x02, 0x00, 0x0a, 0x01,
    0x02, 0x00, 0x07, 0x01, 0x10, 0x00, 0x03, 0x01, 0x02, 0x00, 0x0a, 0x01, 0x02, 0x00, 0x0a, 0x01,
    0x02, 0x00, 0x0a, 0x01, 0x02, 0x00, 0x03, 0x01, 0x0e, 0x00, 0x02, 0x01, 0x09, 0x00, 0x0a, 0x01,
    0x02, 0x00, 0x0a, 0x01, 0x02, 0x00, 0x0a, 0x01, 0x09, 0x00, 0x02, 0x01, 0x08, 0x00, 0x06, 0x01,
    0x08, 0x00, 0x07, 0x01, 0x02, 0x00, 0x0a, 0x01, 0x02, 0x00, 0x07, 0x01, 0x08, 0x00, 0x06, 0x01,
    0x07, 0x00, 0x0a, 0x01, 0x09, 0x00, 0x03, 0x01, 0x02, 0x00, 0x0a, 0x01, 0x02, 0x00, 0x03, 0x01,
    0x09, 0x00, 0x0a, 0x01, 0x06, 0x00, 0x0a, 0x01, 0x02, 0x00, 0x03, 0x01, 0x09, 0x00, 0x0a, 0x01,
    0x09, 0x00, 0x03, 0x01, 0x02, 0x00, 0x0a, 0x01, 0x07, 0x00, 0x09, 0x01, 0x02, 0x00, 0x07, 0x01,
    0x08, 0x00, 0x04, 0x01, 0x08, 0x00, 0x07, 0x01, 0x02, 0x00, 0x09, 0x01, 0x08, 0x00, 0x09, 0x01,
    0x02, 0x00, 0x0a, 0x01, 0x0e, 0x00, 0x0a, 0x01, 0x02, 0x00, 0x09, 0x01, 0x08, 0x00, 0x09, 0x01,
    0x02, 0x00, 0x0a, 0x01, 0x02, 0x00, 0x03, 0x01, 0x04, 0x00, 0x03, 0x01, 0x02, 0x00, 0x0a, 0x01,
    0x02, 0x00, 0x09, 0x01, 0x08, 0x00, 0x09, 0x01, 0x02, 0x00, 0x0a, 0x01, 0x02, 0x00, 0x0a, 0x01,
    0x02, 0x00, 0x0a, 0x01, 0x02, 0x00, 0x09, 0x01, 0x09, 0x00, 0x08, 0x01, 0x02, 0x00, 0x0a, 0x01,
    0x02, 0x00, 0x0a, 0x01, 0x02, 0x00, 0x0a, 0x01, 0x02, 0x00, 0x08, 0x01, 0x0a, 0x00, 0x08, 0x01,
    0x02, 0x00, 0x0a, 0x01, 0x02, 0x00, 0x0a, 0x01, 0x02, 0x00, 0x0a, 0x01, 0x02, 0x00, 0x08, 0x01,
    0x0b, 0x00, 0x07, 0x01, 0x02, 0x00, 0x0a, 0x01, 0x02, 0x00, 0x0a, 0x01, 0x02, 0x00, 0x05, 0x01,
    0x02, 0x05, 0x03, 0x01, 0x02, 0x00, 0x07, 0x01, 0x0d, 0x00, 0x06, 0x01, 0x02, 0x00, 0x0a, 0x01,
    0x02, 0x00, 0x0a, 0x01, 0x02, 0x00, 0x05, 0x01, 0x02, 0x05, 0x03, 0x01, 0x02, 0x00, 0x06, 0x01,
    0x0f, 0x00, 0x05, 0x01, 0x02, 0x00, 0x0a, 0x01, 0x02, 0x00, 0x0a, 0x01, 0x02, 0x00, 0x0a, 0x01,
    0x02, 0x00, 0x05, 0x01, 0x11, 0x00, 0x04, 0x01, 0x02, 0x00, 0x0a, 0x01, 0x02, 0x00, 0x0a, 0x01,
    0x02, 0x00, 0x0a, 0x01, 0x02, 0x00, 0x04, 0x01, 0x14, 0x00, 0x02, 0x01, 0x02, 0x00, 0x0a, 0x01,
    0x02, 0x00, 0x0a, 0x01, 0x02, 0x00, 0x0a, 0x01, 0x02, 0x00, 0x02, 0x01, 0x1a, 0x00, 0x0a, 0x01,
    0x02, 0x00, 0x0a, 0x01, 0x02, 0x00, 0x0a, 0x01, 0xcf, 0x00, 0xcf, 0x00, 0x0a, 0x01, 0x02, 0x00,
    0x0a, 0x01, 0x02, 0x00, 0x0a, 0x01, 0x1a, 0x00, 0x02, 0x01, 0x02, 0x00, 0x0a, 0x01, 0x02, 0x00,
    0x0a, 0x01, 0x02, 0x00, 0x0a, 0x01, 0x02, 0x00, 0x02, 0x01, 0x14, 0x00, 0x04, 0x01, 0x02, 0x00,
    0x0a, 0x01, 0x02, 0x00, 0x0a, 0x01, 0x02, 0x00, 0x0a, 0x01, 0x02, 0x00, 0x04, 0x01, 0x11, 0x00,
    0x05, 0x01, 0x02, 0x00, 0x06, 0x01, 0x02, 0x04, 0x02, 0x01, 0x02, 0x00, 0x0a, 0x01, 0x02, 0x00,
    0x0a, 0x01, 0x02, 0x00, 0x05, 0x01, 0x0f, 0x00, 0x06, 0x01, 0x02, 0x00, 0x06, 0x01, 0x02, 0x04,
    0x02, 0x01, 0x02, 0x00, 0x0a, 0x01, 0x02, 0x00, 0x0a, 0x01, 0x02, 0x00, 0x06, 0x01, 0x0d, 0x00,
    0x07, 0x01, 0x02, 0x00, 0x0a, 0x01, 0x02, 0x00, 0x0a, 0x01, 0x02, 0x00, 0x0a, 0x01, 0x02, 0x00,
    0x07, 0x01, 0x0b, 0x00, 0x08, 0x01, 0x02, 0x00, 0x0a, 0x01, 0x02, 0x00, 0x0a, 0x01, 0x02, 0x00,
    0x0a, 0x01, 0x02, 0x00, 0x08, 0x01, 0x0a, 0x00, 0x08, 0x01, 0x02, 0x00, 0x0a, 0x01, 0x02, 0x00,
    0x0a, 0x01, 0x02, 0x00, 0x0a, 0x01, 0x02, 0x00, 0x08, 0x01, 0x0b, 0x00, 0x07, 0x01, 0x02, 0x00,
    0x0a, 0x01, 0x02, 0x00, 0x0a, 0x01, 0x02, 0x00, 0x0a, 0x01, 0x02, 0x00, 0x07, 0x01, 0x10, 0x00,
    0x03, 0x01, 0x02, 0x00, 0x0a, 0x01, 0x02, 0x00, 0x0a, 0x01, 0x02, 0x00, 0x0a, 0x01, 0x02, 0x00,
    0x03, 0x01, 0x0e, 0x00, 0x02, 0x01, 0x09, 0x00, 0x0a, 0x01, 0x02, 0x00, 0x0a, 0x01, 0x02, 0x00,
    0x0a, 0x01, 0x09, 0x00, 0x02, 0x01, 0x08, 0x00, 0x06, 0x01, 0x08, 0x00, 0x07, 0x01, 0x02, 0x00,
    0x0a, 0x01, 0x02, 0x00, 0x07, 0x01, 0x08, 0x00, 0x06, 0x01, 0x07, 0x00, 0x0a, 0x01, 0x09, 0x00,
    0x03, 0x01, 0x02, 0x00, 0x0a, 0x01, 0x02, 0x00, 0x03, 0x01, 0x09, 0x00, 0x0a, 0x01, 0x06, 0x00,
    0x0a, 0x01, 0x02, 0x00, 0x03, 0x01, 0x09, 0x00, 0x0a, 0x01, 0x09, 0x00, 0x03, 0x01, 0x02, 0x00,
    0x0a, 0x01, 0x07, 0x00, 0x09, 0x01, 0x02, 0x00, 0x07, 0x01, 0x08, 0x00, 0x04, 0x01, 0x08, 0x00,
    0x07, 0x01, 0x02, 0x00, 0x09, 0x01, 0x08, 0x00, 0x09, 0x01, 0x02, 0x00, 0x0a, 0x01, 0x0e, 0x00,
    0x0a, 0x01, 0x02, 0x00, 0x09, 0x01, 0x08, 0x00, 0x09, 0x01, 0x02, 0x00, 0x0a, 0x01, 0x02, 0x00,
    0x03, 0x01, 0x04, 0x00, 0x03, 0x01, 0x02, 0x00, 0x0a, 0x01, 0x02, 0x00, 0x09, 0x01, 0x08, 0x00,
    0x09, 0x01, 0x02, 0x00, 0x0a, 0x01, 0x02, 0x00, 0x0a, 0x01, 0x02, 0x00, 0x0a, 0x01, 0x02, 0x00,
    0x09, 0x01, 0x09, 0x00, 0x08, 0x01, 0x02, 0x00, 0x0a, 0x01, 0x02, 0x00, 0x0a, 0x01, 0x02, 0x00,
    0x0a, 0x01, 0x02, 0x00, 0x08, 0x01, 0x0a, 0x00, 0x08, 0x01, 0x02, 0x00, 0x0a, 0x01, 0x02, 0x00,
    0x0a, 0x01, 0x02, 0x00, 0x0a, 0x01, 0x02, 0x00, 0x08, 0x01, 0x0b, 0x00, 0x07, 0x01, 0x02, 0x00,
    0x0a, 0x01, 0x02, 0x00, 0x0a, 0x01, 0x02, 0x00, 0x02, 0x01, 0x02, 0x05, 0x06, 0x01, 0x02, 0x00,
    0x07, 0x01, 0x0d, 0x00, 0x06, 0x01, 0x02, 0x00, 0x0a, 0x01, 0x02, 0x00, 0x0a, 0x01, 0x02, 0x00,
    0x02, 0x01, 0x02, 0x05, 0x06, 0x01, 0x02, 0x00, 0x06, 0x01, 0x0f, 0x00, 0x05, 0x01, 0x02, 0x00,
    0x0a, 0x01, 0x02, 0x00, 0x0a, 0x01, 0x02, 0x00, 0x0a, 0x01, 0x02, 0x00, 0x05, 0x01, 0x11, 0x00,
    0x04, 0x01, 0x02, 0x00, 0x0a, 0x01, 0x02, 0x00, 0x0a, 0x01, 0x02, 0x00, 0x0a, 0x01, 0x02, 0x00,
    0x04, 0x01, 0x14, 0x00, 0x02, 0x01, 0x02, 0x00, 0x0a, 0x01, 0x02, 0x00, 0x0a, 0x01, 0x02, 0x00,
    0x0a, 0x01, 0x02, 0x00, 0x02, 0x01, 0x1a, 0x00, 0x0a, 0x01, 0x02, 0x00, 0x0a, 0x01, 0x02, 0x00,
    0x0a, 0x01, 0xcf, 0x00, 0xcf, 0x00, 0x0a, 0x01, 0x02, 0x00, 0x0a, 0x01, 0x02, 0x00, 0x0a, 0x01,
    0x1a, 0x00, 0x02, 0x01, 0x02, 0x00, 0x0a, 0x01, 0x02, 0x00, 0x0a, 0x01, 0x02, 0x00, 0x0a, 0x01,
    0x02, 0x00, 0x02, 0x01, 0x14, 0x00, 0x04, 0x01, 0x02, 0x00, 0x0a, 0x01, 0x02, 0x00, 0x0a, 0x01,
    0x02, 0x00, 0x0a, 0x01, 0x02, 0x00, 0x04, 0x01, 0x11, 0x00, 0x05, 0x01, 0x02, 0x00, 0x09, 0x01,
    0x02, 0x04, 0x01, 0x00, 0x0a, 0x01, 0x02, 0x00, 0x0a, 0x01, 0x02, 0x00, 0x05, 0x01, 0x0f, 0x00,
    0x06, 0x01, 0x02, 0x00, 0x09, 0x01, 0x02, 0x04, 0x01, 0x00, 0x0a, 0x01, 0x02, 0x00, 0x0a, 0x01,
    0x02, 0x00, 0x06, 0x01, 0x0d, 0x00, 0x07, 0x01, 0x02, 0x00, 0x0a, 0x01, 0x02, 0x00, 0x0a, 0x01,
    0x02, 0x00, 0x0a, 0x01, 0x02, 0x00, 0x07, 0x01, 0x0b, 0x00, 0x08, 0x01, 0x02, 0x00, 0x0a, 0x01,
    0x02, 0x00, 0x0a, 0x01, 0x02, 0x00, 0x0a, 0x01, 0x02, 0x00, 0x08, 0x01, 0x0a, 0x00, 0x08, 0x01,
    0x02, 0x00, 0x0a, 0x01, 0x02, 0x00, 0x0a, 0x01, 0x02, 0x00, 0x0a, 0x01, 0x02, 0x00, 0x08, 0x01,
    0x0b, 0x00, 0x07, 0x01, 0x02, 0x00, 0x0a, 0x01, 0x02, 0x00, 0x0a, 0x01, 0x02, 0x00, 0x0a, 0x01,
    0x02, 0x00, 0x07, 0x01, 0x10, 0x00, 0x03, 0x01, 0x02, 0x00, 0x0a, 0x01, 0x02, 0x00, 0x0a, 0x01,
    0x02, 0x00, 0x0a, 0x01, 0x02, 0x00, 0x03, 0x01, 0x0e, 0x00, 0x02, 0x01, 0x09, 0x00, 0x0a, 0x01,
    0x02, 0x00, 0x0a, 0x01, 0x02, 0x00, 0x0a, 0x01, 0x09, 0x00, 0x02, 0x01, 0x08, 0x00, 0x06, 0x01,
    0x08, 0x00, 0x07, 0x01, 0x02, 0x00, 0x0a, 0x01, 0x02, 0x00, 0x07, 0x01, 0x08, 0x00, 0x06, 0x01,
    0x07, 0x00, 0x0a, 0x01, 0x09, 0x00, 0x03, 0x01, 0x02, 0x00, 0x0a, 0x01, 0x02, 0x00, 0x03, 0x01,
    0x09, 0x00, 0x0a, 0x01, 0x06, 0x00, 0x0a, 0x01, 0x02, 0x00, 0x03, 0x01, 0x09, 0x00, 0x0a, 0x01,
    0x09, 0x00, 0x03, 0x01, 0x02, 0x00, 0x0a, 0x01, 0x07, 0x00, 0x09, 0x01, 0x02, 0x00, 0x07, 0x01,
    0x08, 0x00, 0x04, 0x01, 0x08, 0x00, 0x07, 0x01, 0x02, 0x00, 0x09, 0x01, 0x08, 0x00, 0x09, 0x01,
    0x02, 0x00, 0x0a, 0x01, 0x0e, 0x00, 0x0a, 0x01, 0x02, 0x00, 0x09, 0x01, 0x08, 0x00, 0x09, 0x01,
    0x02, 0x00, 0x0a, 0x01, 0x02, 0x00, 0x03, 0x01, 0x04, 0x00, 0x03, 0x01, 0x02, 0x00, 0x0a, 0x01,
    0x02, 0x00, 0x09, 0x01, 0x08, 0x00, 0x09, 0x01, 0x02, 0x00, 0x0a, 0x01, 0x02, 0x00, 0x0a, 0x01,
    0x02, 0x00, 0x0a, 0x01, 0x02, 0x00, 0x09, 0x01, 0x09, 0x00, 0x08, 0x01, 0x02, 0x00, 0x0a, 0x01,
    0x02, 0x00, 0x0a, 0x01, 0x02, 0x00, 0x0a, 0x01, 0x02, 0x00, 0x08, 0x01, 0x0a, 0x00, 0x08, 0x01,
    0x02, 0x00, 0x0a, 0x01, 0x02, 0x00, 0x0a, 0x01, 0x02, 0x00, 0x0a, 0x01, 0x02, 0x00, 0x08, 0x01,
    0x0b, 0x00, 0x07, 0x01, 0x02, 0x00, 0x0a, 0x01, 0x02, 0x00, 0x0a, 0x01, 0x01, 0x00, 0x02, 0x05,
    0x09, 0x01, 0x02, 0x00, 0x07, 0x01, 0x0d, 0x00, 0x06, 0x01, 0x02, 0x00, 0x0a, 0x01, 0x02, 0x00,
    0x0a, 0x01, 0x01, 0x00, 0x02, 0x05, 0x09, 0x01, 0x02, 0x00, 0x06, 0x01, 0x0f, 0x00, 0x05, 0x01,
    0x02, 0x00, 0x0a, 0x01, 0x02, 0x00, 0x0a, 0x01, 0x02, 0x00, 0x0a, 0x01, 0x02, 0x00, 0x05, 0x01,
    0x11, 0x00, 0x04, 0x01, 0x02, 0x00, 0x0a, 0x01, 0x02, 0x00, 0x0a, 0x01, 0x02, 0x00, 0x0a, 0x01,
    0x02, 0x00, 0x04, 0x01, 0x14, 0x00, 0x02, 0x01, 0x02, 0x00, 0x0a, 0x01, 0x02, 0x00, 0x0a, 0x01,
    0x02, 0x00, 0x0a, 0x01, 0x02, 0x00, 0x02, 0x01, 0x1a, 0x00, 0x0a, 0x01, 0x02, 0x00, 0x0a, 0x01,
    0x02, 0x00, 0x0a, 0x01, 0xcf, 0x00, 0xcf, 0x00, 0x0a, 0x08, 0x02, 0x00, 0x0a, 0x08, 0x02, 0x00,
    0x0a, 0x08, 0x1a, 0x00, 0x02, 0x08, 0x02, 0x00, 0x0a, 0x08, 0x02, 0x00, 0x0a, 0x08, 0x02, 0x00,
    0x0a, 0x08, 0x02, 0x00, 0x02, 0x08, 0x14, 0x00, 0x04, 0x08, 0x02, 0x00, 0x0a, 0x08, 0x02, 0x00,
    0x0a, 0x08, 0x02, 0x00, 0x0a, 0x08, 0x02, 0x00, 0x04, 0x08, 0x11, 0x00, 0x05, 0x08, 0x02, 0x00,
    0x0a, 0x08, 0x02, 0x00, 0x0a, 0x08, 0x02, 0x00, 0x0a, 0x08, 0x02, 0x00, 0x05, 0x08, 0x0f, 0x00,
    0x06, 0x08, 0x02, 0x00, 0x0a, 0x08, 0x02, 0x00, 0x0a, 0x08, 0x02, 0x00, 0x0a, 0x08, 0x02, 0x00,
    0x06, 0x08, 0x0d, 0x00, 0x07, 0x08, 0x02, 0x00, 0x0a, 0x08, 0x02, 0x00, 0x0a, 0x08, 0x02, 0x00,
    0x0a, 0x08, 0x02, 0x00, 0x07, 0x08, 0x0b, 0x00, 0x08, 0x08, 0x02, 0x00, 0x0a, 0x08, 0x02, 0x00,
    0x0a, 0x08, 0x02, 0x00, 0x0a, 0x08, 0x02, 0x00, 0x08, 0x08, 0x0a, 0x00, 0x08, 0x08, 0x02, 0x00,
    0x0a, 0x08, 0x02, 0x00, 0x0a, 0x08, 0x02, 0x00, 0x0a, 0x08, 0x02, 0x00, 0x08, 0x08, 0x09, 0x00,
    0x09, 0x08, 0x02, 0x00, 0x0a, 0x08, 0x02, 0x00, 0x0a, 0x08, 0x02, 0x00, 0x0a, 0x08, 0x02, 0x00,
    0x09, 0x08, 0x08, 0x00, 0x09, 0x08, 0x02, 0x00, 0x0a, 0x08, 0x02, 0x00, 0x0a, 0x08, 0x02, 0x00,
    0x0a, 0x08, 0x02, 0x00, 0x09, 0x08, 0x08, 0x00, 0x09, 0x08, 0x02, 0x00, 0x0a, 0x08, 0x02, 0x00,
    0x0a, 0x08, 0x02, 0x00, 0x0a, 0x08, 0x02, 0x00, 0x09, 0x08, 0x08, 0x00, 0x07, 0x08, 0x01, 0x00,
    0x01, 0x08, 0x02, 0x00, 0x04, 0x08, 0x01, 0x00, 0x05, 0x08, 0x03, 0x00, 0x07, 0x08, 0x01, 0x00,
    0x01, 0x08, 0x02, 0x00, 0x04, 0x08, 0x01, 0x00, 0x05, 0x08, 0x03, 0x00, 0x07, 0x08, 0x0a, 0x00,
    0x05, 0x08, 0x05, 0x00, 0x03, 0x08, 0x03, 0x00, 0x04, 0x08, 0x04, 0x00, 0x05, 0x08, 0x05, 0x00,
    0x03, 0x08, 0x03, 0x00, 0x04, 0x08, 0x04, 0x00, 0x05, 0x08, 0x09, 0x00, 0x01, 0x08, 0x02, 0x00,
    0x03, 0x08, 0x02, 0x00, 0x01, 0x08, 0x03, 0x00, 0x02, 0x08, 0x02, 0x00, 0x01, 0x08, 0x02, 0x00,
    0x03, 0x08, 0x02, 0x00, 0x01, 0x08, 0x02, 0x00, 0x03, 0x08, 0x02, 0x00, 0x01, 0x08, 0x03, 0x00,
    0x02, 0x08, 0x02, 0x00, 0x01, 0x08, 0x02, 0x00, 0x03, 0x08, 0x02, 0x00, 0x01, 0x08, 0x02, 0x00,
    0x03, 0x08, 0x02, 0x00, 0x01, 0x08, 0x08, 0x00, 0x01, 0x08, 0x02, 0x00, 0x01, 0x08, 0x02, 0x00,
    0x03, 0x08, 0x02, 0x00, 0x01, 0x08, 0x02, 0x00, 0x03, 0x08, 0x02, 0x00, 0x01, 0x08, 0x03, 0x00,
    0x02, 0x08, 0x02, 0x00, 0x01, 0x08, 0x02, 0x00, 0x03, 0x08, 0x02, 0x00, 0x01, 0x08, 0x02, 0x00,
    0x03, 0x08, 0x02, 0x00, 0x01, 0x08, 0x03, 0x00, 0x02, 0x08, 0x02, 0x00, 0x01, 0x08, 0x02, 0x00,
    0x02, 0x08, 0x08, 0x00, 0x02, 0x08, 0x03, 0x00, 0x04, 0x08, 0x04, 0x00, 0x05, 0x08, 0x05, 0x00,
    0x03, 0x08, 0x03, 0x00, 0x04, 0x08, 0x04, 0x00, 0x05, 0x08, 0x05, 0x00, 0x03, 0x08, 0x03, 0x00,
    0x03, 0x08, 0x08, 0x00, 0x03, 0x08, 0x01, 0x00, 0x05, 0x08, 0x03, 0x00, 0x07, 0x08, 0x01, 0x00,
    0x01, 0x08, 0x02, 0x00, 0x04, 0x08, 0x01, 0x00, 0x05, 0x08, 0x03, 0x00, 0x07, 0x08, 0x01, 0x00,
    0x01, 0x08, 0x02, 0x00, 0x04, 0x08, 0x01, 0x00, 0x04, 0x08, 0x08, 0x00, 0x09, 0x08, 0x02, 0x00,
    0x0a, 0x08, 0x02, 0x00, 0x0a, 0x08, 0x02, 0x00, 0x0a, 0x08, 0x02, 0x00, 0x09, 0x08, 0x09, 0x00,
    0x08, 0x08, 0x02, 0x00, 0x0a, 0x08, 0x02, 0x00, 0x0a, 0x08, 0x02, 0x00, 0x0a, 0x08, 0x02, 0x00,
    0x08, 0x08, 0x0a, 0x00, 0x08, 0x08, 0x02, 0x00, 0x0a, 0x08, 0x02, 0x00, 0x0a, 0x08, 0x02, 0x00,
    0x0a, 0x08, 0x02, 0x00, 0x08, 0x08, 0x0b, 0x00, 0x07, 0x08, 0x02, 0x00, 0x0a, 0x08, 0x02, 0x00,
    0x0a, 0x08, 0x02, 0x00, 0x0a, 0x08, 0x02, 0x00, 0x07, 0x08, 0x0d, 0x00, 0x06, 0x08, 0x02, 0x00,
    0x0a, 0x08, 0x02, 0x00, 0x0a, 0x08, 0x02, 0x00, 0x0a, 0x08, 0x02, 0x00, 0x06, 0x08, 0x0f, 0x00,
    0x05, 0x08, 0x02, 0x00, 0x0a, 0x08, 0x02, 0x00, 0x0a, 0x08, 0x02, 0x00, 0x0a, 0x08, 0x02, 0x00,
    0x05, 0x08, 0x11, 0x00, 0x04, 0x08, 0x02, 0x00, 0x0a, 0x08, 0x02, 0x00, 0x0a, 0x08, 0x02, 0x00,
    0x0a, 0x08, 0x02, 0x00, 0x04, 0x08, 0x14, 0x00, 0x02, 0x08, 0x02, 0x00, 0x0a, 0x08, 0x02, 0x00,
    0x0a, 0x08, 0x02, 0x00, 0x0a, 0x08, 0x02, 0x00, 0x02, 0x08, 0x1a, 0x00, 0x0a, 0x08, 0x02, 0x00,
    0x0a, 0x08, 0x02, 0x00, 0x0a, 0x08, 0xcf, 0x00, 0xcf, 0x00, 0x0a, 0x08, 0x02, 0x00, 0x0a, 0x08,
    0x02, 0x00, 0x0a, 0x08, 0x1a, 0x00, 0x02, 0x08, 0x02, 0x00, 0x0a, 0x08, 0x02, 0x00, 0x0a, 0x08,
    0x02, 0x00, 0x0a, 0x08, 0x02, 0x00, 0x02, 0x08, 0x14, 0x00, 0x04, 0x08, 0x02, 0x00, 0x0a, 0x08,
    0x02, 0x00, 0x0a, 0x08, 0x02, 0x00, 0x0a, 0x08, 0x02, 0x00, 0x04, 0x08, 0x11, 0x00, 0x05, 0x08,
    0x02, 0x00, 0x0a, 0x08, 0x02, 0x00, 0x0a, 0x08, 0x02, 0x00, 0x0a, 0x08, 0x02, 0x00, 0x05, 0x08,
    0x0f, 0x00, 0x06, 0x08, 0x02, 0x00, 0x0a, 0x08, 0x02, 0x00, 0x0a, 0x08, 0x02, 0x00, 0x0a, 0x08,
    0x02, 0x00, 0x06, 0x08, 0x0d, 0x00, 0x07, 0x08, 0x02, 0x00, 0x0a, 0x08, 0x02, 0x00, 0x0a, 0x08,
    0x02, 0x00, 0x0a, 0x08, 0x02, 0x00, 0x07, 0x08, 0x0b, 0x00, 0x08, 0x08, 0x02, 0x00, 0x0a, 0x08,
    0x02, 0x00, 0x0a, 0x08, 0x02, 0x00, 0x0a, 0x08, 0x02, 0x00, 0x08, 0x08, 0x0a, 0x00, 0x08, 0x08,
    0x02, 0x00, 0x0a, 0x08, 0x02, 0x00, 0x0a, 0x08, 0x02, 0x00, 0x0a, 0x08, 0x02, 0x00, 0x08, 0x08,
    0x09, 0x00, 0x09, 0x08, 0x02, 0x00, 0x0a, 0x08, 0x02, 0x00, 0x0a, 0x08, 0x02, 0x00, 0x0a, 0x08,
    0x02, 0x00, 0x09, 0x08, 0x08, 0x00, 0x09, 0x08, 0x02, 0x00, 0x0a, 0x08, 0x02, 0x00, 0x0a, 0x08,
    0x02, 0x00, 0x0a, 0x08, 0x02, 0x00, 0x09, 0x08, 0x08, 0x00, 0x09, 0x08, 0x02, 0x00, 0x0a, 0x08,
    0x02, 0x00, 0x0a, 0x08, 0x02, 0x00, 0x0a, 0x08, 0x02, 0x00, 0x09, 0x08, 0x09, 0x00, 0x07, 0x08,
    0x03, 0x00, 0x05, 0x08, 0x01, 0x00, 0x04, 0x08, 0x02, 0x00, 0x01, 0x08, 0x01, 0x00, 0x07, 0x08,
    0x03, 0x00, 0x05, 0x08, 0x01, 0x00, 0x04, 0x08, 0x02, 0x00, 0x01, 0x08, 0x01, 0x00, 0x07, 0x08,
    0x0a, 0x00, 0x05, 0x08, 0x04, 0x00, 0x04, 0x08, 0x03, 0x00, 0x03, 0x08, 0x05, 0x00, 0x05, 0x08,
    0x04, 0x00, 0x04, 0x08, 0x03, 0x00, 0x03, 0x08, 0x05, 0x00, 0x05, 0x08, 0x09, 0x00, 0x01, 0x08,
    0x02, 0x00, 0x03, 0x08, 0x02, 0x00, 0x01, 0x08, 0x02, 0x00, 0x03, 0x08, 0x02, 0x00, 0x01, 0x08,
    0x02, 0x00, 0x02, 0x08, 0x03, 0x00, 0x01, 0x08, 0x02, 0x00, 0x03, 0x08, 0x02, 0x00, 0x01, 0x08,
    0x02, 0x00, 0x03, 0x08, 0x02, 0x00, 0x01, 0x08, 0x02, 0x00, 0x02, 0x08, 0x03, 0x00, 0x01, 0x08,
    0x02, 0x00, 0x03, 0x08, 0x02, 0x00, 0x01, 0x08, 0x07, 0x00, 0x02, 0x08, 0x02, 0x00, 0x01, 0x08,
    0x02, 0x00, 0x02, 0x08, 0x03, 0x00, 0x01, 0x08, 0x02, 0x00, 0x03, 0x08, 0x02, 0x00, 0x01, 0x08,
    0x02, 0x00, 0x03, 0x08, 0x02, 0x00, 0x01, 0x08, 0x02, 0x00, 0x02, 0x08, 0x03, 0x00, 0x01, 0x08,
    0x02, 0x00, 0x03, 0x08, 0x02, 0x00, 0x01, 0x08, 0x02, 0x00, 0x03, 0x08, 0x02, 0x00, 0x01, 0x08,
    0x02, 0x00, 0x01, 0x08, 0x08, 0x00, 0x03, 0x08, 0x03, 0x00, 0x03, 0x08, 0x05, 0x00, 0x05, 0x08,
    0x04, 0x00, 0x04, 0x08, 0x03, 0x00, 0x03, 0x08, 0x05, 0x00, 0x05, 0x08, 0x04, 0x00, 0x04, 0x08,
    0x03, 0x00, 0x02, 0x08, 0x08, 0x00, 0x04, 0x08, 0x01, 0x00, 0x04, 0x08, 0x02, 0x00, 0x01, 0x08,
    0x01, 0x00, 0x07, 0x08, 0x03, 0x00, 0x05, 0x08, 0x01, 0x00, 0x04, 0x08, 0x02, 0x00, 0x01, 0x08,
    0x01, 0x00, 0x07, 0x08, 0x03, 0x00, 0x05, 0x08, 0x01, 0x00, 0x03, 0x08, 0x08, 0x00, 0x09, 0x08,
    0x02, 0x00, 0x0a, 0x08, 0x02, 0x00, 0x0a, 0x08, 0x02, 0x00, 0x0a, 0x08, 0x02, 0x00, 0x09, 0x08,
    0x09, 0x00, 0x08, 0x08, 0x02, 0x00, 0x0a, 0x08, 0x02, 0x00, 0x0a, 0x08, 0x02, 0x00, 0x0a, 0x08,
    0x02, 0x00, 0x08, 0x08, 0x0a, 0x00, 0x08, 0x08, 0x02, 0x00, 0x0a, 0x08, 0x02, 0x00, 0x0a, 0x08,
    0x02, 0x00, 0x0a, 0x08, 0x02, 0x00, 0x08, 0x08, 0x0b, 0x00, 0x07, 0x08, 0x02, 0x00, 0x0a, 0x08,
    0x02, 0x00, 0x0a, 0x08, 0x02, 0x00, 0x0a, 0x08, 0x02, 0x00, 0x07, 0x08, 0x0d, 0x00, 0x06, 0x08,
    0x02, 0x00, 0x0a, 0x08, 0x02, 0x00, 0x0a, 0x08, 0x02, 0x00, 0x0a, 0x08, 0x02, 0x00, 0x06, 0x08,
    0x0f, 0x00, 0x05, 0x08, 0x02, 0x00, 0x0a, 0x08, 0x02, 0x00, 0x0a, 0x08, 0x02, 0x00, 0x0a, 0x08,
    0x02, 0x00, 0x05, 0x08, 0x11, 0x00, 0x04, 0x08, 0x02, 0x00, 0x0a, 0x08, 0x02, 0x00, 0x0a, 0x08,
    0x02, 0x00, 0x0a, 0x08, 0x02, 0x00, 0x04, 0x08, 0x14, 0x00, 0x02, 0x08, 0x02, 0x00, 0x0a, 0x08,
    0x02, 0x00, 0x0a, 0x08, 0x02, 0x00, 0x0a, 0x08, 0x02, 0x00, 0x02, 0x08, 0x1a, 0x00, 0x0a, 0x08,
    0x02, 0x00, 0x0a, 0x08, 0x02, 0x00, 0x0a, 0x08, 0xcf, 0x00, 0xcf, 0x00, 0x0a, 0x08, 0x02, 0x00,
    0x0a, 0x08, 0x02, 0x00, 0x0a, 0x08, 0x1a, 0x00, 0x02, 0x08, 0x02, 0x00, 0x0a, 0x08, 0x02, 0x00,
    0x0a, 0x08, 0x02, 0x00, 0x0a, 0x08, 0x02, 0x00, 0x02, 0x08, 0x14, 0x00, 0x04, 0x08, 0x02, 0x00,
    0x0a, 0x08, 0x02, 0x00, 0x0a, 0x08, 0x02, 0x00, 0x0a, 0x08, 0x02, 0x00, 0x04, 0x08, 0x11, 0x00,
    0x05, 0x08, 0x02, 0x00, 0x0a, 0x08, 0x02, 0x00, 0x0a, 0x08, 0x02, 0x00, 0x0a, 0x08, 0x02, 0x00,
    0x05, 0x08, 0x0f, 0x00, 0x06, 0x08, 0x02, 0x00, 0x0a, 0x08, 0x02, 0x00, 0x0a, 0x08, 0x02, 0x00,
    0x0a, 0x08, 0x02, 0x00, 0x06, 0x08, 0x0d, 0x00, 0x07, 0x08, 0x02, 0x00, 0x0a, 0x08, 0x02, 0x00,
    0x0a, 0x08, 0x02, 0x00, 0x0a, 0x08, 0x02, 0x00, 0x07, 0x08, 0x0b, 0x00, 0x08, 0x08, 0x02, 0x00,
    0x0a, 0x08, 0x02, 0x00, 0x0a, 0x08, 0x02, 0x00, 0x0a, 0x08, 0x02, 0x00, 0x08, 0x08, 0x0a, 0x00,
    0x08, 0x08, 0x02, 0x00, 0x0a, 0x08, 0x02, 0x00, 0x0a, 0x08, 0x02, 0x00, 0x0a, 0x08, 0x02, 0x00,
    0x08, 0x08, 0x09, 0x00, 0x09, 0x08, 0x02, 0x00, 0x0a, 0x08, 0x02, 0x00, 0x0a, 0x08, 0x02, 0x00,
    0x0a, 0x08, 0x02, 0x00, 0x09, 0x08, 0x08, 0x00, 0x09, 0x08, 0x02, 0x00, 0x0a, 0x08, 0x02, 0x00,
    0x0a, 0x08, 0x02, 0x00, 0x0a, 0x08, 0x02, 0x00, 0x09, 0x08, 0x08, 0x00, 0x09, 0x08, 0x02, 0x00,
    0x0a, 0x08, 0x02, 0x00, 0x0a, 0x08, 0x02, 0x00, 0x0a, 0x08, 0x02, 0x00, 0x09, 0x08, 0x08, 0x00,
    0x01, 0x08, 0x01, 0x00, 0x07, 0x08, 0x02, 0x00, 0x06, 0x08, 0x01, 0x00, 0x03, 0x08, 0x02, 0x00,
    0x02, 0x08, 0x01, 0x00, 0x07, 0x08, 0x02, 0x00, 0x06, 0x08, 0x01, 0x00, 0x03, 0x08, 0x02, 0x00,
    0x02, 0x08, 0x01, 0x00, 0x06, 0x08, 0x07, 0x00, 0x01, 0x08, 0x03, 0x00, 0x05, 0x08, 0x03, 0x00,
    0x05, 0x08, 0x03, 0x00, 0x02, 0x08, 0x02, 0x00, 0x01, 0x08, 0x03, 0x00, 0x05, 0x08, 0x03, 0x00,
    0x05, 0x08, 0x03, 0x00, 0x02, 0x08, 0x02, 0x00, 0x01, 0x08, 0x03, 0x00, 0x05, 0x08, 0x09, 0x00,
    0x01, 0x08, 0x02, 0x00, 0x03, 0x08, 0x05, 0x00, 0x03, 0x08, 0x02, 0x00, 0x01, 0x08, 0x02, 0x00,
    0x01, 0x08, 0x04, 0x00, 0x01, 0x08, 0x02, 0x00, 0x03, 0x08, 0x05, 0x00, 0x03, 0x08, 0x02, 0x00,
    0x01, 0x08, 0x02, 0x00, 0x01, 0x08, 0x04, 0x00, 0x01, 0x08, 0x02, 0x00, 0x03, 0x08, 0x09, 0x00,
    0x03, 0x08, 0x02, 0x00, 0x01, 0x08, 0x02, 0x00, 0x01, 0x08, 0x04, 0x00, 0x01, 0x08, 0x02, 0x00,
    0x03, 0x08, 0x05, 0x00, 0x03, 0x08, 0x02, 0x00, 0x01, 0x08, 0x02, 0x00, 0x01, 0x08, 0x04, 0x00,
    0x01, 0x08, 0x02, 0x00, 0x03, 0x08, 0x05, 0x00, 0x03, 0x08, 0x02, 0x00, 0x01, 0x08, 0x0a, 0x00,
    0x04, 0x08, 0x03, 0x00, 0x02, 0x08, 0x02, 0x00, 0x01, 0x08, 0x03, 0x00, 0x05, 0x08, 0x03, 0x00,
    0x05, 0x08, 0x03, 0x00, 0x02, 0x08, 0x02, 0x00, 0x01, 0x08, 0x03, 0x00, 0x05, 0x08, 0x03, 0x00,
    0x05, 0x08, 0x03, 0x00, 0x01, 0x08, 0x08, 0x00, 0x05, 0x08, 0x01, 0x00, 0x03, 0x08, 0x02, 0x00,
    0x02, 0x08, 0x01, 0x00, 0x07, 0x08, 0x02, 0x00, 0x06, 0x08, 0x01, 0x00, 0x03, 0x08, 0x02, 0x00,
    0x02, 0x08, 0x01, 0x00, 0x07, 0x08, 0x02, 0x00, 0x06, 0x08, 0x01, 0x00, 0x02, 0x08, 0x08, 0x00,
    0x09, 0x08, 0x02, 0x00, 0x0a, 0x08, 0x02, 0x00, 0x0a, 0x08, 0x02, 0x00, 0x0a, 0x08, 0x02, 0x00,
    0x09, 0x08, 0x09, 0x00, 0x08, 0x08, 0x02, 0x00, 0x0a, 0x08, 0x02, 0x00, 0x0a, 0x08, 0x02, 0x00,
    0x0a, 0x08, 0x02, 0x00, 0x08, 0x08, 0x0a, 0x00, 0x08, 0x08, 0x02, 0x00, 0x0a, 0x08, 0x02, 0x00,
    0x0a, 0x08, 0x02, 0x00, 0x0a, 0x08, 0x02, 0x00, 0x08, 0x08, 0x0b, 0x00, 0x07, 0x08, 0x02, 0x00,
    0x0a, 0x08, 0x02, 0x00, 0x0a, 0x08, 0x02, 0x00, 0x0a, 0x08, 0x02, 0x00, 0x07, 0x08, 0x0d, 0x00,
    0x06, 0x08, 0x02, 0x00, 0x0a, 0x08, 0x02, 0x00, 0x0a, 0x08, 0x02, 0x00, 0x0a, 0x08, 0x02, 0x00,
    0x06, 0x08, 0x0f, 0x00, 0x05, 0x08, 0x02, 0x00, 0x0a, 0x08, 0x02, 0x00, 0x0a, 0x08, 0x02, 0x00,
    0x0a, 0x08, 0x02, 0x00, 0x05, 0x08, 0x11, 0x00, 0x04, 0x08, 0x02, 0x00, 0x0a, 0x08, 0x02, 0x00,
    0x0a, 0x08, 0x02, 0x00, 0x0a, 0x08, 0x02, 0x00, 0x04, 0x08, 0x14, 0x00, 0x02, 0x08, 0x02, 0x00,
    0x0a, 0x08, 0x02, 0x00, 0x0a, 0x08, 0x02, 0x00, 0x0a, 0x08, 0x02, 0x00, 0x02, 0x08, 0x1a, 0x00,
    0x0a, 0x08, 0x02, 0x00, 0x0a, 0x08, 0x02, 0x00, 0x0a, 0x08, 0xcf, 0x00, 0xcf, 0x00, 0x0a, 0x08,
    0x02, 0x00, 0x0a, 0x08, 0x02, 0x00, 0x0a, 0x08, 0x1a, 0x00, 0x02, 0x08, 0x02, 0x00, 0x0a, 0x08,
    0x02, 0x00, 0x0a, 0x08, 0x02, 0x00, 0x0a, 0x08, 0x02, 0x00, 0x02, 0x08, 0x14, 0x00, 0x04, 0x08,
    0x02, 0x00, 0x0a, 0x08, 0x02, 0x00, 0x0a, 0x08, 0x02, 0x00, 0x0a, 0x08, 0x02, 0x00, 0x04, 0x08,
    0x11, 0x00, 0x05, 0x08, 0x02, 0x00, 0x0a, 0x08, 0x02, 0x00, 0x0a, 0x08, 0x02, 0x00, 0x0a, 0x08,
    0x02, 0x00, 0x05, 0x08, 0x0f, 0x00, 0x06, 0x08, 0x02, 0x00, 0x0a, 0x08, 0x02, 0x00, 0x0a, 0x08,
    0x02, 0x00, 0x0a, 0x08, 0x02, 0x00, 0x06, 0x08, 0x0d, 0x00, 0x07, 0x08, 0x02, 0x00, 0x0a, 0x08,
    0x02, 0x00, 0x0a, 0x08, 0x02, 0x00, 0x0a, 0x08, 0x02, 0x00, 0x07, 0x08, 0x0b, 0x00, 0x08, 0x08,
    0x02, 0x00, 0x0a, 0x08, 0x02, 0x00, 0x0a, 0x08, 0x02, 0x00, 0x0a, 0x08, 0x02, 0x00, 0x08, 0x08,
    0x0a, 0x00, 0x08, 0x08, 0x02, 0x00, 0x0a, 0x08, 0x02, 0x00, 0x0a, 0x08, 0x02, 0x00, 0x0a, 0x08,
    0x02, 0x00, 0x08, 0x08, 0x09, 0x00, 0x09, 0x08, 0x02, 0x00, 0x0a, 0x08, 0x02, 0x00, 0x0a, 0x08,
    0x02, 0x00, 0x0a, 0x08, 0x02, 0x00, 0x09, 0x08, 0x08, 0x00, 0x09, 0x08, 0x02, 0x00, 0x0a, 0x08,
    0x02, 0x00, 0x0a, 0x08, 0x02, 0x00, 0x0a, 0x08, 0x02, 0x00, 0x09, 0x08, 0x08, 0x00, 0x09, 0x08,
    0x02, 0x00, 0x0a, 0x08, 0x02, 0x00, 0x0a, 0x08, 0x02, 0x00, 0x0a, 0x08, 0x02, 0x00, 0x09, 0x08,
    0x08, 0x00, 0x02, 0x08, 0x01, 0x00, 0x06, 0x08, 0x02, 0x00, 0x07, 0x08, 0x01, 0x00, 0x02, 0x08,
    0x02, 0x00, 0x03, 0x08, 0x01, 0x00, 0x06, 0x08, 0x02, 0x00, 0x07, 0x08, 0x01, 0x00, 0x02, 0x08,
    0x02, 0x00, 0x03, 0x08, 0x01, 0x00, 0x05, 0x08, 0x07, 0x00, 0x02, 0x08, 0x03, 0x00, 0x05, 0x08,
    0x03, 0x00, 0x05, 0x08, 0x03, 0x00, 0x01, 0x08, 0x02, 0x00, 0x02, 0x08, 0x03, 0x00, 0x05, 0x08,
    0x03, 0x00, 0x05, 0x08, 0x03, 0x00, 0x01, 0x08, 0x02, 0x00, 0x02, 0x08, 0x03, 0x00, 0x05, 0x08,
    0x06, 0x00, 0x01, 0x08, 0x02, 0x00, 0x01, 0x08, 0x02, 0x00, 0x03, 0x08, 0x05, 0x00, 0x03, 0x08,
    0x02, 0x00, 0x01, 0x08, 0x04, 0x00, 0x01, 0x08, 0x02, 0x00, 0x01, 0x08, 0x02, 0x00, 0x03, 0x08,
    0x05, 0x00, 0x03, 0x08, 0x02, 0x00, 0x01, 0x08, 0x04, 0x00, 0x01, 0x08, 0x02, 0x00, 0x01, 0x08,
    0x02, 0x00, 0x03, 0x08, 0x09, 0x00, 0x03, 0x08, 0x02, 0x00, 0x01, 0x08, 0x04, 0x00, 0x01, 0x08,
    0x02, 0x00, 0x01, 0x08, 0x02, 0x00, 0x03, 0x08, 0x05, 0x00, 0x03, 0x08, 0x02, 0x00, 0x01, 0x08,
    0x04, 0x00, 0x01, 0x08, 0x02, 0x00, 0x01, 0x08, 0x02, 0x00, 0x03, 0x08, 0x05, 0x00, 0x03, 0x08,
    0x02, 0x00, 0x01, 0x08, 0x09, 0x00, 0x05, 0x08, 0x03, 0x00, 0x01, 0x08, 0x02, 0x00, 0x02, 0x08,
    0x03, 0x00, 0x05, 0x08, 0x03, 0x00, 0x05, 0x08, 0x03, 0x00, 0x01, 0x08, 0x02, 0x00, 0x02, 0x08,
    0x03, 0x00, 0x05, 0x08, 0x03, 0x00, 0x05, 0x08, 0x0b, 0x00, 0x06, 0x08, 0x01, 0x00, 0x02, 0x08,
    0x02, 0x00, 0x03, 0x08, 0x01, 0x00, 0x06, 0x08, 0x02, 0x00, 0x07, 0x08, 0x01, 0x00, 0x02, 0x08,
    0x02, 0x00, 0x03, 0x08, 0x01, 0x00, 0x06, 0x08, 0x02, 0x00, 0x07, 0x08, 0x01, 0x00, 0x01, 0x08,
    0x08, 0x00, 0x09, 0x08, 0x02, 0x00, 0x0a, 0x08, 0x02, 0x00, 0x0a, 0x08, 0x02, 0x00, 0x0a, 0x08,
    0x02, 0x00, 0x09, 0x08, 0x09, 0x00, 0x08, 0x08, 0x02, 0x00, 0x0a, 0x08, 0x02, 0x00, 0x0a, 0x08,
    0x02, 0x00, 0x0a, 0x08, 0x02, 0x00, 0x08, 0x08, 0x0a, 0x00, 0x08, 0x08, 0x02, 0x00, 0x0a, 0x08,
    0x02, 0x00, 0x0a, 0x08, 0x02, 0x00, 0x0a, 0x08, 0x02, 0x00, 0x08, 0x08, 0x0b, 0x00, 0x07, 0x08,
    0x02, 0x00, 0x0a, 0x08, 0x02, 0x00, 0x0a, 0x08, 0x02, 0x00, 0x0a, 0x08, 0x02, 0x00, 0x07, 0x08,
    0x0d, 0x00, 0x06, 0x08, 0x02, 0x00, 0x0a, 0x08, 0x02, 0x00, 0x0a, 0x08, 0x02, 0x00, 0x0a, 0x08,
    0x02, 0x00, 0x06, 0x08, 0x0f, 0x00, 0x05, 0x08, 0x02, 0x00, 0x0a, 0x08, 0x02, 0x00, 0x0a, 0x08,
    0x02, 0x00, 0x0a, 0x08, 0x02, 0x00, 0x05, 0x08, 0x11, 0x00, 0x04, 0x08, 0x02, 0x00, 0x0a, 0x08,
    0x02, 0x00, 0x0a, 0x08, 0x02, 0x00, 0x0a, 0x08, 0x02, 0x00, 0x04, 0x08, 0x14, 0x00, 0x02, 0x08,
    0x02, 0x00, 0x0a, 0x08, 0x02, 0x00, 0x0a, 0x08, 0x02, 0x00, 0x0a, 0x08, 0x02, 0x00, 0x02, 0x08,
    0x1a, 0x00, 0x0a, 0x08, 0x02, 0x00, 0x0a, 0x08, 0x02, 0x00, 0x0a, 0x08, 0xcf, 0x00, 0xcf, 0x00,
    0x0a, 0x08, 0x02, 0x00, 0x0a, 0x08, 0x02, 0x00, 0x0a, 0x08, 0x1a, 0x00, 0x02, 0x08, 0x02, 0x00,
    0x0a, 0x08, 0x02, 0x00, 0x0a, 0x08, 0x02, 0x00, 0x0a, 0x08, 0x02, 0x00, 0x02, 0x08, 0x14, 0x00,
    0x04, 0x08, 0x02, 0x00, 0x0a, 0x08, 0x02, 0x00, 0x0a, 0x08, 0x02, 0x00, 0x0a, 0x08, 0x02, 0x00,
    0x04, 0x08, 0x11, 0x00, 0x05, 0x08, 0x02, 0x00, 0x0a, 0x08, 0x02, 0x00, 0x0a, 0x08, 0x02, 0x00,
    0x0a, 0x08, 0x02, 0x00, 0x05, 0x08, 0x0f, 0x00, 0x06, 0x08, 0x02, 0x00, 0x0a, 0x08, 0x02, 0x00,
    0x0a, 0x08, 0x02, 0x00, 0x0a, 0x08, 0x02, 0x00, 0x06, 0x08, 0x0d, 0x00, 0x07, 0x08, 0x02, 0x00,
    0x0a, 0x08, 0x02, 0x00, 0x0a, 0x08, 0x02, 0x00, 0x0a, 0x08, 0x02, 0x00, 0x07, 0x08, 0x0b, 0x00,
    0x08, 0x08, 0x02, 0x00, 0x0a, 0x08, 0x02, 0x00, 0x0a, 0x08, 0x02, 0x00, 0x0a, 0x08, 0x02, 0x00,
    0x08, 0x08, 0x0a, 0x00, 0x08, 0x08, 0x02, 0x00, 0x0a, 0x08, 0x02, 0x00, 0x0a, 0x08, 0x02, 0x00,
    0x0a, 0x08, 0x02, 0x00, 0x08, 0x08, 0x09, 0x00, 0x09, 0x08, 0x02, 0x00, 0x0a, 0x08, 0x02, 0x00,
    0x0a, 0x08, 0x02, 0x00, 0x0a, 0x08, 0x02, 0x00, 0x09, 0x08, 0x08, 0x00, 0x09, 0x08, 0x02, 0x00,
    0x0a, 0x08, 0x02, 0x00, 0x0a, 0x08, 0x02, 0x00, 0x0a, 0x08, 0x02, 0x00, 0x09, 0x08, 0x08, 0x00,
    0x09, 0x08, 0x02, 0x00, 0x0a, 0x08, 0x02, 0x00, 0x0a, 0x08, 0x02, 0x00, 0x0a, 0x08, 0x02, 0x00,
    0x09, 0x08, 0x08, 0x00, 0x03, 0x08, 0x01, 0x00, 0x05, 0x08, 0x03, 0x00, 0x07, 0x08, 0x01, 0x00,
    0x01, 0x08, 0x02, 0x00, 0x04, 0x08, 0x01, 0x00, 0x05, 0x08, 0x03, 0x00, 0x07, 0x08, 0x01, 0x00,
    0x01, 0x08, 0x02, 0x00, 0x04, 0x08, 0x01, 0x00, 0x04, 0x08, 0x07, 0x00, 0x03, 0x08, 0x03, 0x00,
    0x04, 0x08, 0x04, 0x00, 0x05, 0x08, 0x05, 0x00, 0x03, 0x08, 0x03, 0x00, 0x04, 0x08, 0x04, 0x00,
    0x05, 0x08, 0x05, 0x00, 0x03, 0x08, 0x03, 0x00, 0x04, 0x08, 0x06, 0x00, 0x02, 0x08, 0x02, 0x00,
    0x01, 0x08, 0x02, 0x00, 0x03, 0x08, 0x02, 0x00, 0x01, 0x08, 0x02, 0x00, 0x03, 0x08, 0x02, 0x00,
    0x01, 0x08, 0x03, 0x00, 0x02, 0x08, 0x02, 0x00, 0x01, 0x08, 0x02, 0x00, 0x03, 0x08, 0x02, 0x00,
    0x01, 0x08, 0x02, 0x00, 0x03, 0x08, 0x02, 0x00, 0x01, 0x08, 0x03, 0x00, 0x02, 0x08, 0x02, 0x00,
    0x01, 0x08, 0x02, 0x00, 0x03, 0x08, 0x09, 0x00, 0x03, 0x08, 0x02, 0x00, 0x01, 0x08, 0x03, 0x00,
    0x02, 0x08, 0x02, 0x00, 0x01, 0x08, 0x02, 0x00, 0x03, 0x08, 0x02, 0x00, 0x01, 0x08, 0x02, 0x00,
    0x03, 0x08, 0x02, 0x00, 0x01, 0x08, 0x03, 0x00, 0x02, 0x08, 0x02, 0x00, 0x01, 0x08, 0x02, 0x00,
    0x03, 0x08, 0x02, 0x00, 0x01, 0x08, 0x02, 0x00, 0x03, 0x08, 0x02, 0x00, 0x01, 0x08, 0x09, 0x00,
    0x05, 0x08, 0x05, 0x00, 0x03, 0x08, 0x03, 0x00, 0x04, 0x08, 0x04, 0x00, 0x05, 0x08, 0x05, 0x00,
    0x03, 0x08, 0x03, 0x00, 0x04, 0x08, 0x04, 0x00, 0x05, 0x08, 0x0a, 0x00, 0x07, 0x08, 0x01, 0x00,
    0x01, 0x08, 0x02, 0x00, 0x04, 0x08, 0x01, 0x00, 0x05, 0x08, 0x03, 0x00, 0x07, 0x08, 0x01, 0x00,
    0x01, 0x08, 0x02, 0x00, 0x04, 0x08, 0x01, 0x00, 0x05, 0x08, 0x03, 0x00, 0x07, 0x08, 0x09, 0x00,
    0x09, 0x08, 0x02, 0x00, 0x0a, 0x08, 0x02, 0x00, 0x0a, 0x08, 0x02, 0x00, 0x0a, 0x08, 0x02, 0x00,
    0x09, 0x08, 0x09, 0x00, 0x08, 0x08, 0x02, 0x00, 0x0a, 0x08, 0x02, 0x00, 0x0a, 0x08, 0x02, 0x00,
    0x0a, 0x08, 0x02, 0x00, 0x08, 0x08, 0x0a, 0x00, 0x08, 0x08, 0x02, 0x00, 0x0a, 0x08, 0x02, 0x00,
    0x0a, 0x08, 0x02, 0x00, 0x0a, 0x08, 0x02, 0x00, 0x08, 0x08, 0x0b, 0x00, 0x07, 0x08, 0x02, 0x00,
    0x0a, 0x08, 0x02, 0x00, 0x0a, 0x08, 0x02, 0x00, 0x0a, 0x08, 0x02, 0x00, 0x07, 0x08, 0x0d, 0x00,
    0x06, 0x08, 0x02, 0x00, 0x0a, 0x08, 0x02, 0x00, 0x0a, 0x08, 0x02, 0x00, 0x0a, 0x08, 0x02, 0x00,
    0x06, 0x08, 0x0f, 0x00, 0x05, 0x08, 0x02, 0x00, 0x0a, 0x08, 0x02, 0x00, 0x0a, 0x08, 0x02, 0x00,
    0x0a, 0x08, 0x02, 0x00, 0x05, 0x08, 0x11, 0x00, 0x04, 0x08, 0x02, 0x00, 0x0a, 0x08, 0x02, 0x00,
    0x0a, 0x08, 0x02, 0x00, 0x0a, 0x08, 0x02, 0x00, 0x04, 0x08, 0x14, 0x00, 0x02, 0x08, 0x02, 0x00,
    0x0a, 0x08, 0x02, 0x00, 0x0a, 0x08, 0x02, 0x00, 0x0a, 0x08, 0x02, 0x00, 0x02, 0x08, 0x1a, 0x00,
    0x0a, 0x08, 0x02, 0x00, 0x0a, 0x08, 0x02, 0x00, 0x0a, 0x08, 0xcf, 0x00, 0xcf, 0x00, 0x0a, 0x08,
    0x02, 0x00, 0x0a, 0x08, 0x02, 0x00, 0x0a, 0x08, 0x1a, 0x00, 0x02, 0x08, 0x02, 0x00, 0x0a, 0x08,
    0x02, 0x00, 0x0a, 0x08, 0x02, 0x00, 0x0a, 0x08, 0x02, 0x00, 0x02, 0x08, 0x14, 0x00, 0x04, 0x08,
    0x02, 0x00, 0x0a, 0x08, 0x02, 0x00, 0x0a, 0x08, 0x02, 0x00, 0x0a, 0x08, 0x02, 0x00, 0x04, 0x08,
    0x11, 0x00, 0x05, 0x08, 0x02, 0x00, 0x0a, 0x08, 0x02, 0x00, 0x0a, 0x08, 0x02, 0x00, 0x0a, 0x08,
    0x02, 0x00, 0x05, 0x08, 0x0f, 0x00, 0x06, 0x08, 0x02, 0x00, 0x0a, 0x08, 0x02, 0x00, 0x0a, 0x08,
    0x02, 0x00, 0x0a, 0x08, 0x02, 0x00, 0x06, 0x08, 0x0d, 0x00, 0x07, 0x08, 0x02, 0x00, 0x0a, 0x08,
    0x02, 0x00, 0x0a, 0x08, 0x02, 0x00, 0x0a, 0x08, 0x02, 0x00, 0x07, 0x08, 0x0b, 0x00, 0x08, 0x08,
    0x02, 0x00, 0x0a, 0x08, 0x02, 0x00, 0x0a, 0x08, 0x02, 0x00, 0x0a, 0x08, 0x02, 0x00, 0x08, 0x08,
    0x0a, 0x00, 0x08, 0x08, 0x02, 0x00, 0x0a, 0x08, 0x02, 0x00, 0x0a, 0x08, 0x02, 0x00, 0x0a, 0x08,
    0x02, 0x00, 0x08, 0x08, 0x09, 0x00, 0x09, 0x08, 0x02, 0x00, 0x0a, 0x08, 0x02, 0x00, 0x0a, 0x08,
    0x02, 0x00, 0x0a, 0x08, 0x02, 0x00, 0x09, 0x08, 0x08, 0x00, 0x09, 0x08, 0x02, 0x00, 0x0a, 0x08,
    0x02, 0x00, 0x0a, 0x08, 0x02, 0x00, 0x0a, 0x08, 0x02, 0x00, 0x09, 0x08, 0x08, 0x00, 0x09, 0x08,
    0x02, 0x00, 0x0a, 0x08, 0x02, 0x00, 0x0a, 0x08, 0x02, 0x00, 0x0a, 0x08, 0x02, 0x00, 0x09, 0x08,
    0x08, 0x00, 0x04, 0x08, 0x01, 0x00, 0x04, 0x08, 0x02, 0x00, 0x01, 0x08, 0x01, 0x00, 0x07, 0x08,
    0x03, 0x00, 0x05, 0x08, 0x01, 0x00, 0x04, 0x08, 0x02, 0x00, 0x01, 0x08, 0x01, 0x00, 0x07, 0x08,
    0x03, 0x00, 0x05, 0x08, 0x01, 0x00, 0x03, 0x08, 0x07, 0x00, 0x04, 0x08, 0x03, 0x00, 0x03, 0x08,
    0x05, 0x00, 0x05, 0x08, 0x04, 0x00, 0x04, 0x08, 0x03, 0x00, 0x03, 0x08, 0x05, 0x00, 0x05, 0x08,
    0x04, 0x00, 0x04, 0x08, 0x03, 0x00, 0x03, 0x08, 0x06, 0x00, 0x03, 0x08, 0x02, 0x00, 0x01, 0x08,
    0x02, 0x00, 0x02, 0x08, 0x03, 0x00, 0x01, 0x08, 0x02, 0x00, 0x03, 0x08, 0x02, 0x00, 0x01, 0x08,
    0x02, 0x00, 0x03, 0x08, 0x02, 0x00, 0x01, 0x08, 0x02, 0x00, 0x02, 0x08, 0x03, 0x00, 0x01, 0x08,
    0x02, 0x00, 0x03, 0x08, 0x02, 0x00, 0x01, 0x08, 0x02, 0x00, 0x03, 0x08, 0x02, 0x00, 0x01, 0x08,
    0x02, 0x00, 0x02, 0x08, 0x07, 0x00, 0x01, 0x08, 0x02, 0x00, 0x03, 0x08, 0x02, 0x00, 0x01, 0x08,
    0x02, 0x00, 0x03, 0x08, 0x02, 0x00, 0x01, 0x08, 0x02, 0x00, 0x02, 0x08, 0x03, 0x00, 0x01, 0x08,
    0x02, 0x00, 0x03, 0x08, 0x02, 0x00, 0x01, 0x08, 0x02, 0x00, 0x03, 0x08, 0x02, 0x00, 0x01, 0x08,
    0x02, 0x00, 0x02, 0x08, 0x03, 0x00, 0x01, 0x08, 0x02, 0x00, 0x03, 0x08, 0x0c, 0x00, 0x05, 0x08,
    0x04, 0x00, 0x04, 0x08, 0x03, 0x00, 0x03, 0x08, 0x05, 0x00, 0x05, 0x08, 0x04, 0x00, 0x04, 0x08,
    0x03, 0x00, 0x03, 0x08, 0x05, 0x00, 0x05, 0x08, 0x0a, 0x00, 0x07, 0x08, 0x03, 0x00, 0x05, 0x08,
    0x01, 0x00, 0x04, 0x08, 0x02, 0x00, 0x01, 0x08, 0x01, 0x00, 0x07, 0x08, 0x03, 0x00, 0x05, 0x08,
    0x01, 0x00, 0x04, 0x08, 0x02, 0x00, 0x01, 0x08, 0x01, 0x00, 0x07, 0x08, 0x08, 0x00, 0x09, 0x08,
    0x02, 0x00, 0x0a, 0x08, 0x02, 0x00, 0x0a, 0x08, 0x02, 0x00, 0x0a, 0x08, 0x02, 0x00, 0x09, 0x08,
    0x09, 0x00, 0x08, 0x08, 0x02, 0x00, 0x0a, 0x08, 0x02, 0x00, 0x0a, 0x08, 0x02, 0x00, 0x0a, 0x08,
    0x02, 0x00, 0x08, 0x08, 0x0a, 0x00, 0x08, 0x08, 0x02, 0x00, 0x0a, 0x08, 0x02, 0x00, 0x0a, 0x08,
    0x02, 0x00, 0x0a, 0x08, 0x02, 0x00, 0x08, 0x08, 0x0b, 0x00, 0x07, 0x08, 0x02, 0x00, 0x0a, 0x08,
    0x02, 0x00, 0x0a, 0x08, 0x02, 0x00, 0x0a, 0x08, 0x02, 0x00, 0x07, 0x08, 0x0d, 0x00, 0x06, 0x08,
    0x02, 0x00, 0x0a, 0x08, 0x02, 0x00, 0x0a, 0x08, 0x02, 0x00, 0x0a, 0x08, 0x02, 0x00, 0x06, 0x08,
    0x0f, 0x00, 0x05, 0x08, 0x02, 0x00, 0x0a, 0x08, 0x02, 0x00, 0x0a, 0x08, 0x02, 0x00, 0x0a, 0x08,
    0x02, 0x00, 0x05, 0x08, 0x11, 0x00, 0x04, 0x08, 0x02, 0x00, 0x0a, 0x08, 0x02, 0x00, 0x0a, 0x08,
    0x02, 0x00, 0x0a, 0x08, 0x02, 0x00, 0x04, 0x08, 0x14, 0x00, 0x02, 0x08, 0x02, 0x00, 0x0a, 0x08,
    0x02, 0x00, 0x0a, 0x08, 0x02, 0x00, 0x0a, 0x08, 0x02, 0x00, 0x02, 0x08, 0x1a, 0x00, 0x0a, 0x08,
    0x02, 0x00, 0x0a, 0x08, 0x02, 0x00, 0x0a, 0x08, 0xcf, 0x00, 0xcf, 0x00, 0x0a, 0x08, 0x02, 0x00,
    0x0a, 0x08, 0x02, 0x00, 0x0a, 0x08, 0x1a, 0x00, 0x02, 0x08, 0x02, 0x00, 0x0a, 0x08, 0x02, 0x00,
    0x0a, 0x08, 0x02, 0x00, 0x0a, 0x08, 0x02, 0x00, 0x02, 0x08, 0x14, 0x00, 0x04, 0x08, 0x02, 0x00,
    0x0a, 0x08, 0x02, 0x00, 0x0a, 0x08, 0x02, 0x00, 0x0a, 0x08, 0x02, 0x00, 0x04, 0x08, 0x11, 0x00,
    0x05, 0x08, 0x02, 0x00, 0x0a, 0x08, 0x02, 0x00, 0x0a, 0x08, 0x02, 0x00, 0x0a, 0x08, 0x02, 0x00,
    0x05, 0x08, 0x0f, 0x00, 0x06, 0x08, 0x02, 0x00, 0x0a, 0x08, 0x02, 0x00, 0x0a, 0x08, 0x02, 0x00,
    0x0a, 0x08, 0x02, 0x00, 0x06, 0x08, 0x0d, 0x00, 0x07, 0x08, 0x02, 0x00, 0x0a, 0x08, 0x02, 0x00,
    0x0a, 0x08, 0x02, 0x00, 0x0a, 0x08, 0x02, 0x00, 0x07, 0x08, 0x0b, 0x00, 0x08, 0x08, 0x02, 0x00,
    0x0a, 0x08, 0x02, 0x00, 0x0a, 0x08, 0x02, 0x00, 0x0a, 0x08, 0x02, 0x00, 0x08, 0x08, 0x0a, 0x00,
    0x08, 0x08, 0x02, 0x00, 0x0a, 0x08, 0x02, 0x00, 0x0a, 0x08, 0x02, 0x00, 0x0a, 0x08, 0x02, 0x00,
    0x08, 0x08, 0x09, 0x00, 0x09, 0x08, 0x02, 0x00, 0x0a, 0x08, 0x02, 0x00, 0x0a, 0x08, 0x02, 0x00,
    0x0a, 0x08, 0x02, 0x00, 0x09, 0x08, 0x08, 0x00, 0x09, 0x08, 0x02, 0x00, 0x0a, 0x08, 0x02, 0x00,
    0x0a, 0x08, 0x02, 0x00, 0x0a, 0x08, 0x02, 0x00, 0x09, 0x08, 0x08, 0x00, 0x09, 0x08, 0x02, 0x00,
    0x0a, 0x08, 0x02, 0x00, 0x0a, 0x08, 0x02, 0x00, 0x0a, 0x08, 0x02, 0x00, 0x09, 0x08, 0x08, 0x00,
    0x05, 0x08, 0x01, 0x00, 0x03, 0x08, 0x02, 0x00, 0x02, 0x08, 0x01, 0x00, 0x07, 0x08, 0x02, 0x00,
    0x06, 0x08, 0x01, 0x00, 0x03, 0x08, 0x02, 0x00, 0x02, 0x08, 0x01, 0x00, 0x07, 0x08, 0x02, 0x00,
    0x06, 0x08, 0x01, 0x00, 0x02, 0x08, 0x07, 0x00, 0x05, 0x08, 0x03, 0x00, 0x02, 0x08, 0x02, 0x00,
    0x01, 0x08, 0x03, 0x00, 0x05, 0x08, 0x03, 0x00, 0x05, 0x08, 0x03, 0x00, 0x02, 0x08, 0x02, 0x00,
    0x01, 0x08, 0x03, 0x00, 0x05, 0x08, 0x03, 0x00, 0x05, 0x08, 0x03, 0x00, 0x02, 0x08, 0x07, 0x00,
    0x03, 0x08, 0x02, 0x00, 0x01, 0x08, 0x02, 0x00, 0x01, 0x08, 0x04, 0x00, 0x01, 0x08, 0x02, 0x00,
    0x03, 0x08, 0x05, 0x00, 0x03, 0x08, 0x02, 0x00, 0x01, 0x08, 0x02, 0x00, 0x01, 0x08, 0x04, 0x00,
    0x01, 0x08, 0x02, 0x00, 0x03, 0x08, 0x05, 0x00, 0x03, 0x08, 0x02, 0x00, 0x01, 0x08, 0x02, 0x00,
    0x01, 0x08, 0x08, 0x00, 0x01, 0x08, 0x02, 0x00, 0x03, 0x08, 0x05, 0x00, 0x03, 0x08, 0x02, 0x00,
    0x01, 0x08, 0x02, 0x00, 0x01, 0x08, 0x04, 0x00, 0x01, 0x08, 0x02, 0x00, 0x03, 0x08, 0x05, 0x00,
    0x03, 0x08, 0x02, 0x00, 0x01, 0x08, 0x02, 0x00, 0x01, 0x08, 0x04, 0x00, 0x01, 0x08, 0x02, 0x00,
    0x03, 0x08, 0x0c, 0x00, 0x05, 0x08, 0x03, 0x00, 0x05, 0x08, 0x03, 0x00, 0x02, 0x08, 0x02, 0x00,
    0x01, 0x08, 0x03, 0x00, 0x05, 0x08, 0x03, 0x00, 0x05, 0x08, 0x03, 0x00, 0x02, 0x08, 0x02, 0x00,
    0x01, 0x08, 0x03, 0x00, 0x05, 0x08, 0x08, 0x00, 0x01, 0x08, 0x01, 0x00, 0x07, 0x08, 0x02, 0x00,
    0x06, 0x08, 0x01, 0x00, 0x03, 0x08, 0x02, 0x00, 0x02, 0x08, 0x01, 0x00, 0x07, 0x08, 0x02, 0x00,
    0x06, 0x08, 0x01, 0x00, 0x03, 0x08, 0x02, 0x00, 0x02, 0x08, 0x01, 0x00, 0x06, 0x08, 0x08, 0x00,
    0x09, 0x08, 0x02, 0x00, 0x0a, 0x08, 0x02, 0x00, 0x0a, 0x08, 0x02, 0x00, 0x0a, 0x08, 0x02, 0x00,
    0x09, 0x08, 0x09, 0x00, 0x08, 0x08, 0x02, 0x00, 0x0a, 0x08, 0x02, 0x00, 0x0a, 0x08, 0x02, 0x00,
    0x0a, 0x08, 0x02, 0x00, 0x08, 0x08, 0x0a, 0x00, 0x08, 0x08, 0x02, 0x00, 0x0a, 0x08, 0x02, 0x00,
    0x0a, 0x08, 0x02, 0x00, 0x0a, 0x08, 0x02, 0x00, 0x08, 0x08, 0x0b, 0x00, 0x07, 0x08, 0x02, 0x00,
    0x0a, 0x08, 0x02, 0x00, 0x0a, 0x08, 0x02, 0x00, 0x0a, 0x08, 0x02, 0x00, 0x07, 0x08, 0x0d, 0x00,
    0x06, 0x08, 0x02, 0x00, 0x0a, 0x08, 0x02, 0x00, 0x0a, 0x08, 0x02, 0x00, 0x0a, 0x08, 0x02, 0x00,
    0x06, 0x08, 0x0f, 0x00, 0x05, 0x08, 0x02, 0x00, 0x0a, 0x08, 0x02, 0x00, 0x0a, 0x08, 0x02, 0x00,
    0x0a, 0x08, 0x02, 0x00, 0x05, 0x08, 0x11, 0x00, 0x04, 0x08, 0x02, 0x00, 0x0a, 0x08, 0x02, 0x00,
    0x0a, 0x08, 0x02, 0x00, 0x0a, 0x08, 0x02, 0x00, 0x04, 0x08, 0x14, 0x00, 0x02, 0x08, 0x02, 0x00,
    0x0a, 0x08, 0x02, 0x00, 0x0a, 0x08, 0x02, 0x00, 0x0a, 0x08, 0x02, 0x00, 0x02, 0x08, 0x1a, 0x00,
    0x0a, 0x08, 0x02, 0x00, 0x0a, 0x08, 0x02, 0x00, 0x0a, 0x08, 0xcf, 0x00, 0xcf, 0x00, 0x0a, 0x08,
    0x02, 0x00, 0x0a, 0x08, 0x02, 0x00, 0x0a, 0x08, 0x1a, 0x00, 0x02, 0x08, 0x02, 0x00, 0x0a, 0x08,
    0x02, 0x00, 0x0a, 0x08, 0x02, 0x00, 0x0a, 0x08, 0x02, 0x00, 0x02, 0x08, 0x14, 0x00, 0x04, 0x08,
    0x02, 0x00, 0x0a, 0x08, 0x02, 0x00, 0x0a, 0x08, 0x02, 0x00, 0x0a, 0x08, 0x02, 0x00, 0x04, 0x08,
    0x11, 0x00, 0x05, 0x08, 0x02, 0x00, 0x0a, 0x08, 0x02, 0x00, 0x0a, 0x08, 0x02, 0x00, 0x0a, 0x08,
    0x02, 0x00, 0x05, 0x08, 0x0f, 0x00, 0x06, 0x08, 0x02, 0x00, 0x0a, 0x08, 0x02, 0x00, 0x0a, 0x08,
    0x02, 0x00, 0x0a, 0x08, 0x02, 0x00, 0x06, 0x08, 0x0d, 0x00, 0x07, 0x08, 0x02, 0x00, 0x0a, 0x08,
    0x02, 0x00, 0x0a, 0x08, 0x02, 0x00, 0x0a, 0x08, 0x02, 0x00, 0x07, 0x08, 0x0b, 0x00, 0x08, 0x08,
    0x02, 0x00, 0x0a, 0x08, 0x02, 0x00, 0x0a, 0x08, 0x02, 0x00, 0x0a, 0x08, 0x02, 0x00, 0x08, 0x08,
    0x0a, 0x00, 0x08, 0x08, 0x02, 0x00, 0x0a, 0x08, 0x02, 0x00, 0x0a, 0x08, 0x02, 0x00, 0x0a, 0x08,
    0x02, 0x00, 0x08, 0x08, 0x09, 0x00, 0x09, 0x08, 0x02, 0x00, 0x0a, 0x08, 0x02, 0x00, 0x0a, 0x08,
    0x02, 0x00, 0x0a, 0x08, 0x02, 0x00, 0x09, 0x08, 0x08, 0x00, 0x09, 0x08, 0x02, 0x00, 0x0a, 0x08,
    0x02, 0x00, 0x0a, 0x08, 0x02, 0x00, 0x0a, 0x08, 0x02, 0x00, 0x09, 0x08, 0x08, 0x00, 0x09, 0x08,
    0x02, 0x00, 0x0a, 0x08, 0x02, 0x00, 0x0a, 0x08, 0x02, 0x00, 0x0a, 0x08, 0x02, 0x00, 0x09, 0x08,
    0x08, 0x00, 0x06, 0x08, 0x01, 0x00, 0x02, 0x08, 0x02, 0x00, 0x03, 0x08, 0x01, 0x00, 0x06, 0x08,
    0x02, 0x00, 0x07, 0x08, 0x01, 0x00, 0x02, 0x08, 0x02, 0x00, 0x03, 0x08, 0x01, 0x00, 0x06, 0x08,
    0x02, 0x00, 0x07, 0x08, 0x01, 0x00, 0x01, 0x08, 0x08, 0x00, 0x05, 0x08, 0x03, 0x00, 0x01, 0x08,
    0x02, 0x00, 0x02, 0x08, 0x03, 0x00, 0x05, 0x08, 0x03, 0x00, 0x05, 0x08, 0x03, 0x00, 0x01, 0x08,
    0x02, 0x00, 0x02, 0x08, 0x03, 0x00, 0x05, 0x08, 0x03, 0x00, 0x05, 0x08, 0x03, 0x00, 0x01, 0x08,
    0x08, 0x00, 0x03, 0x08, 0x02, 0x00, 0x01, 0x08, 0x04, 0x00, 0x01, 0x08, 0x02, 0x00, 0x01, 0x08,
    0x02, 0x00, 0x03, 0x08, 0x05, 0x00, 0x03, 0x08, 0x02, 0x00, 0x01, 0x08, 0x04, 0x00, 0x01, 0x08,
    0x02, 0x00, 0x01, 0x08, 0x02, 0x00, 0x03, 0x08, 0x05, 0x00, 0x03, 0x08, 0x02, 0x00, 0x01, 0x08,
    0x0b, 0x00, 0x01, 0x08, 0x02, 0x00, 0x03, 0x08, 0x05, 0x00, 0x03, 0x08, 0x02, 0x00, 0x01, 0x08,
    0x04, 0x00, 0x01, 0x08, 0x02, 0x00, 0x01, 0x08, 0x02, 0x00, 0x03, 0x08, 0x05, 0x00, 0x03, 0x08,
    0x02, 0x00, 0x01, 0x08, 0x04, 0x00, 0x01, 0x08, 0x02, 0x00, 0x01, 0x08, 0x02, 0x00, 0x03, 0x08,
    0x08, 0x00, 0x01, 0x08, 0x03, 0x00, 0x05, 0x08, 0x03, 0x00, 0x05, 0x08, 0x03, 0x00, 0x01, 0x08,
    0x02, 0x00, 0x02, 0x08, 0x03, 0x00, 0x05, 0x08, 0x03, 0x00, 0x05, 0x08, 0x03, 0x00, 0x01, 0x08,
    0x02, 0x00, 0x02, 0x08, 0x03, 0x00, 0x04, 0x08, 0x08, 0x00, 0x02, 0x08, 0x01, 0x00, 0x06, 0x08,
    0x02, 0x00, 0x07, 0x08, 0x01, 0x00, 0x02, 0x08, 0x02, 0x00, 0x03, 0x08, 0x01, 0x00, 0x06, 0x08,
    0x02, 0x00, 0x07, 0x08, 0x01, 0x00, 0x02, 0x08, 0x02, 0x00, 0x03, 0x08, 0x01, 0x00, 0x05, 0x08,
    0x08, 0x00, 0x09, 0x08, 0x02, 0x00, 0x0a, 0x08, 0x02, 0x00, 0x0a, 0x08, 0x02, 0x00, 0x0a, 0x08,
    0x02, 0x00, 0x09, 0x08, 0x09, 0x00, 0x08, 0x08, 0x02, 0x00, 0x0a, 0x08, 0x02, 0x00, 0x0a, 0x08,
    0x02, 0x00, 0x0a, 0x08, 0x02, 0x00, 0x08, 0x08, 0x0a, 0x00, 0x08, 0x08, 0x02, 0x00, 0x0a, 0x08,
    0x02, 0x00, 0x0a, 0x08, 0x02, 0x00, 0x0a, 0x08, 0x02, 0x00, 0x08, 0x08, 0x0b, 0x00, 0x07, 0x08,
    0x02, 0x00, 0x0a, 0x08, 0x02, 0x00, 0x0a, 0x08, 0x02, 0x00, 0x0a, 0x08, 0x02, 0x00, 0x07, 0x08,
    0x0d, 0x00, 0x06, 0x08, 0x02, 0x00, 0x0a, 0x08, 0x02, 0x00, 0x0a, 0x08, 0x02, 0x00, 0x0a, 0x08,
    0x02, 0x00, 0x06, 0x08, 0x0f, 0x00, 0x05, 0x08, 0x02, 0x00, 0x0a, 0x08, 0x02, 0x00, 0x0a, 0x08,
    0x02, 0x00, 0x0a, 0x08, 0x02, 0x00, 0x05, 0x08, 0x11, 0x00, 0x04, 0x08, 0x02, 0x00, 0x0a, 0x08,
    0x02, 0x00, 0x0a, 0x08, 0x02, 0x00, 0x0a, 0x08, 0x02, 0x00, 0x04, 0x08, 0x14, 0x00, 0x02, 0x08,
    0x02, 0x00, 0x0a, 0x08, 0x02, 0x00, 0x0a, 0x08, 0x02, 0x00, 0x0a, 0x08, 0x02, 0x00, 0x02, 0x08,
    0x1a, 0x00, 0x0a, 0x08, 0x02, 0x00, 0x0a, 0x08, 0x02, 0x00, 0x0a, 0x08, 0xcf, 0x00, 0xcf, 0x00,
    0x0a, 0x01, 0x02, 0x00, 0x0a, 0x01, 0x02, 0x00, 0x0a, 0x01, 0x1a, 0x00, 0x02, 0x01, 0x02, 0x00,
    0x0a, 0x01, 0x02, 0x00, 0x0a, 0x01, 0x02, 0x00, 0x0a, 0x01, 0x02, 0x00, 0x02, 0x01, 0x14, 0x00,
    0x04, 0x01, 0x02, 0x00, 0x0a, 0x01, 0x02, 0x00, 0x0a, 0x01, 0x02, 0x00, 0x0a, 0x01, 0x02, 0x00,
    0x04, 0x01, 0x11, 0x00, 0x05, 0x01, 0x02, 0x00, 0x0a, 0x01, 0x02, 0x00, 0x0a, 0x01, 0x02, 0x00,
    0x0a, 0x01, 0x02, 0x00, 0x05, 0x01, 0x0f, 0x00, 0x06, 0x01, 0x02, 0x00, 0x0a, 0x01, 0x02, 0x00,
    0x0a, 0x01, 0x02, 0x00, 0x0a, 0x01, 0x02, 0x00, 0x06, 0x01, 0x0d, 0x00, 0x07, 0x01, 0x02, 0x00,
    0x0a, 0x01, 0x02, 0x00, 0x0a, 0x01, 0x02, 0x00, 0x0a, 0x01, 0x02, 0x00, 0x07, 0x01, 0x0b, 0x00,
    0x08, 0x01, 0x02, 0x00, 0x0a, 0x01, 0x02, 0x00, 0x0a, 0x01, 0x02, 0x00, 0x0a, 0x01, 0x02, 0x00,
    0x08, 0x01, 0x0a, 0x00, 0x08, 0x01, 0x02, 0x00, 0x0a, 0x01, 0x02, 0x00, 0x0a, 0x01, 0x02, 0x00,
    0x0a, 0x01, 0x02, 0x00, 0x08, 0x01, 0x89, 0x00, 0x09, 0x01, 0x02, 0x00, 0x0a, 0x01, 0x02, 0x00,
    0x0a, 0x01, 0x02, 0x00, 0x0a, 0x01, 0x02, 0x00, 0x09, 0x01, 0x08, 0x00, 0x09, 0x01, 0x02, 0x00,
    0x0a, 0x01, 0x02, 0x00, 0x0a, 0x01, 0x02, 0x00, 0x0a, 0x01, 0x02, 0x00, 0x09, 0x01, 0x07, 0x00,
    0x0a, 0x01, 0x02, 0x00, 0x0a, 0x01, 0x02, 0x00, 0x0a, 0x01, 0x02, 0x00, 0x0a, 0x01, 0x02, 0x00,
    0x0a, 0x01, 0x06, 0x00, 0x0a, 0x01, 0x02, 0x00, 0x0a, 0x01, 0x02, 0x00, 0x0a, 0x01, 0x02, 0x00,
    0x0a, 0x01, 0x02, 0x00, 0x0a, 0x01, 0x07, 0x00, 0x09, 0x01, 0x02, 0x00, 0x0a, 0x01, 0x02, 0x00,
    0x0a, 0x01, 0x02, 0x00, 0x0a, 0x01, 0x02, 0x00, 0x09, 0x01, 0x08, 0x00, 0x09, 0x01, 0x02, 0x00,
    0x0a, 0x01, 0x02, 0x00, 0x0a, 0x01, 0x02, 0x00, 0x0a, 0x01, 0x02, 0x00, 0x09, 0x01, 0x08, 0x00,
    0x09, 0x01, 0x02, 0x00, 0x0a, 0x01, 0x02, 0x00, 0x0a, 0x01, 0x02, 0x00, 0x0a, 0x01, 0x02, 0x00,
    0x09, 0x01, 0x89, 0x00, 0x08, 0x01, 0x02, 0x00, 0x0a, 0x01, 0x02, 0x00, 0x0a, 0x01, 0x02, 0x00,
    0x0a, 0x01, 0x02, 0x00, 0x08, 0x01, 0x0b, 0x00, 0x07, 0x01, 0x02, 0x00, 0x0a, 0x01, 0x02, 0x00,
    0x0a, 0x01, 0x02, 0x00, 0x0a, 0x01, 0x02, 0x00, 0x07, 0x01, 0x0d, 0x00, 0x06, 0x01, 0x02, 0x00,
    0x0a, 0x01, 0x02, 0x00, 0x0a, 0x01, 0x02, 0x00, 0x0a, 0x01, 0x02, 0x00, 0x06, 0x01, 0x0f, 0x00,
    0x05, 0x01, 0x02, 0x00, 0x0a, 0x01, 0x02, 0x00, 0x0a, 0x01, 0x02, 0x00, 0x0a, 0x01, 0x02, 0x00,
    0x05, 0x01, 0x11, 0x00, 0x04, 0x01, 0x02, 0x00, 0x0a, 0x01, 0x02, 0x00, 0x0a, 0x01, 0x02, 0x00,
    0x0a, 0x01, 0x02, 0x00, 0x04, 0x01, 0x14, 0x00, 0x02, 0x01, 0x02, 0x00, 0x0a, 0x01, 0x02, 0x00,
    0x0a, 0x01, 0x02, 0x00, 0x0a, 0x01, 0x02, 0x00, 0x02, 0x01, 0x1a, 0x00, 0x0a, 0x01, 0x02, 0x00,
    0x0a, 0x01, 0x02, 0x00, 0x0a, 0x01, 0xcf, 0x00, 0xcf, 0x00, 0x0a, 0x01, 0x02, 0x00, 0x0a, 0x01,
    0x02, 0x00, 0x0a, 0x01, 0x1a, 0x00, 0x02, 0x01, 0x02, 0x00, 0x0a, 0x01, 0x02, 0x00, 0x0a, 0x01,
    0x02, 0x00, 0x0a, 0x01, 0x02, 0x00, 0x02, 0x01, 0x14, 0x00, 0x04, 0x01, 0x02, 0x00, 0x0a, 0x01,
    0x02, 0x00, 0x0a, 0x01, 0x02, 0x00, 0x0a, 0x01, 0x02, 0x00, 0x04, 0x01, 0x11, 0x00, 0x05, 0x01,
    0x02, 0x00, 0x0a, 0x01, 0x02, 0x00, 0x0a, 0x01, 0x02, 0x00, 0x0a, 0x01, 0x02, 0x00, 0x05, 0x01,
    0x0f, 0x00, 0x06, 0x01, 0x02, 0x00, 0x0a, 0x01, 0x02, 0x00, 0x0a, 0x01, 0x02, 0x00, 0x0a, 0x01,
    0x02, 0x00, 0x06, 0x01, 0x0d, 0x00, 0x07, 0x01, 0x02, 0x00, 0x0a, 0x01, 0x02, 0x00, 0x0a, 0x01,
    0x02, 0x00, 0x0a, 0x01, 0x02, 0x00, 0x07, 0x01, 0x0b, 0x00, 0x08, 0x01, 0x02, 0x00, 0x0a, 0x01,
    0x02, 0x00, 0x0a, 0x01, 0x02, 0x00, 0x0a, 0x01, 0x02, 0x00, 0x08, 0x01, 0x0a, 0x00, 0x08, 0x01,
    0x02, 0x00, 0x0a, 0x01, 0x02, 0x00, 0x0a, 0x01, 0x02, 0x00, 0x0a, 0x01, 0x02, 0x00, 0x08, 0x01,
    0x09, 0x00, 0x09, 0x01, 0x02, 0x00, 0x0a, 0x01, 0x02, 0x00, 0x0a, 0x01, 0x02, 0x00, 0x0a, 0x01,
    0x02, 0x00, 0x06, 0x01, 0x0b, 0x00, 0x09, 0x01, 0x02, 0x00, 0x0a, 0x01, 0x02, 0x00, 0x0a, 0x01,
    0x02, 0x00, 0x0a, 0x01, 0x13, 0x00, 0x09, 0x01, 0x02, 0x00, 0x0a, 0x01, 0x02, 0x00, 0x0a, 0x01,
    0x02, 0x00, 0x06, 0x01, 0x0c, 0x00, 0x03, 0x01, 0x08, 0x00, 0x09, 0x01, 0x02, 0x00, 0x0a, 0x01,
    0x02, 0x00, 0x0a, 0x01, 0x0e, 0x00, 0x09, 0x01, 0x07, 0x00, 0x0a, 0x01, 0x02, 0x00, 0x0a, 0x01,
    0x02, 0x00, 0x06, 0x01, 0x0c, 0x00, 0x04, 0x01, 0x02, 0x00, 0x0a, 0x01, 0x06, 0x00, 0x0a, 0x01,
    0x02, 0x00, 0x0a, 0x01, 0x0e, 0x00, 0x0a, 0x01, 0x02, 0x00, 0x0a, 0x01, 0x07, 0x00, 0x09, 0x01,
    0x02, 0x00, 0x07, 0x01, 0x0b, 0x00, 0x04, 0x01, 0x02, 0x00, 0x0a, 0x01, 0x02, 0x00, 0x09, 0x01,
    0x08, 0x00, 0x07, 0x01, 0x10, 0x00, 0x0a, 0x01, 0x02, 0x00, 0x0a, 0x01, 0x02, 0x00, 0x09, 0x01,
    0x1a, 0x00, 0x03, 0x01, 0x02, 0x00, 0x0a, 0x01, 0x02, 0x00, 0x0a, 0x01, 0x02, 0x00, 0x09, 0x01,
    0x0f, 0x00, 0x02, 0x01, 0x02, 0x00, 0x0a, 0x01, 0x02, 0x00, 0x0a, 0x01, 0x02, 0x00, 0x0a, 0x01,
    0x02, 0x00, 0x09, 0x01, 0x09, 0x00, 0x08, 0x01, 0x02, 0x00, 0x0a, 0x01, 0x02, 0x00, 0x0a, 0x01,
    0x02, 0x00, 0x0a, 0x01, 0x02, 0x00, 0x08, 0x01, 0x0a, 0x00, 0x08, 0x01, 0x02, 0x00, 0x0a, 0x01,
    0x02, 0x00, 0x0a, 0x01, 0x02, 0x00, 0x0a, 0x01, 0x02, 0x00, 0x08, 0x01, 0x0b, 0x00, 0x07, 0x01,
    0x02, 0x00, 0x0a, 0x01, 0x02, 0x00, 0x0a, 0x01, 0x02, 0x00, 0x0a, 0x01, 0x02, 0x00, 0x07, 0x01,
    0x0d, 0x00, 0x06, 0x01, 0x02, 0x00, 0x0a, 0x01, 0x02, 0x00, 0x0a, 0x01, 0x02, 0x00, 0x0a, 0x01,
    0x02, 0x00, 0x06, 0x01, 0x0f, 0x00, 0x05, 0x01, 0x02, 0x00, 0x0a, 0x01, 0x02, 0x00, 0x0a, 0x01,
    0x02, 0x00, 0x0a, 0x01, 0x02, 0x00, 0x05, 0x01, 0x11, 0x00, 0x04, 0x01, 0x02, 0x00, 0x0a, 0x01,
    0x02, 0x00, 0x0a, 0x01, 0x02, 0x00, 0x0a, 0x01, 0x02, 0x00, 0x04, 0x01, 0x14, 0x00, 0x02, 0x01,
    0x02, 0x00, 0x0a, 0x01, 0x02, 0x00, 0x0a, 0x01, 0x02, 0x00, 0x0a, 0x01, 0x02, 0x00, 0x02, 0x01,
    0x1a, 0x00, 0x0a, 0x01, 0x02, 0x00, 0x0a, 0x01, 0x02, 0x00, 0x0a, 0x01, 0xcf, 0x00, 0xcf, 0x00,
    0x0a, 0x0b, 0x02, 0x00, 0x0a, 0x0b, 0x02, 0x00, 0x0a, 0x0b, 0x1a, 0x00, 0x02, 0x0b, 0x02, 0x00,
    0x0a, 0x0b, 0x02, 0x00, 0x0a, 0x0b, 0x02, 0x00, 0x0a, 0x0b, 0x02, 0x00, 0x02, 0x0b, 0x14, 0x00,
    0x04, 0x0b, 0x02, 0x00, 0x0a, 0x0b, 0x02, 0x00, 0x0a, 0x0b, 0x02, 0x00, 0x0a, 0x0b, 0x02, 0x00,
    0x04, 0x0b, 0x11, 0x00, 0x05, 0x0b, 0x02, 0x00, 0x0a, 0x0b, 0x02, 0x00, 0x0a, 0x0b, 0x02, 0x00,
    0x0a, 0x0b, 0x02, 0x00, 0x05, 0x0b, 0x0f, 0x00, 0x06, 0x0b, 0x02, 0x00, 0x0a, 0x0b, 0x02, 0x00,
    0x0a, 0x0b, 0x02, 0x00, 0x03, 0x0b, 0x01, 0x00, 0x06, 0x0b, 0x02, 0x00, 0x05, 0x0b, 0x0e, 0x00,
    0x07, 0x0b, 0x02, 0x00, 0x0a, 0x0b, 0x02, 0x00, 0x0a, 0x0b, 0x02, 0x00, 0x02, 0x0b, 0x03, 0x00,
    0x05, 0x0b, 0x02, 0x00, 0x06, 0x0b, 0x0c, 0x00, 0x08, 0x0b, 0x02, 0x00, 0x0a, 0x0b, 0x02, 0x00,
    0x0a, 0x0b, 0x02, 0x00, 0x03, 0x0b, 0x01, 0x00, 0x06, 0x0b, 0x02, 0x00, 0x08, 0x0b, 0x0a, 0x00,
    0x08, 0x0b, 0x02, 0x00, 0x0a, 0x0b, 0x02, 0x00, 0x0a, 0x0b, 0x02, 0x00, 0x0a, 0x0b, 0x02, 0x00,
    0x08, 0x0b, 0x09, 0x00, 0x09, 0x0b, 0x02, 0x00, 0x0a, 0x0b, 0x02, 0x00, 0x0a, 0x0b, 0x02, 0x00,
    0x0a, 0x0b, 0x02, 0x00, 0x09, 0x0b, 0x08, 0x00, 0x06, 0x0b, 0x01, 0x00, 0x02, 0x0b, 0x02, 0x00,
    0x0a, 0x0b, 0x02, 0x00, 0x0a, 0x0b, 0x02, 0x00, 0x0a, 0x0b, 0x02, 0x00, 0x09, 0x0b, 0x08, 0x00,
    0x05, 0x0b, 0x03, 0x00, 0x01, 0x0b, 0x02, 0x00, 0x0a, 0x0b, 0x02, 0x00, 0x0a, 0x0b, 0x02, 0x00,
    0x0a, 0x0b, 0x02, 0x00, 0x09, 0x0b, 0x08, 0x00, 0x04, 0x0b, 0x07, 0x00, 0x0a, 0x0b, 0x02, 0x00,
    0x0a, 0x0b, 0x02, 0x00, 0x0a, 0x0b, 0x02, 0x00, 0x09, 0x0b, 0x07, 0x00, 0x06, 0x0b, 0x03, 0x00,
    0x01, 0x0b, 0x02, 0x00, 0x0a, 0x0b, 0x02, 0x00, 0x0a, 0x0b, 0x02, 0x00, 0x0a, 0x0b, 0x02, 0x00,
    0x0a, 0x0b, 0x06, 0x00, 0x07, 0x0b, 0x01, 0x00, 0x02, 0x0b, 0x02, 0x00, 0x0a, 0x0b, 0x02, 0x00,
    0x0a, 0x0b, 0x02, 0x00, 0x0a, 0x0b, 0x02, 0x00, 0x02, 0x0b, 0x01, 0x00, 0x07, 0x0b, 0x07, 0x00,
    0x09, 0x0b, 0x02, 0x00, 0x0a, 0x0b, 0x02, 0x00, 0x0a, 0x0b, 0x02, 0x00, 0x0a, 0x0b, 0x02, 0x00,
    0x01, 0x0b, 0x03, 0x00, 0x05, 0x0b, 0x08, 0x00, 0x09, 0x0b, 0x02, 0x00, 0x0a, 0x0b, 0x02, 0x00,
    0x04, 0x0b, 0x01, 0x00, 0x05, 0x0b, 0x02, 0x00, 0x0a, 0x0b, 0x02, 0x00, 0x02, 0x0b, 0x01, 0x00,
    0x06, 0x0b, 0x08, 0x00, 0x09, 0x0b, 0x02, 0x00, 0x0a, 0x0b, 0x02, 0x00, 0x03, 0x0b, 0x03, 0x00,
    0x04, 0x0b, 0x02, 0x00, 0x0a, 0x0b, 0x02, 0x00, 0x09, 0x0b, 0x08, 0x00, 0x09, 0x0b, 0x02, 0x00,
    0x0a, 0x0b, 0x02, 0x00, 0x04, 0x0b, 0x01, 0x00, 0x05, 0x0b, 0x02, 0x00, 0x0a, 0x0b, 0x02, 0x00,
    0x09, 0x0b, 0x09, 0x00, 0x08, 0x0b, 0x02, 0x00, 0x0a, 0x0b, 0x02, 0x00, 0x0a, 0x0b, 0x02, 0x00,
    0x0a, 0x0b, 0x02, 0x00, 0x08, 0x0b, 0x0a, 0x00, 0x08, 0x0b, 0x02, 0x00, 0x0a, 0x0b, 0x02, 0x00,
    0x0a, 0x0b, 0x02, 0x00, 0x0a, 0x0b, 0x02, 0x00, 0x08, 0x0b, 0x0b, 0x00, 0x07, 0x0b, 0x02, 0x00,
    0x05, 0x0b, 0x01, 0x00, 0x04, 0x0b, 0x02, 0x00, 0x0a, 0x0b, 0x02, 0x00, 0x0a, 0x0b, 0x02, 0x00,
    0x07, 0x0b, 0x0d, 0x00, 0x06, 0x0b, 0x02, 0x00, 0x04, 0x0b, 0x03, 0x00, 0x03, 0x0b, 0x02, 0x00,
    0x0a, 0x0b, 0x02, 0x00, 0x0a, 0x0b, 0x02, 0x00, 0x06, 0x0b, 0x0f, 0x00, 0x05, 0x0b, 0x02, 0x00,
    0x05, 0x0b, 0x01, 0x00, 0x04, 0x0b, 0x02, 0x00, 0x0a, 0x0b, 0x02, 0x00, 0x0a, 0x0b, 0x02, 0x00,
    0x05, 0x0b, 0x11, 0x00, 0x04, 0x0b, 0x02, 0x00, 0x0a, 0x0b, 0x02, 0x00, 0x0a, 0x0b, 0x02, 0x00,
    0x0a, 0x0b, 0x02, 0x00, 0x04, 0x0b, 0x14, 0x00, 0x02, 0x0b, 0x02, 0x00, 0x0a, 0x0b, 0x02, 0x00,
    0x0a, 0x0b, 0x02, 0x00, 0x0a, 0x0b, 0x02, 0x00, 0x02, 0x0b, 0x1a, 0x00, 0x0a, 0x0b, 0x02, 0x00,
    0x0a, 0x0b, 0x02, 0x00, 0x0a, 0x0b, 0xcf, 0x00, 0xcf, 0x00, 0x0a, 0x0b, 0x02, 0x00, 0x0a, 0x0b,
    0x02, 0x00, 0x0a, 0x0b, 0x1a, 0x00, 0x02, 0x0b, 0x02, 0x00, 0x0a, 0x0b, 0x02, 0x00, 0x0a, 0x0b,
    0x02, 0x00, 0x0a, 0x0b, 0x02, 0x00, 0x02, 0x0b, 0x14, 0x00, 0x04, 0x0b, 0x02, 0x00, 0x0a, 0x0b,
    0x02, 0x00, 0x0a, 0x0b, 0x02, 0x00, 0x0a, 0x0b, 0x02, 0x00, 0x04, 0x0b, 0x11, 0x00, 0x05, 0x0b,
    0x02, 0x00, 0x0a, 0x0b, 0x02, 0x00, 0x0a, 0x0b, 0x02, 0x00, 0x0a, 0x0b, 0x02, 0x00, 0x05, 0x0b,
    0x0f, 0x00, 0x06, 0x0b, 0x02, 0x00, 0x0a, 0x0b, 0x02, 0x00, 0x0a, 0x0b, 0x02, 0x00, 0x0a, 0x0b,
    0x02, 0x00, 0x06, 0x0b, 0x0d, 0x00, 0x07, 0x0b, 0x02, 0x00, 0x0a, 0x0b, 0x02, 0x00, 0x0a, 0x0b,
    0x02, 0x00, 0x03, 0x0b, 0x01, 0x00, 0x06, 0x0b, 0x02, 0x00, 0x05, 0x0b, 0x0d, 0x00, 0x08, 0x0b,
    0x02, 0x00, 0x0a, 0x0b, 0x02, 0x00, 0x0a, 0x0b, 0x02, 0x00, 0x02, 0x0b, 0x03, 0x00, 0x05, 0x0b,
    0x02, 0x00, 0x06, 0x0b, 0x01, 0x00, 0x01, 0x0b, 0x0a, 0x00, 0x08, 0x0b, 0x02, 0x00, 0x0a, 0x0b,
    0x02, 0x00, 0x0a, 0x0b, 0x02, 0x00, 0x03, 0x0b, 0x01, 0x00, 0x06, 0x0b, 0x02, 0x00, 0x08, 0x0b,
    0x09, 0x00, 0x09, 0x0b, 0x02, 0x00, 0x0a, 0x0b, 0x02, 0x00, 0x0a, 0x0b, 0x02, 0x00, 0x0a, 0x0b,
    0x02, 0x00, 0x09, 0x0b, 0x08, 0x00, 0x09, 0x0b, 0x02, 0x00, 0x0a, 0x0b, 0x02, 0x00, 0x0a, 0x0b,
    0x02, 0x00, 0x0a, 0x0b, 0x02, 0x00, 0x09, 0x0b, 0x08, 0x00, 0x09, 0x0b, 0x02, 0x00, 0x0a, 0x0b,
    0x02, 0x00, 0x0a, 0x0b, 0x02, 0x00, 0x0a, 0x0b, 0x02, 0x00, 0x09, 0x0b, 0x08, 0x00, 0x06, 0x0b,
    0x01, 0x00, 0x02, 0x0b, 0x02, 0x00, 0x0a, 0x0b, 0x02, 0x00, 0x0a, 0x0b, 0x02, 0x00, 0x0a, 0x0b,
    0x02, 0x00, 0x09, 0x0b, 0x07, 0x00, 0x06, 0x0b, 0x03, 0x00, 0x01, 0x0b, 0x02, 0x00, 0x0a, 0x0b,
    0x02, 0x00, 0x0a, 0x0b, 0x02, 0x00, 0x0a, 0x0b, 0x02, 0x00, 0x0a, 0x0b, 0x06, 0x00, 0x07, 0x0b,
    0x01, 0x00, 0x02, 0x0b, 0x02, 0x00, 0x0a, 0x0b, 0x02, 0x00, 0x0a, 0x0b, 0x02, 0x00, 0x0a, 0x0b,
    0x02, 0x00, 0x0a, 0x0b, 0x07, 0x00, 0x09, 0x0b, 0x02, 0x00, 0x0a, 0x0b, 0x02, 0x00, 0x0a, 0x0b,
    0x02, 0x00, 0x0a, 0x0b, 0x02, 0x00, 0x02, 0x0b, 0x01, 0x00, 0x06, 0x0b, 0x08, 0x00, 0x09, 0x0b,
    0x02, 0x00, 0x0a, 0x0b, 0x02, 0x00, 0x0a, 0x0b, 0x02, 0x00, 0x0a, 0x0b, 0x02, 0x00, 0x01, 0x0b,
    0x03, 0x00, 0x05, 0x0b, 0x08, 0x00, 0x09, 0x0b, 0x02, 0x00, 0x0a, 0x0b, 0x02, 0x00, 0x04, 0x0b,
    0x01, 0x00, 0x05, 0x0b, 0x02, 0x00, 0x0a, 0x0b, 0x02, 0x00, 0x02, 0x0b, 0x01, 0x00, 0x06, 0x0b,
    0x08, 0x00, 0x09, 0x0b, 0x02, 0x00, 0x0a, 0x0b, 0x02, 0x00, 0x03, 0x0b, 0x03, 0x00, 0x04, 0x0b,
    0x02, 0x00, 0x0a, 0x0b, 0x02, 0x00, 0x09, 0x0b, 0x09, 0x00, 0x08, 0x0b, 0x02, 0x00, 0x0a, 0x0b,
    0x02, 0x00, 0x04, 0x0b, 0x01, 0x00, 0x05, 0x0b, 0x02, 0x00, 0x0a, 0x0b, 0x02, 0x00, 0x08, 0x0b,
    0x0a, 0x00, 0x08, 0x0b, 0x02, 0x00, 0x0a, 0x0b, 0x02, 0x00, 0x0a, 0x0b, 0x02, 0x00, 0x0a, 0x0b,
    0x02, 0x00, 0x08, 0x0b, 0x0b, 0x00, 0x07, 0x0b, 0x02, 0x00, 0x05, 0x0b, 0x01, 0x00, 0x04, 0x0b,
    0x02, 0x00, 0x0a, 0x0b, 0x02, 0x00, 0x0a, 0x0b, 0x02, 0x00, 0x07, 0x0b, 0x0d, 0x00, 0x06, 0x0b,
    0x02, 0x00, 0x04, 0x0b, 0x03, 0x00, 0x03, 0x0b, 0x02, 0x00, 0x0a, 0x0b, 0x02, 0x00, 0x0a, 0x0b,
    0x02, 0x00, 0x06, 0x0b, 0x0f, 0x00, 0x05, 0x0b, 0x02, 0x00, 0x03, 0x0b, 0x05, 0x00, 0x02, 0x0b,
    0x02, 0x00, 0x0a, 0x0b, 0x02, 0x00, 0x0a, 0x0b, 0x02, 0x00, 0x05, 0x0b, 0x11, 0x00, 0x04, 0x0b,
    0x02, 0x00, 0x04, 0x0b, 0x03, 0x00, 0x03, 0x0b, 0x02, 0x00, 0x0a, 0x0b, 0x02, 0x00, 0x0a, 0x0b,
    0x02, 0x00, 0x04, 0x0b, 0x14, 0x00, 0x02, 0x0b, 0x02, 0x00, 0x05, 0x0b, 0x01, 0x00, 0x04, 0x0b,
    0x02, 0x00, 0x0a, 0x0b, 0x02, 0x00, 0x0a, 0x0b, 0x02, 0x00, 0x02, 0x0b, 0x1a, 0x00, 0x0a, 0x0b,
    0x02, 0x00, 0x0a, 0x0b, 0x02, 0x00, 0x0a, 0x0b, 0xcf, 0x00, 0xcf, 0x00, 0x0a, 0x0b, 0x02, 0x00,
    0x0a, 0x0b, 0x02, 0x00, 0x0a, 0x0b, 0x1a, 0x00, 0x02, 0x0b, 0x02, 0x00, 0x05, 0x0b, 0x01, 0x00,
    0x04, 0x0b, 0x02, 0x00, 0x0a, 0x0b, 0x02, 0x00, 0x0a, 0x0b, 0x02, 0x00, 0x02, 0x0b, 0x14, 0x00,
    0x04, 0x0b, 0x02, 0x00, 0x04, 0x0b, 0x03, 0x00, 0x03, 0x0b, 0x02, 0x00, 0x0a, 0x0b, 0x02, 0x00,
    0x0a, 0x0b, 0x02, 0x00, 0x04, 0x0b, 0x11, 0x00, 0x05, 0x0b, 0x02, 0x00, 0x05, 0x0b, 0x01, 0x00,
    0x04, 0x0b, 0x02, 0x00, 0x0a, 0x0b, 0x02, 0x00, 0x0a, 0x0b, 0x02, 0x00, 0x05, 0x0b, 0x0f, 0x00,
    0x06, 0x0b, 0x02, 0x00, 0x0a, 0x0b, 0x02, 0x00, 0x0a, 0x0b, 0x02, 0x00, 0x0a, 0x0b, 0x02, 0x00,
    0x06, 0x0b, 0x0d, 0x00, 0x07, 0x0b, 0x02, 0x00, 0x0a, 0x0b, 0x02, 0x00, 0x0a, 0x0b, 0x02, 0x00,
    0x0a, 0x0b, 0x02, 0x00, 0x06, 0x0b, 0x0c, 0x00, 0x08, 0x0b, 0x02, 0x00, 0x0a, 0x0b, 0x02, 0x00,
    0x0a, 0x0b, 0x02, 0x00, 0x03, 0x0b, 0x01, 0x00, 0x06, 0x0b, 0x02, 0x00, 0x05, 0x0b, 0x0d, 0x00,
    0x08, 0x0b, 0x02, 0x00, 0x0a, 0x0b, 0x02, 0x00, 0x0a, 0x0b, 0x02, 0x00, 0x02, 0x0b, 0x03, 0x00,
    0x05, 0x0b, 0x02, 0x00, 0x06, 0x0b, 0x01, 0x00, 0x01, 0x0b, 0x09, 0x00, 0x09, 0x0b, 0x02, 0x00,
    0x0a, 0x0b, 0x02, 0x00, 0x0a, 0x0b, 0x02, 0x00, 0x03, 0x0b, 0x01, 0x00, 0x06, 0x0b, 0x02, 0x00,
    0x09, 0x0b, 0x08, 0x00, 0x09, 0x0b, 0x02, 0x00, 0x0a, 0x0b, 0x02, 0x00, 0x0a, 0x0b, 0x02, 0x00,
    0x0a, 0x0b, 0x02, 0x00, 0x09, 0x0b, 0x08, 0x00, 0x09, 0x0b, 0x02, 0x00, 0x0a, 0x0b, 0x02, 0x00,
    0x0a, 0x0b, 0x02, 0x00, 0x0a, 0x0b, 0x02, 0x00, 0x09, 0x0b, 0x08, 0x00, 0x09, 0x0b, 0x02, 0x00,
    0x0a, 0x0b, 0x02, 0x00, 0x0a, 0x0b, 0x02, 0x00, 0x0a, 0x0b, 0x02, 0x00, 0x09, 0x0b, 0x07, 0x00,
    0x07, 0x0b, 0x01, 0x00, 0x02, 0x0b, 0x02, 0x00, 0x0a, 0x0b, 0x02, 0x00, 0x0a, 0x0b, 0x02, 0x00,
    0x0a, 0x0b, 0x02, 0x00, 0x0a, 0x0b, 0x06, 0x00, 0x06, 0x0b, 0x03, 0x00, 0x01, 0x0b, 0x02, 0x00,
    0x0a, 0x0b, 0x02, 0x00, 0x0a, 0x0b, 0x02, 0x00, 0x0a, 0x0b, 0x02, 0x00, 0x0a, 0x0b, 0x07, 0x00,
    0x06, 0x0b, 0x01, 0x00, 0x02, 0x0b, 0x02, 0x00, 0x0a, 0x0b, 0x02, 0x00, 0x0a, 0x0b, 0x02, 0x00,
    0x0a, 0x0b, 0x02, 0x00, 0x09, 0x0b, 0x08, 0x00, 0x09, 0x0b, 0x02, 0x00, 0x0a, 0x0b, 0x02, 0x00,
    0x0a, 0x0b, 0x02, 0x00, 0x0a, 0x0b, 0x02, 0x00, 0x02, 0x0b, 0x01, 0x00, 0x06, 0x0b, 0x08, 0x00,
    0x09, 0x0b, 0x02, 0x00, 0x0a, 0x0b, 0x02, 0x00, 0x04, 0x0b, 0x01, 0x00, 0x05, 0x0b, 0x02, 0x00,
    0x0a, 0x0b, 0x02, 0x00, 0x01, 0x0b, 0x03, 0x00, 0x05, 0x0b, 0x08, 0x00, 0x09, 0x0b, 0x02, 0x00,
    0x0a, 0x0b, 0x02, 0x00, 0x03, 0x0b, 0x03, 0x00, 0x04, 0x0b, 0x02, 0x00, 0x0a, 0x0b, 0x02, 0x00,
    0x02, 0x0b, 0x01, 0x00, 0x06, 0x0b, 0x09, 0x00, 0x08, 0x0b, 0x02, 0x00, 0x0a, 0x0b, 0x02, 0x00,
    0x02, 0x0b, 0x05, 0x00, 0x03, 0x0b, 0x02, 0x00, 0x0a, 0x0b, 0x02, 0x00, 0x08, 0x0b, 0x0a, 0x00,
    0x08, 0x0b, 0x02, 0x00, 0x0a, 0x0b, 0x02, 0x00, 0x03, 0x0b, 0x03, 0x00, 0x04, 0x0b, 0x02, 0x00,
    0x0a, 0x0b, 0x02, 0x00, 0x08, 0x0b, 0x0b, 0x00, 0x07, 0x0b, 0x02, 0x00, 0x0a, 0x0b, 0x02, 0x00,
    0x04, 0x0b, 0x01, 0x00, 0x05, 0x0b, 0x02, 0x00, 0x0a, 0x0b, 0x02, 0x00, 0x07, 0x0b, 0x0d, 0x00,
    0x06, 0x0b, 0x02, 0x00, 0x0a, 0x0b, 0x02, 0x00, 0x0a, 0x0b, 0x02, 0x00, 0x0a, 0x0b, 0x02, 0x00,
    0x06, 0x0b, 0x0f, 0x00, 0x05, 0x0b, 0x02, 0x00, 0x0a, 0x0b, 0x02, 0x00, 0x0a, 0x0b, 0x02, 0x00,
    0x0a, 0x0b, 0x02, 0x00, 0x05, 0x0b, 0x11, 0x00, 0x04, 0x0b, 0x02, 0x00, 0x0a, 0x0b, 0x02, 0x00,
    0x0a, 0x0b, 0x02, 0x00, 0x0a, 0x0b, 0x02, 0x00, 0x04, 0x0b, 0x14, 0x00, 0x02, 0x0b, 0x02, 0x00,
    0x0a, 0x0b, 0x02, 0x00, 0x0a, 0x0b, 0x02, 0x00, 0x0a, 0x0b, 0x02, 0x00, 0x02, 0x0b, 0x1a, 0x00,
    0x0a, 0x0b, 0x02, 0x00, 0x0a, 0x0b, 0x02, 0x00, 0x0a, 0x0b, 0xcf, 0x00, 0xcf, 0x00, 0x0a, 0x0b,
    0x02, 0x00, 0x0a, 0x0b, 0x02, 0x00, 0x0a, 0x0b, 0x1a, 0x00, 0x02, 0x0b, 0x02, 0x00, 0x0a, 0x0b,
    0x02, 0x00, 0x0a, 0x0b, 0x02, 0x00, 0x0a, 0x0b, 0x02, 0x00, 0x02, 0x0b, 0x14, 0x00, 0x04, 0x0b,
    0x02, 0x00, 0x05, 0x0b, 0x01, 0x00, 0x04, 0x0b, 0x02, 0x00, 0x0a, 0x0b, 0x02, 0x00, 0x0a, 0x0b,
    0x02, 0x00, 0x04, 0x0b, 0x11, 0x00, 0x05, 0x0b, 0x02, 0x00, 0x04, 0x0b, 0x03, 0x00, 0x03, 0x0b,
    0x02, 0x00, 0x0a, 0x0b, 0x02, 0x00, 0x0a, 0x0b, 0x02, 0x00, 0x05, 0x0b, 0x0f, 0x00, 0x06, 0x0b,
    0x02, 0x00, 0x05, 0x0b, 0x01, 0x00, 0x04, 0x0b, 0x02, 0x00, 0x0a, 0x0b, 0x02, 0x00, 0x0a, 0x0b,
    0x02, 0x00, 0x06, 0x0b, 0x0d, 0x00, 0x07, 0x0b, 0x02, 0x00, 0x0a, 0x0b, 0x02, 0x00, 0x0a, 0x0b,
    0x02, 0x00, 0x0a, 0x0b, 0x02, 0x00, 0x07, 0x0b, 0x0b, 0x00, 0x08, 0x0b, 0x02, 0x00, 0x0a, 0x0b,
    0x02, 0x00, 0x0a, 0x0b, 0x02, 0x00, 0x03, 0x0b, 0x01, 0x00, 0x06, 0x0b, 0x02, 0x00, 0x06, 0x0b,
    0x01, 0x00, 0x01, 0x0b, 0x0a, 0x00, 0x08, 0x0b, 0x02, 0x00, 0x0a, 0x0b, 0x02, 0x00, 0x0a, 0x0b,
    0x02, 0x00, 0x02, 0x0b, 0x03, 0x00, 0x05, 0x0b, 0x02, 0x00, 0x05, 0x0b, 0x0c, 0x00, 0x09, 0x0b,
    0x02, 0x00, 0x0a, 0x0b, 0x02, 0x00, 0x0a, 0x0b, 0x02, 0x00, 0x01, 0x0b, 0x05, 0x00, 0x04, 0x0b,
    0x02, 0x00, 0x06, 0x0b, 0x01, 0x00, 0x02, 0x0b, 0x08, 0x00, 0x09, 0x0b, 0x02, 0x00, 0x0a, 0x0b,
    0x02, 0x00, 0x0a, 0x0b, 0x02, 0x00, 0x02, 0x0b, 0x03, 0x00, 0x05, 0x0b, 0x02, 0x00, 0x09, 0x0b,
    0x08, 0x00, 0x09, 0x0b, 0x02, 0x00, 0x0a, 0x0b, 0x02, 0x00, 0x0a, 0x0b, 0x02, 0x00, 0x03, 0x0b,
    0x01, 0x00, 0x06, 0x0b, 0x02, 0x00, 0x09, 0x0b, 0x08, 0x00, 0x09, 0x0b, 0x02, 0x00, 0x0a, 0x0b,
    0x02, 0x00, 0x0a, 0x0b, 0x02, 0x00, 0x0a, 0x0b, 0x02, 0x00, 0x09, 0x0b, 0x07, 0x00, 0x0a, 0x0b,
    0x02, 0x00, 0x0a, 0x0b, 0x02, 0x00, 0x0a, 0x0b, 0x02, 0x00, 0x0a, 0x0b, 0x02, 0x00, 0x0a, 0x0b,
    0x06, 0x00, 0x07, 0x0b, 0x01, 0x00, 0x02, 0x0b, 0x02, 0x00, 0x0a, 0x0b, 0x02, 0x00, 0x0a, 0x0b,
    0x02, 0x00, 0x0a, 0x0b, 0x02, 0x00, 0x0a, 0x0b, 0x07, 0x00, 0x05, 0x0b, 0x03, 0x00, 0x01, 0x0b,
    0x02, 0x00, 0x0a, 0x0b, 0x02, 0x00, 0x0a, 0x0b, 0x02, 0x00, 0x0a, 0x0b, 0x02, 0x00, 0x09, 0x0b,
    0x08, 0x00, 0x06, 0x0b, 0x01, 0x00, 0x02, 0x0b, 0x02, 0x00, 0x0a, 0x0b, 0x02, 0x00, 0x0a, 0x0b,
    0x02, 0x00, 0x0a, 0x0b, 0x02, 0x00, 0x09, 0x0b, 0x08, 0x00, 0x09, 0x0b, 0x02, 0x00, 0x0a, 0x0b,
    0x02, 0x00, 0x0a, 0x0b, 0x02, 0x00, 0x0a, 0x0b, 0x02, 0x00, 0x02, 0x0b, 0x01, 0x00, 0x06, 0x0b,
    0x08, 0x00, 0x09, 0x0b, 0x02, 0x00, 0x0a, 0x0b, 0x02, 0x00, 0x0a, 0x0b, 0x02, 0x00, 0x0a, 0x0b,
    0x02, 0x00, 0x01, 0x0b, 0x03, 0x00, 0x05, 0x0b, 0x09, 0x00, 0x08, 0x0b, 0x02, 0x00, 0x0a, 0x0b,
    0x02, 0x00, 0x04, 0x0b, 0x01, 0x00, 0x05, 0x0b, 0x02, 0x00, 0x0a, 0x0b, 0x02, 0x00, 0x02, 0x0b,
    0x01, 0x00, 0x05, 0x0b, 0x0a, 0x00, 0x08, 0x0b, 0x02, 0x00, 0x0a, 0x0b, 0x02, 0x00, 0x03, 0x0b,
    0x03, 0x00, 0x04, 0x0b, 0x02, 0x00, 0x0a, 0x0b, 0x02, 0x00, 0x08, 0x0b, 0x0b, 0x00, 0x07, 0x0b,
    0x02, 0x00, 0x0a, 0x0b, 0x02, 0x00, 0x04, 0x0b, 0x01, 0x00, 0x05, 0x0b, 0x02, 0x00, 0x0a, 0x0b,
    0x02, 0x00, 0x07, 0x0b, 0x0d, 0x00, 0x06, 0x0b, 0x02, 0x00, 0x0a, 0x0b, 0x02, 0x00, 0x0a, 0x0b,
    0x02, 0x00, 0x0a, 0x0b, 0x02, 0x00, 0x06, 0x0b, 0x0f, 0x00, 0x05, 0x0b, 0x02, 0x00, 0x0a, 0x0b,
    0x02, 0x00, 0x0a, 0x0b, 0x02, 0x00, 0x0a, 0x0b, 0x02, 0x00, 0x05, 0x0b, 0x11, 0x00, 0x04, 0x0b,
    0x02, 0x00, 0x0a, 0x0b, 0x02, 0x00, 0x0a, 0x0b, 0x02, 0x00, 0x0a, 0x0b, 0x02, 0x00, 0x04, 0x0b,
    0x14, 0x00, 0x02, 0x0b, 0x02, 0x00, 0x0a, 0x0b, 0x02, 0x00, 0x0a, 0x0b, 0x02, 0x00, 0x0a, 0x0b,
    0x02, 0x00, 0x02, 0x0b, 0x1a, 0x00, 0x0a, 0x0b, 0x02, 0x00, 0x0a, 0x0b, 0x02, 0x00, 0x0a, 0x0b,
    0xcf, 0x00, 0xcf, 0x00, 0x0a, 0x0b, 0x02, 0x00, 0x0a, 0x0b, 0x02, 0x00, 0x0a, 0x0b, 0x1a, 0x00,
    0x02, 0x0b, 0x02, 0x00, 0x0a, 0x0b, 0x02, 0x00, 0x0a, 0x0b, 0x02, 0x00, 0x0a, 0x0b, 0x02, 0x00,
    0x02, 0x0b, 0x14, 0x00, 0x04, 0x0b, 0x02, 0x00, 0x0a, 0x0b, 0x02, 0x00, 0x0a, 0x0b, 0x02, 0x00,
    0x0a, 0x0b, 0x02, 0x00, 0x04, 0x0b, 0x11, 0x00, 0x05, 0x0b, 0x02, 0x00, 0x05, 0x0b, 0x01, 0x00,
    0x04, 0x0b, 0x02, 0x00, 0x0a, 0x0b, 0x02, 0x00, 0x0a, 0x0b, 0x02, 0x00, 0x05, 0x0b, 0x0f, 0x00,
    0x06, 0x0b, 0x02, 0x00, 0x04, 0x0b, 0x03, 0x00, 0x03, 0x0b, 0x02, 0x00, 0x0a, 0x0b, 0x02, 0x00,
    0x0a, 0x0b, 0x02, 0x00, 0x06, 0x0b, 0x0d, 0x00, 0x07, 0x0b, 0x02, 0x00, 0x05, 0x0b, 0x01, 0x00,
    0x04, 0x0b, 0x02, 0x00, 0x0a, 0x0b, 0x02, 0x00, 0x0a, 0x0b, 0x02, 0x00, 0x07, 0x0b, 0x0b, 0x00,
    0x08, 0x0b, 0x02, 0x00, 0x0a, 0x0b, 0x02, 0x00, 0x0a, 0x0b, 0x02, 0x00, 0x0a, 0x0b, 0x02, 0x00,
    0x08, 0x0b, 0x0a, 0x00, 0x08, 0x0b, 0x02, 0x00, 0x0a, 0x0b, 0x02, 0x00, 0x0a, 0x0b, 0x02, 0x00,
    0x0a, 0x0b, 0x02, 0x00, 0x06, 0x0b, 0x01, 0x00, 0x01, 0x0b, 0x09, 0x00, 0x09, 0x0b, 0x02, 0x00,
    0x0a, 0x0b, 0x02, 0x00, 0x0a, 0x0b, 0x02, 0x00, 0x03, 0x0b, 0x01, 0x00, 0x06, 0x0b, 0x02, 0x00,
    0x05, 0x0b, 0x03, 0x00, 0x01, 0x0b, 0x08, 0x00, 0x09, 0x0b, 0x02, 0x00, 0x0a, 0x0b, 0x02, 0x00,
    0x0a, 0x0b, 0x02, 0x00, 0x02, 0x0b, 0x03, 0x00, 0x05, 0x0b, 0x02, 0x00, 0x06, 0x0b, 0x01, 0x00,
    0x02, 0x0b, 0x08, 0x00, 0x09, 0x0b, 0x02, 0x00, 0x0a, 0x0b, 0x02, 0x00, 0x0a, 0x0b, 0x02, 0x00,
    0x03, 0x0b, 0x01, 0x00, 0x06, 0x0b, 0x02, 0x00, 0x09, 0x0b, 0x08, 0x00, 0x09, 0x0b, 0x02, 0x00,
    0x0a, 0x0b, 0x02, 0x00, 0x0a, 0x0b, 0x02, 0x00, 0x0a, 0x0b, 0x02, 0x00, 0x09, 0x0b, 0x07, 0x00,
    0x0a, 0x0b, 0x02, 0x00, 0x0a, 0x0b, 0x02, 0x00, 0x0a, 0x0b, 0x02, 0x00, 0x0a, 0x0b, 0x02, 0x00,
    0x0a, 0x0b, 0x06, 0x00, 0x0a, 0x0b, 0x02, 0x00, 0x0a, 0x0b, 0x02, 0x00, 0x0a, 0x0b, 0x02, 0x00,
    0x0a, 0x0b, 0x02, 0x00, 0x0a, 0x0b, 0x07, 0x00, 0x06, 0x0b, 0x01, 0x00, 0x02, 0x0b, 0x02, 0x00,
    0x0a, 0x0b, 0x02, 0x00, 0x0a, 0x0b, 0x02, 0x00, 0x0a, 0x0b, 0x02, 0x00, 0x09, 0x0b, 0x08, 0x00,
    0x05, 0x0b, 0x03, 0x00, 0x01, 0x0b, 0x02, 0x00, 0x0a, 0x0b, 0x02, 0x00, 0x0a, 0x0b, 0x02, 0x00,
    0x0a, 0x0b, 0x02, 0x00, 0x09, 0x0b, 0x08, 0x00, 0x06, 0x0b, 0x01, 0x00, 0x02, 0x0b, 0x02, 0x00,
    0x0a, 0x0b, 0x02, 0x00, 0x0a, 0x0b, 0x02, 0x00, 0x0a, 0x0b, 0x02, 0x00, 0x02, 0x0b, 0x01, 0x00,
    0x06, 0x0b, 0x08, 0x00, 0x09, 0x0b, 0x02, 0x00, 0x0a, 0x0b, 0x02, 0x00, 0x0a, 0x0b, 0x02, 0x00,
    0x0a, 0x0b, 0x02, 0x00, 0x01, 0x0b, 0x03, 0x00, 0x05, 0x0b, 0x09, 0x00, 0x08, 0x0b, 0x02, 0x00,
    0x0a, 0x0b, 0x02, 0x00, 0x0a, 0x0b, 0x02, 0x00, 0x0a, 0x0b, 0x07, 0x00, 0x03, 0x0b, 0x0a, 0x00,
    0x08, 0x0b, 0x02, 0x00, 0x0a, 0x0b, 0x02, 0x00, 0x04, 0x0b, 0x01, 0x00, 0x05, 0x0b, 0x02, 0x00,
    0x0a, 0x0b, 0x02, 0x00, 0x01, 0x0b, 0x03, 0x00, 0x04, 0x0b, 0x0b, 0x00, 0x07, 0x0b, 0x02, 0x00,
    0x0a, 0x0b, 0x02, 0x00, 0x03, 0x0b, 0x03, 0x00, 0x04, 0x0b, 0x02, 0x00, 0x0a, 0x0b, 0x02, 0x00,
    0x02, 0x0b, 0x01, 0x00, 0x04, 0x0b, 0x0d, 0x00, 0x06, 0x0b, 0x02, 0x00, 0x0a, 0x0b, 0x02, 0x00,
    0x04, 0x0b, 0x01, 0x00, 0x05, 0x0b, 0x02, 0x00, 0x0a, 0x0b, 0x02, 0x00, 0x06, 0x0b, 0x0f, 0x00,
    0x05, 0x0b, 0x02, 0x00, 0x0a, 0x0b, 0x02, 0x00, 0x0a, 0x0b, 0x02, 0x00, 0x0a, 0x0b, 0x02, 0x00,
    0x05, 0x0b, 0x11, 0x00, 0x04, 0x0b, 0x02, 0x00, 0x0a, 0x0b, 0x02, 0x00, 0x0a, 0x0b, 0x02, 0x00,
    0x0a, 0x0b, 0x02, 0x00, 0x04, 0x0b, 0x14, 0x00, 0x02, 0x0b, 0x02, 0x00, 0x0a, 0x0b, 0x02, 0x00,
    0x0a, 0x0b, 0x02, 0x00, 0x0a, 0x0b, 0x02, 0x00, 0x02, 0x0b, 0x1a, 0x00, 0x0a, 0x0b, 0x02, 0x00,
    0x0a, 0x0b, 0x02, 0x00, 0x0a, 0x0b, 0xcf, 0x00, 0xcf, 0x00, 0x0a, 0x0b, 0x02, 0x00, 0x0a, 0x0b,
    0x02, 0x00, 0x0a, 0x0b, 0x1a, 0x00, 0x02, 0x0b, 0x02, 0x00, 0x0a, 0x0b, 0x02, 0x00, 0x0a, 0x0b,
    0x02, 0x00, 0x0a, 0x0b, 0x02, 0x00, 0x02, 0x0b, 0x14, 0x00, 0x04, 0x0b, 0x02, 0x00, 0x0a, 0x0b,
    0x02, 0x00, 0x0a, 0x0b, 0x02, 0x00, 0x0a, 0x0b, 0x02, 0x00, 0x04, 0x0b, 0x11, 0x00, 0x05, 0x0b,
    0x02, 0x00, 0x0a, 0x0b, 0x02, 0x00, 0x0a, 0x0b, 0x02, 0x00, 0x0a, 0x0b, 0x02, 0x00, 0x05, 0x0b,
    0x0f, 0x00, 0x06, 0x0b, 0x02, 0x00, 0x05, 0x0b, 0x01, 0x00, 0x04, 0x0b, 0x02, 0x00, 0x0a, 0x0b,
    0x02, 0x00, 0x0a, 0x0b, 0x02, 0x00, 0x06, 0x0b, 0x0d, 0x00, 0x07, 0x0b, 0x02, 0x00, 0x04, 0x0b,
    0x03, 0x00, 0x03, 0x0b, 0x02, 0x00, 0x0a, 0x0b, 0x02, 0x00, 0x0a, 0x0b, 0x02, 0x00, 0x07, 0x0b,
    0x0b, 0x00, 0x08, 0x0b, 0x02, 0x00, 0x05, 0x0b, 0x01, 0x00, 0x04, 0x0b, 0x02, 0x00, 0x0a, 0x0b,
    0x02, 0x00, 0x0a, 0x0b, 0x02, 0x00, 0x08, 0x0b, 0x0a, 0x00, 0x08, 0x0b, 0x02, 0x00, 0x0a, 0x0b,
    0x02, 0x00, 0x0a, 0x0b, 0x02, 0x00, 0x0a, 0x0b, 0x02, 0x00, 0x06, 0x0b, 0x01, 0x00, 0x01, 0x0b,
    0x09, 0x00, 0x09, 0x0b, 0x02, 0x00, 0x0a, 0x0b, 0x02, 0x00, 0x0a, 0x0b, 0x02, 0x00, 0x0a, 0x0b,
    0x02, 0x00, 0x05, 0x0b, 0x03, 0x00, 0x01, 0x0b, 0x08, 0x00, 0x09, 0x0b, 0x02, 0x00, 0x0a, 0x0b,
    0x02, 0x00, 0x0a, 0x0b, 0x02, 0x00, 0x03, 0x0b, 0x01, 0x00, 0x06, 0x0b, 0x02, 0x00, 0x04, 0x0b,
    0x0d, 0x00, 0x09, 0x0b, 0x02, 0x00, 0x0a, 0x0b, 0x02, 0x00, 0x0a, 0x0b, 0x02, 0x00, 0x02, 0x0b,
    0x03, 0x00, 0x05, 0x0b, 0x02, 0x00, 0x05, 0x0b, 0x03, 0x00, 0x01, 0x0b, 0x08, 0x00, 0x09, 0x0b,
    0x02, 0x00, 0x0a, 0x0b, 0x02, 0x00, 0x0a, 0x0b, 0x02, 0x00, 0x03, 0x0b, 0x01, 0x00, 0x06, 0x0b,
    0x02, 0x00, 0x06, 0x0b, 0x01, 0x00, 0x02, 0x0b, 0x07, 0x00, 0x0a, 0x0b, 0x02, 0x00, 0x0a, 0x0b,
    0x02, 0x00, 0x0a, 0x0b, 0x02, 0x00, 0x0a, 0x0b, 0x02, 0x00, 0x0a, 0x0b, 0x06, 0x00, 0x0a, 0x0b,
    0x02, 0x00, 0x0a, 0x0b, 0x02, 0x00, 0x0a, 0x0b, 0x02, 0x00, 0x0a, 0x0b, 0x02, 0x00, 0x0a, 0x0b,
    0x07, 0x00, 0x09, 0x0b, 0x02, 0x00, 0x0a, 0x0b, 0x02, 0x00, 0x0a, 0x0b, 0x02, 0x00, 0x0a, 0x0b,
    0x02, 0x00, 0x09, 0x0b, 0x08, 0x00, 0x06, 0x0b, 0x01, 0x00, 0x02, 0x0b, 0x02, 0x00, 0x0a, 0x0b,
    0x02, 0x00, 0x0a, 0x0b, 0x02, 0x00, 0x0a, 0x0b, 0x02, 0x00, 0x09, 0x0b, 0x08, 0x00, 0x05, 0x0b,
    0x03, 0x00, 0x01, 0x0b, 0x02, 0x00, 0x0a, 0x0b, 0x02, 0x00, 0x0a, 0x0b, 0x02, 0x00, 0x0a, 0x0b,
    0x02, 0x00, 0x09, 0x0b, 0x08, 0x00, 0x06, 0x0b, 0x01, 0x00, 0x02, 0x0b, 0x02, 0x00, 0x0a, 0x0b,
    0x02, 0x00, 0x0a, 0x0b, 0x02, 0x00, 0x0a, 0x0b, 0x02, 0x00, 0x09, 0x0b, 0x09, 0x00, 0x08, 0x0b,
    0x02, 0x00, 0x0a, 0x0b, 0x02, 0x00, 0x0a, 0x0b, 0x02, 0x00, 0x0a, 0x0b, 0x02, 0x00, 0x02, 0x0b,
    0x01, 0x00, 0x05, 0x0b, 0x0a, 0x00, 0x08, 0x0b, 0x02, 0x00, 0x0a, 0x0b, 0x02, 0x00, 0x0a, 0x0b,
    0x02, 0x00, 0x0a, 0x0b, 0x02, 0x00, 0x01, 0x0b, 0x03, 0x00, 0x04, 0x0b, 0x0b, 0x00, 0x07, 0x0b,
    0x02, 0x00, 0x0a, 0x0b, 0x02, 0x00, 0x04, 0x0b, 0x01, 0x00, 0x05, 0x0b, 0x02, 0x00, 0x0a, 0x0b,
    0x02, 0x00, 0x02, 0x0b, 0x01, 0x00, 0x04, 0x0b, 0x0d, 0x00, 0x06, 0x0b, 0x02, 0x00, 0x0a, 0x0b,
    0x02, 0x00, 0x03, 0x0b, 0x03, 0x00, 0x04, 0x0b, 0x02, 0x00, 0x0a, 0x0b, 0x02, 0x00, 0x06, 0x0b,
    0x0f, 0x00, 0x05, 0x0b, 0x02, 0x00, 0x0a, 0x0b, 0x02, 0x00, 0x04, 0x0b, 0x01, 0x00, 0x05, 0x0b,
    0x02, 0x00, 0x0a, 0x0b, 0x02, 0x00, 0x05, 0x0b, 0x11, 0x00, 0x04, 0x0b, 0x02, 0x00, 0x0a, 0x0b,
    0x02, 0x00, 0x0a, 0x0b, 0x02, 0x00, 0x0a, 0x0b, 0x02, 0x00, 0x04, 0x0b, 0x14, 0x00, 0x02, 0x0b,
    0x02, 0x00, 0x0a, 0x0b, 0x02, 0x00, 0x0a, 0x0b, 0x02, 0x00, 0x0a, 0x0b, 0x02, 0x00, 0x02, 0x0b,
    0x1a, 0x00, 0x0a, 0x0b, 0x02, 0x00, 0x0a, 0x0b, 0x02, 0x00, 0x0a, 0x0b, 0xcf, 0x00, 0xcf, 0x00,
    0x0a, 0x01, 0x02, 0x00, 0x0a, 0x01, 0x02, 0x00, 0x0a, 0x01, 0x1a, 0x00, 0x02, 0x01, 0x02, 0x00,
    0x0a, 0x01, 0x02, 0x00, 0x0a, 0x01, 0x02, 0x00, 0x0a, 0x01, 0x02, 0x00, 0x02, 0x01, 0x14, 0x00,
    0x04, 0x01, 0x02, 0x00, 0x0a, 0x01, 0x02, 0x00, 0x0a, 0x01, 0x02, 0x00, 0x0a, 0x01, 0x02, 0x00,
    0x04, 0x01, 0x11, 0x00, 0x05, 0x01, 0x02, 0x00, 0x0a, 0x01, 0x02, 0x00, 0x0a, 0x01, 0x02, 0x00,
    0x0a, 0x01, 0x02, 0x00, 0x05, 0x01, 0x0f, 0x00, 0x06, 0x01, 0x02, 0x00, 0x0a, 0x01, 0x02, 0x00,
    0x0a, 0x01, 0x02, 0x00, 0x0a, 0x01, 0x02, 0x00, 0x06, 0x01, 0x0d, 0x00, 0x07, 0x01, 0x02, 0x00,
    0x0a, 0x01, 0x02, 0x00, 0x0a, 0x01, 0x02, 0x00, 0x0a, 0x01, 0x02, 0x00, 0x07, 0x01, 0x0b, 0x00,
    0x08, 0x01, 0x02, 0x00, 0x0a, 0x01, 0x02, 0x00, 0x0a, 0x01, 0x02, 0x00, 0x0a, 0x01, 0x02, 0x00,
    0x08, 0x01, 0x0a, 0x00, 0x08, 0x01, 0x02, 0x00, 0x0a, 0x01, 0x02, 0x00, 0x0a, 0x01, 0x02, 0x00,
    0x0a, 0x01, 0x02, 0x00, 0x08, 0x01, 0x09, 0x00, 0x09, 0x01, 0x02, 0x00, 0x0a, 0x01, 0x02, 0x00,
    0x0a, 0x01, 0x02, 0x00, 0x0a, 0x01, 0x02, 0x00, 0x09, 0x01, 0x08, 0x00, 0x09, 0x01, 0x02, 0x00,
    0x0a, 0x01, 0x02, 0x00, 0x0a, 0x01, 0x02, 0x00, 0x0a, 0x01, 0x02, 0x00, 0x09, 0x01, 0x08, 0x00,
    0x09, 0x01, 0x02, 0x00, 0x0a, 0x01, 0x02, 0x00, 0x0a, 0x01, 0x02, 0x00, 0x0a, 0x01, 0x02, 0x00,
    0x09, 0x01, 0x08, 0x00, 0x09, 0x01, 0x02, 0x00, 0x0a, 0x01, 0x02, 0x00, 0x0a, 0x01, 0x02, 0x00,
    0x0a, 0x01, 0x02, 0x00, 0x09, 0x01, 0x5e, 0x00, 0x01, 0x01, 0x0a, 0x00, 0x02, 0x01, 0x33, 0x00,
    0x01, 0x01, 0x0a, 0x00, 0x02, 0x01, 0x5d, 0x00, 0x09, 0x01, 0x02, 0x00, 0x0a, 0x01, 0x02, 0x00,
    0x0a, 0x01, 0x02, 0x00, 0x0a, 0x01, 0x02, 0x00, 0x09, 0x01, 0x08, 0x00, 0x09, 0x01, 0x02, 0x00,
    0x0a, 0x01, 0x02, 0x00, 0x0a, 0x01, 0x02, 0x00, 0x0a, 0x01, 0x02, 0x00, 0x09, 0x01, 0x09, 0x00,
    0x08, 0x01, 0x02, 0x00, 0x0a, 0x01, 0x02, 0x00, 0x0a, 0x01, 0x02, 0x00, 0x0a, 0x01, 0x02, 0x00,
    0x08, 0x01, 0x0a, 0x00, 0x08, 0x01, 0x02, 0x00, 0x0a, 0x01, 0x02, 0x00, 0x0a, 0x01, 0x02, 0x00,
    0x0a, 0x01, 0x02, 0x00, 0x08, 0x01, 0x0b, 0x00, 0x07, 0x01, 0x02, 0x00, 0x0a, 0x01, 0x02, 0x00,
    0x0a, 0x01, 0x02, 0x00, 0x0a, 0x01, 0x02, 0x00, 0x07, 0x01, 0x0d, 0x00, 0x06, 0x01, 0x02, 0x00,
    0x0a, 0x01, 0x02, 0x00, 0x0a, 0x01, 0x02, 0x00, 0x0a, 0x01, 0x02, 0x00, 0x06, 0x01, 0x0f, 0x00,
    0x05, 0x01, 0x02, 0x00, 0x0a, 0x01, 0x02, 0x00, 0x0a, 0x01, 0x02, 0x00, 0x0a, 0x01, 0x02, 0x00,
    0x05, 0x01, 0x11, 0x00, 0x04, 0x01, 0x02, 0x00, 0x0a, 0x01, 0x02, 0x00, 0x0a, 0x01, 0x02, 0x00,
    0x0a, 0x01, 0x02, 0x00, 0x04, 0x01, 0x14, 0x00, 0x02, 0x01, 0x02, 0x00, 0x0a, 0x01, 0x02, 0x00,
    0x0a, 0x01, 0x02, 0x00, 0x0a, 0x01, 0x02, 0x00, 0x02, 0x01, 0x1a, 0x00, 0x0a, 0x01, 0x02, 0x00,
    0x0a, 0x01, 0x02, 0x00, 0x0a, 0x01, 0xcf, 0x00, 0xcf, 0x00, 0x0a, 0x01, 0x02, 0x00, 0x0a, 0x01,
    0x02, 0x00, 0x0a, 0x01, 0x1a, 0x00, 0x02, 0x01, 0x02, 0x00, 0x0a, 0x01, 0x02, 0x00, 0x0a, 0x01,
    0x02, 0x00, 0x0a, 0x01, 0x02, 0x00, 0x02, 0x01, 0x14, 0x00, 0x04, 0x01, 0x02, 0x00, 0x0a, 0x01,
    0x02, 0x00, 0x0a, 0x01, 0x02, 0x00, 0x0a, 0x01, 0x02, 0x00, 0x04, 0x01, 0x11, 0x00, 0x05, 0x01,
    0x02, 0x00, 0x0a, 0x01, 0x02, 0x00, 0x0a, 0x01, 0x02, 0x00, 0x0a, 0x01, 0x02, 0x00, 0x05, 0x01,
    0x0f, 0x00, 0x06, 0x01, 0x02, 0x00, 0x0a, 0x01, 0x02, 0x00, 0x0a, 0x01, 0x02, 0x00, 0x0a, 0x01,
    0x02, 0x00, 0x06, 0x01, 0x0d, 0x00, 0x07, 0x01, 0x02, 0x00, 0x0a, 0x01, 0x02, 0x00, 0x0a, 0x01,
    0x02, 0x00, 0x0a, 0x01, 0x02, 0x00, 0x07, 0x01, 0x0b, 0x00, 0x08, 0x01, 0x02, 0x00, 0x0a, 0x01,
    0x02, 0x00, 0x0a, 0x01, 0x02, 0x00, 0x0a, 0x01, 0x02, 0x00, 0x08, 0x01, 0x0a, 0x00, 0x08, 0x01,
    0x02, 0x00, 0x0a, 0x01, 0x02, 0x00, 0x0a, 0x01, 0x02, 0x00, 0x0a, 0x01, 0x02, 0x00, 0x08, 0x01,
    0x09, 0x00, 0x09, 0x01, 0x02, 0x00, 0x0a, 0x01, 0x02, 0x00, 0x0a, 0x01, 0x02, 0x00, 0x0a, 0x01,
    0x02, 0x00, 0x09, 0x01, 0x08, 0x00, 0x09, 0x01, 0x02, 0x00, 0x0a, 0x01, 0x02, 0x00, 0x0a, 0x01,
    0x02, 0x00, 0x0a, 0x01, 0x02, 0x00, 0x09, 0x01, 0x08, 0x00, 0x09, 0x01, 0x02, 0x00, 0x0a, 0x01,
    0x02, 0x00, 0x0a, 0x01, 0x02, 0x00, 0x0a, 0x01, 0x02, 0x00, 0x09, 0x01, 0x08, 0x00, 0x09, 0x01,
    0x02, 0x00, 0x09, 0x01, 0x11, 0x00, 0x08, 0x01, 0x02, 0x00, 0x09, 0x01, 0x5c, 0x00, 0x01, 0x01,
    0x01, 0x00, 0x0f, 0x01, 0x2f, 0x00, 0x01, 0x01, 0x01, 0x00, 0x0f, 0x01, 0x5b, 0x00, 0x09, 0x01,
    0x02, 0x00, 0x09, 0x01, 0x11, 0x00, 0x08, 0x01, 0x02, 0x00, 0x09, 0x01, 0x08, 0x00, 0x09, 0x01,
    0x02, 0x00, 0x0a, 0x01, 0x02, 0x00, 0x0a, 0x01, 0x02, 0x00, 0x0a, 0x01, 0x02, 0x00, 0x09, 0x01,
    0x09, 0x00, 0x08, 0x01, 0x02, 0x00, 0x0a, 0x01, 0x02, 0x00, 0x0a, 0x01, 0x02, 0x00, 0x0a, 0x01,
    0x02, 0x00, 0x08, 0x01, 0x0a, 0x00, 0x08, 0x01, 0x02, 0x00, 0x0a, 0x01, 0x02, 0x00, 0x0a, 0x01,
    0x02, 0x00, 0x0a, 0x01, 0x02, 0x00, 0x08, 0x01, 0x0b, 0x00, 0x07, 0x01, 0x02, 0x00, 0x0a, 0x01,
    0x02, 0x00, 0x0a, 0x01, 0x02, 0x00, 0x0a, 0x01, 0x02, 0x00, 0x07, 0x01, 0x0d, 0x00, 0x06, 0x01,
    0x02, 0x00, 0x0a, 0x01, 0x02, 0x00, 0x0a, 0x01, 0x02, 0x00, 0x0a, 0x01, 0x02, 0x00, 0x06, 0x01,
    0x0f, 0x00, 0x05, 0x01, 0x02, 0x00, 0x0a, 0x01, 0x02, 0x00, 0x0a, 0x01, 0x02, 0x00, 0x0a, 0x01,
    0x02, 0x00, 0x05, 0x01, 0x11, 0x00, 0x04, 0x01, 0x02, 0x00, 0x0a, 0x01, 0x02, 0x00, 0x0a, 0x01,
    0x02, 0x00, 0x0a, 0x01, 0x02, 0x00, 0x04, 0x01, 0x14, 0x00, 0x02, 0x01, 0x02, 0x00, 0x0a, 0x01,
    0x02, 0x00, 0x0a, 0x01, 0x02, 0x00, 0x0a, 0x01, 0x02, 0x00, 0x02, 0x01, 0x1a, 0x00, 0x0a, 0x01,
    0x02, 0x00, 0x0a, 0x01, 0x02, 0x00, 0x0a, 0x01, 0xcf, 0x00, 0xcf, 0x00, 0x0a, 0x01, 0x02, 0x00,
    0x0a, 0x01, 0x02, 0x00, 0x0a, 0x01, 0x1a, 0x00, 0x02, 0x01, 0x02, 0x00, 0x0a, 0x01, 0x02, 0x00,
    0x0a, 0x01, 0x02, 0x00, 0x0a, 0x01, 0x02, 0x00, 0x02, 0x01, 0x14, 0x00, 0x04, 0x01, 0x02, 0x00,
    0x0a, 0x01, 0x02, 0x00, 0x0a, 0x01, 0x02, 0x00, 0x0a, 0x01, 0x02, 0x00, 0x04, 0x01, 0x11, 0x00,
    0x05, 0x01, 0x02, 0x00, 0x0a, 0x01, 0x02, 0x00, 0x0a, 0x01, 0x02, 0x00, 0x0a, 0x01, 0x02, 0x00,
    0x05, 0x01, 0x0f, 0x00, 0x06, 0x01, 0x02, 0x00, 0x0a, 0x01, 0x02, 0x00, 0x0a, 0x01, 0x02, 0x00,
    0x0a, 0x01, 0x02, 0x00, 0x06, 0x01, 0x0d, 0x00, 0x07, 0x01, 0x02, 0x00, 0x0a, 0x01, 0x02, 0x00,
    0x0a, 0x01, 0x02, 0x00, 0x0a, 0x01, 0x02, 0x00, 0x07, 0x01, 0x0b, 0x00, 0x08, 0x01, 0x02, 0x00,
    0x0a, 0x01, 0x02, 0x00, 0x0a, 0x01, 0x02, 0x00, 0x0a, 0x01, 0x02, 0x00, 0x08, 0x01, 0x0a, 0x00,
    0x08, 0x01, 0x02, 0x00, 0x0a, 0x01, 0x02, 0x00, 0x0a, 0x01, 0x02, 0x00, 0x0a, 0x01, 0x02, 0x00,
    0x08, 0x01, 0x09, 0x00, 0x09, 0x01, 0x02, 0x00, 0x0a, 0x01, 0x02, 0x00, 0x0a, 0x01, 0x02, 0x00,
    0x0a, 0x01, 0x02, 0x00, 0x09, 0x01, 0x08, 0x00, 0x09, 0x01, 0x02, 0x00, 0x0a, 0x01, 0x02, 0x00,
    0x0a, 0x01, 0x02, 0x00, 0x0a, 0x01, 0x02, 0x00, 0x09, 0x01, 0x08, 0x00, 0x09, 0x01, 0x02, 0x00,
    0x0a, 0x01, 0x02, 0x00, 0x01, 0x01, 0x0b, 0x00, 0x0a, 0x01, 0x02, 0x00, 0x09, 0x01, 0x08, 0x00,
    0x09, 0x01, 0x02, 0x00, 0x05, 0x01, 0x19, 0x00, 0x04, 0x01, 0x02, 0x00, 0x09, 0x01, 0x1e, 0x00,
    0x01, 0x01, 0x01, 0x00, 0x0b, 0x01, 0x2d, 0x00, 0x19, 0x01, 0x27, 0x00, 0x19, 0x01, 0x2d, 0x00,
    0x01, 0x01, 0x01, 0x00, 0x0b, 0x01, 0x1d, 0x00, 0x09, 0x01, 0x02, 0x00, 0x05, 0x01, 0x19, 0x00,
    0x04, 0x01, 0x02, 0x00, 0x09, 0x01, 0x08, 0x00, 0x09, 0x01, 0x02, 0x00, 0x0a, 0x01, 0x02, 0x00,
    0x01, 0x01, 0x0b, 0x00, 0x0a, 0x01, 0x02, 0x00, 0x09, 0x01, 0x09, 0x00, 0x08, 0x01, 0x02, 0x00,
    0x0a, 0x01, 0x02, 0x00, 0x0a, 0x01, 0x02, 0x00, 0x0a, 0x01, 0x02, 0x00, 0x08, 0x01, 0x0a, 0x00,
    0x08, 0x01, 0x02, 0x00, 0x0a, 0x01, 0x02, 0x00, 0x0a, 0x01, 0x02, 0x00, 0x0a, 0x01, 0x02, 0x00,
    0x08, 0x01, 0x0b, 0x00, 0x07, 0x01, 0x02, 0x00, 0x0a, 0x01, 0x02, 0x00, 0x0a, 0x01, 0x02, 0x00,
    0x0a, 0x01, 0x02, 0x00, 0x07, 0x01, 0x0d, 0x00, 0x06, 0x01, 0x02, 0x00, 0x0a, 0x01, 0x02, 0x00,
    0x0a, 0x01, 0x02, 0x00, 0x0a, 0x01, 0x02, 0x00, 0x06, 0x01, 0x0f, 0x00, 0x05, 0x01, 0x02, 0x00,
    0x0a, 0x01, 0x02, 0x00, 0x0a, 0x01, 0x02, 0x00, 0x0a, 0x01, 0x02, 0x00, 0x05, 0x01, 0x11, 0x00,
    0x04, 0x01, 0x02, 0x00, 0x0a, 0x01, 0x02, 0x00, 0x0a, 0x01, 0x02, 0x00, 0x0a, 0x01, 0x02, 0x00,
    0x04, 0x01, 0x14, 0x00, 0x02, 0x01, 0x02, 0x00, 0x0a, 0x01, 0x02, 0x00, 0x0a, 0x01, 0x02, 0x00,
    0x0a, 0x01, 0x02, 0x00, 0x02, 0x01, 0x1a, 0x00, 0x0a, 0x01, 0x02, 0x00, 0x0a, 0x01, 0x02, 0x00,
    0x0a, 0x01, 0xcf, 0x00, 0xcf, 0x00, 0x0a, 0x01, 0x02, 0x00, 0x0a, 0x01, 0x02, 0x00, 0x0a, 0x01,
    0x1a, 0x00, 0x02, 0x01, 0x02, 0x00, 0x0a, 0x01, 0x02, 0x00, 0x0a, 0x01, 0x02, 0x00, 0x0a, 0x01,
    0x02, 0x00, 0x02, 0x01, 0x14, 0x00, 0x04, 0x01, 0x02, 0x00, 0x0a, 0x01, 0x02, 0x00, 0x0a, 0x01,
    0x02, 0x00, 0x0a, 0x01, 0x02, 0x00, 0x04, 0x01, 0x11, 0x00, 0x05, 0x01, 0x02, 0x00, 0x0a, 0x01,
    0x02, 0x00, 0x0a, 0x01, 0x02, 0x00, 0x0a, 0x01, 0x02, 0x00, 0x05, 0x01, 0x0f, 0x00, 0x06, 0x01,
    0x02, 0x00, 0x0a, 0x01, 0x02, 0x00, 0x0a, 0x01, 0x02, 0x00, 0x0a, 0x01, 0x02, 0x00, 0x06, 0x01,
    0x0d, 0x00, 0x07, 0x01, 0x02, 0x00, 0x0a, 0x01, 0x02, 0x00, 0x0a, 0x01, 0x02, 0x00, 0x0a, 0x01,
    0x02, 0x00, 0x07, 0x01, 0x0b, 0x00, 0x08, 0x01, 0x02, 0x00, 0x0a, 0x01, 0x02, 0x00, 0x0a, 0x01,
    0x02, 0x00, 0x0a, 0x01, 0x02, 0x00, 0x08, 0x01, 0x0a, 0x00, 0x08, 0x01, 0x02, 0x00, 0x0a, 0x01,
    0x02, 0x00, 0x0a, 0x01, 0x02, 0x00, 0x0a, 0x01, 0x02, 0x00, 0x08, 0x01, 0x09, 0x00, 0x09, 0x01,
    0x02, 0x00, 0x0a, 0x01, 0x02, 0x00, 0x0a, 0x01, 0x02, 0x00, 0x0a, 0x01, 0x02, 0x00, 0x09, 0x01,
    0x08, 0x00, 0x09, 0x01, 0x02, 0x00, 0x0a, 0x01, 0x02, 0x00, 0x03, 0x01, 0x05, 0x00, 0x02, 0x01,
    0x02, 0x00, 0x0a, 0x01, 0x02, 0x00, 0x09, 0x01, 0x08, 0x00, 0x09, 0x01, 0x02, 0x00, 0x09, 0x01,
    0x11, 0x00, 0x08, 0x01, 0x02, 0x00, 0x09, 0x01, 0x08, 0x00, 0x09, 0x01, 0x02, 0x00, 0x03, 0x01,
    0x0c, 0x00, 0x05, 0x01, 0x02, 0x00, 0x01, 0x01, 0x09, 0x00, 0x02, 0x01, 0x02, 0x00, 0x09, 0x01,
    0x1c, 0x00, 0x01, 0x01, 0x01, 0x00, 0x0f, 0x01, 0x29, 0x00, 0x1d, 0x01, 0x23, 0x00, 0x1d, 0x01,
    0x29, 0x00, 0x01, 0x01, 0x01, 0x00, 0x0f, 0x01, 0x1b, 0x00, 0x09, 0x01, 0x02, 0x00, 0x03, 0x01,
    0x0c, 0x00, 0x05, 0x01, 0x02, 0x00, 0x01, 0x01, 0x09, 0x00, 0x02, 0x01, 0x02, 0x00, 0x09, 0x01,
    0x08, 0x00, 0x09, 0x01, 0x02, 0x00, 0x09, 0x01, 0x11, 0x00, 0x08, 0x01, 0x02, 0x00, 0x09, 0x01,
    0x09, 0x00, 0x08, 0x01, 0x02, 0x00, 0x0a, 0x01, 0x02, 0x00, 0x03, 0x01, 0x05, 0x00, 0x02, 0x01,
    0x02, 0x00, 0x0a, 0x01, 0x02, 0x00, 0x08, 0x01, 0x0a, 0x00, 0x08, 0x01, 0x02, 0x00, 0x0a, 0x01,
    0x02, 0x00, 0x0a, 0x01, 0x02, 0x00, 0x0a, 0x01, 0x02, 0x00, 0x08, 0x01, 0x0b, 0x00, 0x07, 0x01,
    0x02, 0x00, 0x0a, 0x01, 0x02, 0x00, 0x0a, 0x01, 0x02, 0x00, 0x0a, 0x01, 0x02, 0x00, 0x07, 0x01,
    0x0d, 0x00, 0x06, 0x01, 0x02, 0x00, 0x0a, 0x01, 0x02, 0x00, 0x0a, 0x01, 0x02, 0x00, 0x0a, 0x01,
    0x02, 0x00, 0x06, 0x01, 0x0f, 0x00, 0x05, 0x01, 0x02, 0x00, 0x0a, 0x01, 0x02, 0x00, 0x0a, 0x01,
    0x02, 0x00, 0x0a, 0x01, 0x02, 0x00, 0x05, 0x01, 0x11, 0x00, 0x04, 0x01, 0x02, 0x00, 0x0a, 0x01,
    0x02, 0x00, 0x0a, 0x01, 0x02, 0x00, 0x0a, 0x01, 0x02, 0x00, 0x04, 0x01, 0x14, 0x00, 0x02, 0x01,
    0x02, 0x00, 0x0a, 0x01, 0x02, 0x00, 0x0a, 0x01, 0x02, 0x00, 0x0a, 0x01, 0x02, 0x00, 0x02, 0x01,
    0x1a, 0x00, 0x0a, 0x01, 0x02, 0x00, 0x0a, 0x01, 0x02, 0x00, 0x0a, 0x01, 0xcf, 0x00, 0xcf, 0x00,
    0x0a, 0x01, 0x02, 0x00, 0x0a, 0x01, 0x02, 0x00, 0x0a, 0x01, 0x1a, 0x00, 0x02, 0x01, 0x02, 0x00,
    0x0a, 0x01, 0x02, 0x00, 0x0a, 0x01, 0x02, 0x00, 0x0a, 0x01, 0x02, 0x00, 0x02, 0x01, 0x14, 0x00,
    0x04, 0x01, 0x02, 0x00, 0x0a, 0x01, 0x02, 0x00, 0x0a, 0x01, 0x02, 0x00, 0x0a, 0x01, 0x02, 0x00,
    0x04, 0x01, 0x11, 0x00, 0x05, 0x01, 0x02, 0x00, 0x0a, 0x01, 0x02, 0x00, 0x0a, 0x01, 0x02, 0x00,
    0x0a, 0x01, 0x02, 0x00, 0x05, 0x01, 0x0f, 0x00, 0x06, 0x01, 0x02, 0x00, 0x0a, 0x01, 0x02, 0x00,
    0x0a, 0x01, 0x02, 0x00, 0x0a, 0x01, 0x02, 0x00, 0x06, 0x01, 0x0d, 0x00, 0x07, 0x01, 0x02, 0x00,
    0x0a, 0x01, 0x02, 0x00, 0x0a, 0x01, 0x02, 0x00, 0x0a, 0x01, 0x02, 0x00, 0x07, 0x01, 0x0b, 0x00,
    0x08, 0x01, 0x02, 0x00, 0x0a, 0x01, 0x02, 0x00, 0x0a, 0x01, 0x02, 0x00, 0x0a, 0x01, 0x02, 0x00,
    0x08, 0x01, 0x0a, 0x00, 0x08, 0x01, 0x02, 0x00, 0x0a, 0x01, 0x02, 0x00, 0x0a, 0x01, 0x02, 0x00,
    0x0a, 0x01, 0x02, 0x00, 0x08, 0x01, 0x09, 0x00, 0x09, 0x01, 0x02, 0x00, 0x0a, 0x01, 0x02, 0x00,
    0x03, 0x01, 0x05, 0x00, 0x02, 0x01, 0x02, 0x00, 0x0a, 0x01, 0x02, 0x00, 0x09, 0x01, 0x08, 0x00,
    0x09, 0x01, 0x02, 0x00, 0x0a, 0x01, 0x0e, 0x00, 0x0a, 0x01, 0x02, 0x00, 0x09, 0x01, 0x08, 0x00,
    0x09, 0x01, 0x02, 0x00, 0x07, 0x01, 0x08, 0x00, 0x05, 0x01, 0x08, 0x00, 0x06, 0x01, 0x02, 0x00,
    0x09, 0x01, 0x08, 0x00, 0x09, 0x01, 0x02, 0x00, 0x03, 0x01, 0x08, 0x00, 0x0d, 0x01, 0x08, 0x00,
    0x02, 0x01, 0x02, 0x00, 0x09, 0x01, 0x1a, 0x00, 0x15, 0x01, 0x27, 0x00, 0x1d, 0x01, 0x23, 0x00,
    0x1d, 0x01, 0x27, 0x00, 0x15, 0x01, 0x19, 0x00, 0x09, 0x01, 0x02, 0x00, 0x03, 0x01, 0x08, 0x00,
    0x0d, 0x01, 0x08, 0x00, 0x02, 0x01, 0x02, 0x00, 0x09, 0x01, 0x08, 0x00, 0x09, 0x01, 0x02, 0x00,
    0x07, 0x01, 0x08, 0x00, 0x05, 0x01, 0x08, 0x00, 0x06, 0x01, 0x02, 0x00, 0x09, 0x01, 0x09, 0x00,
    0x08, 0x01, 0x02, 0x00, 0x0a, 0x01, 0x0e, 0x00, 0x0a, 0x01, 0x02, 0x00, 0x08, 0x01, 0x0a, 0x00,
    0x08, 0x01, 0x02, 0x00, 0x0a, 0x01, 0x02, 0x00, 0x03, 0x01, 0x05, 0x00, 0x02, 0x01, 0x02, 0x00,
    0x0a, 0x01, 0x02, 0x00, 0x08, 0x01, 0x0b, 0x00, 0x07, 0x01, 0x02, 0x00, 0x0a, 0x01, 0x02, 0x00,
    0x0a, 0x01, 0x02, 0x00, 0x0a, 0x01, 0x02, 0x00, 0x07, 0x01, 0x0d, 0x00, 0x06, 0x01, 0x02, 0x00,
    0x0a, 0x01, 0x02, 0x00, 0x0a, 0x01, 0x02, 0x00, 0x0a, 0x01, 0x02, 0x00, 0x06, 0x01, 0x0f, 0x00,
    0x05, 0x01, 0x02, 0x00, 0x0a, 0x01, 0x02, 0x00, 0x0a, 0x01, 0x02, 0x00, 0x0a, 0x01, 0x02, 0x00,
    0x05, 0x01, 0x11, 0x00, 0x04, 0x01, 0x02, 0x00, 0x0a, 0x01, 0x02, 0x00, 0x0a, 0x01, 0x02, 0x00,
    0x0a, 0x01, 0x02, 0x00, 0x04, 0x01, 0x14, 0x00, 0x02, 0x01, 0x02, 0x00, 0x0a, 0x01, 0x02, 0x00,
    0x0a, 0x01, 0x02, 0x00, 0x0a, 0x01, 0x02, 0x00, 0x02, 0x01, 0x1a, 0x00, 0x0a, 0x01, 0x02, 0x00,
    0x0a, 0x01, 0x02, 0x00, 0x0a, 0x01, 0xcf, 0x00, 0xcf, 0x00, 0x0a, 0x01, 0x02, 0x00, 0x0a, 0x01,
    0x02, 0x00, 0x0a, 0x01, 0x1a, 0x00, 0x02, 0x01, 0x02, 0x00, 0x0a, 0x01, 0x02, 0x00, 0x0a, 0x01,
    0x02, 0x00, 0x0a, 0x01, 0x02, 0x00, 0x02, 0x01, 0x14, 0x00, 0x04, 0x01, 0x02, 0x00, 0x0a, 0x01,
    0x02, 0x00, 0x0a, 0x01, 0x02, 0x00, 0x0a, 0x01, 0x02, 0x00, 0x04, 0x01, 0x11, 0x00, 0x05, 0x01,
    0x02, 0x00, 0x0a, 0x01, 0x02, 0x00, 0x0a, 0x01, 0x02, 0x00, 0x0a, 0x01, 0x02, 0x00, 0x05, 0x01,
    0x0f, 0x00, 0x06, 0x01, 0x02, 0x00, 0x0a, 0x01, 0x02, 0x00, 0x0a, 0x01, 0x02, 0x00, 0x0a, 0x01,
    0x02, 0x00, 0x06, 0x01, 0x0d, 0x00, 0x07, 0x01, 0x02, 0x00, 0x0a, 0x01, 0x02, 0x00, 0x0a, 0x01,
    0x02, 0x00, 0x0a, 0x01, 0x02, 0x00, 0x07, 0x01, 0x0b, 0x00, 0x08, 0x01, 0x02, 0x00, 0x0a, 0x01,
    0x02, 0x00, 0x0a, 0x01, 0x02, 0x00, 0x0a, 0x01, 0x02, 0x00, 0x08, 0x01, 0x0a, 0x00, 0x08, 0x01,
    0x02, 0x00, 0x0a, 0x01, 0x02, 0x00, 0x04, 0x01, 0x03, 0x00, 0x03, 0x01, 0x02, 0x00, 0x0a, 0x01,
    0x02, 0x00, 0x08, 0x01, 0x09, 0x00, 0x09, 0x01, 0x02, 0x00, 0x0a, 0x01, 0x0e, 0x00, 0x0a, 0x01,
    0x02, 0x00, 0x09, 0x01, 0x08, 0x00, 0x09, 0x01, 0x02, 0x00, 0x09, 0x01, 0x07, 0x00, 0x03, 0x01,
    0x07, 0x00, 0x08, 0x01, 0x02, 0x00, 0x09, 0x01, 0x08, 0x00, 0x09, 0x01, 0x02, 0x00, 0x06, 0x01,
    0x05, 0x00, 0x0d, 0x01, 0x05, 0x00, 0x05, 0x01, 0x02, 0x00, 0x09, 0x01, 0x08, 0x00, 0x09, 0x01,
    0x02, 0x00, 0x02, 0x01, 0x07, 0x00, 0x01, 0x01, 0x01, 0x00, 0x0f, 0x01, 0x07, 0x00, 0x01, 0x01,
    0x02, 0x00, 0x09, 0x01, 0x19, 0x00, 0x17, 0x01, 0x25, 0x00, 0x1f, 0x01, 0x21, 0x00, 0x1f, 0x01,
    0x25, 0x00, 0x17, 0x01, 0x18, 0x00, 0x09, 0x01, 0x02, 0x00, 0x02, 0x01, 0x07, 0x00, 0x01, 0x01,
    0x01, 0x00, 0x0f, 0x01, 0x07, 0x00, 0x01, 0x01, 0x02, 0x00, 0x09, 0x01, 0x08, 0x00, 0x09, 0x01,
    0x02, 0x00, 0x06, 0x01, 0x05, 0x00, 0x0d, 0x01, 0x05, 0x00, 0x05, 0x01, 0x02, 0x00, 0x09, 0x01,
    0x09, 0x00, 0x08, 0x01, 0x02, 0x00, 0x09, 0x01, 0x07, 0x00, 0x03, 0x01, 0x07, 0x00, 0x08, 0x01,
    0x02, 0x00, 0x08, 0x01, 0x0a, 0x00, 0x08, 0x01, 0x02, 0x00, 0x0a, 0x01, 0x0e, 0x00, 0x0a, 0x01,
    0x02, 0x00, 0x08, 0x01, 0x0b, 0x00, 0x07, 0x01, 0x02, 0x00, 0x0a, 0x01, 0x02, 0x00, 0x04, 0x01,
    0x03, 0x00, 0x03, 0x01, 0x02, 0x00, 0x0a, 0x01, 0x02, 0x00, 0x07, 0x01, 0x0d, 0x00, 0x06, 0x01,
    0x02, 0x00, 0x0a, 0x01, 0x02, 0x00, 0x0a, 0x01, 0x02, 0x00, 0x0a, 0x01, 0x02, 0x00, 0x06, 0x01,
    0x0f, 0x00, 0x05, 0x01, 0x02, 0x00, 0x0a, 0x01, 0x02, 0x00, 0x0a, 0x01, 0x02, 0x00, 0x0a, 0x01,
    0x02, 0x00, 0x05, 0x01, 0x11, 0x00, 0x04, 0x01, 0x02, 0x00, 0x0a, 0x01, 0x02, 0x00, 0x0a, 0x01,
    0x02, 0x00, 0x0a, 0x01, 0x02, 0x00, 0x04, 0x01, 0x14, 0x00, 0x02, 0x01, 0x02, 0x00, 0x0a, 0x01,
    0x02, 0x00, 0x0a, 0x01, 0x02, 0x00, 0x0a, 0x01, 0x02, 0x00, 0x02, 0x01, 0x1a, 0x00, 0x0a, 0x01,
    0x02, 0x00, 0x0a, 0x01, 0x02, 0x00, 0x0a, 0x01, 0xcf, 0x00, 0xcf, 0x00, 0x0a, 0x01, 0x02, 0x00,
    0x0a, 0x01, 0x02, 0x00, 0x0a, 0x01, 0x1a, 0x00, 0x02, 0x01, 0x02, 0x00, 0x0a, 0x01, 0x02, 0x00,
    0x0a, 0x01, 0x02, 0x00, 0x0a, 0x01, 0x02, 0x00, 0x02, 0x01, 0x14, 0x00, 0x04, 0x01, 0x02, 0x00,
    0x0a, 0x01, 0x02, 0x00, 0x0a, 0x01, 0x02, 0x00, 0x0a, 0x01, 0x02, 0x00, 0x04, 0x01, 0x11, 0x00,
    0x05, 0x01, 0x02, 0x00, 0x0a, 0x01, 0x02, 0x00, 0x0a, 0x01, 0x02, 0x00, 0x0a, 0x01, 0x02, 0x00,
    0x05, 0x01, 0x0f, 0x00, 0x06, 0x01, 0x02, 0x00, 0x0a, 0x01, 0x02, 0x00, 0x0a, 0x01, 0x02, 0x00,
    0x0a, 0x01, 0x02, 0x00, 0x06, 0x01, 0x0d, 0x00, 0x07, 0x01, 0x02, 0x00, 0x0a, 0x01, 0x02, 0x00,
    0x0a, 0x01, 0x02, 0x00, 0x0a, 0x01, 0x02, 0x00, 0x07, 0x01, 0x0b, 0x00, 0x08, 0x01, 0x02, 0x00,
    0x0a, 0x01, 0x02, 0x00, 0x04, 0x01, 0x03, 0x00, 0x03, 0x01, 0x02, 0x00, 0x0a, 0x01, 0x02, 0x00,
    0x08, 0x01, 0x0a, 0x00, 0x08, 0x01, 0x02, 0x00, 0x0a, 0x01, 0x02, 0x00, 0x01, 0x01, 0x0b, 0x00,
    0x0a, 0x01, 0x02, 0x00, 0x08, 0x01, 0x09, 0x00, 0x09, 0x01, 0x02, 0x00, 0x0a, 0x01, 0x06, 0x00,
    0x03, 0x01, 0x06, 0x00, 0x09, 0x01, 0x02, 0x00, 0x09, 0x01, 0x08, 0x00, 0x09, 0x01, 0x02, 0x00,
    0x08, 0x01, 0x05, 0x00, 0x0a, 0x01, 0x04, 0x00, 0x07, 0x01, 0x02, 0x00, 0x09, 0x01, 0x08, 0x00,
    0x09, 0x01, 0x02, 0x00, 0x05, 0x01, 0x06, 0x00, 0x0e, 0x01, 0x05, 0x00, 0x04, 0x01, 0x02, 0x00,
    0x09, 0x01, 0x08, 0x00, 0x09, 0x01, 0x02, 0x00, 0x02, 0x01, 0x06, 0x00, 0x13, 0x01, 0x06, 0x00,
    0x01, 0x01, 0x02, 0x00, 0x09, 0x01, 0x18, 0x00, 0x19, 0x01, 0x24, 0x00, 0x1f, 0x01, 0x21, 0x00,
    0x1f, 0x01, 0x24, 0x00, 0x19, 0x01, 0x17, 0x00, 0x09, 0x01, 0x02, 0x00, 0x02, 0x01, 0x06, 0x00,
    0x13, 0x01, 0x06, 0x00, 0x01, 0x01, 0x02, 0x00, 0x09, 0x01, 0x08, 0x00, 0x09, 0x01, 0x02, 0x00,
    0x05, 0x01, 0x06, 0x00, 0x0e, 0x01, 0x05, 0x00, 0x04, 0x01, 0x02, 0x00, 0x09, 0x01, 0x09, 0x00,
    0x08, 0x01, 0x02, 0x00, 0x08, 0x01, 0x05, 0x00, 0x0a, 0x01, 0x04, 0x00, 0x07, 0x01, 0x02, 0x00,
    0x08, 0x01, 0x0a, 0x00, 0x08, 0x01, 0x02, 0x00, 0x0a, 0x01, 0x06, 0x00, 0x03, 0x01, 0x06, 0x00,
    0x09, 0x01, 0x02, 0x00, 0x08, 0x01, 0x0b, 0x00, 0x07, 0x01, 0x02, 0x00, 0x0a, 0x01, 0x02, 0x00,
    0x01, 0x01, 0x0b, 0x00, 0x0a, 0x01, 0x02, 0x00, 0x07, 0x01, 0x0d, 0x00, 0x06, 0x01, 0x02, 0x00,
    0x0a, 0x01, 0x02, 0x00, 0x04, 0x01, 0x03, 0x00, 0x03, 0x01, 0x02, 0x00, 0x0a, 0x01, 0x02, 0x00,
    0x06, 0x01, 0x0f, 0x00, 0x05, 0x01, 0x02, 0x00, 0x0a, 0x01, 0x02, 0x00, 0x0a, 0x01, 0x02, 0x00,
    0x0a, 0x01, 0x02, 0x00, 0x05, 0x01, 0x11, 0x00, 0x04, 0x01, 0x02, 0x00, 0x0a, 0x01, 0x02, 0x00,
    0x0a, 0x01, 0x02, 0x00, 0x0a, 0x01, 0x02, 0x00, 0x04, 0x01, 0x14, 0x00, 0x02, 0x01, 0x02, 0x00,
    0x0a, 0x01, 0x02, 0x00, 0x0a, 0x01, 0x02, 0x00, 0x0a, 0x01, 0x02, 0x00, 0x02, 0x01, 0x1a, 0x00,
    0x0a, 0x01, 0x02, 0x00, 0x0a, 0x01, 0x02, 0x00, 0x0a, 0x01, 0xcf, 0x00, 0xcf, 0x00, 0x0a, 0x01,
    0x02, 0x00, 0x0a, 0x01, 0x02, 0x00, 0x0a, 0x01, 0x1a, 0x00, 0x02, 0x01, 0x02, 0x00, 0x0a, 0x01,
    0x02, 0x00, 0x0a, 0x01, 0x02, 0x00, 0x0a, 0x01, 0x02, 0x00, 0x02, 0x01, 0x14, 0x00, 0x04, 0x01,
    0x02, 0x00, 0x0a, 0x01, 0x02, 0x00, 0x0a, 0x01, 0x02, 0x00, 0x0a, 0x01, 0x02, 0x00, 0x04, 0x01,
    0x11, 0x00, 0x05, 0x01, 0x02, 0x00, 0x0a, 0x01, 0x02, 0x00, 0x0a, 0x01, 0x02, 0x00, 0x0a, 0x01,
    0x02, 0x00, 0x05, 0x01, 0x0f, 0x00, 0x06, 0x01, 0x02, 0x00, 0x0a, 0x01, 0x02, 0x00, 0x0a, 0x01,
    0x02, 0x00, 0x0a, 0x01, 0x02, 0x00, 0x06, 0x01, 0x0d, 0x00, 0x07, 0x01, 0x02, 0x00, 0x0a, 0x01,
    0x02, 0x00, 0x04, 0x01, 0x03, 0x00, 0x03, 0x01, 0x02, 0x00, 0x0a, 0x01, 0x02, 0x00, 0x07, 0x01,
    0x0b, 0x00, 0x08, 0x01, 0x02, 0x00, 0x0a, 0x01, 0x02, 0x00, 0x02, 0x01, 0x07, 0x00, 0x01, 0x01,
    0x02, 0x00, 0x0a, 0x01, 0x02, 0x00, 0x08, 0x01, 0x0a, 0x00, 0x08, 0x01, 0x02, 0x00, 0x0a, 0x01,
    0x06, 0x00, 0x03, 0x01, 0x05, 0x00, 0x0a, 0x01, 0x02, 0x00, 0x08, 0x01, 0x09, 0x00, 0x09, 0x01,
    0x02, 0x00, 0x09, 0x01, 0x05, 0x00, 0x07, 0x01, 0x05, 0x00, 0x08, 0x01, 0x02, 0x00, 0x09, 0x01,
    0x08, 0x00, 0x09, 0x01, 0x02, 0x00, 0x07, 0x01, 0x04, 0x00, 0x0d, 0x01, 0x04, 0x00, 0x06, 0x01,
    0x02, 0x00, 0x09, 0x01, 0x08, 0x00, 0x09, 0x01, 0x02, 0x00, 0x04, 0x01, 0x05, 0x00, 0x11, 0x01,
    0x05, 0x00, 0x03, 0x01, 0x02, 0x00, 0x09, 0x01, 0x08, 0x00, 0x09, 0x01, 0x02, 0x00, 0x02, 0x01,
    0x05, 0x00, 0x15, 0x01, 0x05, 0x00, 0x01, 0x01, 0x02, 0x00, 0x09, 0x01, 0x17, 0x00, 0x1b, 0x01,
    0x23, 0x00, 0x1f, 0x01, 0x21, 0x00, 0x1f, 0x01, 0x23, 0x00, 0x1b, 0x01, 0x16, 0x00, 0x09, 0x01,
    0x02, 0x00, 0x02, 0x01, 0x05, 0x00, 0x15, 0x01, 0x05, 0x00, 0x01, 0x01, 0x02, 0x00, 0x09, 0x01,
    0x08, 0x00, 0x09, 0x01, 0x02, 0x00, 0x04, 0x01, 0x05, 0x00, 0x11, 0x01, 0x05, 0x00, 0x03, 0x01,
    0x02, 0x00, 0x09, 0x01, 0x09, 0x00, 0x08, 0x01, 0x02, 0x00, 0x07, 0x01, 0x04, 0x00, 0x0d, 0x01,
    0x04, 0x00, 0x06, 0x01, 0x02, 0x00, 0x08, 0x01, 0x0a, 0x00, 0x08, 0x01, 0x02, 0x00, 0x09, 0x01,
    0x05, 0x00, 0x07, 0x01, 0x05, 0x00, 0x08, 0x01, 0x02, 0x00, 0x08, 0x01, 0x0b, 0x00, 0x07, 0x01,
    0x02, 0x00, 0x0a, 0x01, 0x06, 0x00, 0x03, 0x01, 0x05, 0x00, 0x0a, 0x01, 0x02, 0x00, 0x07, 0x01,
    0x0d, 0x00, 0x06, 0x01, 0x02, 0x00, 0x0a, 0x01, 0x02, 0x00, 0x02, 0x01, 0x07, 0x00, 0x01, 0x01,
    0x02, 0x00, 0x0a, 0x01, 0x02, 0x00, 0x06, 0x01, 0x0f, 0x00, 0x05, 0x01, 0x02, 0x00, 0x0a, 0x01,
    0x02, 0x00, 0x04, 0x01, 0x03, 0x00, 0x03, 0x01, 0x02, 0x00, 0x0a, 0x01, 0x02, 0x00, 0x05, 0x01,
    0x11, 0x00, 0x04, 0x01, 0x02, 0x00, 0x0a, 0x01, 0x02, 0x00, 0x0a, 0x01, 0x02, 0x00, 0x0a, 0x01,
    0x02, 0x00, 0x04, 0x01, 0x14, 0x00, 0x02, 0x01, 0x02, 0x00, 0x0a, 0x01, 0x02, 0x00, 0x0a, 0x01,
    0x02, 0x00, 0x0a, 0x01, 0x02, 0x00, 0x02, 0x01, 0x1a, 0x00, 0x0a, 0x01, 0x02, 0x00, 0x0a, 0x01,
    0x02, 0x00, 0x0a, 0x01, 0xcf, 0x00, 0xcf, 0x00, 0x0a, 0x0a, 0x02, 0x00, 0x0a, 0x0a, 0x02, 0x00,
    0x0a, 0x0a, 0x1a, 0x00, 0x02, 0x0a, 0x02, 0x00, 0x0a, 0x0a, 0x02, 0x00, 0x0a, 0x0a, 0x02, 0x00,
    0x0a, 0x0a, 0x02, 0x00, 0x02, 0x0a, 0x14, 0x00, 0x04, 0x0a, 0x02, 0x00, 0x0a, 0x0a, 0x02, 0x00,
    0x0a, 0x0a, 0x02, 0x00, 0x0a, 0x0a, 0x02, 0x00, 0x04, 0x0a, 0x11, 0x00, 0x05, 0x0a, 0x02, 0x00,
    0x0a, 0x0a, 0x02, 0x00, 0x0a, 0x0a, 0x02, 0x00, 0x0a, 0x0a, 0x02, 0x00, 0x05, 0x0a, 0x0f, 0x00,
    0x06, 0x0a, 0x02, 0x00, 0x0a, 0x0a, 0x02, 0x00, 0x0a, 0x0a, 0x02, 0x00, 0x0a, 0x0a, 0x02, 0x00,
    0x06, 0x0a, 0x0d, 0x00, 0x07, 0x0a, 0x02, 0x00, 0x0a, 0x0a, 0x02, 0x00, 0x0a, 0x0a, 0x02, 0x00,
    0x0a, 0x0a, 0x02, 0x00, 0x07, 0x0a, 0x0b, 0x00, 0x08, 0x0a, 0x02, 0x00, 0x01, 0x0a, 0x01, 0x00,
    0x08, 0x0a, 0x02, 0x00, 0x01, 0x0a, 0x01, 0x00, 0x08, 0x0a, 0x02, 0x00, 0x01, 0x0a, 0x01, 0x00,
    0x08, 0x0a, 0x02, 0x00, 0x01, 0x0a, 0x01, 0x00, 0x06, 0x0a, 0x0b, 0x00, 0x07, 0x0a, 0x02, 0x00,
    0x01, 0x0a, 0x02, 0x00, 0x07, 0x0a, 0x02, 0x00, 0x01, 0x0a, 0x02, 0x00, 0x07, 0x0a, 0x02, 0x00,
    0x01, 0x0a, 0x02, 0x00, 0x07, 0x0a, 0x02, 0x00, 0x01, 0x0a, 0x02, 0x00, 0x05, 0x0a, 0x09, 0x00,
    0x01, 0x0a, 0x02, 0x00, 0x06, 0x0a, 0x02, 0x00, 0x02, 0x0a, 0x02, 0x00, 0x06, 0x0a, 0x02, 0x00,
    0x02, 0x0a, 0x02, 0x00, 0x06, 0x0a, 0x02, 0x00, 0x02, 0x0a, 0x02, 0x00, 0x06, 0x0a, 0x02, 0x00,
    0x02, 0x0a, 0x02, 0x00, 0x05, 0x0a, 0x08, 0x00, 0x02, 0x0a, 0x02, 0x00, 0x05, 0x0a, 0x02, 0x00,
    0x03, 0x0a, 0x02, 0x00, 0x05, 0x0a, 0x02, 0x00, 0x03, 0x0a, 0x02, 0x00, 0x05, 0x0a, 0x02, 0x00,
    0x03, 0x0a, 0x02, 0x00, 0x05, 0x0a, 0x02, 0x00, 0x03, 0x0a, 0x02, 0x00, 0x04, 0x0a, 0x08, 0x00,
    0x03, 0x0a, 0x01, 0x00, 0x05, 0x0a, 0x02, 0x00, 0x04, 0x0a, 0x01, 0x00, 0x05, 0x0a, 0x02, 0x00,
    0x04, 0x0a, 0x01, 0x00, 0x05, 0x0a, 0x02, 0x00, 0x04, 0x0a, 0x01, 0x00, 0x05, 0x0a, 0x02, 0x00,
    0x04, 0x0a, 0x01, 0x00, 0x04, 0x0a, 0x08, 0x00, 0x03, 0x0a, 0x02, 0x00, 0x04, 0x0a, 0x02, 0x00,
    0x04, 0x0a, 0x02, 0x00, 0x04, 0x0a, 0x02, 0x00, 0x04, 0x0a, 0x02, 0x00, 0x04, 0x0a, 0x02, 0x00,
    0x04, 0x0a, 0x02, 0x00, 0x04, 0x0a, 0x02, 0x00, 0x04, 0x0a, 0x02, 0x00, 0x03, 0x0a, 0x07, 0x00,
    0x05, 0x0a, 0x02, 0x00, 0x03, 0x0a, 0x02, 0x00, 0x05, 0x0a, 0x02, 0x00, 0x03, 0x0a, 0x02, 0x00,
    0x05, 0x0a, 0x02, 0x00, 0x03, 0x0a, 0x02, 0x00, 0x05, 0x0a, 0x02, 0x00, 0x03, 0x0a, 0x02, 0x00,
    0x05, 0x0a, 0x02, 0x00, 0x03, 0x0a, 0x06, 0x00, 0x06, 0x0a, 0x02, 0x00, 0x02, 0x0a, 0x02, 0x00,
    0x06, 0x0a, 0x02, 0x00, 0x02, 0x0a, 0x02, 0x00, 0x06, 0x0a, 0x02, 0x00, 0x02, 0x0a, 0x02, 0x00,
    0x06, 0x0a, 0x02, 0x00, 0x02, 0x0a, 0x02, 0x00, 0x06, 0x0a, 0x02, 0x00, 0x02, 0x0a, 0x07, 0x00,
    0x05, 0x0a, 0x02, 0x00, 0x02, 0x0a, 0x02, 0x00, 0x06, 0x0a, 0x02, 0x00, 0x02, 0x0a, 0x02, 0x00,
    0x06, 0x0a, 0x02, 0x00, 0x02, 0x0a, 0x02, 0x00, 0x06, 0x0a, 0x02, 0x00, 0x02, 0x0a, 0x02, 0x00,
    0x06, 0x0a, 0x02, 0x00, 0x01, 0x0a, 0x08, 0x00, 0x04, 0x0a, 0x02, 0x00, 0x03, 0x0a, 0x02, 0x00,
    0x05, 0x0a, 0x02, 0x00, 0x03, 0x0a, 0x02, 0x00, 0x05, 0x0a, 0x02, 0x00, 0x03, 0x0a, 0x02, 0x00,
    0x05, 0x0a, 0x02, 0x00, 0x03, 0x0a, 0x02, 0x00, 0x05, 0x0a, 0x02, 0x00, 0x02, 0x0a, 0x08, 0x00,
    0x03, 0x0a, 0x02, 0x00, 0x04, 0x0a, 0x02, 0x00, 0x04, 0x0a, 0x02, 0x00, 0x04, 0x0a, 0x02, 0x00,
    0x04, 0x0a, 0x02, 0x00, 0x04, 0x0a, 0x02, 0x00, 0x04, 0x0a, 0x02, 0x00, 0x04, 0x0a, 0x02, 0x00,
    0x04, 0x0a, 0x02, 0x00, 0x03, 0x0a, 0x08, 0x00, 0x03, 0x0a, 0x01, 0x00, 0x05, 0x0a, 0x02, 0x00,
    0x04, 0x0a, 0x01, 0x00, 0x05, 0x0a, 0x02, 0x00, 0x04, 0x0a, 0x01, 0x00, 0x05, 0x0a, 0x02, 0x00,
    0x04, 0x0a, 0x01, 0x00, 0x05, 0x0a, 0x02, 0x00, 0x04, 0x0a, 0x01, 0x00, 0x04, 0x0a, 0x09, 0x00,
    0x01, 0x0a, 0x02, 0x00, 0x05, 0x0a, 0x02, 0x00, 0x03, 0x0a, 0x02, 0x00, 0x05, 0x0a, 0x02, 0x00,
    0x03, 0x0a, 0x02, 0x00, 0x05, 0x0a, 0x02, 0x00, 0x03, 0x0a, 0x02, 0x00, 0x05, 0x0a, 0x02, 0x00,
    0x03, 0x0a, 0x02, 0x00, 0x03, 0x0a, 0x0c, 0x00, 0x06, 0x0a, 0x02, 0x00, 0x02, 0x0a, 0x02, 0x00,
    0x06, 0x0a, 0x02, 0x00, 0x02, 0x0a, 0x02, 0x00, 0x06, 0x0a, 0x02, 0x00, 0x02, 0x0a, 0x02, 0x00,
    0x06, 0x0a, 0x02, 0x00, 0x02, 0x0a, 0x02, 0x00, 0x04, 0x0a, 0x0b, 0x00, 0x07, 0x0a, 0x02, 0x00,
    0x01, 0x0a, 0x02, 0x00, 0x07, 0x0a, 0x02, 0x00, 0x01, 0x0a, 0x02, 0x00, 0x07, 0x0a, 0x02, 0x00,
    0x01, 0x0a, 0x02, 0x00, 0x07, 0x0a, 0x02, 0x00, 0x01, 0x0a, 0x02, 0x00, 0x04, 0x0a, 0x0d, 0x00,
    0x06, 0x0a, 0x02, 0x00, 0x01, 0x0a, 0x01, 0x00, 0x08, 0x0a, 0x02, 0x00, 0x01, 0x0a, 0x01, 0x00,
    0x08, 0x0a, 0x02, 0x00, 0x01, 0x0a, 0x01, 0x00, 0x08, 0x0a, 0x02, 0x00, 0x01, 0x0a, 0x01, 0x00,
    0x04, 0x0a, 0x0f, 0x00, 0x05, 0x0a, 0x02, 0x00, 0x0a, 0x0a, 0x02, 0x00, 0x0a, 0x0a, 0x02, 0x00,
    0x0a, 0x0a, 0x02, 0x00, 0x05, 0x0a, 0x11, 0x00, 0x04, 0x0a, 0x02, 0x00, 0x0a, 0x0a, 0x02, 0x00,
    0x0a, 0x0a, 0x02, 0x00, 0x0a, 0x0a, 0x02, 0x00, 0x04, 0x0a, 0x14, 0x00, 0x02, 0x0a, 0x02, 0x00,
    0x0a, 0x0a, 0x02, 0x00, 0x0a, 0x0a, 0x02, 0x00, 0x0a, 0x0a, 0x02, 0x00, 0x02, 0x0a, 0x1a, 0x00,
    0x0a, 0x0a, 0x02, 0x00, 0x0a, 0x0a, 0x02, 0x00, 0x0a, 0x0a, 0xcf, 0x00, 0xcf, 0x00, 0x0a, 0x0a,
    0x02, 0x00, 0x0a, 0x0a, 0x02, 0x00, 0x0a, 0x0a, 0x1a, 0x00, 0x02, 0x0a, 0x02, 0x00, 0x0a, 0x0a,
    0x02, 0x00, 0x0a, 0x0a, 0x02, 0x00, 0x0a, 0x0a, 0x02, 0x00, 0x02, 0x0a, 0x14, 0x00, 0x04, 0x0a,
    0x02, 0x00, 0x0a, 0x0a, 0x02, 0x00, 0x0a, 0x0a, 0x02, 0x00, 0x0a, 0x0a, 0x02, 0x00, 0x04, 0x0a,
    0x11, 0x00, 0x05, 0x0a, 0x02, 0x00, 0x0a, 0x0a, 0x02, 0x00, 0x0a, 0x0a, 0x02, 0x00, 0x0a, 0x0a,
    0x02, 0x00, 0x05, 0x0a, 0x0f, 0x00, 0x06, 0x0a, 0x02, 0x00, 0x0a, 0x0a, 0x02, 0x00, 0x0a, 0x0a,
    0x02, 0x00, 0x0a, 0x0a, 0x02, 0x00, 0x06, 0x0a, 0x0d, 0x00, 0x07, 0x0a, 0x02, 0x00, 0x0a, 0x0a,
    0x02, 0x00, 0x0a, 0x0a, 0x02, 0x00, 0x0a, 0x0a, 0x02, 0x00, 0x07, 0x0a, 0x0c, 0x00, 0x07, 0x0a,
    0x02, 0x00, 0x02, 0x0a, 0x01, 0x00, 0x07, 0x0a, 0x02, 0x00, 0x02, 0x0a, 0x01, 0x00, 0x07, 0x0a,
    0x02, 0x00, 0x02, 0x0a, 0x01, 0x00, 0x07, 0x0a, 0x02, 0x00, 0x02, 0x0a, 0x01, 0x00, 0x05, 0x0a,
    0x0c, 0x00, 0x06, 0x0a, 0x02, 0x00, 0x02, 0x0a, 0x02, 0x00, 0x06, 0x0a, 0x02, 0x00, 0x02, 0x0a,
    0x02, 0x00, 0x06, 0x0a, 0x02, 0x00, 0x02, 0x0a, 0x02, 0x00, 0x06, 0x0a, 0x02, 0x00, 0x02, 0x0a,
    0x02, 0x00, 0x04, 0x0a, 0x09, 0x00, 0x02, 0x0a, 0x02, 0x00, 0x05, 0x0a, 0x02, 0x00, 0x03, 0x0a,
    0x02, 0x00, 0x05, 0x0a, 0x02, 0x00, 0x03, 0x0a, 0x02, 0x00, 0x05, 0x0a, 0x02, 0x00, 0x03, 0x0a,
    0x02, 0x00, 0x05, 0x0a, 0x02, 0x00, 0x03, 0x0a, 0x02, 0x00, 0x04, 0x0a, 0x08, 0x00, 0x03, 0x0a,
    0x02, 0x00, 0x04, 0x0a, 0x02, 0x00, 0x04, 0x0a, 0x02, 0x00, 0x04, 0x0a, 0x02, 0x00, 0x04, 0x0a,
    0x02, 0x00, 0x04, 0x0a, 0x02, 0x00, 0x04, 0x0a, 0x02, 0x00, 0x04, 0x0a, 0x02, 0x00, 0x04, 0x0a,
    0x02, 0x00, 0x03, 0x0a, 0x08, 0x00, 0x04, 0x0a, 0x01, 0x00, 0x04, 0x0a, 0x02, 0x00, 0x05, 0x0a,
    0x01, 0x00, 0x04, 0x0a, 0x02, 0x00, 0x05, 0x0a, 0x01, 0x00, 0x04, 0x0a, 0x02, 0x00, 0x05, 0x0a,
    0x01, 0x00, 0x04, 0x0a, 0x02, 0x00, 0x05, 0x0a, 0x01, 0x00, 0x03, 0x0a, 0x08, 0x00, 0x04, 0x0a,
    0x02, 0x00, 0x03, 0x0a, 0x02, 0x00, 0x05, 0x0a, 0x02, 0x00, 0x03, 0x0a, 0x02, 0x00, 0x05, 0x0a,
    0x02, 0x00, 0x03, 0x0a, 0x02, 0x00, 0x05, 0x0a, 0x02, 0x00, 0x03, 0x0a, 0x02, 0x00, 0x05, 0x0a,
    0x02, 0x00, 0x02, 0x0a, 0x07, 0x00, 0x06, 0x0a, 0x02, 0x00, 0x02, 0x0a, 0x02, 0x00, 0x06, 0x0a,
    0x02, 0x00, 0x02, 0x0a, 0x02, 0x00, 0x06, 0x0a, 0x02, 0x00, 0x02, 0x0a, 0x02, 0x00, 0x06, 0x0a,
    0x02, 0x00, 0x02, 0x0a, 0x02, 0x00, 0x06, 0x0a, 0x02, 0x00, 0x02, 0x0a, 0x06, 0x00, 0x07, 0x0a,
    0x02, 0x00, 0x01, 0x0a, 0x02, 0x00, 0x07, 0x0a, 0x02, 0x00, 0x01, 0x0a, 0x02, 0x00, 0x07, 0x0a,
    0x02, 0x00, 0x01, 0x0a, 0x02, 0x00, 0x07, 0x0a, 0x02, 0x00, 0x01, 0x0a, 0x02, 0x00, 0x07, 0x0a,
    0x02, 0x00, 0x01, 0x0a, 0x07, 0x00, 0x06, 0x0a, 0x02, 0x00, 0x01, 0x0a, 0x02, 0x00, 0x07, 0x0a,
    0x02, 0x00, 0x01, 0x0a, 0x02, 0x00, 0x07, 0x0a, 0x02, 0x00, 0x01, 0x0a, 0x02, 0x00, 0x07, 0x0a,
    0x02, 0x00, 0x01, 0x0a, 0x02, 0x00, 0x07, 0x0a, 0x0a, 0x00, 0x05, 0x0a, 0x02, 0x00, 0x02, 0x0a,
    0x02, 0x00, 0x06, 0x0a, 0x02, 0x00, 0x02, 0x0a, 0x02, 0x00, 0x06, 0x0a, 0x02, 0x00, 0x02, 0x0a,
    0x02, 0x00, 0x06, 0x0a, 0x02, 0x00, 0x02, 0x0a, 0x02, 0x00, 0x06, 0x0a, 0x02, 0x00, 0x01, 0x0a,
    0x08, 0x00, 0x04, 0x0a, 0x02, 0x00, 0x03, 0x0a, 0x02, 0x00, 0x05, 0x0a, 0x02, 0x00, 0x03, 0x0a,
    0x02, 0x00, 0x05, 0x0a, 0x02, 0x00, 0x03, 0x0a, 0x02, 0x00, 0x05, 0x0a, 0x02, 0x00, 0x03, 0x0a,
    0x02, 0x00, 0x05, 0x0a, 0x02, 0x00, 0x02, 0x0a, 0x08, 0x00, 0x04, 0x0a, 0x01, 0x00, 0x04, 0x0a,
    0x02, 0x00, 0x05, 0x0a, 0x01, 0x00, 0x04, 0x0a, 0x02, 0x00, 0x05, 0x0a, 0x01, 0x00, 0x04, 0x0a,
    0x02, 0x00, 0x05, 0x0a, 0x01, 0x00, 0x04, 0x0a, 0x02, 0x00, 0x05, 0x0a, 0x01, 0x00, 0x03, 0x0a,
    0x09, 0x00, 0x02, 0x0a, 0x02, 0x00, 0x04, 0x0a, 0x02, 0x00, 0x04, 0x0a, 0x02, 0x00, 0x04, 0x0a,
    0x02, 0x00, 0x04, 0x0a, 0x02, 0x00, 0x04, 0x0a, 0x02, 0x00, 0x04, 0x0a, 0x02, 0x00, 0x04, 0x0a,
    0x02, 0x00, 0x04, 0x0a, 0x02, 0x00, 0x02, 0x0a, 0x0a, 0x00, 0x01, 0x0a, 0x02, 0x00, 0x05, 0x0a,
    0x02, 0x00, 0x03, 0x0a, 0x02, 0x00, 0x05, 0x0a, 0x02, 0x00, 0x03, 0x0a, 0x02, 0x00, 0x05, 0x0a,
    0x02, 0x00, 0x03, 0x0a, 0x02, 0x00, 0x05, 0x0a, 0x02, 0x00, 0x03, 0x0a, 0x02, 0x00, 0x03, 0x0a,
    0x0c, 0x00, 0x06, 0x0a, 0x02, 0x00, 0x02, 0x0a, 0x02, 0x00, 0x06, 0x0a, 0x02, 0x00, 0x02, 0x0a,
    0x02, 0x00, 0x06, 0x0a, 0x02, 0x00, 0x02, 0x0a, 0x02, 0x00, 0x06, 0x0a, 0x02, 0x00, 0x02, 0x0a,
    0x02, 0x00, 0x03, 0x0a, 0x0d, 0x00, 0x06, 0x0a, 0x02, 0x00, 0x02, 0x0a, 0x01, 0x00, 0x07, 0x0a,
    0x02, 0x00, 0x02, 0x0a, 0x01, 0x00, 0x07, 0x0a, 0x02, 0x00, 0x02, 0x0a, 0x01, 0x00, 0x07, 0x0a,
    0x02, 0x00, 0x02, 0x0a, 0x01, 0x00, 0x03, 0x0a, 0x0f, 0x00, 0x05, 0x0a, 0x02, 0x00, 0x0a, 0x0a,
    0x02, 0x00, 0x0a, 0x0a, 0x02, 0x00, 0x0a, 0x0a, 0x02, 0x00, 0x05, 0x0a, 0x11, 0x00, 0x04, 0x0a,
    0x02, 0x00, 0x0a, 0x0a, 0x02, 0x00, 0x0a, 0x0a, 0x02, 0x00, 0x0a, 0x0a, 0x02, 0x00, 0x04, 0x0a,
    0x14, 0x00, 0x02, 0x0a, 0x02, 0x00, 0x0a, 0x0a, 0x02, 0x00, 0x0a, 0x0a, 0x02, 0x00, 0x0a, 0x0a,
    0x02, 0x00, 0x02, 0x0a, 0x1a, 0x00, 0x0a, 0x0a, 0x02, 0x00, 0x0a, 0x0a, 0x02, 0x00, 0x0a, 0x0a,
    0xcf, 0x00, 0xcf, 0x00, 0x0a, 0x0a, 0x02, 0x00, 0x0a, 0x0a, 0x02, 0x00, 0x0a, 0x0a, 0x1a, 0x00,
    0x02, 0x0a, 0x02, 0x00, 0x0a, 0x0a, 0x02, 0x00, 0x0a, 0x0a, 0x02, 0x00, 0x0a, 0x0a, 0x02, 0x00,
    0x02, 0x0a, 0x14, 0x00, 0x04, 0x0a, 0x02, 0x00, 0x0a, 0x0a, 0x02, 0x00, 0x0a, 0x0a, 0x02, 0x00,
    0x0a, 0x0a, 0x02, 0x00, 0x04, 0x0a, 0x11, 0x00, 0x05, 0x0a, 0x02, 0x00, 0x0a, 0x0a, 0x02, 0x00,
    0x0a, 0x0a, 0x02, 0x00, 0x0a, 0x0a, 0x02, 0x00, 0x05, 0x0a, 0x0f, 0x00, 0x06, 0x0a, 0x02, 0x00,
    0x0a, 0x0a, 0x02, 0x00, 0x0a, 0x0a, 0x02, 0x00, 0x0a, 0x0a, 0x02, 0x00, 0x06, 0x0a, 0x0d, 0x00,
    0x07, 0x0a, 0x02, 0x00, 0x0a, 0x0a, 0x02, 0x00, 0x0a, 0x0a, 0x02, 0x00, 0x0a, 0x0a, 0x02, 0x00,
    0x07, 0x0a, 0x0b, 0x00, 0x01, 0x0a, 0x01, 0x00, 0x06, 0x0a, 0x02, 0x00, 0x03, 0x0a, 0x01, 0x00,
    0x06, 0x0a, 0x02, 0x00, 0x03, 0x0a, 0x01, 0x00, 0x06, 0x0a, 0x02, 0x00, 0x03, 0x0a, 0x01, 0x00,
    0x06, 0x0a, 0x02, 0x00, 0x03, 0x0a, 0x01, 0x00, 0x04, 0x0a, 0x0a, 0x00, 0x01, 0x0a, 0x02, 0x00,
    0x05, 0x0a, 0x02, 0x00, 0x03, 0x0a, 0x02, 0x00, 0x05, 0x0a, 0x02, 0x00, 0x03, 0x0a, 0x02, 0x00,
    0x05, 0x0a, 0x02, 0x00, 0x03, 0x0a, 0x02, 0x00, 0x05, 0x0a, 0x02, 0x00, 0x03, 0x0a, 0x02, 0x00,
    0x03, 0x0a, 0x09, 0x00, 0x03, 0x0a, 0x02, 0x00, 0x04, 0x0a, 0x02, 0x00, 0x04, 0x0a, 0x02, 0x00,
    0x04, 0x0a, 0x02, 0x00, 0x04, 0x0a, 0x02, 0x00, 0x04, 0x0a, 0x02, 0x00, 0x04, 0x0a, 0x02, 0x00,
    0x04, 0x0a, 0x02, 0x00, 0x04, 0x0a, 0x02, 0x00, 0x03, 0x0a, 0x08, 0x00, 0x04, 0x0a, 0x02, 0x00,
    0x03, 0x0a, 0x02, 0x00, 0x05, 0x0a, 0x02, 0x00, 0x03, 0x0a, 0x02, 0x00, 0x05, 0x0a, 0x02, 0x00,
    0x03, 0x0a, 0x02, 0x00, 0x05, 0x0a, 0x02, 0x00, 0x03, 0x0a, 0x02, 0x00, 0x05, 0x0a, 0x02, 0x00,
    0x02, 0x0a, 0x08, 0x00, 0x05, 0x0a, 0x01, 0x00, 0x03, 0x0a, 0x02, 0x00, 0x06, 0x0a, 0x01, 0x00,
    0x03, 0x0a, 0x02, 0x00, 0x06, 0x0a, 0x01, 0x00, 0x03, 0x0a, 0x02, 0x00, 0x06, 0x0a, 0x01, 0x00,
    0x03, 0x0a, 0x02, 0x00, 0x06, 0x0a, 0x01, 0x00, 0x02, 0x0a, 0x08, 0x00, 0x05, 0x0a, 0x02, 0x00,
    0x02, 0x0a, 0x02, 0x00, 0x06, 0x0a, 0x02, 0x00, 0x02, 0x0a, 0x02, 0x00, 0x06, 0x0a, 0x02, 0x00,
    0x02, 0x0a, 0x02, 0x00, 0x06, 0x0a, 0x02, 0x00, 0x02, 0x0a, 0x02, 0x00, 0x06, 0x0a, 0x02, 0x00,
    0x01, 0x0a, 0x07, 0x00, 0x07, 0x0a, 0x02, 0x00, 0x01, 0x0a, 0x02, 0x00, 0x07, 0x0a, 0x02, 0x00,
    0x01, 0x0a, 0x02, 0x00, 0x07, 0x0a, 0x02, 0x00, 0x01, 0x0a, 0x02, 0x00, 0x07, 0x0a, 0x02, 0x00,
    0x01, 0x0a, 0x02, 0x00, 0x07, 0x0a, 0x02, 0x00, 0x01, 0x0a, 0x06, 0x00, 0x08, 0x0a, 0x04, 0x00,
    0x08, 0x0a, 0x04, 0x00, 0x08, 0x0a, 0x04, 0x00, 0x08, 0x0a, 0x04, 0x00, 0x08, 0x0a, 0x09, 0x00,
    0x07, 0x0a, 0x04, 0x00, 0x08, 0x0a, 0x04, 0x00, 0x08, 0x0a, 0x04, 0x00, 0x08, 0x0a, 0x04, 0x00,
    0x08, 0x0a, 0x09, 0x00, 0x06, 0x0a, 0x02, 0x00, 0x01, 0x0a, 0x02, 0x00, 0x07, 0x0a, 0x02, 0x00,
    0x01, 0x0a, 0x02, 0x00, 0x07, 0x0a, 0x02, 0x00, 0x01, 0x0a, 0x02, 0x00, 0x07, 0x0a, 0x02, 0x00,
    0x01, 0x0a, 0x02, 0x00, 0x07, 0x0a, 0x0a, 0x00, 0x05, 0x0a, 0x02, 0x00, 0x02, 0x0a, 0x02, 0x00,
    0x06, 0x0a, 0x02, 0x00, 0x02, 0x0a, 0x02, 0x00, 0x06, 0x0a, 0x02, 0x00, 0x02, 0x0a, 0x02, 0x00,
    0x06, 0x0a, 0x02, 0x00, 0x02, 0x0a, 0x02, 0x00, 0x06, 0x0a, 0x02, 0x00, 0x01, 0x0a, 0x08, 0x00,
    0x05, 0x0a, 0x01, 0x00, 0x03, 0x0a, 0x02, 0x00, 0x06, 0x0a, 0x01, 0x00, 0x03, 0x0a, 0x02, 0x00,
    0x06, 0x0a, 0x01, 0x00, 0x03, 0x0a, 0x02, 0x00, 0x06, 0x0a, 0x01, 0x00, 0x03, 0x0a, 0x02, 0x00,
    0x06, 0x0a, 0x01, 0x00, 0x02, 0x0a, 0x09, 0x00, 0x03, 0x0a, 0x02, 0x00, 0x03, 0x0a, 0x02, 0x00,
    0x05, 0x0a, 0x02, 0x00, 0x03, 0x0a, 0x02, 0x00, 0x05, 0x0a, 0x02, 0x00, 0x03, 0x0a, 0x02, 0x00,
    0x05, 0x0a, 0x02, 0x00, 0x03, 0x0a, 0x02, 0x00, 0x05, 0x0a, 0x02, 0x00, 0x01, 0x0a, 0x0a, 0x00,
    0x02, 0x0a, 0x02, 0x00, 0x04, 0x0a, 0x02, 0x00, 0x04, 0x0a, 0x02, 0x00, 0x04, 0x0a, 0x02, 0x00,
    0x04, 0x0a, 0x02, 0x00, 0x04, 0x0a, 0x02, 0x00, 0x04, 0x0a, 0x02, 0x00, 0x04, 0x0a, 0x02, 0x00,
    0x04, 0x0a, 0x02, 0x00, 0x02, 0x0a, 0x0d, 0x00, 0x05, 0x0a, 0x02, 0x00, 0x03, 0x0a, 0x02, 0x00,
    0x05, 0x0a, 0x02, 0x00, 0x03, 0x0a, 0x02, 0x00, 0x05, 0x0a, 0x02, 0x00, 0x03, 0x0a, 0x02, 0x00,
    0x05, 0x0a, 0x02, 0x00, 0x03, 0x0a, 0x02, 0x00, 0x02, 0x0a, 0x0d, 0x00, 0x06, 0x0a, 0x02, 0x00,
    0x03, 0x0a, 0x01, 0x00, 0x06, 0x0a, 0x02, 0x00, 0x03, 0x0a, 0x01, 0x00, 0x06, 0x0a, 0x02, 0x00,
    0x03, 0x0a, 0x01, 0x00, 0x06, 0x0a, 0x02, 0x00, 0x03, 0x0a, 0x01, 0x00, 0x02, 0x0a, 0x0f, 0x00,
    0x05, 0x0a, 0x02, 0x00, 0x0a, 0x0a, 0x02, 0x00, 0x0a, 0x0a, 0x02, 0x00, 0x0a, 0x0a, 0x02, 0x00,
    0x05, 0x0a, 0x11, 0x00, 0x04, 0x0a, 0x02, 0x00, 0x0a, 0x0a, 0x02, 0x00, 0x0a, 0x0a, 0x02, 0x00,
    0x0a, 0x0a, 0x02, 0x00, 0x04, 0x0a, 0x14, 0x00, 0x02, 0x0a, 0x02, 0x00, 0x0a, 0x0a, 0x02, 0x00,
    0x0a, 0x0a, 0x02, 0x00, 0x0a, 0x0a, 0x02, 0x00, 0x02, 0x0a, 0x1a, 0x00, 0x0a, 0x0a, 0x02, 0x00,
    0x0a, 0x0a, 0x02, 0x00, 0x0a, 0x0a, 0xcf, 0x00, 0xcf, 0x00, 0x0a, 0x0a, 0x02, 0x00, 0x0a, 0x0a,
    0x02, 0x00, 0x0a, 0x0a, 0x1a, 0x00, 0x02, 0x0a, 0x02, 0x00, 0x0a, 0x0a, 0x02, 0x00, 0x0a, 0x0a,
    0x02, 0x00, 0x0a, 0x0a, 0x02, 0x00, 0x02, 0x0a, 0x14, 0x00, 0x04, 0x0a, 0x02, 0x00, 0x0a, 0x0a,
    0x02, 0x00, 0x0a, 0x0a, 0x02, 0x00, 0x0a, 0x0a, 0x02, 0x00, 0x04, 0x0a, 0x11, 0x00, 0x05, 0x0a,
    0x02, 0x00, 0x0a, 0x0a, 0x02, 0x00, 0x0a, 0x0a, 0x02, 0x00, 0x0a, 0x0a, 0x02, 0x00, 0x05, 0x0a,
    0x0f, 0x00, 0x06, 0x0a, 0x02, 0x00, 0x0a, 0x0a, 0x02, 0x00, 0x0a, 0x0a, 0x02, 0x00, 0x0a, 0x0a,
    0x02, 0x00, 0x06, 0x0a, 0x0d, 0x00, 0x07, 0x0a, 0x02, 0x00, 0x0a, 0x0a, 0x02, 0x00, 0x0a, 0x0a,
    0x02, 0x00, 0x0a, 0x0a, 0x02, 0x00, 0x07, 0x0a, 0x0b, 0x00, 0x02, 0x0a, 0x01, 0x00, 0x05, 0x0a,
    0x02, 0x00, 0x04, 0x0a, 0x01, 0x00, 0x05, 0x0a, 0x02, 0x00, 0x04, 0x0a, 0x01, 0x00, 0x05, 0x0a,
    0x02, 0x00, 0x04, 0x0a, 0x01, 0x00, 0x05, 0x0a, 0x02, 0x00, 0x04, 0x0a, 0x01, 0x00, 0x03, 0x0a,
    0x0a, 0x00, 0x02, 0x0a, 0x02, 0x00, 0x04, 0x0a, 0x02, 0x00, 0x04, 0x0a, 0x02, 0x00, 0x04, 0x0a,
    0x02, 0x00, 0x04, 0x0a, 0x02, 0x00, 0x04, 0x0a, 0x02, 0x00, 0x04, 0x0a, 0x02, 0x00, 0x04, 0x0a,
    0x02, 0x00, 0x04, 0x0a, 0x02, 0x00, 0x02, 0x0a, 0x09, 0x00, 0x04, 0x0a, 0x02, 0x00, 0x03, 0x0a,
    0x02, 0x00, 0x05, 0x0a, 0x02, 0x00, 0x03, 0x0a, 0x02, 0x00, 0x05, 0x0a, 0x02, 0x00, 0x03, 0x0a,
    0x02, 0x00, 0x05, 0x0a, 0x02, 0x00, 0x03, 0x0a, 0x02, 0x00, 0x05, 0x0a, 0x02, 0x00, 0x02, 0x0a,
    0x08, 0x00, 0x05, 0x0a, 0x02, 0x00, 0x02, 0x0a, 0x02, 0x00, 0x06, 0x0a, 0x02, 0x00, 0x02, 0x0a,
    0x02, 0x00, 0x06, 0x0a, 0x02, 0x00, 0x02, 0x0a, 0x02, 0x00, 0x06, 0x0a, 0x02, 0x00, 0x02, 0x0a,
    0x02, 0x00, 0x06, 0x0a, 0x02, 0x00, 0x01, 0x0a, 0x08, 0x00, 0x06, 0x0a, 0x01, 0x00, 0x02, 0x0a,
    0x02, 0x00, 0x07, 0x0a, 0x01, 0x00, 0x02, 0x0a, 0x02, 0x00, 0x07, 0x0a, 0x01, 0x00, 0x02, 0x0a,
    0x02, 0x00, 0x07, 0x0a, 0x01, 0x00, 0x02, 0x0a, 0x02, 0x00, 0x07, 0x0a, 0x01, 0x00, 0x01, 0x0a,
    0x08, 0x00, 0x06, 0x0a, 0x02, 0x00, 0x01, 0x0a, 0x02, 0x00, 0x07, 0x0a, 0x02, 0x00, 0x01, 0x0a,
    0x02, 0x00, 0x07, 0x0a, 0x02, 0x00, 0x01, 0x0a, 0x02, 0x00, 0x07, 0x0a, 0x02, 0x00, 0x01, 0x0a,
    0x02, 0x00, 0x07, 0x0a, 0x09, 0x00, 0x08, 0x0a, 0x04, 0x00, 0x08, 0x0a, 0x04, 0x00, 0x08, 0x0a,
    0x04, 0x00, 0x08, 0x0a, 0x04, 0x00, 0x08, 0x0a, 0x08, 0x00, 0x09, 0x0a, 0x03, 0x00, 0x09, 0x0a,
    0x03, 0x00, 0x09, 0x0a, 0x03, 0x00, 0x09, 0x0a, 0x03, 0x00, 0x09, 0x0a, 0x08, 0x00, 0x08, 0x0a,
    0x03, 0x00, 0x09, 0x0a, 0x03, 0x00, 0x09, 0x0a, 0x03, 0x00, 0x09, 0x0a, 0x03, 0x00, 0x09, 0x0a,
    0x08, 0x00, 0x07, 0x0a, 0x04, 0x00, 0x08, 0x0a, 0x04, 0x00, 0x08, 0x0a, 0x04, 0x00, 0x08, 0x0a,
    0x04, 0x00, 0x08, 0x0a, 0x09, 0x00, 0x06, 0x0a, 0x02, 0x00, 0x01, 0x0a, 0x02, 0x00, 0x07, 0x0a,
    0x02, 0x00, 0x01, 0x0a, 0x02, 0x00, 0x07, 0x0a, 0x02, 0x00, 0x01, 0x0a, 0x02, 0x00, 0x07, 0x0a,
    0x02, 0x00, 0x01, 0x0a, 0x02, 0x00, 0x07, 0x0a, 0x0a, 0x00, 0x06, 0x0a, 0x01, 0x00, 0x02, 0x0a,
    0x02, 0x00, 0x07, 0x0a, 0x01, 0x00, 0x02, 0x0a, 0x02, 0x00, 0x07, 0x0a, 0x01, 0x00, 0x02, 0x0a,
    0x02, 0x00, 0x07, 0x0a, 0x01, 0x00, 0x02, 0x0a, 0x02, 0x00, 0x07, 0x0a, 0x01, 0x00, 0x01, 0x0a,
    0x09, 0x00, 0x04, 0x0a, 0x02, 0x00, 0x02, 0x0a, 0x02, 0x00, 0x06, 0x0a, 0x02, 0x00, 0x02, 0x0a,
    0x02, 0x00, 0x06, 0x0a, 0x02, 0x00, 0x02, 0x0a, 0x02, 0x00, 0x06, 0x0a, 0x02, 0x00, 0x02, 0x0a,
    0x02, 0x00, 0x06, 0x0a, 0x0c, 0x00, 0x03, 0x0a, 0x02, 0x00, 0x03, 0x0a, 0x02, 0x00, 0x05, 0x0a,
    0x02, 0x00, 0x03, 0x0a, 0x02, 0x00, 0x05, 0x0a, 0x02, 0x00, 0x03, 0x0a, 0x02, 0x00, 0x05, 0x0a,
    0x02, 0x00, 0x03, 0x0a, 0x02, 0x00, 0x05, 0x0a, 0x02, 0x00, 0x01, 0x0a, 0x0b, 0x00, 0x01, 0x0a,
    0x02, 0x00, 0x04, 0x0a, 0x02, 0x00, 0x04, 0x0a, 0x02, 0x00, 0x04, 0x0a, 0x02, 0x00, 0x04, 0x0a,
    0x02, 0x00, 0x04, 0x0a, 0x02, 0x00, 0x04, 0x0a, 0x02, 0x00, 0x04, 0x0a, 0x02, 0x00, 0x04, 0x0a,
    0x02, 0x00, 0x01, 0x0a, 0x0e, 0x00, 0x05, 0x0a, 0x02, 0x00, 0x04, 0x0a, 0x01, 0x00, 0x05, 0x0a,
    0x02, 0x00, 0x04, 0x0a, 0x01, 0x00, 0x05, 0x0a, 0x02, 0x00, 0x04, 0x0a, 0x01, 0x00, 0x05, 0x0a,
    0x02, 0x00, 0x04, 0x0a, 0x01, 0x00, 0x01, 0x0a, 0x0f, 0x00, 0x05, 0x0a, 0x02, 0x00, 0x0a, 0x0a,
    0x02, 0x00, 0x0a, 0x0a, 0x02, 0x00, 0x0a, 0x0a, 0x02, 0x00, 0x05, 0x0a, 0x11, 0x00, 0x04, 0x0a,
    0x02, 0x00, 0x0a, 0x0a, 0x02, 0x00, 0x0a, 0x0a, 0x02, 0x00, 0x0a, 0x0a, 0x02, 0x00, 0x04, 0x0a,
    0x14, 0x00, 0x02, 0x0a, 0x02, 0x00, 0x0a, 0x0a, 0x02, 0x00, 0x0a, 0x0a, 0x02, 0x00, 0x0a, 0x0a,
    0x02, 0x00, 0x02, 0x0a, 0x1a, 0x00, 0x0a, 0x0a, 0x02, 0x00, 0x0a, 0x0a, 0x02, 0x00, 0x0a, 0x0a,
    0xcf, 0x00, 0xcf, 0x00, 0x0a, 0x0a, 0x02, 0x00, 0x0a, 0x0a, 0x02, 0x00, 0x0a, 0x0a, 0x1a, 0x00,
    0x02, 0x0a, 0x02, 0x00, 0x0a, 0x0a, 0x02, 0x00, 0x0a, 0x0a, 0x02, 0x00, 0x0a, 0x0a, 0x02, 0x00,
    0x02, 0x0a, 0x14, 0x00, 0x04, 0x0a, 0x02, 0x00, 0x0a, 0x0a, 0x02, 0x00, 0x0a, 0x0a, 0x02, 0x00,
    0x0a, 0x0a, 0x02, 0x00, 0x04, 0x0a, 0x11, 0x00, 0x05, 0x0a, 0x02, 0x00, 0x0a, 0x0a, 0x02, 0x00,
    0x0a, 0x0a, 0x02, 0x00, 0x0a, 0x0a, 0x02, 0x00, 0x05, 0x0a, 0x0f, 0x00, 0x06, 0x0a, 0x02, 0x00,
    0x0a, 0x0a, 0x02, 0x00, 0x0a, 0x0a, 0x02, 0x00, 0x0a, 0x0a, 0x02, 0x00, 0x06, 0x0a, 0x0d, 0x00,
    0x07, 0x0a, 0x02, 0x00, 0x0a, 0x0a, 0x02, 0x00, 0x0a, 0x0a, 0x02, 0x00, 0x0a, 0x0a, 0x02, 0x00,
    0x07, 0x0a, 0x0b, 0x00, 0x03, 0x0a, 0x01, 0x00, 0x04, 0x0a, 0x02, 0x00, 0x05, 0x0a, 0x01, 0x00,
    0x04, 0x0a, 0x02, 0x00, 0x05, 0x0a, 0x01, 0x00, 0x04, 0x0a, 0x02, 0x00, 0x05, 0x0a, 0x01, 0x00,
    0x04, 0x0a, 0x02, 0x00, 0x05, 0x0a, 0x01, 0x00, 0x02, 0x0a, 0x0a, 0x00, 0x03, 0x0a, 0x02, 0x00,
    0x03, 0x0a, 0x02, 0x00, 0x05, 0x0a, 0x02, 0x00, 0x03, 0x0a, 0x02, 0x00, 0x05, 0x0a, 0x02, 0x00,
    0x03, 0x0a, 0x02, 0x00, 0x05, 0x0a, 0x02, 0x00, 0x03, 0x0a, 0x02, 0x00, 0x05, 0x0a, 0x02, 0x00,
    0x01, 0x0a, 0x09, 0x00, 0x05, 0x0a, 0x02, 0x00, 0x02, 0x0a, 0x02, 0x00, 0x06, 0x0a, 0x02, 0x00,
    0x02, 0x0a, 0x02, 0x00, 0x06, 0x0a, 0x02, 0x00, 0x02, 0x0a, 0x02, 0x00, 0x06, 0x0a, 0x02, 0x00,
    0x02, 0x0a, 0x02, 0x00, 0x06, 0x0a, 0x02, 0x00, 0x01, 0x0a, 0x08, 0x00, 0x06, 0x0a, 0x02, 0x00,
    0x01, 0x0a, 0x02, 0x00, 0x07, 0x0a, 0x02, 0x00, 0x01, 0x0a, 0x02, 0x00, 0x07, 0x0a, 0x02, 0x00,
    0x01, 0x0a, 0x02, 0x00, 0x07, 0x0a, 0x02, 0x00, 0x01, 0x0a, 0x02, 0x00, 0x07, 0x0a, 0x0a, 0x00,
    0x07, 0x0a, 0x01, 0x00, 0x01, 0x0a, 0x02, 0x00, 0x08, 0x0a, 0x01, 0x00, 0x01, 0x0a, 0x02, 0x00,
    0x08, 0x0a, 0x01, 0x00, 0x01, 0x0a, 0x02, 0x00, 0x08, 0x0a, 0x01, 0x00, 0x01, 0x0a, 0x02, 0x00,
    0x08, 0x0a, 0x09, 0x00, 0x07, 0x0a, 0x04, 0x00, 0x08, 0x0a, 0x04, 0x00, 0x08, 0x0a, 0x04, 0x00,
    0x08, 0x0a, 0x04, 0x00, 0x08, 0x0a, 0x08, 0x00, 0x09, 0x0a, 0x03, 0x00, 0x09, 0x0a, 0x03, 0x00,
    0x09, 0x0a, 0x03, 0x00, 0x09, 0x0a, 0x03, 0x00, 0x09, 0x0a, 0x07, 0x00, 0x0a, 0x0a, 0x02, 0x00,
    0x0a, 0x0a, 0x02, 0x00, 0x0a, 0x0a, 0x02, 0x00, 0x0a, 0x0a, 0x02, 0x00, 0x0a, 0x0a, 0x07, 0x00,
    0x09, 0x0a, 0x02, 0x00, 0x0a, 0x0a, 0x02, 0x00, 0x0a, 0x0a, 0x02, 0x00, 0x0a, 0x0a, 0x02, 0x00,
    0x09, 0x0a, 0x08, 0x00, 0x08, 0x0a, 0x03, 0x00, 0x09, 0x0a, 0x03, 0x00, 0x09, 0x0a, 0x03, 0x00,
    0x09, 0x0a, 0x03, 0x00, 0x09, 0x0a, 0x08, 0x00, 0x07, 0x0a, 0x04, 0x00, 0x08, 0x0a, 0x04, 0x00,
    0x08, 0x0a, 0x04, 0x00, 0x08, 0x0a, 0x04, 0x00, 0x08, 0x0a, 0x09, 0x00, 0x07, 0x0a, 0x01, 0x00,
    0x01, 0x0a, 0x02, 0x00, 0x08, 0x0a, 0x01, 0x00, 0x01, 0x0a, 0x02, 0x00, 0x08, 0x0a, 0x01, 0x00,
    0x01, 0x0a, 0x02, 0x00, 0x08, 0x0a, 0x01, 0x00, 0x01, 0x0a, 0x02, 0x00, 0x08, 0x0a, 0x0a, 0x00,
    0x05, 0x0a, 0x02, 0x00, 0x01, 0x0a, 0x02, 0x00, 0x07, 0x0a, 0x02, 0x00, 0x01, 0x0a, 0x02, 0x00,
    0x07, 0x0a, 0x02, 0x00, 0x01, 0x0a, 0x02, 0x00, 0x07, 0x0a, 0x02, 0x00, 0x01, 0x0a, 0x02, 0x00,
    0x07, 0x0a, 0x0b, 0x00, 0x04, 0x0a, 0x02, 0x00, 0x02, 0x0a, 0x02, 0x00, 0x06, 0x0a, 0x02, 0x00,
    0x02, 0x0a, 0x02, 0x00, 0x06, 0x0a, 0x02, 0x00, 0x02, 0x0a, 0x02, 0x00, 0x06, 0x0a, 0x02, 0x00,
    0x02, 0x0a, 0x02, 0x00, 0x06, 0x0a, 0x0d, 0x00, 0x02, 0x0a, 0x02, 0x00, 0x03, 0x0a, 0x02, 0x00,
    0x05, 0x0a, 0x02, 0x00, 0x03, 0x0a, 0x02, 0x00, 0x05, 0x0a, 0x02, 0x00, 0x03, 0x0a, 0x02, 0x00,
    0x05, 0x0a, 0x02, 0x00, 0x03, 0x0a, 0x02, 0x00, 0x05, 0x0a, 0x0f, 0x00, 0x01, 0x0a, 0x01, 0x00,
    0x04, 0x0a, 0x02, 0x00, 0x05, 0x0a, 0x01, 0x00, 0x04, 0x0a, 0x02, 0x00, 0x05, 0x0a, 0x01, 0x00,
    0x04, 0x0a, 0x02, 0x00, 0x05, 0x0a, 0x01, 0x00, 0x04, 0x0a, 0x02, 0x00, 0x05, 0x0a, 0x10, 0x00,
    0x05, 0x0a, 0x02, 0x00, 0x0a, 0x0a, 0x02, 0x00, 0x0a, 0x0a, 0x02, 0x00, 0x0a, 0x0a, 0x02, 0x00,
    0x05, 0x0a, 0x11, 0x00, 0x04, 0x0a, 0x02, 0x00, 0x0a, 0x0a, 0x02, 0x00, 0x0a, 0x0a, 0x02, 0x00,
    0x0a, 0x0a, 0x02, 0x00, 0x04, 0x0a, 0x14, 0x00, 0x02, 0x0a, 0x02, 0x00, 0x0a, 0x0a, 0x02, 0x00,
    0x0a, 0x0a, 0x02, 0x00, 0x0a, 0x0a, 0x02, 0x00, 0x02, 0x0a, 0x1a, 0x00, 0x0a, 0x0a, 0x02, 0x00,
    0x0a, 0x0a, 0x02, 0x00, 0x0a, 0x0a, 0xcf, 0x00, 0xcf, 0x00, 0x0a, 0x0a, 0x02, 0x00, 0x0a, 0x0a,
    0x02, 0x00, 0x0a, 0x0a, 0x1a, 0x00, 0x02, 0x0a, 0x02, 0x00, 0x0a, 0x0a, 0x02, 0x00, 0x0a, 0x0a,
    0x02, 0x00, 0x0a, 0x0a, 0x02, 0x00, 0x02, 0x0a, 0x14, 0x00, 0x04, 0x0a, 0x02, 0x00, 0x0a, 0x0a,
    0x02, 0x00, 0x0a, 0x0a, 0x02, 0x00, 0x0a, 0x0a, 0x02, 0x00, 0x04, 0x0a, 0x11, 0x00, 0x05, 0x0a,
    0x02, 0x00, 0x0a, 0x0a, 0x02, 0x00, 0x0a, 0x0a, 0x02, 0x00, 0x0a, 0x0a, 0x02, 0x00, 0x05, 0x0a,
    0x0f, 0x00, 0x06, 0x0a, 0x02, 0x00, 0x0a, 0x0a, 0x02, 0x00, 0x0a, 0x0a, 0x02, 0x00, 0x0a, 0x0a,
    0x02, 0x00, 0x06, 0x0a, 0x0d, 0x00, 0x07, 0x0a, 0x02, 0x00, 0x0a, 0x0a, 0x02, 0x00, 0x0a, 0x0a,
    0x02, 0x00, 0x0a, 0x0a, 0x02, 0x00, 0x07, 0x0a, 0x0b, 0x00, 0x04, 0x0a, 0x01, 0x00, 0x03, 0x0a,
    0x02, 0x00, 0x06, 0x0a, 0x01, 0x00, 0x03, 0x0a, 0x02, 0x00, 0x06, 0x0a, 0x01, 0x00, 0x03, 0x0a,
    0x02, 0x00, 0x06, 0x0a, 0x01, 0x00, 0x03, 0x0a, 0x02, 0x00, 0x06, 0x0a, 0x01, 0x00, 0x01, 0x0a,
    0x0a, 0x00, 0x04, 0x0a, 0x02, 0x00, 0x02, 0x0a, 0x02, 0x00, 0x06, 0x0a, 0x02, 0x00, 0x02, 0x0a,
    0x02, 0x00, 0x06, 0x0a, 0x02, 0x00, 0x02, 0x0a, 0x02, 0x00, 0x06, 0x0a, 0x02, 0x00, 0x02, 0x0a,
    0x02, 0x00, 0x06, 0x0a, 0x0b, 0x00, 0x06, 0x0a, 0x02, 0x00, 0x01, 0x0a, 0x02, 0x00, 0x07, 0x0a,
    0x02, 0x00, 0x01, 0x0a, 0x02, 0x00, 0x07, 0x0a, 0x02, 0x00, 0x01, 0x0a, 0x02, 0x00, 0x07, 0x0a,
    0x02, 0x00, 0x01, 0x0a, 0x02, 0x00, 0x07, 0x0a, 0x0a, 0x00, 0x07, 0x0a, 0x04, 0x00, 0x08, 0x0a,
    0x04, 0x00, 0x08, 0x0a, 0x04, 0x00, 0x08, 0x0a, 0x04, 0x00, 0x08, 0x0a, 0x09, 0x00, 0x08, 0x0a,
    0x03, 0x00, 0x09, 0x0a, 0x03, 0x00, 0x09, 0x0a, 0x03, 0x00, 0x09, 0x0a, 0x03, 0x00, 0x09, 0x0a,
    0x08, 0x00, 0x08, 0x0a, 0x03, 0x00, 0x09, 0x0a, 0x03, 0x00, 0x09, 0x0a, 0x03, 0x00, 0x09, 0x0a,
    0x03, 0x00, 0x09, 0x0a, 0x07, 0x00, 0x0a, 0x0a, 0x02, 0x00, 0x0a, 0x0a, 0x02, 0x00, 0x0a, 0x0a,
    0x02, 0x00, 0x0a, 0x0a, 0x02, 0x00, 0x0a, 0x0a, 0x07, 0x00, 0x09, 0x0a, 0x03, 0x00, 0x09, 0x0a,
    0x03, 0x00, 0x09, 0x0a, 0x03, 0x00, 0x09, 0x0a, 0x03, 0x00, 0x09, 0x0a, 0x07, 0x00, 0x09, 0x0a,
    0x03, 0x00, 0x09, 0x0a, 0x03, 0x00, 0x09, 0x0a, 0x03, 0x00, 0x09, 0x0a, 0x03, 0x00, 0x08, 0x0a,
    0x08, 0x00, 0x09, 0x0a, 0x02, 0x00, 0x0a, 0x0a, 0x02, 0x00, 0x0a, 0x0a, 0x02, 0x00, 0x0a, 0x0a,
    0x02, 0x00, 0x09, 0x0a, 0x08, 0x00, 0x08, 0x0a, 0x03, 0x00, 0x09, 0x0a, 0x03, 0x00, 0x09, 0x0a,
    0x03, 0x00, 0x09, 0x0a, 0x03, 0x00, 0x09, 0x0a, 0x08, 0x00, 0x08, 0x0a, 0x03, 0x00, 0x09, 0x0a,
    0x03, 0x00, 0x09, 0x0a, 0x03, 0x00, 0x09, 0x0a, 0x03, 0x00, 0x09, 0x0a, 0x09, 0x00, 0x06, 0x0a,
    0x04, 0x00, 0x08, 0x0a, 0x04, 0x00, 0x08, 0x0a, 0x04, 0x00, 0x08, 0x0a, 0x04, 0x00, 0x08, 0x0a,
    0x0a, 0x00, 0x05, 0x0a, 0x02, 0x00, 0x01, 0x0a, 0x02, 0x00, 0x07, 0x0a, 0x02, 0x00, 0x01, 0x0a,
    0x02, 0x00, 0x07, 0x0a, 0x02, 0x00, 0x01, 0x0a, 0x02, 0x00, 0x07, 0x0a, 0x02, 0x00, 0x01, 0x0a,
    0x02, 0x00, 0x07, 0x0a, 0x0c, 0x00, 0x03, 0x0a, 0x02, 0x00, 0x02, 0x0a, 0x02, 0x00, 0x06, 0x0a,
    0x02, 0x00, 0x02, 0x0a, 0x02, 0x00, 0x06, 0x0a, 0x02, 0x00, 0x02, 0x0a, 0x02, 0x00, 0x06, 0x0a,
    0x02, 0x00, 0x02, 0x0a, 0x02, 0x00, 0x06, 0x0a, 0x0e, 0x00, 0x02, 0x0a, 0x01, 0x00, 0x03, 0x0a,
    0x02, 0x00, 0x06, 0x0a, 0x01, 0x00, 0x03, 0x0a, 0x02, 0x00, 0x06, 0x0a, 0x01, 0x00, 0x03, 0x0a,
    0x02, 0x00, 0x06, 0x0a, 0x01, 0x00, 0x03, 0x0a, 0x02, 0x00, 0x06, 0x0a, 0x0f, 0x00, 0x05, 0x0a,
    0x02, 0x00, 0x0a, 0x0a, 0x02, 0x00, 0x0a, 0x0a, 0x02, 0x00, 0x0a, 0x0a, 0x02, 0x00, 0x05, 0x0a,
    0x11, 0x00, 0x04, 0x0a, 0x02, 0x00, 0x0a, 0x0a, 0x02, 0x00, 0x0a, 0x0a, 0x02, 0x00, 0x0a, 0x0a,
    0x02, 0x00, 0x04, 0x0a, 0x14, 0x00, 0x02, 0x0a, 0x02, 0x00, 0x0a, 0x0a, 0x02, 0x00, 0x0a, 0x0a,
    0x02, 0x00, 0x0a, 0x0a, 0x02, 0x00, 0x02, 0x0a, 0x1a, 0x00, 0x0a, 0x0a, 0x02, 0x00, 0x0a, 0x0a,
    0x02, 0x00, 0x0a, 0x0a, 0xcf, 0x00, 0xcf, 0x00, 0x0a, 0x01, 0x02, 0x00, 0x0a, 0x01, 0x02, 0x00,
    0x0a, 0x01, 0x1a, 0x00, 0x02, 0x01, 0x02, 0x00, 0x0a, 0x01, 0x02, 0x00, 0x0a, 0x01, 0x02, 0x00,
    0x0a, 0x01, 0x02, 0x00, 0x02, 0x01, 0x14, 0x00, 0x04, 0x01, 0x02, 0x00, 0x0a, 0x01, 0x02, 0x00,
    0x0a, 0x01, 0x02, 0x00, 0x0a, 0x01, 0x02, 0x00, 0x04, 0x01, 0x11, 0x00, 0x05, 0x01, 0x02, 0x00,
    0x0a, 0x01, 0x02, 0x00, 0x0a, 0x01, 0x02, 0x00, 0x0a, 0x01, 0x02, 0x00, 0x05, 0x01, 0x0f, 0x00,
    0x06, 0x01, 0x02, 0x00, 0x0a, 0x01, 0x02, 0x00, 0x0a, 0x01, 0x02, 0x00, 0x0a, 0x01, 0x02, 0x00,
    0x06, 0x01, 0x0d, 0x00, 0x07, 0x01, 0x02, 0x00, 0x0a, 0x01, 0x02, 0x00, 0x0a, 0x01, 0x02, 0x00,
    0x0a, 0x01, 0x02, 0x00, 0x07, 0x01, 0x0b, 0x00, 0x08, 0x01, 0x02, 0x00, 0x0a, 0x01, 0x02, 0x00,
    0x0a, 0x01, 0x02, 0x00, 0x0a, 0x01, 0x02, 0x00, 0x08, 0x01, 0x0a, 0x00, 0x08, 0x01, 0x02, 0x00,
    0x0a, 0x01, 0x02, 0x00, 0x0a, 0x01, 0x02, 0x00, 0x0a, 0x01, 0x02, 0x00, 0x08, 0x01, 0x0b, 0x00,
    0x07, 0x01, 0x02, 0x00, 0x0a, 0x01, 0x02, 0x00, 0x0a, 0x01, 0x02, 0x00, 0x0a, 0x01, 0x02, 0x00,
    0x07, 0x01, 0x10, 0x00, 0x03, 0x01, 0x02, 0x00, 0x0a, 0x01, 0x02, 0x00, 0x0a, 0x01, 0x02, 0x00,
    0x0a, 0x01, 0x02, 0x00, 0x03, 0x01, 0x0e, 0x00, 0x02, 0x01, 0x09, 0x00, 0x0a, 0x01, 0x02, 0x00,
    0x0a, 0x01, 0x02, 0x00, 0x0a, 0x01, 0x09, 0x00, 0x02, 0x01, 0x08, 0x00, 0x06, 0x01, 0x08, 0x00,
    0x07, 0x01, 0x02, 0x00, 0x0a, 0x01, 0x02, 0x00, 0x07, 0x01, 0x08, 0x00, 0x06, 0x01, 0x07, 0x00,
    0x0a, 0x01, 0x09, 0x00, 0x03, 0x01, 0x02, 0x00, 0x0a, 0x01, 0x02, 0x00, 0x03, 0x01, 0x09, 0x00,
    0x0a, 0x01, 0x06, 0x00, 0x0a, 0x01, 0x02, 0x00, 0x03, 0x01, 0x09, 0x00, 0x0a, 0x01, 0x09, 0x00,
    0x03, 0x01, 0x02, 0x00, 0x0a, 0x01, 0x07, 0x00, 0x09, 0x01, 0x02, 0x00, 0x07, 0x01, 0x08, 0x00,
    0x04, 0x01, 0x08, 0x00, 0x07, 0x01, 0x02, 0x00, 0x09, 0x01, 0x08, 0x00, 0x09, 0x01, 0x02, 0x00,
    0x0a, 0x01, 0x0e, 0x00, 0x0a, 0x01, 0x02, 0x00, 0x09, 0x01, 0x08, 0x00, 0x09, 0x01, 0x02, 0x00,
    0x0a, 0x01, 0x02, 0x00, 0x03, 0x01, 0x04, 0x00, 0x03, 0x01, 0x02, 0x00, 0x0a, 0x01, 0x02, 0x00,
    0x09, 0x01, 0x08, 0x00, 0x09, 0x01, 0x02, 0x00, 0x0a, 0x01, 0x02, 0x00, 0x0a, 0x01, 0x02, 0x00,
    0x0a, 0x01, 0x02, 0x00, 0x09, 0x01, 0x09, 0x00, 0x08, 0x01, 0x02, 0x00, 0x0a, 0x01, 0x02, 0x00,
    0x0a, 0x01, 0x02, 0x00, 0x0a, 0x01, 0x02, 0x00, 0x08, 0x01, 0x0a, 0x00, 0x08, 0x01, 0x02, 0x00,
    0x0a, 0x01, 0x02, 0x00, 0x0a, 0x01, 0x02, 0x00, 0x0a, 0x01, 0x02, 0x00, 0x08, 0x01, 0x0b, 0x00,
    0x07, 0x01, 0x02, 0x00, 0x0a, 0x01, 0x02, 0x00, 0x0a, 0x01, 0x02, 0x00, 0x0a, 0x01, 0x02, 0x00,
    0x07, 0x01, 0x0d, 0x00, 0x06, 0x01, 0x02, 0x00, 0x0a, 0x01, 0x02, 0x00, 0x0a, 0x01, 0x02, 0x00,
    0x0a, 0x01, 0x02, 0x00, 0x06, 0x01, 0x0f, 0x00, 0x05, 0x01, 0x02, 0x00, 0x0a, 0x01, 0x02, 0x00,
    0x0a, 0x01, 0x02, 0x00, 0x0a, 0x01, 0x02, 0x00, 0x05, 0x01, 0x11, 0x00, 0x04, 0x01, 0x02, 0x00,
    0x0a, 0x01, 0x02, 0x00, 0x0a, 0x01, 0x02, 0x00, 0x0a, 0x01, 0x02, 0x00, 0x04, 0x01, 0x14, 0x00,
    0x02, 0x01, 0x02, 0x00, 0x0a, 0x01, 0x02, 0x00, 0x0a, 0x01, 0x02, 0x00, 0x0a, 0x01, 0x02, 0x00,
    0x02, 0x01, 0x1a, 0x00, 0x0a, 0x01, 0x02, 0x00, 0x0a, 0x01, 0x02, 0x00, 0x0a, 0x01, 0xcf, 0x00,
    0xff, 0x00, 0xe0, 0x00, 0x01, 0x01, 0x3c, 0x00, 0x07, 0x01, 0x38, 0x00, 0x09, 0x01, 0x36, 0x00,
    0x0b, 0x01, 0x34, 0x00, 0x06, 0x01, 0x01, 0x00, 0x06, 0x01, 0x33, 0x00, 0x04, 0x01, 0x05, 0x00,
    0x04, 0x01, 0x33, 0x00, 0x04, 0x01, 0x05, 0x00, 0x04, 0x01, 0x33, 0x00, 0x04, 0x01, 0x06, 0x00,
    0x04, 0x01, 0x32, 0x00, 0x04, 0x01, 0x06, 0x00, 0x04, 0x01, 0x32, 0x00, 0x04, 0x01, 0x06, 0x00,
    0x04, 0x01, 0x32, 0x00, 0x04, 0x01, 0x06, 0x00, 0x04, 0x01, 0x32, 0x00, 0x04, 0x01, 0x05, 0x00,
    0x04, 0x01, 0x33, 0x00, 0x04, 0x01, 0x05, 0x00, 0x04, 0x01, 0x33, 0x00, 0x06, 0x01, 0x01, 0x00,
    0x06, 0x01, 0x34, 0x00, 0x0b, 0x01, 0x36, 0x00, 0x09, 0x01, 0x38, 0x00, 0x07, 0x01, 0x3c, 0x00,
    0x01, 0x01, 0xff, 0x00, 0xe1, 0x00, 0xcf, 0x00, 0x0a, 0x01, 0x02, 0x00, 0x0a, 0x01, 0x02, 0x00,
    0x0a, 0x01, 0x1a, 0x00, 0x02, 0x01, 0x02, 0x00, 0x0a, 0x01, 0x02, 0x00, 0x0a, 0x01, 0x02, 0x00,
    0x0a, 0x01, 0x02, 0x00, 0x02, 0x01, 0x14, 0x00, 0x04, 0x01, 0x02, 0x00, 0x0a, 0x01, 0x02, 0x00,
    0x0a, 0x01, 0x02, 0x00, 0x0a, 0x01, 0x02, 0x00, 0x04, 0x01, 0x11, 0x00, 0x05, 0x01, 0x02, 0x00,
    0x0a, 0x01, 0x02, 0x00, 0x0a, 0x01, 0x02, 0x00, 0x0a, 0x01, 0x02, 0x00, 0x05, 0x01, 0x0f, 0x00,
    0x06, 0x01, 0x02, 0x00, 0x0a, 0x01, 0x02, 0x00, 0x0a, 0x01, 0x02, 0x00, 0x0a, 0x01, 0x02, 0x00,
    0x06, 0x01, 0x0d, 0x00, 0x07, 0x01, 0x02, 0x00, 0x0a, 0x01, 0x02, 0x00, 0x0a, 0x01, 0x02, 0x00,
    0x0a, 0x01, 0x02, 0x00, 0x07, 0x01, 0x0b, 0x00, 0x08, 0x01, 0x02, 0x00, 0x0a, 0x01, 0x02, 0x00,
    0x0a, 0x01, 0x02, 0x00, 0x0a, 0x01, 0x02, 0x00, 0x08, 0x01, 0x0a, 0x00, 0x08, 0x01, 0x02, 0x00,
    0x0a, 0x01, 0x02, 0x00, 0x0a, 0x01, 0x02, 0x00, 0x0a, 0x01, 0x02, 0x00, 0x08, 0x01, 0x09, 0x00,
    0x09, 0x01, 0x02, 0x00, 0x0a, 0x01, 0x02, 0x00, 0x0a, 0x01, 0x02, 0x00, 0x0a, 0x01, 0x02, 0x00,
    0x09, 0x01, 0x08, 0x00, 0x09, 0x01, 0x02, 0x00, 0x0a, 0x01, 0x02, 0x00, 0x0a, 0x01, 0x02, 0x00,
    0x0a, 0x01, 0x02, 0x00, 0x09, 0x01, 0x08, 0x00, 0x09, 0x01, 0x02, 0x00, 0x0a, 0x01, 0x02, 0x00,
    0x0a, 0x01, 0x02, 0x00, 0x0a, 0x01, 0x02, 0x00, 0x09, 0x01, 0x1f, 0x00, 0x0a, 0x01, 0x37, 0x00,
    0x09, 0x01, 0x1e, 0x00, 0x0a, 0x01, 0x02, 0x00, 0x0a, 0x01, 0x05, 0x00, 0x05, 0x01, 0x04, 0x00,
    0x0a, 0x01, 0x02, 0x00, 0x0a, 0x01, 0x07, 0x00, 0x09, 0x01, 0x02, 0x00, 0x0a, 0x01, 0x02, 0x00,
    0x01, 0x01, 0x04, 0x00, 0x01, 0x01, 0x06, 0x00, 0x0a, 0x01, 0x02, 0x00, 0x09, 0x01, 0x08, 0x00,
    0x09, 0x01, 0x02, 0x00, 0x0a, 0x01, 0x02, 0x00, 0x03, 0x01, 0x05, 0x00, 0x02, 0x01, 0x02, 0x00,
    0x0a, 0x01, 0x02, 0x00, 0x09, 0x01, 0x08, 0x00, 0x09, 0x01, 0x02, 0x00, 0x0a, 0x01, 0x02, 0x00,
    0x05, 0x01, 0x01, 0x00, 0x04, 0x01, 0x02, 0x00, 0x0a, 0x01, 0x02, 0x00, 0x09, 0x01, 0x08, 0x00,
    0x09, 0x01, 0x02, 0x00, 0x0a, 0x01, 0x02, 0x00, 0x0a, 0x01, 0x02, 0x00, 0x0a, 0x01, 0x02, 0x00,
    0x09, 0x01, 0x09, 0x00, 0x08, 0x01, 0x02, 0x00, 0x0a, 0x01, 0x02, 0x00, 0x0a, 0x01, 0x02, 0x00,
    0x0a, 0x01, 0x02, 0x00, 0x08, 0x01, 0x0a, 0x00, 0x08, 0x01, 0x02, 0x00, 0x0a, 0x01, 0x02, 0x00,
    0x0a, 0x01, 0x02, 0x00, 0x0a, 0x01, 0x02, 0x00, 0x08, 0x01, 0x0b, 0x00, 0x07, 0x01, 0x02, 0x00,
    0x0a, 0x01, 0x02, 0x00, 0x0a, 0x01, 0x02, 0x00, 0x0a, 0x01, 0x02, 0x00, 0x07, 0x01, 0x0d, 0x00,
    0x06, 0x01, 0x02, 0x00, 0x0a, 0x01, 0x02, 0x00, 0x0a, 0x01, 0x02, 0x00, 0x0a, 0x01, 0x02, 0x00,
    0x06, 0x01, 0x0f, 0x00, 0x05, 0x01, 0x02, 0x00, 0x0a, 0x01, 0x02, 0x00, 0x0a, 0x01, 0x02, 0x00,
    0x0a, 0x01, 0x02, 0x00, 0x05, 0x01, 0x11, 0x00, 0x04, 0x01, 0x02, 0x00, 0x0a, 0x01, 0x02, 0x00,
    0x0a, 0x01, 0x02, 0x00, 0x0a, 0x01, 0x02, 0x00, 0x04, 0x01, 0x14, 0x00, 0x02, 0x01, 0x02, 0x00,
    0x0a, 0x01, 0x02, 0x00, 0x0a, 0x01, 0x02, 0x00, 0x0a, 0x01, 0x02, 0x00, 0x02, 0x01, 0x1a, 0x00,
    0x0a, 0x01, 0x02, 0x00, 0x0a, 0x01, 0x02, 0x00, 0x0a, 0x01, 0xcf, 0x00, 0xcf, 0x00, 0x0a, 0x01,
    0x02, 0x00, 0x0a, 0x01, 0x02, 0x00, 0x0a, 0x01, 0x1a, 0x00, 0x02, 0x01, 0x02, 0x00, 0x0a, 0x01,
    0x02, 0x00, 0x0a, 0x01, 0x02, 0x00, 0x0a, 0x01, 0x02, 0x00, 0x02, 0x01, 0x14, 0x00, 0x04, 0x01,
    0x02, 0x00, 0x0a, 0x01, 0x02, 0x00, 0x0a, 0x01, 0x02, 0x00, 0x0a, 0x01, 0x02, 0x00, 0x04, 0x01,
    0x11, 0x00, 0x05, 0x01, 0x02, 0x00, 0x0a, 0x01, 0x02, 0x00, 0x0a, 0x01, 0x02, 0x00, 0x0a, 0x01,
    0x02, 0x00, 0x05, 0x01, 0x0f, 0x00, 0x06, 0x01, 0x02, 0x00, 0x0a, 0x01, 0x02, 0x00, 0x0a, 0x01,
    0x02, 0x00, 0x0a, 0x01, 0x02, 0x00, 0x06, 0x01, 0x0d, 0x00, 0x07, 0x01, 0x02, 0x00, 0x0a, 0x01,
    0x02, 0x00, 0x0a, 0x01, 0x02, 0x00, 0x0a, 0x01, 0x02, 0x00, 0x07, 0x01, 0x0b, 0x00, 0x08, 0x01,
    0x02, 0x00, 0x0a, 0x01, 0x02, 0x00, 0x0a, 0x01, 0x02, 0x00, 0x0a, 0x01, 0x02, 0x00, 0x08, 0x01,
    0x49, 0x00, 0x09, 0x01, 0x02, 0x00, 0x0a, 0x01, 0x02, 0x00, 0x0a, 0x01, 0x02, 0x00, 0x0a, 0x01,
    0x02, 0x00, 0x09, 0x01, 0x08, 0x00, 0x09, 0x01, 0x02, 0x00, 0x0a, 0x01, 0x02, 0x00, 0x0a, 0x01,
    0x02, 0x00, 0x0a, 0x01, 0x02, 0x00, 0x09, 0x01, 0x08, 0x00, 0x09, 0x01, 0x02, 0x00, 0x0a, 0x01,
    0x02, 0x00, 0x0a, 0x01, 0x02, 0x00, 0x0a, 0x01, 0x02, 0x00, 0x09, 0x01, 0x08, 0x00, 0x09, 0x01,
    0x02, 0x00, 0x05, 0x01, 0x01, 0x00, 0x04, 0x01, 0x02, 0x00, 0x0a, 0x01, 0x02, 0x00, 0x0a, 0x01,
    0x02, 0x00, 0x09, 0x01, 0x07, 0x00, 0x0a, 0x01, 0x02, 0x00, 0x04, 0x01, 0x03, 0x00, 0x03, 0x01,
    0x02, 0x00, 0x05, 0x01, 0x01, 0x00, 0x04, 0x01, 0x02, 0x00, 0x05, 0x01, 0x01, 0x00, 0x04, 0x01,
    0x02, 0x00, 0x0a, 0x01, 0x06, 0x00, 0x0a, 0x01, 0x02, 0x00, 0x03, 0x01, 0x05, 0x00, 0x02, 0x01,
    0x02, 0x00, 0x04, 0x01, 0x03, 0x00, 0x03, 0x01, 0x02, 0x00, 0x04, 0x01, 0x03, 0x00, 0x03, 0x01,
    0x02, 0x00, 0x0a, 0x01, 0x07, 0x00, 0x09, 0x01, 0x02, 0x00, 0x04, 0x01, 0x03, 0x00, 0x03, 0x01,
    0x02, 0x00, 0x05, 0x01, 0x01, 0x00, 0x04, 0x01, 0x02, 0x00, 0x05, 0x01, 0x01, 0x00, 0x04, 0x01,
    0x02, 0x00, 0x09, 0x01, 0x08, 0x00, 0x09, 0x01, 0x02, 0x00, 0x05, 0x01, 0x01, 0x00, 0x04, 0x01,
    0x02, 0x00, 0x0a, 0x01, 0x02, 0x00, 0x0a, 0x01, 0x02, 0x00, 0x09, 0x01, 0x08, 0x00, 0x09, 0x01,
    0x02, 0x00, 0x0a, 0x01, 0x02, 0x00, 0x0a, 0x01, 0x02, 0x00, 0x0a, 0x01, 0x02, 0x00, 0x09, 0x01,
    0x08, 0x00, 0x09, 0x01, 0x02, 0x00, 0x0a, 0x01, 0x02, 0x00, 0x0a, 0x01, 0x02, 0x00, 0x0a, 0x01,
    0x02, 0x00, 0x09, 0x01, 0x09, 0x00, 0x08, 0x01, 0x02, 0x00, 0x0a, 0x01, 0x02, 0x00, 0x0a, 0x01,
    0x02, 0x00, 0x0a, 0x01, 0x02, 0x00, 0x08, 0x01, 0x4b, 0x00, 0x07, 0x01, 0x02, 0x00, 0x0a, 0x01,
    0x02, 0x00, 0x0a, 0x01, 0x02, 0x00, 0x0a, 0x01, 0x02, 0x00, 0x07, 0x01, 0x0d, 0x00, 0x06, 0x01,
    0x02, 0x00, 0x0a, 0x01, 0x02, 0x00, 0x0a, 0x01, 0x02, 0x00, 0x0a, 0x01, 0x02, 0x00, 0x06, 0x01,
    0x0f, 0x00, 0x05, 0x01, 0x02, 0x00, 0x0a, 0x01, 0x02, 0x00, 0x0a, 0x01, 0x02, 0x00, 0x0a, 0x01,
    0x02, 0x00, 0x05, 0x01, 0x11, 0x00, 0x04, 0x01, 0x02, 0x00, 0x0a, 0x01, 0x02, 0x00, 0x0a, 0x01,
    0x02, 0x00, 0x0a, 0x01, 0x02, 0x00, 0x04, 0x01, 0x14, 0x00, 0x02, 0x01, 0x02, 0x00, 0x0a, 0x01,
    0x02, 0x00, 0x0a, 0x01, 0x02, 0x00, 0x0a, 0x01, 0x02, 0x00, 0x02, 0x01, 0x1a, 0x00, 0x0a, 0x01,
    0x02, 0x00, 0x0a, 0x01, 0x02, 0x00, 0x0a, 0x01, 0xcf, 0x00, 0xcf, 0x00, 0x0a, 0x01, 0x02, 0x00,
    0x0a, 0x01, 0x02, 0x00, 0x0a, 0x01, 0x1a, 0x00, 0x02, 0x01, 0x02, 0x00, 0x0a, 0x01, 0x02, 0x00,
    0x0a, 0x01, 0x02, 0x00, 0x0a, 0x01, 0x02, 0x00, 0x02, 0x01, 0x14, 0x00, 0x04, 0x01, 0x02, 0x00,
    0x0a, 0x01, 0x02, 0x00, 0x0a, 0x01, 0x02, 0x00, 0x0a, 0x01, 0x02, 0x00, 0x04, 0x01, 0x11, 0x00,
    0x05, 0x01, 0x02, 0x00, 0x0a, 0x01, 0x02, 0x00, 0x0a, 0x01, 0x02, 0x00, 0x0a, 0x01, 0x02, 0x00,
    0x05, 0x01, 0x0f, 0x00, 0x06, 0x01, 0x02, 0x00, 0x0a, 0x01, 0x02, 0x00, 0x0a, 0x01, 0x02, 0x00,
    0x0a, 0x01, 0x02, 0x00, 0x06, 0x01, 0x0d, 0x00, 0x07, 0x01, 0x02, 0x00, 0x0a, 0x01, 0x02, 0x00,
    0x0a, 0x01, 0x02, 0x00, 0x0a, 0x01, 0x02, 0x00, 0x07, 0x01, 0x0b, 0x00, 0x08, 0x01, 0x02, 0x00,
    0x0a, 0x01, 0x02, 0x00, 0x0a, 0x01, 0x02, 0x00, 0x0a, 0x01, 0x02, 0x00, 0x08, 0x01, 0x49, 0x00,
    0x09, 0x01, 0x02, 0x00, 0x0a, 0x01, 0x02, 0x00, 0x0a, 0x01, 0x02, 0x00, 0x0a, 0x01, 0x02, 0x00,
    0x09, 0x01, 0x08, 0x00, 0x09, 0x01, 0x02, 0x00, 0x0a, 0x01, 0x02, 0x00, 0x0a, 0x01, 0x02, 0x00,
    0x0a, 0x01, 0x02, 0x00, 0x09, 0x01, 0x08, 0x00, 0x09, 0x01, 0x02, 0x00, 0x0a, 0x01, 0x02, 0x00,
    0x0a, 0x01, 0x02, 0x00, 0x0a, 0x01, 0x02, 0x00, 0x09, 0x01, 0x08, 0x00, 0x09, 0x01, 0x02, 0x00,
    0x0a, 0x01, 0x02, 0x00, 0x05, 0x01, 0x01, 0x00, 0x04, 0x01, 0x02, 0x00, 0x0a, 0x01, 0x02, 0x00,
    0x09, 0x01, 0x07, 0x00, 0x0a, 0x01, 0x02, 0x00, 0x05, 0x01, 0x01, 0x00, 0x04, 0x01, 0x02, 0x00,
    0x04, 0x01, 0x03, 0x00, 0x03, 0x01, 0x02, 0x00, 0x05, 0x01, 0x01, 0x00, 0x04, 0x01, 0x02, 0x00,
    0x0a, 0x01, 0x06, 0x00, 0x0a, 0x01, 0x02, 0x00, 0x04, 0x01, 0x03, 0x00, 0x03, 0x01, 0x02, 0x00,
    0x03, 0x01, 0x05, 0x00, 0x02, 0x01, 0x02, 0x00, 0x04, 0x01, 0x03, 0x00, 0x03, 0x01, 0x02, 0x00,
    0x0a, 0x01, 0x07, 0x00, 0x09, 0x01, 0x02, 0x00, 0x05, 0x01, 0x01, 0x00, 0x04, 0x01, 0x02, 0x00,
    0x04, 0x01, 0x03, 0x00, 0x03, 0x01, 0x02, 0x00, 0x05, 0x01, 0x01, 0x00, 0x04, 0x01, 0x02, 0x00,
    0x09, 0x01, 0x08, 0x00, 0x09, 0x01, 0x02, 0x00, 0x0a, 0x01, 0x02, 0x00, 0x05, 0x01, 0x01, 0x00,
    0x04, 0x01, 0x02, 0x00, 0x0a, 0x01, 0x02, 0x00, 0x09, 0x01, 0x08, 0x00, 0x09, 0x01, 0x02, 0x00,
    0x0a, 0x01, 0x02, 0x00, 0x0a, 0x01, 0x02, 0x00, 0x0a, 0x01, 0x02, 0x00, 0x09, 0x01, 0x08, 0x00,
    0x09, 0x01, 0x02, 0x00, 0x0a, 0x01, 0x02, 0x00, 0x0a, 0x01, 0x02, 0x00, 0x0a, 0x01, 0x02, 0x00,
    0x09, 0x01, 0x09, 0x00, 0x08, 0x01, 0x02, 0x00, 0x0a, 0x01, 0x02, 0x00, 0x0a, 0x01, 0x02, 0x00,
    0x0a, 0x01, 0x02, 0x00, 0x08, 0x01, 0x4b, 0x00, 0x07, 0x01, 0x02, 0x00, 0x0a, 0x01, 0x02, 0x00,
    0x0a, 0x01, 0x02, 0x00, 0x0a, 0x01, 0x02, 0x00, 0x07, 0x01, 0x0d, 0x00, 0x06, 0x01, 0x02, 0x00,
    0x0a, 0x01, 0x02, 0x00, 0x0a, 0x01, 0x02, 0x00, 0x0a, 0x01, 0x02, 0x00, 0x06, 0x01, 0x0f, 0x00,
    0x05, 0x01, 0x02, 0x00, 0x0a, 0x01, 0x02, 0x00, 0x0a, 0x01, 0x02, 0x00, 0x0a, 0x01, 0x02, 0x00,
    0x05, 0x01, 0x11, 0x00, 0x04, 0x01, 0x02, 0x00, 0x0a, 0x01, 0x02, 0x00, 0x0a, 0x01, 0x02, 0x00,
    0x0a, 0x01, 0x02, 0x00, 0x04, 0x01, 0x14, 0x00, 0x02, 0x01, 0x02, 0x00, 0x0a, 0x01, 0x02, 0x00,
    0x0a, 0x01, 0x02, 0x00, 0x0a, 0x01, 0x02, 0x00, 0x02, 0x01, 0x1a, 0x00, 0x0a, 0x01, 0x02, 0x00,
    0x0a, 0x01, 0x02, 0x00, 0x0a, 0x01, 0xcf, 0x00, 0xcf, 0x00, 0x0a, 0x01, 0x02, 0x00, 0x0a, 0x01,
    0x02, 0x00, 0x0a, 0x01, 0x1a, 0x00, 0x02, 0x01, 0x02, 0x00, 0x0a, 0x01, 0x02, 0x00, 0x0a, 0x01,
    0x02, 0x00, 0x0a, 0x01, 0x02, 0x00, 0x02, 0x01, 0x14, 0x00, 0x04, 0x01, 0x02, 0x00, 0x0a, 0x01,
    0x02, 0x00, 0x0a, 0x01, 0x02, 0x00, 0x0a, 0x01, 0x02, 0x00, 0x04, 0x01, 0x11, 0x00, 0x05, 0x01,
    0x02, 0x00, 0x0a, 0x01, 0x02, 0x00, 0x0a, 0x01, 0x02, 0x00, 0x0a, 0x01, 0x02, 0x00, 0x05, 0x01,
    0x0f, 0x00, 0x06, 0x01, 0x02, 0x00, 0x0a, 0x01, 0x02, 0x00, 0x0a, 0x01, 0x02, 0x00, 0x0a, 0x01,
    0x02, 0x00, 0x06, 0x01, 0x0d, 0x00, 0x07, 0x01, 0x02, 0x00, 0x0a, 0x01, 0x02, 0x00, 0x0a, 0x01,
    0x02, 0x00, 0x0a, 0x01, 0x02, 0x00, 0x07, 0x01, 0x0b, 0x00, 0x08, 0x01, 0x02, 0x00, 0x0a, 0x01,
    0x02, 0x00, 0x0a, 0x01, 0x02, 0x00, 0x0a, 0x01, 0x02, 0x00, 0x08, 0x01, 0x49, 0x00, 0x09, 0x01,
    0x02, 0x00, 0x0a, 0x01, 0x02, 0x00, 0x0a, 0x01, 0x02, 0x00, 0x0a, 0x01, 0x02, 0x00, 0x09, 0x01,
    0x08, 0x00, 0x09, 0x01, 0x02, 0x00, 0x0a, 0x01, 0x02, 0x00, 0x0a, 0x01, 0x02, 0x00, 0x0a, 0x01,
    0x02, 0x00, 0x09, 0x01, 0x08, 0x00, 0x09, 0x01, 0x02, 0x00, 0x0a, 0x01, 0x02, 0x00, 0x0a, 0x01,
    0x02, 0x00, 0x0a, 0x01, 0x02, 0x00, 0x09, 0x01, 0x08, 0x00, 0x09, 0x01, 0x02, 0x00, 0x0a, 0x01,
    0x02, 0x00, 0x0a, 0x01, 0x02, 0x00, 0x05, 0x01, 0x01, 0x00, 0x04, 0x01, 0x02, 0x00, 0x09, 0x01,
    0x07, 0x00, 0x0a, 0x01, 0x02, 0x00, 0x05, 0x01, 0x01, 0x00, 0x04, 0x01, 0x02, 0x00, 0x05, 0x01,
    0x01, 0x00, 0x04, 0x01, 0x02, 0x00, 0x04, 0x01, 0x03, 0x00, 0x03, 0x01, 0x02, 0x00, 0x0a, 0x01,
    0x06, 0x00, 0x0a, 0x01, 0x02, 0x00, 0x04, 0x01, 0x03, 0x00, 0x03, 0x01, 0x02, 0x00, 0x04, 0x01,
    0x03, 0x00, 0x03, 0x01, 0x02, 0x00, 0x03, 0x01, 0x05, 0x00, 0x02, 0x01, 0x02, 0x00, 0x0a, 0x01,
    0x07, 0x00, 0x09, 0x01, 0x02, 0x00, 0x05, 0x01, 0x01, 0x00, 0x04, 0x01, 0x02, 0x00, 0x05, 0x01,
    0x01, 0x00, 0x04, 0x01, 0x02, 0x00, 0x04, 0x01, 0x03, 0x00, 0x03, 0x01, 0x02, 0x00, 0x09, 0x01,
    0x08, 0x00, 0x09, 0x01, 0x02, 0x00, 0x0a, 0x01, 0x02, 0x00, 0x0a, 0x01, 0x02, 0x00, 0x05, 0x01,
    0x01, 0x00, 0x04, 0x01, 0x02, 0x00, 0x09, 0x01, 0x08, 0x00, 0x09, 0x01, 0x02, 0x00, 0x0a, 0x01,
    0x02, 0x00, 0x0a, 0x01, 0x02, 0x00, 0x0a, 0x01, 0x02, 0x00, 0x09, 0x01, 0x08, 0x00, 0x09, 0x01,
    0x02, 0x00, 0x0a, 0x01, 0x02, 0x00, 0x0a, 0x01, 0x02, 0x00, 0x0a, 0x01, 0x02, 0x00, 0x09, 0x01,
    0x09, 0x00, 0x08, 0x01, 0x02, 0x00, 0x0a, 0x01, 0x02, 0x00, 0x0a, 0x01, 0x02, 0x00, 0x0a, 0x01,
    0x02, 0x00, 0x08, 0x01, 0x4b, 0x00, 0x07, 0x01, 0x02, 0x00, 0x0a, 0x01, 0x02, 0x00, 0x0a, 0x01,
    0x02, 0x00, 0x0a, 0x01, 0x02, 0x00, 0x07, 0x01, 0x0d, 0x00, 0x06, 0x01, 0x02, 0x00, 0x0a, 0x01,
    0x02, 0x00, 0x0a, 0x01, 0x02, 0x00, 0x0a, 0x01, 0x02, 0x00, 0x06, 0x01, 0x0f, 0x00, 0x05, 0x01,
    0x02, 0x00, 0x0a, 0x01, 0x02, 0x00, 0x0a, 0x01, 0x02, 0x00, 0x0a, 0x01, 0x02, 0x00, 0x05, 0x01,
    0x11, 0x00, 0x04, 0x01, 0x02, 0x00, 0x0a, 0x01, 0x02, 0x00, 0x0a, 0x01, 0x02, 0x00, 0x0a, 0x01,
    0x02, 0x00, 0x04, 0x01, 0x14, 0x00, 0x02, 0x01, 0x02, 0x00, 0x0a, 0x01, 0x02, 0x00, 0x0a, 0x01,
    0x02, 0x00, 0x0a, 0x01, 0x02, 0x00, 0x02, 0x01, 0x1a, 0x00, 0x0a, 0x01, 0x02, 0x00, 0x0a, 0x01,
    0x02, 0x00, 0x0a, 0x01, 0xcf, 0x00, 0xcf, 0x00, 0x0a, 0x01, 0x02, 0x00, 0x0a, 0x01, 0x02, 0x00,
    0x0a, 0x01, 0x1a, 0x00, 0x02, 0x01, 0x02, 0x00, 0x0a, 0x01, 0x02, 0x00, 0x0a, 0x01, 0x02, 0x00,
    0x0a, 0x01, 0x02, 0x00, 0x02, 0x01, 0x14, 0x00, 0x04, 0x01, 0x02, 0x00, 0x0a, 0x01, 0x02, 0x00,
    0x0a, 0x01, 0x02, 0x00, 0x0a, 0x01, 0x02, 0x00, 0x04, 0x01, 0x11, 0x00, 0x05, 0x01, 0x02, 0x00,
    0x0a, 0x01, 0x02, 0x00, 0x0a, 0x01, 0x02, 0x00, 0x0a, 0x01, 0x02, 0x00, 0x05, 0x01, 0x0f, 0x00,
    0x06, 0x01, 0x02, 0x00, 0x0a, 0x01, 0x02, 0x00, 0x0a, 0x01, 0x02, 0x00, 0x0a, 0x01, 0x02, 0x00,
    0x06, 0x01, 0x0d, 0x00, 0x07, 0x01, 0x02, 0x00, 0x0a, 0x01, 0x02, 0x00, 0x0a, 0x01, 0x02, 0x00,
    0x0a, 0x01, 0x02, 0x00, 0x07, 0x01, 0x0b, 0x00, 0x08, 0x01, 0x02, 0x00, 0x0a, 0x01, 0x02, 0x00,
    0x0a, 0x01, 0x02, 0x00, 0x0a, 0x01, 0x02, 0x00, 0x08, 0x01, 0x49, 0x00, 0x09, 0x01, 0x02, 0x00,
    0x0a, 0x01, 0x02, 0x00, 0x0a, 0x01, 0x02, 0x00, 0x0a, 0x01, 0x02, 0x00, 0x09, 0x01, 0x08, 0x00,
    0x09, 0x01, 0x02, 0x00, 0x0a, 0x01, 0x02, 0x00, 0x0a, 0x01, 0x02, 0x00, 0x0a, 0x01, 0x02, 0x00,
    0x09, 0x01, 0x08, 0x00, 0x09, 0x01, 0x02, 0x00, 0x05, 0x01, 0x01, 0x00, 0x04, 0x01, 0x02, 0x00,
    0x0a, 0x01, 0x02, 0x00, 0x0a, 0x01, 0x02, 0x00, 0x09, 0x01, 0x08, 0x00, 0x09, 0x01, 0x02, 0x00,
    0x03, 0x01, 0x05, 0x00, 0x02, 0x01, 0x02, 0x00, 0x0a, 0x01, 0x02, 0x00, 0x0a, 0x01, 0x02, 0x00,
    0x09, 0x01, 0x07, 0x00, 0x0a, 0x01, 0x02, 0x00, 0x03, 0x01, 0x05, 0x00, 0x02, 0x01, 0x02, 0x00,
    0x05, 0x01, 0x01, 0x00, 0x04, 0x01, 0x02, 0x00, 0x05, 0x01, 0x01, 0x00, 0x04, 0x01, 0x02, 0x00,
    0x0a, 0x01, 0x06, 0x00, 0x0a, 0x01, 0x02, 0x00, 0x02, 0x01, 0x07, 0x00, 0x01, 0x01, 0x02, 0x00,
    0x04, 0x01, 0x03, 0x00, 0x03, 0x01, 0x02, 0x00, 0x04, 0x01, 0x03, 0x00, 0x03, 0x01, 0x02, 0x00,
    0x0a, 0x01, 0x07, 0x00, 0x09, 0x01, 0x02, 0x00, 0x03, 0x01, 0x05, 0x00, 0x02, 0x01, 0x02, 0x00,
    0x05, 0x01, 0x01, 0x00, 0x04, 0x01, 0x02, 0x00, 0x05, 0x01, 0x01, 0x00, 0x04, 0x01, 0x02, 0x00,
    0x09, 0x01, 0x08, 0x00, 0x09, 0x01, 0x02, 0x00, 0x03, 0x01, 0x05, 0x00, 0x02, 0x01, 0x02, 0x00,
    0x0a, 0x01, 0x02, 0x00, 0x0a, 0x01, 0x02, 0x00, 0x09, 0x01, 0x08, 0x00, 0x09, 0x01, 0x02, 0x00,
    0x05, 0x01, 0x01, 0x00, 0x04, 0x01, 0x02, 0x00, 0x0a, 0x01, 0x02, 0x00, 0x0a, 0x01, 0x02, 0x00,
    0x09, 0x01, 0x08, 0x00, 0x09, 0x01, 0x02, 0x00, 0x0a, 0x01, 0x02, 0x00, 0x0a, 0x01, 0x02, 0x00,
    0x0a, 0x01, 0x02, 0x00, 0x09, 0x01, 0x09, 0x00, 0x08, 0x01, 0x02, 0x00, 0x0a, 0x01, 0x02, 0x00,
    0x0a, 0x01, 0x02, 0x00, 0x0a, 0x01, 0x02, 0x00, 0x08, 0x01, 0x4b, 0x00, 0x07, 0x01, 0x02, 0x00,
    0x0a, 0x01, 0x02, 0x00, 0x0a, 0x01, 0x02, 0x00, 0x0a, 0x01, 0x02, 0x00, 0x07, 0x01, 0x0d, 0x00,
    0x06, 0x01, 0x02, 0x00, 0x0a, 0x01, 0x02, 0x00, 0x0a, 0x01, 0x02, 0x00, 0x0a, 0x01, 0x02, 0x00,
    0x06, 0x01, 0x0f, 0x00, 0x05, 0x01, 0x02, 0x00, 0x0a, 0x01, 0x02, 0x00, 0x0a, 0x01, 0x02, 0x00,
    0x0a, 0x01, 0x02, 0x00, 0x05, 0x01, 0x11, 0x00, 0x04, 0x01, 0x02, 0x00, 0x0a, 0x01, 0x02, 0x00,
    0x0a, 0x01, 0x02, 0x00, 0x0a, 0x01, 0x02, 0x00, 0x04, 0x01, 0x14, 0x00, 0x02, 0x01, 0x02, 0x00,
    0x0a, 0x01, 0x02, 0x00, 0x0a, 0x01, 0x02, 0x00, 0x0a, 0x01, 0x02, 0x00, 0x02, 0x01, 0x1a, 0x00,
    0x0a, 0x01, 0x02, 0x00, 0x0a, 0x01, 0x02, 0x00, 0x0a, 0x01, 0xcf, 0x00, 0xcf, 0x00, 0x0a, 0x01,
    0x02, 0x00, 0x0a, 0x01, 0x02, 0x00, 0x0a, 0x01, 0x1a, 0x00, 0x02, 0x01, 0x02, 0x00, 0x0a, 0x01,
    0x02, 0x00, 0x0a, 0x01, 0x02, 0x00, 0x0a, 0x01, 0x02, 0x00, 0x02, 0x01, 0x14, 0x00, 0x04, 0x01,
    0x02, 0x00, 0x0a, 0x01, 0x02, 0x00, 0x0a, 0x01, 0x02, 0x00, 0x0a, 0x01, 0x02, 0x00, 0x04, 0x01,
    0x11, 0x00, 0x05, 0x01, 0x02, 0x00, 0x0a, 0x01, 0x02, 0x00, 0x0a, 0x01, 0x02, 0x00, 0x0a, 0x01,
    0x02, 0x00, 0x05, 0x01, 0x0f, 0x00, 0x06, 0x01, 0x02, 0x00, 0x0a, 0x01, 0x02, 0x00, 0x0a, 0x01,
    0x02, 0x00, 0x0a, 0x01, 0x02, 0x00, 0x06, 0x01, 0x0d, 0x00, 0x07, 0x01, 0x02, 0x00, 0x0a, 0x01,
    0x02, 0x00, 0x0a, 0x01, 0x02, 0x00, 0x0a, 0x01, 0x02, 0x00, 0x07, 0x01, 0x0b, 0x00, 0x08, 0x01,
    0x02, 0x00, 0x0a, 0x01, 0x02, 0x00, 0x0a, 0x01, 0x02, 0x00, 0x0a, 0x01, 0x02, 0x00, 0x08, 0x01,
    0x49, 0x00, 0x09, 0x01, 0x02, 0x00, 0x0a, 0x01, 0x02, 0x00, 0x0a, 0x01, 0x02, 0x00, 0x0a, 0x01,
    0x02, 0x00, 0x09, 0x01, 0x08, 0x00, 0x09, 0x01, 0x02, 0x00, 0x0a, 0x01, 0x02, 0x00, 0x0a, 0x01,
    0x02, 0x00, 0x0a, 0x01, 0x02, 0x00, 0x09, 0x01, 0x08, 0x00, 0x09, 0x01, 0x02, 0x00, 0x0a, 0x01,
    0x02, 0x00, 0x05, 0x01, 0x01, 0x00, 0x04, 0x01, 0x02, 0x00, 0x0a, 0x01, 0x02, 0x00, 0x09, 0x01,
    0x08, 0x00, 0x09, 0x01, 0x02, 0x00, 0x0a, 0x01, 0x02, 0x00, 0x03, 0x01, 0x05, 0x00, 0x02, 0x01,
    0x02, 0x00, 0x0a, 0x01, 0x02, 0x00, 0x09, 0x01, 0x07, 0x00, 0x0a, 0x01, 0x02, 0x00, 0x05, 0x01,
    0x01, 0x00, 0x04, 0x01, 0x02, 0x00, 0x03, 0x01, 0x05, 0x00, 0x02, 0x01, 0x02, 0x00, 0x05, 0x01,
    0x01, 0x00, 0x04, 0x01, 0x02, 0x00, 0x0a, 0x01, 0x06, 0x00, 0x0a, 0x01, 0x02, 0x00, 0x04, 0x01,
    0x03, 0x00, 0x03, 0x01, 0x02, 0x00, 0x02, 0x01, 0x07, 0x00, 0x01, 0x01, 0x02, 0x00, 0x04, 0x01,
    0x03, 0x00, 0x03, 0x01, 0x02, 0x00, 0x0a, 0x01, 0x07, 0x00, 0x09, 0x01, 0x02, 0x00, 0x05, 0x01,
    0x01, 0x00, 0x04, 0x01, 0x02, 0x00, 0x03, 0x01, 0x05, 0x00, 0x02, 0x01, 0x02, 0x00, 0x05, 0x01,
    0x01, 0x00, 0x04, 0x01, 0x02, 0x00, 0x09, 0x01, 0x08, 0x00, 0x09, 0x01, 0x02, 0x00, 0x0a, 0x01,
    0x02, 0x00, 0x03, 0x01, 0x05, 0x00, 0x02, 0x01, 0x02, 0x00, 0x0a, 0x01, 0x02, 0x00, 0x09, 0x01,
    0x08, 0x00, 0x09, 0x01, 0x02, 0x00, 0x0a, 0x01, 0x02, 0x00, 0x05, 0x01, 0x01, 0x00, 0x04, 0x01,
    0x02, 0x00, 0x0a, 0x01, 0x02, 0x00, 0x09, 0x01, 0x08, 0x00, 0x09, 0x01, 0x02, 0x00, 0x0a, 0x01,
    0x02, 0x00, 0x0a, 0x01, 0x02, 0x00, 0x0a, 0x01, 0x02, 0x00, 0x09, 0x01, 0x09, 0x00, 0x08, 0x01,
    0x02, 0x00, 0x0a, 0x01, 0x02, 0x00, 0x0a, 0x01, 0x02, 0x00, 0x0a, 0x01, 0x02, 0x00, 0x08, 0x01,
    0x4b, 0x00, 0x07, 0x01, 0x02, 0x00, 0x0a, 0x01, 0x02, 0x00, 0x0a, 0x01, 0x02, 0x00, 0x0a, 0x01,
    0x02, 0x00, 0x07, 0x01, 0x0d, 0x00, 0x06, 0x01, 0x02, 0x00, 0x0a, 0x01, 0x02, 0x00, 0x0a, 0x01,
    0x02, 0x00, 0x0a, 0x01, 0x02, 0x00, 0x06, 0x01, 0x0f, 0x00, 0x05, 0x01, 0x02, 0x00, 0x0a, 0x01,
    0x02, 0x00, 0x0a, 0x01, 0x02, 0x00, 0x0a, 0x01, 0x02, 0x00, 0x05, 0x01, 0x11, 0x00, 0x04, 0x01,
    0x02, 0x00, 0x0a, 0x01, 0x02, 0x00, 0x0a, 0x01, 0x02, 0x00, 0x0a, 0x01, 0x02, 0x00, 0x04, 0x01,
    0x14, 0x00, 0x02, 0x01, 0x02, 0x00, 0x0a, 0x01, 0x02, 0x00, 0x0a, 0x01, 0x02, 0x00, 0x0a, 0x01,
    0x02, 0x00, 0x02, 0x01, 0x1a, 0x00, 0x0a, 0x01, 0x02, 0x00, 0x0a, 0x01, 0x02, 0x00, 0x0a, 0x01,
    0xcf, 0x00, 0xcf, 0x00, 0x0a, 0x01, 0x02, 0x00, 0x0a, 0x01, 0x02, 0x00, 0x0a, 0x01, 0x1a, 0x00,
    0x02, 0x01, 0x02, 0x00, 0x0a, 0x01, 0x02, 0x00, 0x0a, 0x01, 0x02, 0x00, 0x0a, 0x01, 0x02, 0x00,
    0x02, 0x01, 0x14, 0x00, 0x04, 0x01, 0x02, 0x00, 0x0a, 0x01, 0x02, 0x00, 0x0a, 0x01, 0x02, 0x00,
    0x0a, 0x01, 0x02, 0x00, 0x04, 0x01, 0x11, 0x00, 0x05, 0x01, 0x02, 0x00, 0x0a, 0x01, 0x02, 0x00,
    0x0a, 0x01, 0x02, 0x00, 0x0a, 0x01, 0x02, 0x00, 0x05, 0x01, 0x0f, 0x00, 0x06, 0x01, 0x02, 0x00,
    0x0a, 0x01, 0x02, 0x00, 0x0a, 0x01, 0x02, 0x00, 0x0a, 0x01, 0x02, 0x00, 0x06, 0x01, 0x0d, 0x00,
    0x07, 0x01, 0x02, 0x00, 0x0a, 0x01, 0x02, 0x00, 0x0a, 0x01, 0x02, 0x00, 0x0a, 0x01, 0x02, 0x00,
    0x07, 0x01, 0x0b, 0x00, 0x08, 0x01, 0x02, 0x00, 0x0a, 0x01, 0x02, 0x00, 0x0a, 0x01, 0x02, 0x00,
    0x0a, 0x01, 0x02, 0x00, 0x08, 0x01, 0x49, 0x00, 0x09, 0x01, 0x02, 0x00, 0x0a, 0x01, 0x02, 0x00,
    0x0a, 0x01, 0x02, 0x00, 0x0a, 0x01, 0x02, 0x00, 0x09, 0x01, 0x08, 0x00, 0x09, 0x01, 0x02, 0x00,
    0x0a, 0x01, 0x02, 0x00, 0x0a, 0x01, 0x02, 0x00, 0x0a, 0x01, 0x02, 0x00, 0x09, 0x01, 0x08, 0x00,
    0x09, 0x01, 0x02, 0x00, 0x0a, 0x01, 0x02, 0x00, 0x0a, 0x01, 0x02, 0x00, 0x05, 0x01, 0x01, 0x00,
    0x04, 0x01, 0x02, 0x00, 0x09, 0x01, 0x08, 0x00, 0x09, 0x01, 0x02, 0x00, 0x0a, 0x01, 0x02, 0x00,
    0x0a, 0x01, 0x02, 0x00, 0x03, 0x01, 0x05, 0x00, 0x02, 0x01, 0x02, 0x00, 0x09, 0x01, 0x07, 0x00,
    0x0a, 0x01, 0x02, 0x00, 0x05, 0x01, 0x01, 0x00, 0x04, 0x01, 0x02, 0x00, 0x05, 0x01, 0x01, 0x00,
    0x04, 0x01, 0x02, 0x00, 0x03, 0x01, 0x05, 0x00, 0x02, 0x01, 0x02, 0x00, 0x0a, 0x01, 0x06, 0x00,
    0x0a, 0x01, 0x02, 0x00, 0x04, 0x01, 0x03, 0x00, 0x03, 0x01, 0x02, 0x00, 0x04, 0x01, 0x03, 0x00,
    0x03, 0x01, 0x02, 0x00, 0x02, 0x01, 0x07, 0x00, 0x01, 0x01, 0x02, 0x00, 0x0a, 0x01, 0x07, 0x00,
    0x09, 0x01, 0x02, 0x00, 0x05, 0x01, 0x01, 0x00, 0x04, 0x01, 0x02, 0x00, 0x05, 0x01, 0x01, 0x00,
    0x04, 0x01, 0x02, 0x00, 0x03, 0x01, 0x05, 0x00, 0x02, 0x01, 0x02, 0x00, 0x09, 0x01, 0x08, 0x00,
    0x09, 0x01, 0x02, 0x00, 0x0a, 0x01, 0x02, 0x00, 0x0a, 0x01, 0x02, 0x00, 0x03, 0x01, 0x05, 0x00,
    0x02, 0x01, 0x02, 0x00, 0x09, 0x01, 0x08, 0x00, 0x09, 0x01, 0x02, 0x00, 0x0a, 0x01, 0x02, 0x00,
    0x0a, 0x01, 0x02, 0x00, 0x05, 0x01, 0x01, 0x00, 0x04, 0x01, 0x02, 0x00, 0x09, 0x01, 0x08, 0x00,
    0x09, 0x01, 0x02, 0x00, 0x0a, 0x01, 0x02, 0x00, 0x0a, 0x01, 0x02, 0x00, 0x0a, 0x01, 0x02, 0x00,
    0x09, 0x01, 0x09, 0x00, 0x08, 0x01, 0x02, 0x00, 0x0a, 0x01, 0x02, 0x00, 0x0a, 0x01, 0x02, 0x00,
    0x0a, 0x01, 0x02, 0x00, 0x08, 0x01, 0x4b, 0x00, 0x07, 0x01, 0x02, 0x00, 0x0a, 0x01, 0x02, 0x00,
    0x0a, 0x01, 0x02, 0x00, 0x0a, 0x01, 0x02, 0x00, 0x07, 0x01, 0x0d, 0x00, 0x06, 0x01, 0x02, 0x00,
    0x0a, 0x01, 0x02, 0x00, 0x0a, 0x01, 0x02, 0x00, 0x0a, 0x01, 0x02, 0x00, 0x06, 0x01, 0x0f, 0x00,
    0x05, 0x01, 0x02, 0x00, 0x0a, 0x01, 0x02, 0x00, 0x0a, 0x01, 0x02, 0x00, 0x0a, 0x01, 0x02, 0x00,
    0x05, 0x01, 0x11, 0x00, 0x04, 0x01, 0x02, 0x00, 0x0a, 0x01, 0x02, 0x00, 0x0a, 0x01, 0x02, 0x00,
    0x0a, 0x01, 0x02, 0x00, 0x04, 0x01, 0x14, 0x00, 0x02, 0x01, 0x02, 0x00, 0x0a, 0x01, 0x02, 0x00,
    0x0a, 0x01, 0x02, 0x00, 0x0a, 0x01, 0x02, 0x00, 0x02, 0x01, 0x1a, 0x00, 0x0a, 0x01, 0x02, 0x00,
    0x0a, 0x01, 0x02, 0x00, 0x0a, 0x01, 0xcf, 0x00, 0xcf, 0x00, 0x0a, 0x01, 0x02, 0x00, 0x0a, 0x01,
    0x02, 0x00, 0x0a, 0x01, 0x1a, 0x00, 0x02, 0x01, 0x02, 0x00, 0x0a, 0x01, 0x02, 0x00, 0x0a, 0x01,
    0x02, 0x00, 0x0a, 0x01, 0x02, 0x00, 0x02, 0x01, 0x14, 0x00, 0x04, 0x01, 0x02, 0x00, 0x0a, 0x01,
    0x02, 0x00, 0x0a, 0x01, 0x02, 0x00, 0x0a, 0x01, 0x02, 0x00, 0x04, 0x01, 0x11, 0x00, 0x05, 0x01,
    0x02, 0x00, 0x0a, 0x01, 0x02, 0x00, 0x0a, 0x01, 0x02, 0x00, 0x0a, 0x01, 0x02, 0x00, 0x05, 0x01,
    0x0f, 0x00, 0x06, 0x01, 0x02, 0x00, 0x0a, 0x01, 0x02, 0x00, 0x0a, 0x01, 0x02, 0x00, 0x0a, 0x01,
    0x02, 0x00, 0x06, 0x01, 0x0d, 0x00, 0x07, 0x01, 0x02, 0x00, 0x0a, 0x01, 0x02, 0x00, 0x0a, 0x01,
    0x02, 0x00, 0x0a, 0x01, 0x02, 0x00, 0x07, 0x01, 0x0b, 0x00, 0x08, 0x01, 0x02, 0x00, 0x0a, 0x01,
    0x02, 0x00, 0x0a, 0x01, 0x02, 0x00, 0x0a, 0x01, 0x02, 0x00, 0x08, 0x01, 0x49, 0x00, 0x09, 0x01,
    0x02, 0x00, 0x0a, 0x01, 0x02, 0x00, 0x0a, 0x01, 0x02, 0x00, 0x0a, 0x01, 0x02, 0x00, 0x09, 0x01,
    0x08, 0x00, 0x09, 0x01, 0x02, 0x00, 0x0a, 0x01, 0x02, 0x00, 0x0a, 0x01, 0x02, 0x00, 0x0a, 0x01,
    0x02, 0x00, 0x09, 0x01, 0x08, 0x00, 0x09, 0x01, 0x02, 0x00, 0x0a, 0x01, 0x02, 0x00, 0x0a, 0x01,
    0x02, 0x00, 0x0a, 0x01, 0x02, 0x00, 0x09, 0x01, 0x08, 0x00, 0x09, 0x01, 0x02, 0x00, 0x05, 0x01,
    0x01, 0x00, 0x04, 0x01, 0x02, 0x00, 0x0a, 0x01, 0x02, 0x00, 0x0a, 0x01, 0x02, 0x00, 0x09, 0x01,
    0x07, 0x00, 0x0a, 0x01, 0x02, 0x00, 0x04, 0x01, 0x03, 0x00, 0x03, 0x01, 0x02, 0x00, 0x05, 0x01,
    0x01, 0x00, 0x04, 0x01, 0x02, 0x00, 0x05, 0x01, 0x01, 0x00, 0x04, 0x01, 0x02, 0x00, 0x0a, 0x01,
    0x06, 0x00, 0x0a, 0x01, 0x02, 0x00, 0x03, 0x01, 0x05, 0x00, 0x02, 0x01, 0x02, 0x00, 0x04, 0x01,
    0x03, 0x00, 0x03, 0x01, 0x02, 0x00, 0x04, 0x01, 0x03, 0x00, 0x03, 0x01, 0x02, 0x00, 0x0a, 0x01,
    0x07, 0x00, 0x09, 0x01, 0x02, 0x00, 0x04, 0x01, 0x03, 0x00, 0x03, 0x01, 0x02, 0x00, 0x05, 0x01,
    0x01, 0x00, 0x04, 0x01, 0x02, 0x00, 0x05, 0x01, 0x01, 0x00, 0x04, 0x01, 0x02, 0x00, 0x09, 0x01,
    0x08, 0x00, 0x09, 0x01, 0x02, 0x00, 0x05, 0x01, 0x01, 0x00, 0x04, 0x01, 0x02, 0x00, 0x0a, 0x01,
    0x02, 0x00, 0x0a, 0x01, 0x02, 0x00, 0x09, 0x01, 0x08, 0x00, 0x09, 0x01, 0x02, 0x00, 0x0a, 0x01,
    0x02, 0x00, 0x0a, 0x01, 0x02, 0x00, 0x0a, 0x01, 0x02, 0x00, 0x09, 0x01, 0x08, 0x00, 0x09, 0x01,
    0x02, 0x00, 0x0a, 0x01, 0x02, 0x00, 0x0a, 0x01, 0x02, 0x00, 0x0a, 0x01, 0x02, 0x00, 0x09, 0x01,
    0x09, 0x00, 0x08, 0x01, 0x02, 0x00, 0x0a, 0x01, 0x02, 0x00, 0x0a, 0x01, 0x02, 0x00, 0x0a, 0x01,
    0x02, 0x00, 0x08, 0x01, 0x4b, 0x00, 0x07, 0x01, 0x02, 0x00, 0x0a, 0x01, 0x02, 0x00, 0x0a, 0x01,
    0x02, 0x00, 0x0a, 0x01, 0x02, 0x00, 0x07, 0x01, 0x0d, 0x00, 0x06, 0x01, 0x02, 0x00, 0x0a, 0x01,
    0x02, 0x00, 0x0a, 0x01, 0x02, 0x00, 0x0a, 0x01, 0x02, 0x00, 0x06, 0x01, 0x0f, 0x00, 0x05, 0x01,
    0x02, 0x00, 0x0a, 0x01, 0x02, 0x00, 0x0a, 0x01, 0x02, 0x00, 0x0a, 0x01, 0x02, 0x00, 0x05, 0x01,
    0x11, 0x00, 0x04, 0x01, 0x02, 0x00, 0x0a, 0x01, 0x02, 0x00, 0x0a, 0x01, 0x02, 0x00, 0x0a, 0x01,
    0x02, 0x00, 0x04, 0x01, 0x14, 0x00, 0x02, 0x01, 0x02, 0x00, 0x0a, 0x01, 0x02, 0x00, 0x0a, 0x01,
    0x02, 0x00, 0x0a, 0x01, 0x02, 0x00, 0x02, 0x01, 0x1a, 0x00, 0x0a, 0x01, 0x02, 0x00, 0x0a, 0x01,
    0x02, 0x00, 0x0a, 0x01, 0xcf, 0x00, 0xcf, 0x00, 0x0a, 0x01, 0x02, 0x00, 0x0a, 0x01, 0x02, 0x00,
    0x0a, 0x01, 0x1a, 0x00, 0x02, 0x01, 0x02, 0x00, 0x0a, 0x01, 0x02, 0x00, 0x0a, 0x01, 0x02, 0x00,
    0x0a, 0x01, 0x02, 0x00, 0x02, 0x01, 0x14, 0x00, 0x04, 0x01, 0x02, 0x00, 0x0a, 0x01, 0x02, 0x00,
    0x0a, 0x01, 0x02, 0x00, 0x0a, 0x01, 0x02, 0x00, 0x04, 0x01, 0x11, 0x00, 0x05, 0x01, 0x02, 0x00,
    0x0a, 0x01, 0x02, 0x00, 0x0a, 0x01, 0x02, 0x00, 0x0a, 0x01, 0x02, 0x00, 0x05, 0x01, 0x0f, 0x00,
    0x06, 0x01, 0x02, 0x00, 0x0a, 0x01, 0x02, 0x00, 0x0a, 0x01, 0x02, 0x00, 0x0a, 0x01, 0x02, 0x00,
    0x06, 0x01, 0x0d, 0x00, 0x07, 0x01, 0x02, 0x00, 0x0a, 0x01, 0x02, 0x00, 0x0a, 0x01, 0x02, 0x00,
    0x0a, 0x01, 0x02, 0x00, 0x07, 0x01, 0x0b, 0x00, 0x08, 0x01, 0x02, 0x00, 0x0a, 0x01, 0x02, 0x00,
    0x0a, 0x01, 0x02, 0x00, 0x0a, 0x01, 0x02, 0x00, 0x08, 0x01, 0x49, 0x00, 0x09, 0x01, 0x02, 0x00,
    0x0a, 0x01, 0x02, 0x00, 0x0a, 0x01, 0x02, 0x00, 0x0a, 0x01, 0x02, 0x00, 0x09, 0x01, 0x08, 0x00,
    0x09, 0x01, 0x02, 0x00, 0x0a, 0x01, 0x02, 0x00, 0x0a, 0x01, 0x02, 0x00, 0x0a, 0x01, 0x02, 0x00,
    0x09, 0x01, 0x08, 0x00, 0x09, 0x01, 0x02, 0x00, 0x0a, 0x01, 0x02, 0x00, 0x0a, 0x01, 0x02, 0x00,
    0x0a, 0x01, 0x02, 0x00, 0x09, 0x01, 0x08, 0x00, 0x09, 0x01, 0x02, 0x00, 0x0a, 0x01, 0x02, 0x00,
    0x05, 0x01, 0x01, 0x00, 0x04, 0x01, 0x02, 0x00, 0x0a, 0x01, 0x02, 0x00, 0x09, 0x01, 0x07, 0x00,
    0x0a, 0x01, 0x02, 0x00, 0x05, 0x01, 0x01, 0x00, 0x04, 0x01, 0x02, 0x00, 0x04, 0x01, 0x03, 0x00,
    0x03, 0x01, 0x02, 0x00, 0x05, 0x01, 0x01, 0x00, 0x04, 0x01, 0x02, 0x00, 0x0a, 0x01, 0x06, 0x00,
    0x0a, 0x01, 0x02, 0x00, 0x04, 0x01, 0x03, 0x00, 0x03, 0x01, 0x02, 0x00, 0x03, 0x01, 0x05, 0x00,
    0x02, 0x01, 0x02, 0x00, 0x04, 0x01, 0x03, 0x00, 0x03, 0x01, 0x02, 0x00, 0x0a, 0x01, 0x07, 0x00,
    0x09, 0x01, 0x02, 0x00, 0x05, 0x01, 0x01, 0x00, 0x04, 0x01, 0x02, 0x00, 0x04, 0x01, 0x03, 0x00,
    0x03, 0x01, 0x02, 0x00, 0x05, 0x01, 0x01, 0x00, 0x04, 0x01, 0x02, 0x00, 0x09, 0x01, 0x08, 0x00,
    0x09, 0x01, 0x02, 0x00, 0x0a, 0x01, 0x02, 0x00, 0x05, 0x01, 0x01, 0x00, 0x04, 0x01, 0x02, 0x00,
    0x0a, 0x01, 0x02, 0x00, 0x09, 0x01, 0x08, 0x00, 0x09, 0x01, 0x02, 0x00, 0x0a, 0x01, 0x02, 0x00,
    0x0a, 0x01, 0x02, 0x00, 0x0a, 0x01, 0x02, 0x00, 0x09, 0x01, 0x08, 0x00, 0x09, 0x01, 0x02, 0x00,
    0x0a, 0x01, 0x02, 0x00, 0x0a, 0x01, 0x02, 0x00, 0x0a, 0x01, 0x02, 0x00, 0x09, 0x01, 0x09, 0x00,
    0x08, 0x01, 0x02, 0x00, 0x0a, 0x01, 0x02, 0x00, 0x0a, 0x01, 0x02, 0x00, 0x0a, 0x01, 0x02, 0x00,
    0x08, 0x01, 0x4b, 0x00, 0x07, 0x01, 0x02, 0x00, 0x0a, 0x01, 0x02, 0x00, 0x0a, 0x01, 0x02, 0x00,
    0x0a, 0x01, 0x02, 0x00, 0x07, 0x01, 0x0d, 0x00, 0x06, 0x01, 0x02, 0x00, 0x0a, 0x01, 0x02, 0x00,
    0x0a, 0x01, 0x02, 0x00, 0x0a, 0x01, 0x02, 0x00, 0x06, 0x01, 0x0f, 0x00, 0x05, 0x01, 0x02, 0x00,
    0x0a, 0x01, 0x02, 0x00, 0x0a, 0x01, 0x02, 0x00, 0x0a, 0x01, 0x02, 0x00, 0x05, 0x01, 0x11, 0x00,
    0x04, 0x01, 0x02, 0x00, 0x0a, 0x01, 0x02, 0x00, 0x0a, 0x01, 0x02, 0x00, 0x0a, 0x01, 0x02, 0x00,
    0x04, 0x01, 0x14, 0x00, 0x02, 0x01, 0x02, 0x00, 0x0a, 0x01, 0x02, 0x00, 0x0a, 0x01, 0x02, 0x00,
    0x0a, 0x01, 0x02, 0x00, 0x02, 0x01, 0x1a, 0x00, 0x0a, 0x01, 0x02, 0x00, 0x0a, 0x01, 0x02, 0x00,
    0x0a, 0x01, 0xcf, 0x00, 0xcf, 0x00, 0x0a, 0x01, 0x02, 0x00, 0x0a, 0x01, 0x02, 0x00, 0x0a, 0x01,
    0x1a, 0x00, 0x02, 0x01, 0x02, 0x00, 0x0a, 0x01, 0x02, 0x00, 0x0a, 0x01, 0x02, 0x00, 0x0a, 0x01,
    0x02, 0x00, 0x02, 0x01, 0x14, 0x00, 0x04, 0x01, 0x02, 0x00, 0x0a, 0x01, 0x02, 0x00, 0x0a, 0x01,
    0x02, 0x00, 0x0a, 0x01, 0x02, 0x00, 0x04, 0x01, 0x11, 0x00, 0x05, 0x01, 0x02, 0x00, 0x0a, 0x01,
    0x02, 0x00, 0x0a, 0x01, 0x02, 0x00, 0x0a, 0x01, 0x02, 0x00, 0x05, 0x01, 0x0f, 0x00, 0x06, 0x01,
    0x02, 0x00, 0x0a, 0x01, 0x02, 0x00, 0x0a, 0x01, 0x02, 0x00, 0x0a, 0x01, 0x02, 0x00, 0x06, 0x01,
    0x0d, 0x00, 0x07, 0x01, 0x02, 0x00, 0x0a, 0x01, 0x02, 0x00, 0x0a, 0x01, 0x02, 0x00, 0x0a, 0x01,
    0x02, 0x00, 0x07, 0x01, 0x0b, 0x00, 0x08, 0x01, 0x02, 0x00, 0x0a, 0x01, 0x02, 0x00, 0x0a, 0x01,
    0x02, 0x00, 0x0a, 0x01, 0x02, 0x00, 0x08, 0x01, 0x49, 0x00, 0x09, 0x01, 0x02, 0x00, 0x0a, 0x01,
    0x02, 0x00, 0x0a, 0x01, 0x02, 0x00, 0x0a, 0x01, 0x02, 0x00, 0x09, 0x01, 0x08, 0x00, 0x09, 0x01,
    0x02, 0x00, 0x0a, 0x01, 0x02, 0x00, 0x0a, 0x01, 0x02, 0x00, 0x0a, 0x01, 0x02, 0x00, 0x09, 0x01,
    0x08, 0x00, 0x09, 0x01, 0x02, 0x00, 0x0a, 0x01, 0x02, 0x00, 0x0a, 0x01, 0x02, 0x00, 0x0a, 0x01,
    0x02, 0x00, 0x09, 0x01, 0x08, 0x00, 0x09, 0x01, 0x02, 0x00, 0x0a, 0x01, 0x02, 0x00, 0x0a, 0x01,
    0x02, 0x00, 0x05, 0x01, 0x01, 0x00, 0x04, 0x01, 0x02, 0x00, 0x09, 0x01, 0x07, 0x00, 0x0a, 0x01,
    0x02, 0x00, 0x05, 0x01, 0x01, 0x00, 0x04, 0x01, 0x02, 0x00, 0x05, 0x01, 0x01, 0x00, 0x04, 0x01,
    0x02, 0x00, 0x04, 0x01, 0x03, 0x00, 0x03, 0x01, 0x02, 0x00, 0x0a, 0x01, 0x06, 0x00, 0x0a, 0x01,
    0x02, 0x00, 0x04, 0x01, 0x03, 0x00, 0x03, 0x01, 0x02, 0x00, 0x04, 0x01, 0x03, 0x00, 0x03, 0x01,
    0x02, 0x00, 0x03, 0x01, 0x05, 0x00, 0x02, 0x01, 0x02, 0x00, 0x0a, 0x01, 0x07, 0x00, 0x09, 0x01,
    0x02, 0x00, 0x05, 0x01, 0x01, 0x00, 0x04, 0x01, 0x02, 0x00, 0x05, 0x01, 0x01, 0x00, 0x04, 0x01,
    0x02, 0x00, 0x04, 0x01, 0x03, 0x00, 0x03, 0x01, 0x02, 0x00, 0x09, 0x01, 0x08, 0x00, 0x09, 0x01,
    0x02, 0x00, 0x0a, 0x01, 0x02, 0x00, 0x0a, 0x01, 0x02, 0x00, 0x05, 0x01, 0x01, 0x00, 0x04, 0x01,
    0x02, 0x00, 0x09, 0x01, 0x08, 0x00, 0x09, 0x01, 0x02, 0x00, 0x0a, 0x01, 0x02, 0x00, 0x0a, 0x01,
    0x02, 0x00, 0x0a, 0x01, 0x02, 0x00, 0x09, 0x01, 0x08, 0x00, 0x09, 0x01, 0x02, 0x00, 0x0a, 0x01,
    0x02, 0x00, 0x0a, 0x01, 0x02, 0x00, 0x0a, 0x01, 0x02, 0x00, 0x09, 0x01, 0x09, 0x00, 0x08, 0x01,
    0x02, 0x00, 0x0a, 0x01, 0x02, 0x00, 0x0a, 0x01, 0x02, 0x00, 0x0a, 0x01, 0x02, 0x00, 0x08, 0x01,
    0x4b, 0x00, 0x07, 0x01, 0x02, 0x00, 0x0a, 0x01, 0x02, 0x00, 0x0a, 0x01, 0x02, 0x00, 0x0a, 0x01,
    0x02, 0x00, 0x07, 0x01, 0x0d, 0x00, 0x06, 0x01, 0x02, 0x00, 0x0a, 0x01, 0x02, 0x00, 0x0a, 0x01,
    0x02, 0x00, 0x0a, 0x01, 0x02, 0x00, 0x06, 0x01, 0x0f, 0x00, 0x05, 0x01, 0x02, 0x00, 0x0a, 0x01,
    0x02, 0x00, 0x0a, 0x01, 0x02, 0x00, 0x0a, 0x01, 0x02, 0x00, 0x05, 0x01, 0x11, 0x00, 0x04, 0x01,
    0x02, 0x00, 0x0a, 0x01, 0x02, 0x00, 0x0a, 0x01, 0x02, 0x00, 0x0a, 0x01, 0x02, 0x00, 0x04, 0x01,
    0x14, 0x00, 0x02, 0x01, 0x02, 0x00, 0x0a, 0x01, 0x02, 0x00, 0x0a, 0x01, 0x02, 0x00, 0x0a, 0x01,
    0x02, 0x00, 0x02, 0x01, 0x1a, 0x00, 0x0a, 0x01, 0x02, 0x00, 0x0a, 0x01, 0x02, 0x00, 0x0a, 0x01,
    0xcf, 0x00, 0xff, 0x00, 0xff, 0x00, 0x4e, 0x00, 0x28, 0x02, 0x15, 0x00, 0x2e, 0x02, 0x11, 0x00,
    0x30, 0x02, 0x0f, 0x00, 0x32, 0x02, 0x0d, 0x00, 0x34, 0x02, 0x0c, 0x00, 0x34, 0x02, 0x0c, 0x00,
    0x02, 0x02, 0x04, 0x00, 0x28, 0x02, 0x05, 0x00, 0x01, 0x02, 0x0b, 0x00, 0x03, 0x02, 0x0c, 0x00,
    0x18, 0x02, 0x0d, 0x00, 0x02, 0x02, 0x0a, 0x00, 0x07, 0x02, 0x28, 0x00, 0x07, 0x02, 0x0b, 0x00,
    0x0e, 0x02, 0x18, 0x00, 0x0e, 0x02, 0x0c, 0x00, 0x34, 0x02, 0x0c, 0x00, 0x34, 0x02, 0x0d, 0x00,
    0x32, 0x02, 0x0f, 0x00, 0x30, 0x02, 0x11, 0x00, 0x2e, 0x02, 0x15, 0x00, 0x28, 0x02, 0xff, 0x00,
    0xcd, 0x00, 0xff, 0x00, 0xff, 0x00, 0x4e, 0x00, 0x28, 0x02, 0x15, 0x00, 0x2e, 0x02, 0x11, 0x00,
    0x30, 0x02, 0x0f, 0x00, 0x32, 0x02, 0x0d, 0x00, 0x34, 0x02, 0x0c, 0x00, 0x34, 0x02, 0x0c, 0x00,
    0x02, 0x02, 0x03, 0x00, 0x2b, 0x02, 0x03, 0x00, 0x01, 0x02, 0x0b, 0x00, 0x03, 0x02, 0x08, 0x00,
    0x20, 0x02, 0x09, 0x00, 0x02, 0x02, 0x0a, 0x00, 0x06, 0x02, 0x0b, 0x00, 0x15, 0x02, 0x0b, 0x00,
    0x05, 0x02, 0x0b, 0x00, 0x0a, 0x02, 0x20, 0x00, 0x0a, 0x02, 0x0c, 0x00, 0x10, 0x02, 0x15, 0x00,
    0x0f, 0x02, 0x0c, 0x00, 0x34, 0x02, 0x0d, 0x00, 0x32, 0x02, 0x0f, 0x00, 0x30, 0x02, 0x11, 0x00,
    0x2e, 0x02, 0x15, 0x00, 0x28, 0x02, 0xff, 0x00, 0xcd, 0x00, 0xcf, 0x00, 0x0a, 0x01, 0x02, 0x00,
    0x0a, 0x01, 0x02, 0x00, 0x0a, 0x01, 0x1a, 0x00, 0x02, 0x01, 0x02, 0x00, 0x0a, 0x01, 0x02, 0x00,
    0x0a, 0x01, 0x02, 0x00, 0x0a, 0x01, 0x02, 0x00, 0x02, 0x01, 0x14, 0x00, 0x04, 0x01, 0x02, 0x00,
    0x0a, 0x01, 0x02, 0x00, 0x0a, 0x01, 0x02, 0x00, 0x0a, 0x01, 0x02, 0x00, 0x04, 0x01, 0x11, 0x00,
    0x05, 0x01, 0x02, 0x00, 0x0a, 0x01, 0x02, 0x00, 0x0a, 0x01, 0x02, 0x00, 0x0a, 0x01, 0x02, 0x00,
    0x05, 0x01, 0x0f, 0x00, 0x06, 0x01, 0x02, 0x00, 0x0a, 0x01, 0x02, 0x00, 0x0a, 0x01, 0x02, 0x00,
    0x0a, 0x01, 0x02, 0x00, 0x06, 0x01, 0x0d, 0x00, 0x07, 0x01, 0x02, 0x00, 0x0a, 0x01, 0x02, 0x00,
    0x0a, 0x01, 0x02, 0x00, 0x0a, 0x01, 0x02, 0x00, 0x07, 0x01, 0x0b, 0x00, 0x08, 0x01, 0x02, 0x00,
    0x0a, 0x01, 0x02, 0x00, 0x0a, 0x01, 0x02, 0x00, 0x0a, 0x01, 0x02, 0x00, 0x08, 0x01, 0x0a, 0x00,
    0x08, 0x01, 0x02, 0x00, 0x0a, 0x01, 0x02, 0x00, 0x0a, 0x01, 0x02, 0x00, 0x0a, 0x01, 0x02, 0x00,
    0x08, 0x01, 0x09, 0x00, 0x09, 0x01, 0x02, 0x00, 0x0a, 0x01, 0x02, 0x00, 0x0a, 0x01, 0x02, 0x00,
    0x0a, 0x01, 0x02, 0x00, 0x09, 0x01, 0x08, 0x00, 0x09, 0x01, 0x02, 0x00, 0x0a, 0x01, 0x02, 0x00,
    0x0a, 0x01, 0x02, 0x00, 0x0a, 0x01, 0x02, 0x00, 0x09, 0x01, 0x08, 0x00, 0x01, 0x01, 0x3f, 0x00,
    0x01, 0x01, 0x3e, 0x00, 0x05, 0x01, 0x03, 0x00, 0x02, 0x01, 0x02, 0x00, 0x0a, 0x01, 0x02, 0x00,
    0x0a, 0x01, 0x02, 0x00, 0x0a, 0x01, 0x02, 0x00, 0x0a, 0x01, 0x06, 0x00, 0x05, 0x01, 0x03, 0x00,
    0x02, 0x01, 0x02, 0x00, 0x0a, 0x01, 0x02, 0x00, 0x0a, 0x01, 0x02, 0x00, 0x0a, 0x01, 0x02, 0x00,
    0x0a, 0x01, 0x07, 0x00, 0x09, 0x01, 0x02, 0x00, 0x0a, 0x01, 0x02, 0x00, 0x0a, 0x01, 0x02, 0x00,
    0x0a, 0x01, 0x02, 0x00, 0x09, 0x01, 0x08, 0x00, 0x01, 0x01, 0x3f, 0x00, 0x01, 0x01, 0x3f, 0x00,
    0x09, 0x01, 0x02, 0x00, 0x0a, 0x01, 0x02, 0x00, 0x0a, 0x01, 0x02, 0x00, 0x0a, 0x01, 0x02, 0x00,
    0x09, 0x01, 0x09, 0x00, 0x08, 0x01, 0x02, 0x00, 0x0a, 0x01, 0x02, 0x00, 0x0a, 0x01, 0x02, 0x00,
    0x0a, 0x01, 0x02, 0x00, 0x08, 0x01, 0x0a, 0x00, 0x08, 0x01, 0x02, 0x00, 0x0a, 0x01, 0x02, 0x00,
    0x0a, 0x01, 0x02, 0x00, 0x0a, 0x01, 0x02, 0x00, 0x08, 0x01, 0x0b, 0x00, 0x07, 0x01, 0x02, 0x00,
    0x0a, 0x01, 0x02, 0x00, 0x0a, 0x01, 0x02, 0x00, 0x0a, 0x01, 0x02, 0x00, 0x07, 0x01, 0x0d, 0x00,
    0x06, 0x01, 0x02, 0x00, 0x0a, 0x01, 0x02, 0x00, 0x0a, 0x01, 0x02, 0x00, 0x0a, 0x01, 0x02, 0x00,
    0x06, 0x01, 0x0f, 0x00, 0x05, 0x01, 0x02, 0x00, 0x0a, 0x01, 0x02, 0x00, 0x0a, 0x01, 0x02, 0x00,
    0x0a, 0x01, 0x02, 0x00, 0x05, 0x01, 0x11, 0x00, 0x04, 0x01, 0x02, 0x00, 0x0a, 0x01, 0x02, 0x00,
    0x0a, 0x01, 0x02, 0x00, 0x0a, 0x01, 0x02, 0x00, 0x04, 0x01, 0x14, 0x00, 0x02, 0x01, 0x02, 0x00,
    0x0a, 0x01, 0x02, 0x00, 0x0a, 0x01, 0x02, 0x00, 0x0a, 0x01, 0x02, 0x00, 0x02, 0x01, 0x1a, 0x00,
    0x0a, 0x01, 0x02, 0x00, 0x0a, 0x01, 0x02, 0x00, 0x0a, 0x01, 0xcf, 0x00, 0xcf, 0x00, 0x0a, 0x01,
    0x02, 0x00, 0x0a, 0x01, 0x02, 0x00, 0x0a, 0x01, 0x1a, 0x00, 0x02, 0x01, 0x02, 0x00, 0x0a, 0x01,
    0x02, 0x00, 0x0a, 0x01, 0x02, 0x00, 0x0a, 0x01, 0x02, 0x00, 0x02, 0x01, 0x14, 0x00, 0x04, 0x01,
    0x02, 0x00, 0x0a, 0x01, 0x02, 0x00, 0x0a, 0x01, 0x02, 0x00, 0x0a, 0x01, 0x02, 0x00, 0x04, 0x01,
    0x11, 0x00, 0x05, 0x01, 0x02, 0x00, 0x0a, 0x01, 0x02, 0x00, 0x0a, 0x01, 0x02, 0x00, 0x0a, 0x01,
    0x02, 0x00, 0x05, 0x01, 0x0f, 0x00, 0x06, 0x01, 0x02, 0x00, 0x0a, 0x01, 0x02, 0x00, 0x0a, 0x01,
    0x02, 0x00, 0x0a, 0x01, 0x02, 0x00, 0x06, 0x01, 0x0d, 0x00, 0x07, 0x01, 0x02, 0x00, 0x0a, 0x01,
    0x02, 0x00, 0x0a, 0x01, 0x02, 0x00, 0x0a, 0x01, 0x02, 0x00, 0x07, 0x01, 0x0b, 0x00, 0x08, 0x01,
    0x02, 0x00, 0x0a, 0x01, 0x02, 0x00, 0x0a, 0x01, 0x02, 0x00, 0x0a, 0x01, 0x02, 0x00, 0x08, 0x01,
    0x0a, 0x00, 0x08, 0x01, 0x02, 0x00, 0x0a, 0x01, 0x02, 0x00, 0x0a, 0x01, 0x02, 0x00, 0x0a, 0x01,
    0x02, 0x00, 0x08, 0x01, 0x09, 0x00, 0x09, 0x01, 0x02, 0x00, 0x0a, 0x01, 0x02, 0x00, 0x0a, 0x01,
    0x02, 0x00, 0x0a, 0x01, 0x02, 0x00, 0x09, 0x01, 0x08, 0x00, 0x09, 0x01, 0x02, 0x00, 0x0a, 0x01,
    0x02, 0x00, 0x0a, 0x01, 0x02, 0x00, 0x0a, 0x01, 0x02, 0x00, 0x09, 0x01, 0x08, 0x00, 0x01, 0x01,
    0x3f, 0x00, 0x01, 0x01, 0x3e, 0x00, 0x0a, 0x01, 0x04, 0x00, 0x08, 0x01, 0x02, 0x00, 0x0a, 0x01,
    0x02, 0x00, 0x0a, 0x01, 0x02, 0x00, 0x0a, 0x01, 0x06, 0x00, 0x0a, 0x01, 0x04, 0x00, 0x08, 0x01,
    0x02, 0x00, 0x0a, 0x01, 0x02, 0x00, 0x0a, 0x01, 0x02, 0x00, 0x0a, 0x01, 0x07, 0x00, 0x09, 0x01,
    0x02, 0x00, 0x0a, 0x01, 0x02, 0x00, 0x0a, 0x01, 0x02, 0x00, 0x0a, 0x01, 0x02, 0x00, 0x09, 0x01,
    0x08, 0x00, 0x01, 0x01, 0x3f, 0x00, 0x01, 0x01, 0x3f, 0x00, 0x09, 0x01, 0x02, 0x00, 0x0a, 0x01,
    0x02, 0x00, 0x0a, 0x01, 0x02, 0x00, 0x0a, 0x01, 0x02, 0x00, 0x09, 0x01, 0x09, 0x00, 0x08, 0x01,
    0x02, 0x00, 0x0a, 0x01, 0x02, 0x00, 0x0a, 0x01, 0x02, 0x00, 0x0a, 0x01, 0x02, 0x00, 0x08, 0x01,
    0x0a, 0x00, 0x08, 0x01, 0x02, 0x00, 0x0a, 0x01, 0x02, 0x00, 0x0a, 0x01, 0x02, 0x00, 0x0a, 0x01,
    0x02, 0x00, 0x08, 0x01, 0x0b, 0x00, 0x07, 0x01, 0x02, 0x00, 0x0a, 0x01, 0x02, 0x00, 0x0a, 0x01,
    0x02, 0x00, 0x0a, 0x01, 0x02, 0x00, 0x07, 0x01, 0x0d, 0x00, 0x06, 0x01, 0x02, 0x00, 0x0a, 0x01,
    0x02, 0x00, 0x0a, 0x01, 0x02, 0x00, 0x0a, 0x01, 0x02, 0x00, 0x06, 0x01, 0x0f, 0x00, 0x05, 0x01,
    0x02, 0x00, 0x0a, 0x01, 0x02, 0x00, 0x0a, 0x01, 0x02, 0x00, 0x0a, 0x01, 0x02, 0x00, 0x05, 0x01,
    0x11, 0x00, 0x04, 0x01, 0x02, 0x00, 0x0a, 0x01, 0x02, 0x00, 0x0a, 0x01, 0x02, 0x00, 0x0a, 0x01,
    0x02, 0x00, 0x04, 0x01, 0x14, 0x00, 0x02, 0x01, 0x02, 0x00, 0x0a, 0x01, 0x02, 0x00, 0x0a, 0x01,
    0x02, 0x00, 0x0a, 0x01, 0x02, 0x00, 0x02, 0x01, 0x1a, 0x00, 0x0a, 0x01, 0x02, 0x00, 0x0a, 0x01,
    0x02, 0x00, 0x0a, 0x01, 0xcf, 0x00, 0xcf, 0x00, 0x0a, 0x01, 0x02, 0x00, 0x0a, 0x01, 0x02, 0x00,
    0x0a, 0x01, 0x1a, 0x00, 0x02, 0x01, 0x02, 0x00, 0x0a, 0x01, 0x02, 0x00, 0x0a, 0x01, 0x02, 0x00,
    0x0a, 0x01, 0x02, 0x00, 0x02, 0x01, 0x14, 0x00, 0x04, 0x01, 0x02, 0x00, 0x0a, 0x01, 0x02, 0x00,
    0x0a, 0x01, 0x02, 0x00, 0x0a, 0x01, 0x02, 0x00, 0x04, 0x01, 0x11, 0x00, 0x05, 0x01, 0x02, 0x00,
    0x0a, 0x01, 0x02, 0x00, 0x0a, 0x01, 0x02, 0x00, 0x0a, 0x01, 0x02, 0x00, 0x05, 0x01, 0x0f, 0x00,
    0x06, 0x01, 0x02, 0x00, 0x0a, 0x01, 0x02, 0x00, 0x0a, 0x01, 0x02, 0x00, 0x0a, 0x01, 0x02, 0x00,
    0x06, 0x01, 0x0d, 0x00, 0x07, 0x01, 0x02, 0x00, 0x0a, 0x01, 0x02, 0x00, 0x0a, 0x01, 0x02, 0x00,
    0x0a, 0x01, 0x02, 0x00, 0x07, 0x01, 0x0b, 0x00, 0x08, 0x01, 0x02, 0x00, 0x0a, 0x01, 0x02, 0x00,
    0x0a, 0x01, 0x02, 0x00, 0x0a, 0x01, 0x02, 0x00, 0x08, 0x01, 0x0a, 0x00, 0x08, 0x01, 0x02, 0x00,
    0x0a, 0x01, 0x02, 0x00, 0x0a, 0x01, 0x02, 0x00, 0x0a, 0x01, 0x02, 0x00, 0x08, 0x01, 0x09, 0x00,
    0x09, 0x01, 0x02, 0x00, 0x0a, 0x01, 0x02, 0x00, 0x0a, 0x01, 0x02, 0x00, 0x0a, 0x01, 0x02, 0x00,
    0x09, 0x01, 0x08, 0x00, 0x09, 0x01, 0x02, 0x00, 0x0a, 0x01, 0x02, 0x00, 0x0a, 0x01, 0x02, 0x00,
    0x0a, 0x01, 0x02, 0x00, 0x09, 0x01, 0x08, 0x00, 0x01, 0x01, 0x3f, 0x00, 0x01, 0x01, 0x3e, 0x00,
    0x0a, 0x01, 0x02, 0x00, 0x05, 0x01, 0x03, 0x00, 0x02, 0x01, 0x02, 0x00, 0x0a, 0x01, 0x02, 0x00,
    0x0a, 0x01, 0x02, 0x00, 0x0a, 0x01, 0x06, 0x00, 0x0a, 0x01, 0x02, 0x00, 0x05, 0x01, 0x03, 0x00,
    0x02, 0x01, 0x02, 0x00, 0x0a, 0x01, 0x02, 0x00, 0x0a, 0x01, 0x02, 0x00, 0x0a, 0x01, 0x07, 0x00,
    0x09, 0x01, 0x02, 0x00, 0x0a, 0x01, 0x02, 0x00, 0x0a, 0x01, 0x02, 0x00, 0x0a, 0x01, 0x02, 0x00,
    0x09, 0x01, 0x08, 0x00, 0x01, 0x01, 0x3f, 0x00, 0x01, 0x01, 0x3f, 0x00, 0x09, 0x01, 0x02, 0x00,
    0x0a, 0x01, 0x02, 0x00, 0x0a, 0x01, 0x02, 0x00, 0x0a, 0x01, 0x02, 0x00, 0x09, 0x01, 0x09, 0x00,
    0x08, 0x01, 0x02, 0x00, 0x0a, 0x01, 0x02, 0x00, 0x0a, 0x01, 0x02, 0x00, 0x0a, 0x01, 0x02, 0x00,
    0x08, 0x01, 0x0a, 0x00, 0x08, 0x01, 0x02, 0x00, 0x0a, 0x01, 0x02, 0x00, 0x0a, 0x01, 0x02, 0x00,
    0x0a, 0x01, 0x02, 0x00, 0x08, 0x01, 0x0b, 0x00, 0x07, 0x01, 0x02, 0x00, 0x0a, 0x01, 0x02, 0x00,
    0x0a, 0x01, 0x02, 0x00, 0x0a, 0x01, 0x02, 0x00, 0x07, 0x01, 0x0d, 0x00, 0x06, 0x01, 0x02, 0x00,
    0x0a, 0x01, 0x02, 0x00, 0x0a, 0x01, 0x02, 0x00, 0x0a, 0x01, 0x02, 0x00, 0x06, 0x01, 0x0f, 0x00,
    0x05, 0x01, 0x02, 0x00, 0x0a, 0x01, 0x02, 0x00, 0x0a, 0x01, 0x02, 0x00, 0x0a, 0x01, 0x02, 0x00,
    0x05, 0x01, 0x11, 0x00, 0x04, 0x01, 0x02, 0x00, 0x0a, 0x01, 0x02, 0x00, 0x0a, 0x01, 0x02, 0x00,
    0x0a, 0x01, 0x02, 0x00, 0x04, 0x01, 0x14, 0x00, 0x02, 0x01, 0x02, 0x00, 0x0a, 0x01, 0x02, 0x00,
    0x0a, 0x01, 0x02, 0x00, 0x0a, 0x01, 0x02, 0x00, 0x02, 0x01, 0x1a, 0x00, 0x0a, 0x01, 0x02, 0x00,
    0x0a, 0x01, 0x02, 0x00, 0x0a, 0x01, 0xcf, 0x00, 0xcf, 0x00, 0x0a, 0x01, 0x02, 0x00, 0x0a, 0x01,
    0x02, 0x00, 0x0a, 0x01, 0x1a, 0x00, 0x02, 0x01, 0x02, 0x00, 0x0a, 0x01, 0x02, 0x00, 0x0a, 0x01,
    0x02, 0x00, 0x0a, 0x01, 0x02, 0x00, 0x02, 0x01, 0x14, 0x00, 0x04, 0x01, 0x02, 0x00, 0x0a, 0x01,
    0x02, 0x00, 0x0a, 0x01, 0x02, 0x00, 0x0a, 0x01, 0x02, 0x00, 0x04, 0x01, 0x11, 0x00, 0x05, 0x01,
    0x02, 0x00, 0x0a, 0x01, 0x02, 0x00, 0x0a, 0x01, 0x02, 0x00, 0x0a, 0x01, 0x02, 0x00, 0x05, 0x01,
    0x0f, 0x00, 0x06, 0x01, 0x02, 0x00, 0x0a, 0x01, 0x02, 0x00, 0x0a, 0x01, 0x02, 0x00, 0x0a, 0x01,
    0x02, 0x00, 0x06, 0x01, 0x0d, 0x00, 0x07, 0x01, 0x02, 0x00, 0x0a, 0x01, 0x02, 0x00, 0x0a, 0x01,
    0x02, 0x00, 0x0a, 0x01, 0x02, 0x00, 0x07, 0x01, 0x0b, 0x00, 0x08, 0x01, 0x02, 0x00, 0x0a, 0x01,
    0x02, 0x00, 0x0a, 0x01, 0x02, 0x00, 0x0a, 0x01, 0x02, 0x00, 0x08, 0x01, 0x0a, 0x00, 0x08, 0x01,
    0x02, 0x00, 0x0a, 0x01, 0x02, 0x00, 0x0a, 0x01, 0x02, 0x00, 0x0a, 0x01, 0x02, 0x00, 0x08, 0x01,
    0x09, 0x00, 0x09, 0x01, 0x02, 0x00, 0x0a, 0x01, 0x02, 0x00, 0x0a, 0x01, 0x02, 0x00, 0x0a, 0x01,
    0x02, 0x00, 0x09, 0x01, 0x08, 0x00, 0x09, 0x01, 0x02, 0x00, 0x0a, 0x01, 0x02, 0x00, 0x0a, 0x01,
    0x02, 0x00, 0x0a, 0x01, 0x02, 0x00, 0x09, 0x01, 0x08, 0x00, 0x01, 0x01, 0x3f, 0x00, 0x01, 0x01,
    0x3e, 0x00, 0x0a, 0x01, 0x02, 0x00, 0x0a, 0x01, 0x04, 0x00, 0x08, 0x01, 0x02, 0x00, 0x0a, 0x01,
    0x02, 0x00, 0x0a, 0x01, 0x06, 0x00, 0x0a, 0x01, 0x02, 0x00, 0x0a, 0x01, 0x04, 0x00, 0x08, 0x01,
    0x02, 0x00, 0x0a, 0x01, 0x02, 0x00, 0x0a, 0x01, 0x07, 0x00, 0x09, 0x01, 0x02, 0x00, 0x0a, 0x01,
    0x02, 0x00, 0x0a, 0x01, 0x02, 0x00, 0x0a, 0x01, 0x02, 0x00, 0x09, 0x01, 0x08, 0x00, 0x01, 0x01,
    0x3f, 0x00, 0x01, 0x01, 0x3f, 0x00, 0x09, 0x01, 0x02, 0x00, 0x0a, 0x01, 0x02, 0x00, 0x0a, 0x01,
    0x02, 0x00, 0x0a, 0x01, 0x02, 0x00, 0x09, 0x01, 0x09, 0x00, 0x08, 0x01, 0x02, 0x00, 0x0a, 0x01,
    0x02, 0x00, 0x0a, 0x01, 0x02, 0x00, 0x0a, 0x01, 0x02, 0x00, 0x08, 0x01, 0x0a, 0x00, 0x08, 0x01,
    0x02, 0x00, 0x0a, 0x01, 0x02, 0x00, 0x0a, 0x01, 0x02, 0x00, 0x0a, 0x01, 0x02, 0x00, 0x08, 0x01,
    0x0b, 0x00, 0x07, 0x01, 0x02, 0x00, 0x0a, 0x01, 0x02, 0x00, 0x0a, 0x01, 0x02, 0x00, 0x0a, 0x01,
    0x02, 0x00, 0x07, 0x01, 0x0d, 0x00, 0x06, 0x01, 0x02, 0x00, 0x0a, 0x01, 0x02, 0x00, 0x0a, 0x01,
    0x02, 0x00, 0x0a, 0x01, 0x02, 0x00, 0x06, 0x01, 0x0f, 0x00, 0x05, 0x01, 0x02, 0x00, 0x0a, 0x01,
    0x02, 0x00, 0x0a, 0x01, 0x02, 0x00, 0x0a, 0x01, 0x02, 0x00, 0x05, 0x01, 0x11, 0x00, 0x04, 0x01,
    0x02, 0x00, 0x0a, 0x01, 0x02, 0x00, 0x0a, 0x01, 0x02, 0x00, 0x0a, 0x01, 0x02, 0x00, 0x04, 0x01,
    0x14, 0x00, 0x02, 0x01, 0x02, 0x00, 0x0a, 0x01, 0x02, 0x00, 0x0a, 0x01, 0x02, 0x00, 0x0a, 0x01,
    0x02, 0x00, 0x02, 0x01, 0x1a, 0x00, 0x0a, 0x01, 0x02, 0x00, 0x0a, 0x01, 0x02, 0x00, 0x0a, 0x01,
    0xcf, 0x00, 0xcf, 0x00, 0x0a, 0x01, 0x02, 0x00, 0x0a, 0x01, 0x02, 0x00, 0x0a, 0x01, 0x1a, 0x00,
    0x02, 0x01, 0x02, 0x00, 0x0a, 0x01, 0x02, 0x00, 0x0a, 0x01, 0x02, 0x00, 0x0a, 0x01, 0x02, 0x00,
    0x02, 0x01, 0x14, 0x00, 0x04, 0x01, 0x02, 0x00, 0x0a, 0x01, 0x02, 0x00, 0x0a, 0x01, 0x02, 0x00,
    0x0a, 0x01, 0x02, 0x00, 0x04, 0x01, 0x11, 0x00, 0x05, 0x01, 0x02, 0x00, 0x0a, 0x01, 0x02, 0x00,
    0x0a, 0x01, 0x02, 0x00, 0x0a, 0x01, 0x02, 0x00, 0x05, 0x01, 0x0f, 0x00, 0x06, 0x01, 0x02, 0x00,
    0x0a, 0x01, 0x02, 0x00, 0x0a, 0x01, 0x02, 0x00, 0x0a, 0x01, 0x02, 0x00, 0x06, 0x01, 0x0d, 0x00,
    0x07, 0x01, 0x02, 0x00, 0x0a, 0x01, 0x02, 0x00, 0x0a, 0x01, 0x02, 0x00, 0x0a, 0x01, 0x02, 0x00,
    0x07, 0x01, 0x0b, 0x00, 0x08, 0x01, 0x02, 0x00, 0x0a, 0x01, 0x02, 0x00, 0x0a, 0x01, 0x02, 0x00,
    0x0a, 0x01, 0x02, 0x00, 0x08, 0x01, 0x0a, 0x00, 0x08, 0x01, 0x02, 0x00, 0x0a, 0x01, 0x02, 0x00,
    0x0a, 0x01, 0x02, 0x00, 0x0a, 0x01, 0x02, 0x00, 0x08, 0x01, 0x09, 0x00, 0x09, 0x01, 0x02, 0x00,
    0x0a, 0x01, 0x02, 0x00, 0x0a, 0x01, 0x02, 0x00, 0x0a, 0x01, 0x02, 0x00, 0x09, 0x01, 0x08, 0x00,
    0x09, 0x01, 0x02, 0x00, 0x0a, 0x01, 0x02, 0x00, 0x0a, 0x01, 0x02, 0x00, 0x0a, 0x01, 0x02, 0x00,
    0x09, 0x01, 0x08, 0x00, 0x01, 0x01, 0x3f, 0x00, 0x01, 0x01, 0x3e, 0x00, 0x0a, 0x01, 0x02, 0x00,
    0x0a, 0x01, 0x02, 0x00, 0x05, 0x01, 0x03, 0x00, 0x02, 0x01, 0x02, 0x00, 0x0a, 0x01, 0x02, 0x00,
    0x0a, 0x01, 0x06, 0x00, 0x0a, 0x01, 0x02, 0x00, 0x0a, 0x01, 0x02, 0x00, 0x05, 0x01, 0x03, 0x00,
    0x02, 0x01, 0x02, 0x00, 0x0a, 0x01, 0x02, 0x00, 0x0a, 0x01, 0x07, 0x00, 0x09, 0x01, 0x02, 0x00,
    0x0a, 0x01, 0x02, 0x00, 0x0a, 0x01, 0x02, 0x00, 0x0a, 0x01, 0x02, 0x00, 0x09, 0x01, 0x08, 0x00,
    0x01, 0x01, 0x3f, 0x00, 0x01, 0x01, 0x3f, 0x00, 0x09, 0x01, 0x02, 0x00, 0x0a, 0x01, 0x02, 0x00,
    0x0a, 0x01, 0x02, 0x00, 0x0a, 0x01, 0x02, 0x00, 0x09, 0x01, 0x09, 0x00, 0x08, 0x01, 0x02, 0x00,
    0x0a, 0x01, 0x02, 0x00, 0x0a, 0x01, 0x02, 0x00, 0x0a, 0x01, 0x02, 0x00, 0x08, 0x01, 0x0a, 0x00,
    0x08, 0x01, 0x02, 0x00, 0x0a, 0x01, 0x02, 0x00, 0x0a, 0x01, 0x02, 0x00, 0x0a, 0x01, 0x02, 0x00,
    0x08, 0x01, 0x0b, 0x00, 0x07, 0x01, 0x02, 0x00, 0x0a, 0x01, 0x02, 0x00, 0x0a, 0x01, 0x02, 0x00,
    0x0a, 0x01, 0x02, 0x00, 0x07, 0x01, 0x0d, 0x00, 0x06, 0x01, 0x02, 0x00, 0x0a, 0x01, 0x02, 0x00,
    0x0a, 0x01, 0x02, 0x00, 0x0a, 0x01, 0x02, 0x00, 0x06, 0x01, 0x0f, 0x00, 0x05, 0x01, 0x02, 0x00,
    0x0a, 0x01, 0x02, 0x00, 0x0a, 0x01, 0x02, 0x00, 0x0a, 0x01, 0x02, 0x00, 0x05, 0x01, 0x11, 0x00,
    0x04, 0x01, 0x02, 0x00, 0x0a, 0x01, 0x02, 0x00, 0x0a, 0x01, 0x02, 0x00, 0x0a, 0x01, 0x02, 0x00,
    0x04, 0x01, 0x14, 0x00, 0x02, 0x01, 0x02, 0x00, 0x0a, 0x01, 0x02, 0x00, 0x0a, 0x01, 0x02, 0x00,
    0x0a, 0x01, 0x02, 0x00, 0x02, 0x01, 0x1a, 0x00, 0x0a, 0x01, 0x02, 0x00, 0x0a, 0x01, 0x02, 0x00,
    0x0a, 0x01, 0xcf, 0x00, 0xcf, 0x00, 0x0a, 0x01, 0x02, 0x00, 0x0a, 0x01, 0x02, 0x00, 0x0a, 0x01,
    0x1a, 0x00, 0x02, 0x01, 0x02, 0x00, 0x0a, 0x01, 0x02, 0x00, 0x0a, 0x01, 0x02, 0x00, 0x0a, 0x01,
    0x02, 0x00, 0x02, 0x01, 0x14, 0x00, 0x04, 0x01, 0x02, 0x00, 0x0a, 0x01, 0x02, 0x00, 0x0a, 0x01,
    0x02, 0x00, 0x0a, 0x01, 0x02, 0x00, 0x04, 0x01, 0x11, 0x00, 0x05, 0x01, 0x02, 0x00, 0x0a, 0x01,
    0x02, 0x00, 0x0a, 0x01, 0x02, 0x00, 0x0a, 0x01, 0x02, 0x00, 0x05, 0x01, 0x0f, 0x00, 0x06, 0x01,
    0x02, 0x00, 0x0a, 0x01, 0x02, 0x00, 0x0a, 0x01, 0x02, 0x00, 0x0a, 0x01, 0x02, 0x00, 0x06, 0x01,
    0x0d, 0x00, 0x07, 0x01, 0x02, 0x00, 0x0a, 0x01, 0x02, 0x00, 0x0a, 0x01, 0x02, 0x00, 0x0a, 0x01,
    0x02, 0x00, 0x07, 0x01, 0x0b, 0x00, 0x08, 0x01, 0x02, 0x00, 0x0a, 0x01, 0x02, 0x00, 0x0a, 0x01,
    0x02, 0x00, 0x0a, 0x01, 0x02, 0x00, 0x08, 0x01, 0x0a, 0x00, 0x08, 0x01, 0x02, 0x00, 0x0a, 0x01,
    0x02, 0x00, 0x0a, 0x01, 0x02, 0x00, 0x0a, 0x01, 0x02, 0x00, 0x08, 0x01, 0x09, 0x00, 0x09, 0x01,
    0x02, 0x00, 0x0a, 0x01, 0x02, 0x00, 0x0a, 0x01, 0x02, 0x00, 0x0a, 0x01, 0x02, 0x00, 0x09, 0x01,
    0x08, 0x00, 0x09, 0x01, 0x02, 0x00, 0x0a, 0x01, 0x02, 0x00, 0x0a, 0x01, 0x02, 0x00, 0x0a, 0x01,
    0x02, 0x00, 0x09, 0x01, 0x08, 0x00, 0x01, 0x01, 0x3f, 0x00, 0x01, 0x01, 0x3e, 0x00, 0x0a, 0x01,
    0x02, 0x00, 0x0a, 0x01, 0x02, 0x00, 0x0a, 0x01, 0x04, 0x00, 0x08, 0x01, 0x02, 0x00, 0x0a, 0x01,
    0x06, 0x00, 0x0a, 0x01, 0x02, 0x00, 0x0a, 0x01, 0x02, 0x00, 0x0a, 0x01, 0x04, 0x00, 0x08, 0x01,
    0x02, 0x00, 0x0a, 0x01, 0x07, 0x00, 0x09, 0x01, 0x02, 0x00, 0x0a, 0x01, 0x02, 0x00, 0x0a, 0x01,
    0x02, 0x00, 0x0a, 0x01, 0x02, 0x00, 0x09, 0x01, 0x08, 0x00, 0x01, 0x01, 0x3f, 0x00, 0x01, 0x01,
    0x3f, 0x00, 0x09, 0x01, 0x02, 0x00, 0x0a, 0x01, 0x02, 0x00, 0x0a, 0x01, 0x02, 0x00, 0x0a, 0x01,
    0x02, 0x00, 0x09, 0x01, 0x09, 0x00, 0x08, 0x01, 0x02, 0x00, 0x0a, 0x01, 0x02, 0x00, 0x0a, 0x01,
    0x02, 0x00, 0x0a, 0x01, 0x02, 0x00, 0x08, 0x01, 0x0a, 0x00, 0x08, 0x01, 0x02, 0x00, 0x0a, 0x01,
    0x02, 0x00, 0x0a, 0x01, 0x02, 0x00, 0x0a, 0x01, 0x02, 0x00, 0x08, 0x01, 0x0b, 0x00, 0x07, 0x01,
    0x02, 0x00, 0x0a, 0x01, 0x02, 0x00, 0x0a, 0x01, 0x02, 0x00, 0x0a, 0x01, 0x02, 0x00, 0x07, 0x01,
    0x0d, 0x00, 0x06, 0x01, 0x02, 0x00, 0x0a, 0x01, 0x02, 0x00, 0x0a, 0x01, 0x02, 0x00, 0x0a, 0x01,
    0x02, 0x00, 0x06, 0x01, 0x0f, 0x00, 0x05, 0x01, 0x02, 0x00, 0x0a, 0x01, 0x02, 0x00, 0x0a, 0x01,
    0x02, 0x00, 0x0a, 0x01, 0x02, 0x00, 0x05, 0x01, 0x11, 0x00, 0x04, 0x01, 0x02, 0x00, 0x0a, 0x01,
    0x02, 0x00, 0x0a, 0x01, 0x02, 0x00, 0x0a, 0x01, 0x02, 0x00, 0x04, 0x01, 0x14, 0x00, 0x02, 0x01,
    0x02, 0x00, 0x0a, 0x01, 0x02, 0x00, 0x0a, 0x01, 0x02, 0x00, 0x0a, 0x01, 0x02, 0x00, 0x02, 0x01,
    0x1a, 0x00, 0x0a, 0x01, 0x02, 0x00, 0x0a, 0x01, 0x02, 0x00, 0x0a, 0x01, 0xcf, 0x00, 0xcf, 0x00,
    0x0a, 0x01, 0x02, 0x00, 0x0a, 0x01, 0x02, 0x00, 0x0a, 0x01, 0x1a, 0x00, 0x02, 0x01, 0x02, 0x00,
    0x0a, 0x01, 0x02, 0x00, 0x0a, 0x01, 0x02, 0x00, 0x0a, 0x01, 0x02, 0x00, 0x02, 0x01, 0x14, 0x00,
    0x04, 0x01, 0x02, 0x00, 0x0a, 0x01, 0x02, 0x00, 0x0a, 0x01, 0x02, 0x00, 0x0a, 0x01, 0x02, 0x00,
    0x04, 0x01, 0x11, 0x00, 0x05, 0x01, 0x02, 0x00, 0x0a, 0x01, 0x02, 0x00, 0x0a, 0x01, 0x02, 0x00,
    0x0a, 0x01, 0x02, 0x00, 0x05, 0x01, 0x0f, 0x00, 0x06, 0x01, 0x02, 0x00, 0x0a, 0x01, 0x02, 0x00,
    0x0a, 0x01, 0x02, 0x00, 0x0a, 0x01, 0x02, 0x00, 0x06, 0x01, 0x0d, 0x00, 0x07, 0x01, 0x02, 0x00,
    0x0a, 0x01, 0x02, 0x00, 0x0a, 0x01, 0x02, 0x00, 0x0a, 0x01, 0x02, 0x00, 0x07, 0x01, 0x0b, 0x00,
    0x08, 0x01, 0x02, 0x00, 0x0a, 0x01, 0x02, 0x00, 0x0a, 0x01, 0x02, 0x00, 0x0a, 0x01, 0x02, 0x00,
    0x08, 0x01, 0x0a, 0x00, 0x08, 0x01, 0x02, 0x00, 0x0a, 0x01, 0x02, 0x00, 0x0a, 0x01, 0x02, 0x00,
    0x0a, 0x01, 0x02, 0x00, 0x08, 0x01, 0x09, 0x00, 0x09, 0x01, 0x02, 0x00, 0x0a, 0x01, 0x02, 0x00,
    0x0a, 0x01, 0x02, 0x00, 0x0a, 0x01, 0x02, 0x00, 0x09, 0x01, 0x08, 0x00, 0x09, 0x01, 0x02, 0x00,
    0x0a, 0x01, 0x02, 0x00, 0x0a, 0x01, 0x02, 0x00, 0x0a, 0x01, 0x02, 0x00, 0x09, 0x01, 0x08, 0x00,
    0x01, 0x01, 0x3f, 0x00, 0x01, 0x01, 0x3e, 0x00, 0x0a, 0x01, 0x02, 0x00, 0x0a, 0x01, 0x02, 0x00,
    0x0a, 0x01, 0x02, 0x00, 0x05, 0x01, 0x03, 0x00, 0x02, 0x01, 0x02, 0x00, 0x0a, 0x01, 0x06, 0x00,
    0x0a, 0x01, 0x02, 0x00, 0x0a, 0x01, 0x02, 0x00, 0x0a, 0x01, 0x02, 0x00, 0x05, 0x01, 0x03, 0x00,
    0x02, 0x01, 0x02, 0x00, 0x0a, 0x01, 0x07, 0x00, 0x09, 0x01, 0x02, 0x00, 0x0a, 0x01, 0x02, 0x00,
    0x0a, 0x01, 0x02, 0x00, 0x0a, 0x01, 0x02, 0x00, 0x09, 0x01, 0x08, 0x00, 0x01, 0x01, 0x3f, 0x00,
    0x01, 0x01, 0x3f, 0x00, 0x09, 0x01, 0x02, 0x00, 0x0a, 0x01, 0x02, 0x00, 0x0a, 0x01, 0x02, 0x00,
    0x0a, 0x01, 0x02, 0x00, 0x09, 0x01, 0x09, 0x00, 0x08, 0x01, 0x02, 0x00, 0x0a, 0x01, 0x02, 0x00,
    0x0a, 0x01, 0x02, 0x00, 0x0a, 0x01, 0x02, 0x00, 0x08, 0x01, 0x0a, 0x00, 0x08, 0x01, 0x02, 0x00,
    0x0a, 0x01, 0x02, 0x00, 0x0a, 0x01, 0x02, 0x00, 0x0a, 0x01, 0x02, 0x00, 0x08, 0x01, 0x0b, 0x00,
    0x07, 0x01, 0x02, 0x00, 0x0a, 0x01, 0x02, 0x00, 0x0a, 0x01, 0x02, 0x00, 0x0a, 0x01, 0x02, 0x00,
    0x07, 0x01, 0x0d, 0x00, 0x06, 0x01, 0x02, 0x00, 0x0a, 0x01, 0x02, 0x00, 0x0a, 0x01, 0x02, 0x00,
    0x0a, 0x01, 0x02, 0x00, 0x06, 0x01, 0x0f, 0x00, 0x05, 0x01, 0x02, 0x00, 0x0a, 0x01, 0x02, 0x00,
    0x0a, 0x01, 0x02, 0x00, 0x0a, 0x01, 0x02, 0x00, 0x05, 0x01, 0x11, 0x00, 0x04, 0x01, 0x02, 0x00,
    0x0a, 0x01, 0x02, 0x00, 0x0a, 0x01, 0x02, 0x00, 0x0a, 0x01, 0x02, 0x00, 0x04, 0x01, 0x14, 0x00,
    0x02, 0x01, 0x02, 0x00, 0x0a, 0x01, 0x02, 0x00, 0x0a, 0x01, 0x02, 0x00, 0x0a, 0x01, 0x02, 0x00,
    0x02, 0x01, 0x1a, 0x00, 0x0a, 0x01, 0x02, 0x00, 0x0a, 0x01, 0x02, 0x00, 0x0a, 0x01, 0xcf, 0x00,
    0xcf, 0x00, 0x0a, 0x01, 0x02, 0x00, 0x0a, 0x01, 0x02, 0x00, 0x0a, 0x01, 0x1a, 0x00, 0x02, 0x01,
    0x02, 0x00, 0x0a, 0x01, 0x02, 0x00, 0x0a, 0x01, 0x02, 0x00, 0x0a, 0x01, 0x02, 0x00, 0x02, 0x01,
    0x14, 0x00, 0x04, 0x01, 0x02, 0x00, 0x0a, 0x01, 0x02, 0x00, 0x0a, 0x01, 0x02, 0x00, 0x0a, 0x01,
    0x02, 0x00, 0x04, 0x01, 0x11, 0x00, 0x05, 0x01, 0x02, 0x00, 0x0a, 0x01, 0x02, 0x00, 0x0a, 0x01,
    0x02, 0x00, 0x0a, 0x01, 0x02, 0x00, 0x05, 0x01, 0x0f, 0x00, 0x06, 0x01, 0x02, 0x00, 0x0a, 0x01,
    0x02, 0x00, 0x0a, 0x01, 0x02, 0x00, 0x0a, 0x01, 0x02, 0x00, 0x06, 0x01, 0x0d, 0x00, 0x07, 0x01,
    0x02, 0x00, 0x0a, 0x01, 0x02, 0x00, 0x0a, 0x01, 0x02, 0x00, 0x0a, 0x01, 0x02, 0x00, 0x07, 0x01,
    0x0b, 0x00, 0x08, 0x01, 0x02, 0x00, 0x0a, 0x01, 0x02, 0x00, 0x0a, 0x01, 0x02, 0x00, 0x0a, 0x01,
    0x02, 0x00, 0x08, 0x01, 0x0a, 0x00, 0x08, 0x01, 0x02, 0x00, 0x0a, 0x01, 0x02, 0x00, 0x0a, 0x01,
    0x02, 0x00, 0x0a, 0x01, 0x02, 0x00, 0x08, 0x01, 0x09, 0x00, 0x09, 0x01, 0x02, 0x00, 0x0a, 0x01,
    0x02, 0x00, 0x0a, 0x01, 0x02, 0x00, 0x0a, 0x01, 0x02, 0x00, 0x09, 0x01, 0x08, 0x00, 0x09, 0x01,
    0x02, 0x00, 0x0a, 0x01, 0x02, 0x00, 0x0a, 0x01, 0x02, 0x00, 0x0a, 0x01, 0x02, 0x00, 0x09, 0x01,
    0x08, 0x00, 0x01, 0x01, 0x3f, 0x00, 0x01, 0x01, 0x3e, 0x00, 0x0a, 0x01, 0x02, 0x00, 0x0a, 0x01,
    0x02, 0x00, 0x0a, 0x01, 0x02, 0x00, 0x0a, 0x01, 0x04, 0x00, 0x08, 0x01, 0x06, 0x00, 0x0a, 0x01,
    0x02, 0x00, 0x0a, 0x01, 0x02, 0x00, 0x0a, 0x01, 0x02, 0x00, 0x0a, 0x01, 0x04, 0x00, 0x08, 0x01,
    0x07, 0x00, 0x09, 0x01, 0x02, 0x00, 0x0a, 0x01, 0x02, 0x00, 0x0a, 0x01, 0x02, 0x00, 0x0a, 0x01,
    0x02, 0x00, 0x09, 0x01, 0x08, 0x00, 0x01, 0x01, 0x3f, 0x00, 0x01, 0x01, 0x3f, 0x00, 0x09, 0x01,
    0x02, 0x00, 0x0a, 0x01, 0x02, 0x00, 0x0a, 0x01, 0x02, 0x00, 0x0a, 0x01, 0x02, 0x00, 0x09, 0x01,
    0x09, 0x00, 0x08, 0x01, 0x02, 0x00, 0x0a, 0x01, 0x02, 0x00, 0x0a, 0x01, 0x02, 0x00, 0x0a, 0x01,
    0x02, 0x00, 0x08, 0x01, 0x0a, 0x00, 0x08, 0x01, 0x02, 0x00, 0x0a, 0x01, 0x02, 0x00, 0x0a, 0x01,
    0x02, 0x00, 0x0a, 0x01, 0x02, 0x00, 0x08, 0x01, 0x0b, 0x00, 0x07, 0x01, 0x02, 0x00, 0x0a, 0x01,
    0x02, 0x00, 0x0a, 0x01, 0x02, 0x00, 0x0a, 0x01, 0x02, 0x00, 0x07, 0x01, 0x0d, 0x00, 0x06, 0x01,
    0x02, 0x00, 0x0a, 0x01, 0x02, 0x00, 0x0a, 0x01, 0x02, 0x00, 0x0a, 0x01, 0x02, 0x00, 0x06, 0x01,
    0x0f, 0x00, 0x05, 0x01, 0x02, 0x00, 0x0a, 0x01, 0x02, 0x00, 0x0a, 0x01, 0x02, 0x00, 0x0a, 0x01,
    0x02, 0x00, 0x05, 0x01, 0x11, 0x00, 0x04, 0x01, 0x02, 0x00, 0x0a, 0x01, 0x02, 0x00, 0x0a, 0x01,
    0x02, 0x00, 0x0a, 0x01, 0x02, 0x00, 0x04, 0x01, 0x14, 0x00, 0x02, 0x01, 0x02, 0x00, 0x0a, 0x01,
    0x02, 0x00, 0x0a, 0x01, 0x02, 0x00, 0x0a, 0x01, 0x02, 0x00, 0x02, 0x01, 0x1a, 0x00, 0x0a, 0x01,
    0x02, 0x00, 0x0a, 0x01, 0x02, 0x00, 0x0a, 0x01, 0xcf, 0x00, 0xcf, 0x00, 0x0a, 0x01, 0x02, 0x00,
    0x0a, 0x01, 0x02, 0x00, 0x0a, 0x01, 0x1a, 0x00, 0x02, 0x01, 0x02, 0x00, 0x0a, 0x01, 0x02, 0x00,
    0x0a, 0x01, 0x02, 0x00, 0x0a, 0x01, 0x02, 0x00, 0x02, 0x01, 0x14, 0x00, 0x04, 0x01, 0x02, 0x00,
    0x0a, 0x01, 0x02, 0x00, 0x0a, 0x01, 0x02, 0x00, 0x0a, 0x01, 0x02, 0x00, 0x04, 0x01, 0x11, 0x00,
    0x05, 0x01, 0x02, 0x00, 0x0a, 0x01, 0x02, 0x00, 0x0a, 0x01, 0x02, 0x00, 0x0a, 0x01, 0x02, 0x00,
    0x05, 0x01, 0x0f, 0x00, 0x06, 0x01, 0x02, 0x00, 0x0a, 0x01, 0x02, 0x00, 0x0a, 0x01, 0x02, 0x00,
    0x0a, 0x01, 0x02, 0x00, 0x06, 0x01, 0x0d, 0x00, 0x07, 0x01, 0x02, 0x00, 0x0a, 0x01, 0x02, 0x00,
    0x0a, 0x01, 0x02, 0x00, 0x0a, 0x01, 0x02, 0x00, 0x07, 0x01, 0x0b, 0x00, 0x08, 0x01, 0x02, 0x00,
    0x0a, 0x01, 0x02, 0x00, 0x0a, 0x01, 0x02, 0x00, 0x0a, 0x01, 0x02, 0x00, 0x08, 0x01, 0x0a, 0x00,
    0x08, 0x01, 0x02, 0x00, 0x0a, 0x01, 0x02, 0x00, 0x0a, 0x01, 0x02, 0x00, 0x0a, 0x01, 0x02, 0x00,
    0x08, 0x01, 0x89, 0x00, 0x09, 0x01, 0x02, 0x00, 0x0a, 0x01, 0x02, 0x00, 0x0a, 0x01, 0x02, 0x00,
    0x0a, 0x01, 0x02, 0x00, 0x09, 0x01, 0x08, 0x00, 0x09, 0x01, 0x02, 0x00, 0x0a, 0x01, 0x02, 0x00,
    0x0a, 0x01, 0x02, 0x00, 0x0a, 0x01, 0x02, 0x00, 0x09, 0x01, 0x07, 0x00, 0x0a, 0x01, 0x02, 0x00,
    0x0a, 0x01, 0x02, 0x00, 0x0a, 0x01, 0x02, 0x00, 0x0a, 0x01, 0x02, 0x00, 0x0a, 0x01, 0x06, 0x00,
    0x0a, 0x01, 0x02, 0x00, 0x0a, 0x01, 0x02, 0x00, 0x0a, 0x01, 0x02, 0x00, 0x0a, 0x01, 0x02, 0x00,
    0x0a, 0x01, 0x07, 0x00, 0x09, 0x01, 0x02, 0x00, 0x0a, 0x01, 0x02, 0x00, 0x0a, 0x01, 0x02, 0x00,
    0x0a, 0x01, 0x02, 0x00, 0x09, 0x01, 0x08, 0x00, 0x09, 0x01, 0x02, 0x00, 0x0a, 0x01, 0x02, 0x00,
    0x0a, 0x01, 0x02, 0x00, 0x0a, 0x01, 0x02, 0x00, 0x09, 0x01, 0x08, 0x00, 0x09, 0x01, 0x02, 0x00,
    0x0a, 0x01, 0x02, 0x00, 0x0a, 0x01, 0x02, 0x00, 0x0a, 0x01, 0x02, 0x00, 0x09, 0x01, 0x89, 0x00,
    0x08, 0x01, 0x02, 0x00, 0x0a, 0x01, 0x02, 0x00, 0x0a, 0x01, 0x02, 0x00, 0x0a, 0x01, 0x02, 0x00,
    0x08, 0x01, 0x0b, 0x00, 0x07, 0x01, 0x02, 0x00, 0x0a, 0x01, 0x02, 0x00, 0x0a, 0x01, 0x02, 0x00,
    0x0a, 0x01, 0x02, 0x00, 0x07, 0x01, 0x0d, 0x00, 0x06, 0x01, 0x02, 0x00, 0x0a, 0x01, 0x02, 0x00,
    0x0a, 0x01, 0x02, 0x00, 0x0a, 0x01, 0x02, 0x00, 0x06, 0x01, 0x0f, 0x00, 0x05, 0x01, 0x02, 0x00,
    0x0a, 0x01, 0x02, 0x00, 0x0a, 0x01, 0x02, 0x00, 0x0a, 0x01, 0x02, 0x00, 0x05, 0x01, 0x11, 0x00,
    0x04, 0x01, 0x02, 0x00, 0x0a, 0x01, 0x02, 0x00, 0x0a, 0x01, 0x02, 0x00, 0x0a, 0x01, 0x02, 0x00,
    0x04, 0x01, 0x14, 0x00, 0x02, 0x01, 0x02, 0x00, 0x0a, 0x01, 0x02, 0x00, 0x0a, 0x01, 0x02, 0x00,
    0x0a, 0x01, 0x02, 0x00, 0x02, 0x01, 0x1a, 0x00, 0x0a, 0x01, 0x02, 0x00, 0x0a, 0x01, 0x02, 0x00,
    0x0a, 0x01, 0xcf, 0x00, 0xcf, 0x00, 0x0a, 0x01, 0x02, 0x00, 0x0a, 0x01, 0x02, 0x00, 0x0a, 0x01,
    0x1a, 0x00, 0x02, 0x01, 0x02, 0x00, 0x0a, 0x01, 0x02, 0x00, 0x0a, 0x01, 0x02, 0x00, 0x0a, 0x01,
    0x02, 0x00, 0x02, 0x01, 0x10, 0x00, 0x01, 0x0c, 0x03, 0x00, 0x04, 0x01, 0x02, 0x00, 0x0a, 0x01,
    0x02, 0x00, 0x0a, 0x01, 0x02, 0x00, 0x0a, 0x01, 0x02, 0x00, 0x04, 0x01, 0x0e, 0x00, 0x01, 0x0c,
    0x02, 0x00, 0x05, 0x01, 0x02, 0x00, 0x0a, 0x01, 0x02, 0x00, 0x0a, 0x01, 0x02, 0x00, 0x0a, 0x01,
    0x02, 0x00, 0x05, 0x01, 0x0d, 0x00, 0x01, 0x0c, 0x01, 0x00, 0x06, 0x01, 0x02, 0x00, 0x0a, 0x01,
    0x02, 0x00, 0x0a, 0x01, 0x02, 0x00, 0x0a, 0x01, 0x02, 0x00, 0x06, 0x01, 0x0c, 0x00, 0x01, 0x0c,
    0x07, 0x01, 0x02, 0x00, 0x0a, 0x01, 0x02, 0x00, 0x0a, 0x01, 0x02, 0x00, 0x0a, 0x01, 0x02, 0x00,
    0x07, 0x01, 0x0b, 0x00, 0x01, 0x0c, 0x07, 0x01, 0x02, 0x00, 0x0a, 0x01, 0x02, 0x00, 0x0a, 0x01,
    0x02, 0x00, 0x0a, 0x01, 0x02, 0x00, 0x08, 0x01, 0x0a, 0x00, 0x08, 0x01, 0x02, 0x00, 0x0a, 0x01,
    0x02, 0x00, 0x0a, 0x01, 0x02, 0x00, 0x0a, 0x01, 0x02, 0x00, 0x08, 0x01, 0x89, 0x00, 0x09, 0x01,
    0x02, 0x00, 0x0a, 0x01, 0x02, 0x00, 0x0a, 0x01, 0x02, 0x00, 0x0a, 0x01, 0x02, 0x00, 0x09, 0x01,
    0x08, 0x00, 0x09, 0x01, 0x02, 0x00, 0x0a, 0x01, 0x02, 0x00, 0x0a, 0x01, 0x02, 0x00, 0x0a, 0x01,
    0x02, 0x00, 0x09, 0x01, 0x07, 0x00, 0x0a, 0x01, 0x02, 0x00, 0x0a, 0x01, 0x02, 0x00, 0x0a, 0x01,
    0x02, 0x00, 0x0a, 0x01, 0x02, 0x00, 0x0a, 0x01, 0x06, 0x00, 0x0a, 0x01, 0x02, 0x00, 0x0a, 0x01,
    0x02, 0x00, 0x0a, 0x01, 0x02, 0x00, 0x0a, 0x01, 0x02, 0x00, 0x0a, 0x01, 0x07, 0x00, 0x09, 0x01,
    0x02, 0x00, 0x0a, 0x01, 0x02, 0x00, 0x0a, 0x01, 0x02, 0x00, 0x0a, 0x01, 0x02, 0x00, 0x09, 0x01,
    0x08, 0x00, 0x09, 0x01, 0x02, 0x00, 0x0a, 0x01, 0x02, 0x00, 0x0a, 0x01, 0x02, 0x00, 0x0a, 0x01,
    0x02, 0x00, 0x09, 0x01, 0x08, 0x00, 0x09, 0x01, 0x02, 0x00, 0x0a, 0x01, 0x02, 0x00, 0x0a, 0x01,
    0x02, 0x00, 0x0a, 0x01, 0x02, 0x00, 0x09, 0x01, 0x89, 0x00, 0x08, 0x01, 0x02, 0x00, 0x0a, 0x01,
    0x02, 0x00, 0x0a, 0x01, 0x02, 0x00, 0x0a, 0x01, 0x02, 0x00, 0x08, 0x01, 0x0a, 0x00, 0x01, 0x0c,
    0x07, 0x01, 0x02, 0x00, 0x0a, 0x01, 0x02, 0x00, 0x0a, 0x01, 0x02, 0x00, 0x0a, 0x01, 0x02, 0x00,
    0x07, 0x01, 0x0b, 0x00, 0x01, 0x0c, 0x01, 0x00, 0x06, 0x01, 0x02, 0x00, 0x0a, 0x01, 0x02, 0x00,
    0x0a, 0x01, 0x02, 0x00, 0x0a, 0x01, 0x02, 0x00, 0x06, 0x01, 0x0c, 0x00, 0x01, 0x0c, 0x02, 0x00,
    0x05, 0x01, 0x02, 0x00, 0x0a, 0x01, 0x02, 0x00, 0x0a, 0x01, 0x02, 0x00, 0x0a, 0x01, 0x02, 0x00,
    0x05, 0x01, 0x0d, 0x00, 0x01, 0x0c, 0x03, 0x00, 0x04, 0x01, 0x02, 0x00, 0x0a, 0x01, 0x02, 0x00,
    0x0a, 0x01, 0x02, 0x00, 0x0a, 0x01, 0x02, 0x00, 0x04, 0x01, 0x14, 0x00, 0x02, 0x01, 0x02, 0x00,
    0x0a, 0x01, 0x02, 0x00, 0x0a, 0x01, 0x02, 0x00, 0x0a, 0x01, 0x02, 0x00, 0x02, 0x01, 0x1a, 0x00,
    0x0a, 0x01, 0x02, 0x00, 0x0a, 0x01, 0x02, 0x00, 0x0a, 0x01, 0xcf, 0x00, 0xcf, 0x00, 0x0a, 0x01,
    0x02, 0x00, 0x0a, 0x01, 0x02, 0x00, 0x0a, 0x01, 0x1a, 0x00, 0x02, 0x01, 0x02, 0x00, 0x0a, 0x01,
    0x02, 0x00, 0x0a, 0x01, 0x02, 0x00, 0x0a, 0x01, 0x02, 0x00, 0x02, 0x01, 0x14, 0x00, 0x02, 0x01,
    0x01, 0x0c, 0x01, 0x01, 0x02, 0x00, 0x0a, 0x01, 0x02, 0x00, 0x0a, 0x01, 0x02, 0x00, 0x0a, 0x01,
    0x02, 0x00, 0x04, 0x01, 0x11, 0x00, 0x03, 0x01, 0x01, 0x0c, 0x01, 0x01, 0x02, 0x00, 0x0a, 0x01,
    0x02, 0x00, 0x0a, 0x01, 0x02, 0x00, 0x0a, 0x01, 0x02, 0x00, 0x05, 0x01, 0x0f, 0x00, 0x04, 0x01,
    0x01, 0x0c, 0x01, 0x01, 0x02, 0x00, 0x0a, 0x01, 0x02, 0x00, 0x0a, 0x01, 0x02, 0x00, 0x0a, 0x01,
    0x02, 0x00, 0x06, 0x01, 0x0d, 0x00, 0x05, 0x01, 0x01, 0x0c, 0x01, 0x01, 0x02, 0x00, 0x0a, 0x01,
    0x02, 0x00, 0x0a, 0x01, 0x02, 0x00, 0x0a, 0x01, 0x02, 0x00, 0x07, 0x01, 0x0b, 0x00, 0x06, 0x01,
    0x01, 0x0c, 0x01, 0x01, 0x02, 0x00, 0x0a, 0x01, 0x02, 0x00, 0x0a, 0x01, 0x02, 0x00, 0x0a, 0x01,
    0x02, 0x00, 0x08, 0x01, 0x0a, 0x00, 0x08, 0x01, 0x02, 0x00, 0x0a, 0x01, 0x02, 0x00, 0x0a, 0x01,
    0x02, 0x00, 0x0a, 0x01, 0x02, 0x00, 0x08, 0x01, 0x89, 0x00, 0x09, 0x01, 0x02, 0x00, 0x0a, 0x01,
    0x02, 0x00, 0x0a, 0x01, 0x02, 0x00, 0x0a, 0x01, 0x02, 0x00, 0x09, 0x01, 0x08, 0x00, 0x09, 0x01,
    0x02, 0x00, 0x0a, 0x01, 0x02, 0x00, 0x0a, 0x01, 0x02, 0x00, 0x0a, 0x01, 0x02, 0x00, 0x09, 0x01,
    0x07, 0x00, 0x0a, 0x01, 0x02, 0x00, 0x0a, 0x01, 0x02, 0x00, 0x0a, 0x01, 0x02, 0x00, 0x0a, 0x01,
    0x02, 0x00, 0x0a, 0x01, 0x06, 0x00, 0x0a, 0x01, 0x02, 0x00, 0x0a, 0x01, 0x02, 0x00, 0x0a, 0x01,
    0x02, 0x00, 0x0a, 0x01, 0x02, 0x00, 0x0a, 0x01, 0x07, 0x00, 0x09, 0x01, 0x02, 0x00, 0x0a, 0x01,
    0x02, 0x00, 0x0a, 0x01, 0x02, 0x00, 0x0a, 0x01, 0x02, 0x00, 0x09, 0x01, 0x08, 0x00, 0x09, 0x01,
    0x02, 0x00, 0x0a, 0x01, 0x02, 0x00, 0x0a, 0x01, 0x02, 0x00, 0x0a, 0x01, 0x02, 0x00, 0x09, 0x01,
    0x08, 0x00, 0x09, 0x01, 0x02, 0x00, 0x0a, 0x01, 0x02, 0x00, 0x0a, 0x01, 0x02, 0x00, 0x0a, 0x01,
    0x02, 0x00, 0x09, 0x01, 0x89, 0x00, 0x08, 0x01, 0x02, 0x00, 0x0a, 0x01, 0x02, 0x00, 0x0a, 0x01,
    0x02, 0x00, 0x0a, 0x01, 0x02, 0x00, 0x08, 0x01, 0x0b, 0x00, 0x05, 0x01, 0x01, 0x0c, 0x01, 0x01,
    0x02, 0x00, 0x0a, 0x01, 0x02, 0x00, 0x0a, 0x01, 0x02, 0x00, 0x0a, 0x01, 0x02, 0x00, 0x07, 0x01,
    0x0d, 0x00, 0x04, 0x01, 0x01, 0x0c, 0x01, 0x01, 0x02, 0x00, 0x0a, 0x01, 0x02, 0x00, 0x0a, 0x01,
    0x02, 0x00, 0x0a, 0x01, 0x02, 0x00, 0x06, 0x01, 0x0f, 0x00, 0x03, 0x01, 0x01, 0x0c, 0x01, 0x01,
    0x02, 0x00, 0x0a, 0x01, 0x02, 0x00, 0x0a, 0x01, 0x02, 0x00, 0x0a, 0x01, 0x02, 0x00, 0x05, 0x01,
    0x11, 0x00, 0x02, 0x01, 0x01, 0x0c, 0x01, 0x01, 0x02, 0x00, 0x0a, 0x01, 0x02, 0x00, 0x0a, 0x01,
    0x02, 0x00, 0x0a, 0x01, 0x02, 0x00, 0x04, 0x01, 0x14, 0x00, 0x02, 0x01, 0x02, 0x00, 0x0a, 0x01,
    0x02, 0x00, 0x0a, 0x01, 0x02, 0x00, 0x0a, 0x01, 0x02, 0x00, 0x02, 0x01, 0x1a, 0x00, 0x0a, 0x01,
    0x02, 0x00, 0x0a, 0x01, 0x02, 0x00, 0x0a, 0x01, 0xcf, 0x00, 0xcf, 0x00, 0x0a, 0x01, 0x02, 0x00,
    0x0a, 0x01, 0x02, 0x00, 0x0a, 0x01, 0x1a, 0x00, 0x02, 0x01, 0x02, 0x00, 0x0a, 0x01, 0x02, 0x00,
    0x0a, 0x01, 0x02, 0x00, 0x0a, 0x01, 0x02, 0x00, 0x02, 0x01, 0x14, 0x00, 0x04, 0x01, 0x02, 0x00,
    0x02, 0x01, 0x01, 0x0c, 0x07, 0x01, 0x02, 0x00, 0x0a, 0x01, 0x02, 0x00, 0x0a, 0x01, 0x02, 0x00,
    0x04, 0x01, 0x11, 0x00, 0x05, 0x01, 0x02, 0x00, 0x02, 0x01, 0x01, 0x0c, 0x07, 0x01, 0x02, 0x00,
    0x0a, 0x01, 0x02, 0x00, 0x0a, 0x01, 0x02, 0x00, 0x05, 0x01, 0x0f, 0x00, 0x06, 0x01, 0x02, 0x00,
    0x02, 0x01, 0x01, 0x0c, 0x07, 0x01, 0x02, 0x00, 0x0a, 0x01, 0x02, 0x00, 0x0a, 0x01, 0x02, 0x00,
    0x06, 0x01, 0x0d, 0x00, 0x07, 0x01, 0x02, 0x00, 0x02, 0x01, 0x01, 0x0c, 0x07, 0x01, 0x02, 0x00,
    0x0a, 0x01, 0x02, 0x00, 0x0a, 0x01, 0x02, 0x00, 0x07, 0x01, 0x0b, 0x00, 0x08, 0x01, 0x02, 0x00,
    0x02, 0x01, 0x01, 0x0c, 0x07, 0x01, 0x02, 0x00, 0x0a, 0x01, 0x02, 0x00, 0x0a, 0x01, 0x02, 0x00,
    0x08, 0x01, 0x0a, 0x00, 0x08, 0x01, 0x02, 0x00, 0x0a, 0x01, 0x02, 0x00, 0x0a, 0x01, 0x02, 0x00,
    0x0a, 0x01, 0x02, 0x00, 0x08, 0x01, 0x89, 0x00, 0x09, 0x01, 0x02, 0x00, 0x0a, 0x01, 0x02, 0x00,
    0x0a, 0x01, 0x02, 0x00, 0x0a, 0x01, 0x02, 0x00, 0x09, 0x01, 0x08, 0x00, 0x09, 0x01, 0x02, 0x00,
    0x0a, 0x01, 0x02, 0x00, 0x0a, 0x01, 0x02, 0x00, 0x0a, 0x01, 0x02, 0x00, 0x09, 0x01, 0x07, 0x00,
    0x0a, 0x01, 0x02, 0x00, 0x0a, 0x01, 0x02, 0x00, 0x0a, 0x01, 0x02, 0x00, 0x0a, 0x01, 0x02, 0x00,
    0x0a, 0x01, 0x06, 0x00, 0x0a, 0x01, 0x02, 0x00, 0x0a, 0x01, 0x02, 0x00, 0x0a, 0x01, 0x02, 0x00,
    0x0a, 0x01, 0x02, 0x00, 0x0a, 0x01, 0x07, 0x00, 0x09, 0x01, 0x02, 0x00, 0x0a, 0x01, 0x02, 0x00,
    0x0a, 0x01, 0x02, 0x00, 0x0a, 0x01, 0x02, 0x00, 0x09, 0x01, 0x08, 0x00, 0x09, 0x01, 0x02, 0x00,
    0x0a, 0x01, 0x02, 0x00, 0x0a, 0x01, 0x02, 0x00, 0x0a, 0x01, 0x02, 0x00, 0x09, 0x01, 0x08, 0x00,
    0x09, 0x01, 0x02, 0x00, 0x0a, 0x01, 0x02, 0x00, 0x0a, 0x01, 0x02, 0x00, 0x0a, 0x01, 0x02, 0x00,
    0x09, 0x01, 0x89, 0x00, 0x08, 0x01, 0x02, 0x00, 0x0a, 0x01, 0x02, 0x00, 0x0a, 0x01, 0x02, 0x00,
    0x0a, 0x01, 0x02, 0x00, 0x08, 0x01, 0x0b, 0x00, 0x07, 0x01, 0x02, 0x00, 0x02, 0x01, 0x01, 0x0c,
    0x07, 0x01, 0x02, 0x00, 0x0a, 0x01, 0x02, 0x00, 0x0a, 0x01, 0x02, 0x00, 0x07, 0x01, 0x0d, 0x00,
    0x06, 0x01, 0x02, 0x00, 0x02, 0x01, 0x01, 0x0c, 0x07, 0x01, 0x02, 0x00, 0x0a, 0x01, 0x02, 0x00,
    0x0a, 0x01, 0x02, 0x00, 0x06, 0x01, 0x0f, 0x00, 0x05, 0x01, 0x02, 0x00, 0x02, 0x01, 0x01, 0x0c,
    0x07, 0x01, 0x02, 0x00, 0x0a, 0x01, 0x02, 0x00, 0x0a, 0x01, 0x02, 0x00, 0x05, 0x01, 0x11, 0x00,
    0x04, 0x01, 0x02, 0x00, 0x02, 0x01, 0x01, 0x0c, 0x07, 0x01, 0x02, 0x00, 0x0a, 0x01, 0x02, 0x00,
    0x0a, 0x01, 0x02, 0x00, 0x04, 0x01, 0x14, 0x00, 0x02, 0x01, 0x02, 0x00, 0x0a, 0x01, 0x02, 0x00,
    0x0a, 0x01, 0x02, 0x00, 0x0a, 0x01, 0x02, 0x00, 0x02, 0x01, 0x1a, 0x00, 0x0a, 0x01, 0x02, 0x00,
    0x0a, 0x01, 0x02, 0x00, 0x0a, 0x01, 0xcf, 0x00, 0xcf, 0x00, 0x0a, 0x01, 0x02, 0x00, 0x0a, 0x01,
    0x02, 0x00, 0x0a, 0x01, 0x1a, 0x00, 0x02, 0x01, 0x02, 0x00, 0x0a, 0x01, 0x02, 0x00, 0x0a, 0x01,
    0x02, 0x00, 0x0a, 0x01, 0x02, 0x00, 0x02, 0x01, 0x14, 0x00, 0x04, 0x01, 0x02, 0x00, 0x08, 0x01,
    0x01, 0x0c, 0x01, 0x01, 0x02, 0x00, 0x0a, 0x01, 0x02, 0x00, 0x0a, 0x01, 0x02, 0x00, 0x04, 0x01,
    0x11, 0x00, 0x05, 0x01, 0x02, 0x00, 0x08, 0x01, 0x01, 0x0c, 0x01, 0x01, 0x02, 0x00, 0x0a, 0x01,
    0x02, 0x00, 0x0a, 0x01, 0x02, 0x00, 0x05, 0x01, 0x0f, 0x00, 0x06, 0x01, 0x02, 0x00, 0x08, 0x01,
    0x01, 0x0c, 0x01, 0x01, 0x02, 0x00, 0x0a, 0x01, 0x02, 0x00, 0x0a, 0x01, 0x02, 0x00, 0x06, 0x01,
    0x0d, 0x00, 0x07, 0x01, 0x02, 0x00, 0x08, 0x01, 0x01, 0x0c, 0x01, 0x01, 0x02, 0x00, 0x0a, 0x01,
    0x02, 0x00, 0x0a, 0x01, 0x02, 0x00, 0x07, 0x01, 0x0b, 0x00, 0x08, 0x01, 0x02, 0x00, 0x08, 0x01,
    0x01, 0x0c, 0x01, 0x01, 0x02, 0x00, 0x0a, 0x01, 0x02, 0x00, 0x0a, 0x01, 0x02, 0x00, 0x08, 0x01,
    0x0a, 0x00, 0x08, 0x01, 0x02, 0x00, 0x0a, 0x01, 0x02, 0x00, 0x0a, 0x01, 0x02, 0x00, 0x0a, 0x01,
    0x02, 0x00, 0x08, 0x01, 0x89, 0x00, 0x09, 0x01, 0x02, 0x00, 0x0a, 0x01, 0x02, 0x00, 0x0a, 0x01,
    0x02, 0x00, 0x0a, 0x01, 0x02, 0x00, 0x09, 0x01, 0x08, 0x00, 0x09, 0x01, 0x02, 0x00, 0x0a, 0x01,
    0x02, 0x00, 0x0a, 0x01, 0x02, 0x00, 0x0a, 0x01, 0x02, 0x00, 0x09, 0x01, 0x07, 0x00, 0x0a, 0x01,
    0x02, 0x00, 0x0a, 0x01, 0x02, 0x00, 0x0a, 0x01, 0x02, 0x00, 0x0a, 0x01, 0x02, 0x00, 0x0a, 0x01,
    0x06, 0x00, 0x0a, 0x01, 0x02, 0x00, 0x0a, 0x01, 0x02, 0x00, 0x0a, 0x01, 0x02, 0x00, 0x0a, 0x01,
    0x02, 0x00, 0x0a, 0x01, 0x07, 0x00, 0x09, 0x01, 0x02, 0x00, 0x0a, 0x01, 0x02, 0x00, 0x0a, 0x01,
    0x02, 0x00, 0x0a, 0x01, 0x02, 0x00, 0x09, 0x01, 0x08, 0x00, 0x09, 0x01, 0x02, 0x00, 0x0a, 0x01,
    0x02, 0x00, 0x0a, 0x01, 0x02, 0x00, 0x0a, 0x01, 0x02, 0x00, 0x09, 0x01, 0x08, 0x00, 0x09, 0x01,
    0x02, 0x00, 0x0a, 0x01, 0x02, 0x00, 0x0a, 0x01, 0x02, 0x00, 0x0a, 0x01, 0x02, 0x00, 0x09, 0x01,
    0x89, 0x00, 0x08, 0x01, 0x02, 0x00, 0x0a, 0x01, 0x02, 0x00, 0x0a, 0x01, 0x02, 0x00, 0x0a, 0x01,
    0x02, 0x00, 0x08, 0x01, 0x0b, 0x00, 0x07, 0x01, 0x02, 0x00, 0x08, 0x01, 0x01, 0x0c, 0x01, 0x01,
    0x02, 0x00, 0x0a, 0x01, 0x02, 0x00, 0x0a, 0x01, 0x02, 0x00, 0x07, 0x01, 0x0d, 0x00, 0x06, 0x01,
    0x02, 0x00, 0x08, 0x01, 0x01, 0x0c, 0x01, 0x01, 0x02, 0x00, 0x0a, 0x01, 0x02, 0x00, 0x0a, 0x01,
    0x02, 0x00, 0x06, 0x01, 0x0f, 0x00, 0x05, 0x01, 0x02, 0x00, 0x08, 0x01, 0x01, 0x0c, 0x01, 0x01,
    0x02, 0x00, 0x0a, 0x01, 0x02, 0x00, 0x0a, 0x01, 0x02, 0x00, 0x05, 0x01, 0x11, 0x00, 0x04, 0x01,
    0x02, 0x00, 0x08, 0x01, 0x01, 0x0c, 0x01, 0x01, 0x02, 0x00, 0x0a, 0x01, 0x02, 0x00, 0x0a, 0x01,
    0x02, 0x00, 0x04, 0x01, 0x14, 0x00, 0x02, 0x01, 0x02, 0x00, 0x0a, 0x01, 0x02, 0x00, 0x0a, 0x01,
    0x02, 0x00, 0x0a, 0x01, 0x02, 0x00, 0x02, 0x01, 0x1a, 0x00, 0x0a, 0x01, 0x02, 0x00, 0x0a, 0x01,
    0x02, 0x00, 0x0a, 0x01, 0xcf, 0x00, 0xcf, 0x00, 0x0a, 0x01, 0x02, 0x00, 0x0a, 0x01, 0x02, 0x00,
    0x0a, 0x01, 0x1a, 0x00, 0x02, 0x01, 0x02, 0x00, 0x0a, 0x01, 0x02, 0x00, 0x0a, 0x01, 0x02, 0x00,
    0x0a, 0x01, 0x02, 0x00, 0x02, 0x01, 0x14, 0x00, 0x04, 0x01, 0x02, 0x00, 0x0a, 0x01, 0x02, 0x00,
    0x02, 0x01, 0x01, 0x0c, 0x07, 0x01, 0x02, 0x00, 0x0a, 0x01, 0x02, 0x00, 0x04, 0x01, 0x11, 0x00,
    0x05, 0x01, 0x02, 0x00, 0x0a, 0x01, 0x02, 0x00, 0x02, 0x01, 0x01, 0x0c, 0x07, 0x01, 0x02, 0x00,
    0x0a, 0x01, 0x02, 0x00, 0x05, 0x01, 0x0f, 0x00, 0x06, 0x01, 0x02, 0x00, 0x0a, 0x01, 0x02, 0x00,
    0x02, 0x01, 0x01, 0x0c, 0x07, 0x01, 0x02, 0x00, 0x0a, 0x01, 0x02, 0x00, 0x06, 0x01, 0x0d, 0x00,
    0x07, 0x01, 0x02, 0x00, 0x0a, 0x01, 0x02, 0x00, 0x02, 0x01, 0x01, 0x0c, 0x07, 0x01, 0x02, 0x00,
    0x0a, 0x01, 0x02, 0x00, 0x07, 0x01, 0x0b, 0x00, 0x08, 0x01, 0x02, 0x00, 0x0a, 0x01, 0x02, 0x00,
    0x02, 0x01, 0x01, 0x0c, 0x07, 0x01, 0x02, 0x00, 0x0a, 0x01, 0x02, 0x00, 0x08, 0x01, 0x0a, 0x00,
    0x08, 0x01, 0x02, 0x00, 0x0a, 0x01, 0x02, 0x00, 0x0a, 0x01, 0x02, 0x00, 0x0a, 0x01, 0x02, 0x00,
    0x08, 0x01, 0x89, 0x00, 0x09, 0x01, 0x02, 0x00, 0x0a, 0x01, 0x02, 0x00, 0x0a, 0x01, 0x02, 0x00,
    0x0a, 0x01, 0x02, 0x00, 0x09, 0x01, 0x08, 0x00, 0x09, 0x01, 0x02, 0x00, 0x0a, 0x01, 0x02, 0x00,
    0x0a, 0x01, 0x02, 0x00, 0x0a, 0x01, 0x02, 0x00, 0x09, 0x01, 0x07, 0x00, 0x0a, 0x01, 0x02, 0x00,
    0x0a, 0x01, 0x02, 0x00, 0x0a, 0x01, 0x02, 0x00, 0x0a, 0x01, 0x02, 0x00, 0x0a, 0x01, 0x06, 0x00,
    0x0a, 0x01, 0x02, 0x00, 0x0a, 0x01, 0x02, 0x00, 0x0a, 0x01, 0x02, 0x00, 0x0a, 0x01, 0x02, 0x00,
    0x0a, 0x01, 0x07, 0x00, 0x09, 0x01, 0x02, 0x00, 0x0a, 0x01, 0x02, 0x00, 0x0a, 0x01, 0x02, 0x00,
    0x0a, 0x01, 0x02, 0x00, 0x09, 0x01, 0x08, 0x00, 0x09, 0x01, 0x02, 0x00, 0x0a, 0x01, 0x02, 0x00,
    0x0a, 0x01, 0x02, 0x00, 0x0a, 0x01, 0x02, 0x00, 0x09, 0x01, 0x08, 0x00, 0x09, 0x01, 0x02, 0x00,
    0x0a, 0x01, 0x02, 0x00, 0x0a, 0x01, 0x02, 0x00, 0x0a, 0x01, 0x02, 0x00, 0x09, 0x01, 0x89, 0x00,
    0x08, 0x01, 0x02, 0x00, 0x0a, 0x01, 0x02, 0x00, 0x0a, 0x01, 0x02, 0x00, 0x0a, 0x01, 0x02, 0x00,
    0x08, 0x01, 0x0b, 0x00, 0x07, 0x01, 0x02, 0x00, 0x0a, 0x01, 0x02, 0x00, 0x02, 0x01, 0x01, 0x0c,
    0x07, 0x01, 0x02, 0x00, 0x0a, 0x01, 0x02, 0x00, 0x07, 0x01, 0x0d, 0x00, 0x06, 0x01, 0x02, 0x00,
    0x0a, 0x01, 0x02, 0x00, 0x02, 0x01, 0x01, 0x0c, 0x07, 0x01, 0x02, 0x00, 0x0a, 0x01, 0x02, 0x00,
    0x06, 0x01, 0x0f, 0x00, 0x05, 0x01, 0x02, 0x00, 0x0a, 0x01, 0x02, 0x00, 0x02, 0x01, 0x01, 0x0c,
    0x07, 0x01, 0x02, 0x00, 0x0a, 0x01, 0x02, 0x00, 0x05, 0x01, 0x11, 0x00, 0x04, 0x01, 0x02, 0x00,
    0x0a, 0x01, 0x02, 0x00, 0x02, 0x01, 0x01, 0x0c, 0x07, 0x01, 0x02, 0x00, 0x0a, 0x01, 0x02, 0x00,
    0x04, 0x01, 0x14, 0x00, 0x02, 0x01, 0x02, 0x00, 0x0a, 0x01, 0x02, 0x00, 0x0a, 0x01, 0x02, 0x00,
    0x0a, 0x01, 0x02, 0x00, 0x02, 0x01, 0x1a, 0x00, 0x0a, 0x01, 0x02, 0x00, 0x0a, 0x01, 0x02, 0x00,
    0x0a, 0x01, 0xcf, 0x00, 0xcf, 0x00, 0x0a, 0x01, 0x02, 0x00, 0x0a, 0x01, 0x02, 0x00, 0x0a, 0x01,
    0x1a, 0x00, 0x02, 0x01, 0x02, 0x00, 0x0a, 0x01, 0x02, 0x00, 0x0a, 0x01, 0x02, 0x00, 0x0a, 0x01,
    0x02, 0x00, 0x02, 0x01, 0x14, 0x00, 0x04, 0x01, 0x02, 0x00, 0x0a, 0x01, 0x02, 0x00, 0x08, 0x01,
    0x01, 0x0c, 0x01, 0x01, 0x02, 0x00, 0x0a, 0x01, 0x02, 0x00, 0x04, 0x01, 0x11, 0x00, 0x05, 0x01,
    0x02, 0x00, 0x0a, 0x01, 0x02, 0x00, 0x08, 0x01, 0x01, 0x0c, 0x01, 0x01, 0x02, 0x00, 0x0a, 0x01,
    0x02, 0x00, 0x05, 0x01, 0x0f, 0x00, 0x06, 0x01, 0x02, 0x00, 0x0a, 0x01, 0x02, 0x00, 0x08, 0x01,
    0x01, 0x0c, 0x01, 0x01, 0x02, 0x00, 0x0a, 0x01, 0x02, 0x00, 0x06, 0x01, 0x0d, 0x00, 0x07, 0x01,
    0x02, 0x00, 0x0a, 0x01, 0x02, 0x00, 0x08, 0x01, 0x01, 0x0c, 0x01, 0x01, 0x02, 0x00, 0x0a, 0x01,
    0x02, 0x00, 0x07, 0x01, 0x0b, 0x00, 0x08, 0x01, 0x02, 0x00, 0x0a, 0x01, 0x02, 0x00, 0x08, 0x01,
    0x01, 0x0c, 0x01, 0x01, 0x02, 0x00, 0x0a, 0x01, 0x02, 0x00, 0x08, 0x01, 0x0a, 0x00, 0x08, 0x01,
    0x02, 0x00, 0x0a, 0x01, 0x02, 0x00, 0x0a, 0x01, 0x02, 0x00, 0x0a, 0x01, 0x02, 0x00, 0x08, 0x01,
    0x89, 0x00, 0x09, 0x01, 0x02, 0x00, 0x0a, 0x01, 0x02, 0x00, 0x0a, 0x01, 0x02, 0x00, 0x0a, 0x01,
    0x02, 0x00, 0x09, 0x01, 0x08, 0x00, 0x09, 0x01, 0x02, 0x00, 0x0a, 0x01, 0x02, 0x00, 0x0a, 0x01,
    0x02, 0x00, 0x0a, 0x01, 0x02, 0x00, 0x09, 0x01, 0x07, 0x00, 0x0a, 0x01, 0x02, 0x00, 0x0a, 0x01,
    0x02, 0x00, 0x0a, 0x01, 0x02, 0x00, 0x0a, 0x01, 0x02, 0x00, 0x0a, 0x01, 0x06, 0x00, 0x0a, 0x01,
    0x02, 0x00, 0x0a, 0x01, 0x02, 0x00, 0x0a, 0x01, 0x02, 0x00, 0x0a, 0x01, 0x02, 0x00, 0x0a, 0x01,
    0x07, 0x00, 0x09, 0x01, 0x02, 0x00, 0x0a, 0x01, 0x02, 0x00, 0x0a, 0x01, 0x02, 0x00, 0x0a, 0x01,
    0x02, 0x00, 0x09, 0x01, 0x08, 0x00, 0x09, 0x01, 0x02, 0x00, 0x0a, 0x01, 0x02, 0x00, 0x0a, 0x01,
    0x02, 0x00, 0x0a, 0x01, 0x02, 0x00, 0x09, 0x01, 0x08, 0x00, 0x09, 0x01, 0x02, 0x00, 0x0a, 0x01,
    0x02, 0x00, 0x0a, 0x01, 0x02, 0x00, 0x0a, 0x01, 0x02, 0x00, 0x09, 0x01, 0x89, 0x00, 0x08, 0x01,
    0x02, 0x00, 0x0a, 0x01, 0x02, 0x00, 0x0a, 0x01, 0x02, 0x00, 0x0a, 0x01, 0x02, 0x00, 0x08, 0x01,
    0x0b, 0x00, 0x07, 0x01, 0x02, 0x00, 0x0a, 0x01, 0x02, 0x00, 0x08, 0x01, 0x01, 0x0c, 0x01, 0x01,
    0x02, 0x00, 0x0a, 0x01, 0x02, 0x00, 0x07, 0x01, 0x0d, 0x00, 0x06, 0x01, 0x02, 0x00, 0x0a, 0x01,
    0x02, 0x00, 0x08, 0x01, 0x01, 0x0c, 0x01, 0x01, 0x02, 0x00, 0x0a, 0x01, 0x02, 0x00, 0x06, 0x01,
    0x0f, 0x00, 0x05, 0x01, 0x02, 0x00, 0x0a, 0x01, 0x02, 0x00, 0x08, 0x01, 0x01, 0x0c, 0x01, 0x01,
    0x02, 0x00, 0x0a, 0x01, 0x02, 0x00, 0x05, 0x01, 0x11, 0x00, 0x04, 0x01, 0x02, 0x00, 0x0a, 0x01,
    0x02, 0x00, 0x08, 0x01, 0x01, 0x0c, 0x01, 0x01, 0x02, 0x00, 0x0a, 0x01, 0x02, 0x00, 0x04, 0x01,
    0x14, 0x00, 0x02, 0x01, 0x02, 0x00, 0x0a, 0x01, 0x02, 0x00, 0x0a, 0x01, 0x02, 0x00, 0x0a, 0x01,
    0x02, 0x00, 0x02, 0x01, 0x1a, 0x00, 0x0a, 0x01, 0x02, 0x00, 0x0a, 0x01, 0x02, 0x00, 0x0a, 0x01,
    0xcf, 0x00, 0xcf, 0x00, 0x0a, 0x01, 0x02, 0x00, 0x0a, 0x01, 0x02, 0x00, 0x0a, 0x01, 0x1a, 0x00,
    0x02, 0x01, 0x02, 0x00, 0x0a, 0x01, 0x02, 0x00, 0x0a, 0x01, 0x02, 0x00, 0x0a, 0x01, 0x02, 0x00,
    0x02, 0x01, 0x14, 0x00, 0x04, 0x01, 0x02, 0x00, 0x0a, 0x01, 0x02, 0x00, 0x0a, 0x01, 0x02, 0x00,
    0x02, 0x01, 0x01, 0x0c, 0x07, 0x01, 0x02, 0x00, 0x04, 0x01, 0x11, 0x00, 0x05, 0x01, 0x02, 0x00,
    0x0a, 0x01, 0x02, 0x00, 0x0a, 0x01, 0x02, 0x00, 0x02, 0x01, 0x01, 0x0c, 0x07, 0x01, 0x02, 0x00,
    0x05, 0x01, 0x0f, 0x00, 0x06, 0x01, 0x02, 0x00, 0x0a, 0x01, 0x02, 0x00, 0x0a, 0x01, 0x02, 0x00,
    0x02, 0x01, 0x01, 0x0c, 0x07, 0x01, 0x02, 0x00, 0x06, 0x01, 0x0d, 0x00, 0x07, 0x01, 0x02, 0x00,
    0x0a, 0x01, 0x02, 0x00, 0x0a, 0x01, 0x02, 0x00, 0x02, 0x01, 0x01, 0x0c, 0x07, 0x01, 0x02, 0x00,
    0x07, 0x01, 0x0b, 0x00, 0x08, 0x01, 0x02, 0x00, 0x0a, 0x01, 0x02, 0x00, 0x0a, 0x01, 0x02, 0x00,
    0x02, 0x01, 0x01, 0x0c, 0x07, 0x01, 0x02, 0x00, 0x08, 0x01, 0x0a, 0x00, 0x08, 0x01, 0x02, 0x00,
    0x0a, 0x01, 0x02, 0x00, 0x0a, 0x01, 0x02, 0x00, 0x0a, 0x01, 0x02, 0x00, 0x08, 0x01, 0x89, 0x00,
    0x09, 0x01, 0x02, 0x00, 0x0a, 0x01, 0x02, 0x00, 0x0a, 0x01, 0x02, 0x00, 0x0a, 0x01, 0x02, 0x00,
    0x09, 0x01, 0x08, 0x00, 0x09, 0x01, 0x02, 0x00, 0x0a, 0x01, 0x02, 0x00, 0x0a, 0x01, 0x02, 0x00,
    0x0a, 0x01, 0x02, 0x00, 0x09, 0x01, 0x07, 0x00, 0x0a, 0x01, 0x02, 0x00, 0x0a, 0x01, 0x02, 0x00,
    0x0a, 0x01, 0x02, 0x00, 0x0a, 0x01, 0x02, 0x00, 0x0a, 0x01, 0x06, 0x00, 0x0a, 0x01, 0x02, 0x00,
    0x0a, 0x01, 0x02, 0x00, 0x0a, 0x01, 0x02, 0x00, 0x0a, 0x01, 0x02, 0x00, 0x0a, 0x01, 0x07, 0x00,
    0x09, 0x01, 0x02, 0x00, 0x0a, 0x01, 0x02, 0x00, 0x0a, 0x01, 0x02, 0x00, 0x0a, 0x01, 0x02, 0x00,
    0x09, 0x01, 0x08, 0x00, 0x09, 0x01, 0x02, 0x00, 0x0a, 0x01, 0x02, 0x00, 0x0a, 0x01, 0x02, 0x00,
    0x0a, 0x01, 0x02, 0x00, 0x09, 0x01, 0x08, 0x00, 0x09, 0x01, 0x02, 0x00, 0x0a, 0x01, 0x02, 0x00,
    0x0a, 0x01, 0x02, 0x00, 0x0a, 0x01, 0x02, 0x00, 0x09, 0x01, 0x89, 0x00, 0x08, 0x01, 0x02, 0x00,
    0x0a, 0x01, 0x02, 0x00, 0x0a, 0x01, 0x02, 0x00, 0x0a, 0x01, 0x02, 0x00, 0x08, 0x01, 0x0b, 0x00,
    0x07, 0x01, 0x02, 0x00, 0x0a, 0x01, 0x02, 0x00, 0x0a, 0x01, 0x02, 0x00, 0x02, 0x01, 0x01, 0x0c,
    0x07, 0x01, 0x02, 0x00, 0x07, 0x01, 0x0d, 0x00, 0x06, 0x01, 0x02, 0x00, 0x0a, 0x01, 0x02, 0x00,
    0x0a, 0x01, 0x02, 0x00, 0x02, 0x01, 0x01, 0x0c, 0x07, 0x01, 0x02, 0x00, 0x06, 0x01, 0x0f, 0x00,
    0x05, 0x01, 0x02, 0x00, 0x0a, 0x01, 0x02, 0x00, 0x0a, 0x01, 0x02, 0x00, 0x02, 0x01, 0x01, 0x0c,
    0x07, 0x01, 0x02, 0x00, 0x05, 0x01, 0x11, 0x00, 0x04, 0x01, 0x02, 0x00, 0x0a, 0x01, 0x02, 0x00,
    0x0a, 0x01, 0x02, 0x00, 0x02, 0x01, 0x01, 0x0c, 0x07, 0x01, 0x02, 0x00, 0x04, 0x01, 0x14, 0x00,
    0x02, 0x01, 0x02, 0x00, 0x0a, 0x01, 0x02, 0x00, 0x0a, 0x01, 0x02, 0x00, 0x0a, 0x01, 0x02, 0x00,
    0x02, 0x01, 0x1a, 0x00, 0x0a, 0x01, 0x02, 0x00, 0x0a, 0x01, 0x02, 0x00, 0x0a, 0x01, 0xcf, 0x00,
    0xcf, 0x00, 0x0a, 0x01, 0x02, 0x00, 0x0a, 0x01, 0x02, 0x00, 0x0a, 0x01, 0x1a, 0x00, 0x02, 0x01,
    0x02, 0x00, 0x0a, 0x01, 0x02, 0x00, 0x0a, 0x01, 0x02, 0x00, 0x0a, 0x01, 0x02, 0x00, 0x02, 0x01,
    0x14, 0x00, 0x04, 0x01, 0x02, 0x00, 0x0a, 0x01, 0x02, 0x00, 0x0a, 0x01, 0x02, 0x00, 0x08, 0x01,
    0x01, 0x0c, 0x01, 0x01, 0x02, 0x00, 0x04, 0x01, 0x11, 0x00, 0x05, 0x01, 0x02, 0x00, 0x0a, 0x01,
    0x02, 0x00, 0x0a, 0x01, 0x02, 0x00, 0x08, 0x01, 0x01, 0x0c, 0x01, 0x01, 0x02, 0x00, 0x05, 0x01,
    0x0f, 0x00, 0x06, 0x01, 0x02, 0x00, 0x0a, 0x01, 0x02, 0x00, 0x0a, 0x01, 0x02, 0x00, 0x08, 0x01,
    0x01, 0x0c, 0x01, 0x01, 0x02, 0x00, 0x06, 0x01, 0x0d, 0x00, 0x07, 0x01, 0x02, 0x00, 0x0a, 0x01,
    0x02, 0x00, 0x0a, 0x01, 0x02, 0x00, 0x08, 0x01, 0x01, 0x0c, 0x01, 0x01, 0x02, 0x00, 0x07, 0x01,
    0x0b, 0x00, 0x08, 0x01, 0x02, 0x00, 0x0a, 0x01, 0x02, 0x00, 0x0a, 0x01, 0x02, 0x00, 0x08, 0x01,
    0x01, 0x0c, 0x01, 0x01, 0x02, 0x00, 0x08, 0x01, 0x0a, 0x00, 0x08, 0x01, 0x02, 0x00, 0x0a, 0x01,
    0x02, 0x00, 0x0a, 0x01, 0x02, 0x00, 0x0a, 0x01, 0x02, 0x00, 0x08, 0x01, 0x89, 0x00, 0x09, 0x01,
    0x02, 0x00, 0x0a, 0x01, 0x02, 0x00, 0x0a, 0x01, 0x02, 0x00, 0x0a, 0x01, 0x02, 0x00, 0x09, 0x01,
    0x08, 0x00, 0x09, 0x01, 0x02, 0x00, 0x0a, 0x01, 0x02, 0x00, 0x0a, 0x01, 0x02, 0x00, 0x0a, 0x01,
    0x02, 0x00, 0x09, 0x01, 0x07, 0x00, 0x0a, 0x01, 0x02, 0x00, 0x0a, 0x01, 0x02, 0x00, 0x0a, 0x01,
    0x02, 0x00, 0x0a, 0x01, 0x02, 0x00, 0x0a, 0x01, 0x06, 0x00, 0x0a, 0x01, 0x02, 0x00, 0x0a, 0x01,
    0x02, 0x00, 0x0a, 0x01, 0x02, 0x00, 0x0a, 0x01, 0x02, 0x00, 0x0a, 0x01, 0x07, 0x00, 0x09, 0x01,
    0x02, 0x00, 0x0a, 0x01, 0x02, 0x00, 0x0a, 0x01, 0x02, 0x00, 0x0a, 0x01, 0x02, 0x00, 0x09, 0x01,
    0x08, 0x00, 0x09, 0x01, 0x02, 0x00, 0x0a, 0x01, 0x02, 0x00, 0x0a, 0x01, 0x02, 0x00, 0x0a, 0x01,
    0x02, 0x00, 0x09, 0x01, 0x08, 0x00, 0x09, 0x01, 0x02, 0x00, 0x0a, 0x01, 0x02, 0x00, 0x0a, 0x01,
    0x02, 0x00, 0x0a, 0x01, 0x02, 0x00, 0x09, 0x01, 0x89, 0x00, 0x08, 0x01, 0x02, 0x00, 0x0a, 0x01,
    0x02, 0x00, 0x0a, 0x01, 0x02, 0x00, 0x0a, 0x01, 0x02, 0x00, 0x08, 0x01, 0x0b, 0x00, 0x07, 0x01,
    0x02, 0x00, 0x0a, 0x01, 0x02, 0x00, 0x0a, 0x01, 0x02, 0x00, 0x08, 0x01, 0x01, 0x0c, 0x01, 0x01,
    0x02, 0x00, 0x07, 0x01, 0x0d, 0x00, 0x06, 0x01, 0x02, 0x00, 0x0a, 0x01, 0x02, 0x00, 0x0a, 0x01,
    0x02, 0x00, 0x08, 0x01, 0x01, 0x0c, 0x01, 0x01, 0x02, 0x00, 0x06, 0x01, 0x0f, 0x00, 0x05, 0x01,
    0x02, 0x00, 0x0a, 0x01, 0x02, 0x00, 0x0a, 0x01, 0x02, 0x00, 0x08, 0x01, 0x01, 0x0c, 0x01, 0x01,
    0x02, 0x00, 0x05, 0x01, 0x11, 0x00, 0x04, 0x01, 0x02, 0x00, 0x0a, 0x01, 0x02, 0x00, 0x0a, 0x01,
    0x02, 0x00, 0x08, 0x01, 0x01, 0x0c, 0x01, 0x01, 0x02, 0x00, 0x04, 0x01, 0x14, 0x00, 0x02, 0x01,
    0x02, 0x00, 0x0a, 0x01, 0x02, 0x00, 0x0a, 0x01, 0x02, 0x00, 0x0a, 0x01, 0x02, 0x00, 0x02, 0x01,
    0x1a, 0x00, 0x0a, 0x01, 0x02, 0x00, 0x0a, 0x01, 0x02, 0x00, 0x0a, 0x01, 0xcf, 0x00, 0xcf, 0x00,
    0x0a, 0x01, 0x02, 0x00, 0x0a, 0x01, 0x02, 0x00, 0x0a, 0x01, 0x1a, 0x00, 0x02, 0x01, 0x02, 0x00,
    0x0a, 0x01, 0x02, 0x00, 0x0a, 0x01, 0x02, 0x00, 0x0a, 0x01, 0x02, 0x00, 0x02, 0x01, 0x14, 0x00,
    0x04, 0x01, 0x02, 0x00, 0x0a, 0x01, 0x02, 0x00, 0x0a, 0x01, 0x02, 0x00, 0x0a, 0x01, 0x02, 0x00,
    0x02, 0x01, 0x01, 0x0c, 0x01, 0x01, 0x11, 0x00, 0x05, 0x01, 0x02, 0x00, 0x0a, 0x01, 0x02, 0x00,
    0x0a, 0x01, 0x02, 0x00, 0x0a, 0x01, 0x02, 0x00, 0x02, 0x01, 0x01, 0x0c, 0x02, 0x01, 0x0f, 0x00,
    0x06, 0x01, 0x02, 0x00, 0x0a, 0x01, 0x02, 0x00, 0x0a, 0x01, 0x02, 0x00, 0x0a, 0x01, 0x02, 0x00,
    0x02, 0x01, 0x01, 0x0c, 0x03, 0x01, 0x0d, 0x00, 0x07, 0x01, 0x02, 0x00, 0x0a, 0x01, 0x02, 0x00,
    0x0a, 0x01, 0x02, 0x00, 0x0a, 0x01, 0x02, 0x00, 0x02, 0x01, 0x01, 0x0c, 0x04, 0x01, 0x0b, 0x00,
    0x08, 0x01, 0x02, 0x00, 0x0a, 0x01, 0x02, 0x00, 0x0a, 0x01, 0x02, 0x00, 0x0a, 0x01, 0x02, 0x00,
    0x02, 0x01, 0x01, 0x0c, 0x05, 0x01, 0x0a, 0x00, 0x08, 0x01, 0x02, 0x00, 0x0a, 0x01, 0x02, 0x00,
    0x0a, 0x01, 0x02, 0x00, 0x0a, 0x01, 0x02, 0x00, 0x08, 0x01, 0x89, 0x00, 0x09, 0x01, 0x02, 0x00,
    0x0a, 0x01, 0x02, 0x00, 0x0a, 0x01, 0x02, 0x00, 0x0a, 0x01, 0x02, 0x00, 0x09, 0x01, 0x08, 0x00,
    0x09, 0x01, 0x02, 0x00, 0x0a, 0x01, 0x02, 0x00, 0x0a, 0x01, 0x02, 0x00, 0x0a, 0x01, 0x02, 0x00,
    0x09, 0x01, 0x07, 0x00, 0x0a, 0x01, 0x02, 0x00, 0x0a, 0x01, 0x02, 0x00, 0x0a, 0x01, 0x02, 0x00,
    0x0a, 0x01, 0x02, 0x00, 0x0a, 0x01, 0x06, 0x00, 0x0a, 0x01, 0x02, 0x00, 0x0a, 0x01, 0x02, 0x00,
    0x0a, 0x01, 0x02, 0x00, 0x0a, 0x01, 0x02, 0x00, 0x0a, 0x01, 0x07, 0x00, 0x09, 0x01, 0x02, 0x00,
    0x0a, 0x01, 0x02, 0x00, 0x0a, 0x01, 0x02, 0x00, 0x0a, 0x01, 0x02, 0x00, 0x09, 0x01, 0x08, 0x00,
    0x09, 0x01, 0x02, 0x00, 0x0a, 0x01, 0x02, 0x00, 0x0a, 0x01, 0x02, 0x00, 0x0a, 0x01, 0x02, 0x00,
    0x09, 0x01, 0x08, 0x00, 0x09, 0x01, 0x02, 0x00, 0x0a, 0x01, 0x02, 0x00, 0x0a, 0x01, 0x02, 0x00,
    0x0a, 0x01, 0x02, 0x00, 0x09, 0x01, 0x89, 0x00, 0x08, 0x01, 0x02, 0x00, 0x0a, 0x01, 0x02, 0x00,
    0x0a, 0x01, 0x02, 0x00, 0x0a, 0x01, 0x02, 0x00, 0x08, 0x01, 0x0b, 0x00, 0x07, 0x01, 0x02, 0x00,
    0x0a, 0x01, 0x02, 0x00, 0x0a, 0x01, 0x02, 0x00, 0x0a, 0x01, 0x02, 0x00, 0x02, 0x01, 0x01, 0x0c,
    0x04, 0x01, 0x0d, 0x00, 0x06, 0x01, 0x02, 0x00, 0x0a, 0x01, 0x02, 0x00, 0x0a, 0x01, 0x02, 0x00,
    0x0a, 0x01, 0x02, 0x00, 0x02, 0x01, 0x01, 0x0c, 0x03, 0x01, 0x0f, 0x00, 0x05, 0x01, 0x02, 0x00,
    0x0a, 0x01, 0x02, 0x00, 0x0a, 0x01, 0x02, 0x00, 0x0a, 0x01, 0x02, 0x00, 0x02, 0x01, 0x01, 0x0c,
    0x02, 0x01, 0x11, 0x00, 0x04, 0x01, 0x02, 0x00, 0x0a, 0x01, 0x02, 0x00, 0x0a, 0x01, 0x02, 0x00,
    0x0a, 0x01, 0x02, 0x00, 0x02, 0x01, 0x01, 0x0c, 0x01, 0x01, 0x14, 0x00, 0x02, 0x01, 0x02, 0x00,
    0x0a, 0x01, 0x02, 0x00, 0x0a, 0x01, 0x02, 0x00, 0x0a, 0x01, 0x02, 0x00, 0x02, 0x01, 0x1a, 0x00,
    0x0a, 0x01, 0x02, 0x00, 0x0a, 0x01, 0x02, 0x00, 0x0a, 0x01, 0xcf, 0x00,
};

}  // namespace mouth_assets
