ISO-10303-21;
HEADER;
FILE_DESCRIPTION(('FreeCAD Model'),'2;1');
FILE_NAME('Open CASCADE Shape Model','2026-07-22T13:48:18',(''),(''),
  'Open CASCADE STEP processor 7.9','FreeCAD','Unknown');
FILE_SCHEMA(('AUTOMOTIVE_DESIGN { 1 0 10303 214 1 1 1 1 }'));
ENDSEC;
DATA;
#1 = APPLICATION_PROTOCOL_DEFINITION('international standard',
  'automotive_design',2000,#2);
#2 = APPLICATION_CONTEXT(
  'core data for automotive mechanical design processes');
#3 = SHAPE_DEFINITION_REPRESENTATION(#4,#10);
#4 = PRODUCT_DEFINITION_SHAPE('','',#5);
#5 = PRODUCT_DEFINITION('design','',#6,#9);
#6 = PRODUCT_DEFINITION_FORMATION('','',#7);
#7 = PRODUCT('cover','cover','',(#8));
#8 = PRODUCT_CONTEXT('',#2,'mechanical');
#9 = PRODUCT_DEFINITION_CONTEXT('part definition',#2,'design');
#10 = ADVANCED_BREP_SHAPE_REPRESENTATION('',(#11,#15),#2175);
#11 = AXIS2_PLACEMENT_3D('',#12,#13,#14);
#12 = CARTESIAN_POINT('',(0.,0.,0.));
#13 = DIRECTION('',(0.,0.,1.));
#14 = DIRECTION('',(1.,0.,-0.));
#15 = MANIFOLD_SOLID_BREP('',#16);
#16 = CLOSED_SHELL('',(#17,#163,#197,#221,#245,#270,#295,#320,#345,#363,
    #394,#419,#443,#468,#492,#517,#541,#559,#609,#633,#657,#682,#707,
    #731,#755,#791,#942,#995,#1436,#1453,#1470,#1814,#2158));
#17 = ADVANCED_FACE('',(#18,#88),#158,.F.);
#18 = FACE_BOUND('',#19,.F.);
#19 = EDGE_LOOP('',(#20,#31,#39,#48,#56,#65,#73,#82));
#20 = ORIENTED_EDGE('',*,*,#21,.T.);
#21 = EDGE_CURVE('',#22,#24,#26,.T.);
#22 = VERTEX_POINT('',#23);
#23 = CARTESIAN_POINT('',(-123.5961164438,-10.,220.));
#24 = VERTEX_POINT('',#25);
#25 = CARTESIAN_POINT('',(123.59611644384,-10.,220.));
#26 = CIRCLE('',#27,124.);
#27 = AXIS2_PLACEMENT_3D('',#28,#29,#30);
#28 = CARTESIAN_POINT('',(0.,0.,220.));
#29 = DIRECTION('',(0.,0.,1.));
#30 = DIRECTION('',(-0.997404632033,-7.2E-02,0.));
#31 = ORIENTED_EDGE('',*,*,#32,.F.);
#32 = EDGE_CURVE('',#33,#24,#35,.T.);
#33 = VERTEX_POINT('',#34);
#34 = CARTESIAN_POINT('',(117.17557900407,-10.,220.));
#35 = LINE('',#36,#37);
#36 = CARTESIAN_POINT('',(117.17557900407,-10.,220.));
#37 = VECTOR('',#38,1.);
#38 = DIRECTION('',(1.,0.,0.));
#39 = ORIENTED_EDGE('',*,*,#40,.F.);
#40 = EDGE_CURVE('',#41,#33,#43,.T.);
#41 = VERTEX_POINT('',#42);
#42 = CARTESIAN_POINT('',(117.17557900407,10.,220.));
#43 = CIRCLE('',#44,10.);
#44 = AXIS2_PLACEMENT_3D('',#45,#46,#47);
#45 = CARTESIAN_POINT('',(117.17557900407,2.4E-14,220.));
#46 = DIRECTION('',(0.,-0.,1.));
#47 = DIRECTION('',(0.,1.,0.));
#48 = ORIENTED_EDGE('',*,*,#49,.F.);
#49 = EDGE_CURVE('',#50,#41,#52,.T.);
#50 = VERTEX_POINT('',#51);
#51 = CARTESIAN_POINT('',(123.59611644384,10.,220.));
#52 = LINE('',#53,#54);
#53 = CARTESIAN_POINT('',(124.67557900407,10.,220.));
#54 = VECTOR('',#55,1.);
#55 = DIRECTION('',(-1.,0.,0.));
#56 = ORIENTED_EDGE('',*,*,#57,.T.);
#57 = EDGE_CURVE('',#50,#58,#60,.T.);
#58 = VERTEX_POINT('',#59);
#59 = CARTESIAN_POINT('',(-123.5961164438,10.,220.));
#60 = CIRCLE('',#61,124.);
#61 = AXIS2_PLACEMENT_3D('',#62,#63,#64);
#62 = CARTESIAN_POINT('',(0.,0.,220.));
#63 = DIRECTION('',(0.,-0.,1.));
#64 = DIRECTION('',(0.997404632033,7.2E-02,0.));
#65 = ORIENTED_EDGE('',*,*,#66,.F.);
#66 = EDGE_CURVE('',#67,#58,#69,.T.);
#67 = VERTEX_POINT('',#68);
#68 = CARTESIAN_POINT('',(-117.175579004,10.,220.));
#69 = LINE('',#70,#71);
#70 = CARTESIAN_POINT('',(-117.175579004,10.,220.));
#71 = VECTOR('',#72,1.);
#72 = DIRECTION('',(-1.,-0.,-0.));
#73 = ORIENTED_EDGE('',*,*,#74,.F.);
#74 = EDGE_CURVE('',#75,#67,#77,.T.);
#75 = VERTEX_POINT('',#76);
#76 = CARTESIAN_POINT('',(-117.175579004,-10.,220.));
#77 = CIRCLE('',#78,10.);
#78 = AXIS2_PLACEMENT_3D('',#79,#80,#81);
#79 = CARTESIAN_POINT('',(-117.175579004,1.565E-14,220.));
#80 = DIRECTION('',(-0.,0.,1.));
#81 = DIRECTION('',(0.,-1.,0.));
#82 = ORIENTED_EDGE('',*,*,#83,.F.);
#83 = EDGE_CURVE('',#22,#75,#84,.T.);
#84 = LINE('',#85,#86);
#85 = CARTESIAN_POINT('',(-124.675579004,-10.,220.));
#86 = VECTOR('',#87,1.);
#87 = DIRECTION('',(1.,0.,0.));
#88 = FACE_BOUND('',#89,.F.);
#89 = EDGE_LOOP('',(#90,#100,#109,#117,#126,#134,#143,#151));
#90 = ORIENTED_EDGE('',*,*,#91,.T.);
#91 = EDGE_CURVE('',#92,#94,#96,.T.);
#92 = VERTEX_POINT('',#93);
#93 = CARTESIAN_POINT('',(119.07984716147,14.,220.));
#94 = VERTEX_POINT('',#95);
#95 = CARTESIAN_POINT('',(117.17984716147,14.,220.));
#96 = LINE('',#97,#98);
#97 = CARTESIAN_POINT('',(59.539923580737,14.,220.));
#98 = VECTOR('',#99,1.);
#99 = DIRECTION('',(-1.,0.,0.));
#100 = ORIENTED_EDGE('',*,*,#101,.T.);
#101 = EDGE_CURVE('',#94,#102,#104,.T.);
#102 = VERTEX_POINT('',#103);
#103 = CARTESIAN_POINT('',(117.17984716147,-14.,220.));
#104 = CIRCLE('',#105,14.);
#105 = AXIS2_PLACEMENT_3D('',#106,#107,#108);
#106 = CARTESIAN_POINT('',(117.17984716147,2.77E-14,220.));
#107 = DIRECTION('',(0.,0.,1.));
#108 = DIRECTION('',(1.,0.,0.));
#109 = ORIENTED_EDGE('',*,*,#110,.T.);
#110 = EDGE_CURVE('',#102,#111,#113,.T.);
#111 = VERTEX_POINT('',#112);
#112 = CARTESIAN_POINT('',(119.07984716147,-14.,220.));
#113 = LINE('',#114,#115);
#114 = CARTESIAN_POINT('',(58.589923580737,-14.,220.));
#115 = VECTOR('',#116,1.);
#116 = DIRECTION('',(1.,0.,0.));
#117 = ORIENTED_EDGE('',*,*,#118,.F.);
#118 = EDGE_CURVE('',#119,#111,#121,.T.);
#119 = VERTEX_POINT('',#120);
#120 = CARTESIAN_POINT('',(-119.0798471614,-14.,220.));
#121 = CIRCLE('',#122,119.9);
#122 = AXIS2_PLACEMENT_3D('',#123,#124,#125);
#123 = CARTESIAN_POINT('',(0.,5.55E-14,220.));
#124 = DIRECTION('',(0.,0.,1.));
#125 = DIRECTION('',(1.,0.,0.));
#126 = ORIENTED_EDGE('',*,*,#127,.F.);
#127 = EDGE_CURVE('',#128,#119,#130,.T.);
#128 = VERTEX_POINT('',#129);
#129 = CARTESIAN_POINT('',(-117.1798471614,-14.,220.));
#130 = LINE('',#131,#132);
#131 = CARTESIAN_POINT('',(-58.58992358073,-13.99999999997,220.));
#132 = VECTOR('',#133,1.);
#133 = DIRECTION('',(-1.,-3.8425E-13,0.));
#134 = ORIENTED_EDGE('',*,*,#135,.T.);
#135 = EDGE_CURVE('',#128,#136,#138,.T.);
#136 = VERTEX_POINT('',#137);
#137 = CARTESIAN_POINT('',(-117.1798471614,14.,220.));
#138 = CIRCLE('',#139,14.);
#139 = AXIS2_PLACEMENT_3D('',#140,#141,#142);
#140 = CARTESIAN_POINT('',(-117.1798471614,0.,220.));
#141 = DIRECTION('',(0.,0.,1.));
#142 = DIRECTION('',(1.,0.,0.));
#143 = ORIENTED_EDGE('',*,*,#144,.F.);
#144 = EDGE_CURVE('',#145,#136,#147,.T.);
#145 = VERTEX_POINT('',#146);
#146 = CARTESIAN_POINT('',(-119.0798471614,14.,220.));
#147 = LINE('',#148,#149);
#148 = CARTESIAN_POINT('',(-59.53992358073,14.,220.));
#149 = VECTOR('',#150,1.);
#150 = DIRECTION('',(1.,0.,0.));
#151 = ORIENTED_EDGE('',*,*,#152,.F.);
#152 = EDGE_CURVE('',#92,#145,#153,.T.);
#153 = CIRCLE('',#154,119.9);
#154 = AXIS2_PLACEMENT_3D('',#155,#156,#157);
#155 = CARTESIAN_POINT('',(0.,5.55E-14,220.));
#156 = DIRECTION('',(0.,0.,1.));
#157 = DIRECTION('',(1.,0.,0.));
#158 = PLANE('',#159);
#159 = AXIS2_PLACEMENT_3D('',#160,#161,#162);
#160 = CARTESIAN_POINT('',(-5.67E-15,5.4E-15,220.));
#161 = DIRECTION('',(0.,0.,1.));
#162 = DIRECTION('',(1.,0.,0.));
#163 = ADVANCED_FACE('',(#164),#192,.T.);
#164 = FACE_BOUND('',#165,.T.);
#165 = EDGE_LOOP('',(#166,#175,#176,#185));
#166 = ORIENTED_EDGE('',*,*,#167,.F.);
#167 = EDGE_CURVE('',#22,#168,#170,.T.);
#168 = VERTEX_POINT('',#169);
#169 = CARTESIAN_POINT('',(-124.675579004,-9.,221.));
#170 = PARABOLA('',#171,47.376154339499);
#171 = AXIS2_PLACEMENT_3D('',#172,#173,#174);
#172 = CARTESIAN_POINT('',(0.,-67.,163.));
#173 = DIRECTION('',(0.,-0.707106781187,0.707106781187));
#174 = DIRECTION('',(0.,0.707106781187,0.707106781187));
#175 = ORIENTED_EDGE('',*,*,#21,.T.);
#176 = ORIENTED_EDGE('',*,*,#177,.T.);
#177 = EDGE_CURVE('',#24,#178,#180,.T.);
#178 = VERTEX_POINT('',#179);
#179 = CARTESIAN_POINT('',(124.67557900407,-9.,221.));
#180 = PARABOLA('',#181,47.376154339499);
#181 = AXIS2_PLACEMENT_3D('',#182,#183,#184);
#182 = CARTESIAN_POINT('',(0.,-67.,163.));
#183 = DIRECTION('',(0.,0.707106781187,-0.707106781187));
#184 = DIRECTION('',(0.,0.707106781187,0.707106781187));
#185 = ORIENTED_EDGE('',*,*,#186,.F.);
#186 = EDGE_CURVE('',#168,#178,#187,.T.);
#187 = CIRCLE('',#188,125.);
#188 = AXIS2_PLACEMENT_3D('',#189,#190,#191);
#189 = CARTESIAN_POINT('',(0.,0.,221.));
#190 = DIRECTION('',(0.,0.,1.));
#191 = DIRECTION('',(-0.997404632033,-7.2E-02,0.));
#192 = CONICAL_SURFACE('',#193,125.,0.785398163397);
#193 = AXIS2_PLACEMENT_3D('',#194,#195,#196);
#194 = CARTESIAN_POINT('',(0.,0.,221.));
#195 = DIRECTION('',(0.,0.,1.));
#196 = DIRECTION('',(-0.997404632033,-7.2E-02,0.));
#197 = ADVANCED_FACE('',(#198),#216,.F.);
#198 = FACE_BOUND('',#199,.F.);
#199 = EDGE_LOOP('',(#200,#201,#202,#210));
#200 = ORIENTED_EDGE('',*,*,#167,.F.);
#201 = ORIENTED_EDGE('',*,*,#83,.T.);
#202 = ORIENTED_EDGE('',*,*,#203,.T.);
#203 = EDGE_CURVE('',#75,#204,#206,.T.);
#204 = VERTEX_POINT('',#205);
#205 = CARTESIAN_POINT('',(-117.175579004,-9.,221.));
#206 = LINE('',#207,#208);
#207 = CARTESIAN_POINT('',(-117.175579004,-9.5,220.5));
#208 = VECTOR('',#209,1.);
#209 = DIRECTION('',(0.,0.707106781187,0.707106781187));
#210 = ORIENTED_EDGE('',*,*,#211,.F.);
#211 = EDGE_CURVE('',#168,#204,#212,.T.);
#212 = LINE('',#213,#214);
#213 = CARTESIAN_POINT('',(-124.675579004,-9.,221.));
#214 = VECTOR('',#215,1.);
#215 = DIRECTION('',(1.,0.,0.));
#216 = PLANE('',#217);
#217 = AXIS2_PLACEMENT_3D('',#218,#219,#220);
#218 = CARTESIAN_POINT('',(-124.675579004,-9.5,220.5));
#219 = DIRECTION('',(0.,-0.707106781187,0.707106781187));
#220 = DIRECTION('',(1.,0.,0.));
#221 = ADVANCED_FACE('',(#222),#240,.T.);
#222 = FACE_BOUND('',#223,.F.);
#223 = EDGE_LOOP('',(#224,#232,#233,#234));
#224 = ORIENTED_EDGE('',*,*,#225,.F.);
#225 = EDGE_CURVE('',#33,#226,#228,.T.);
#226 = VERTEX_POINT('',#227);
#227 = CARTESIAN_POINT('',(117.17557900407,-9.,221.));
#228 = LINE('',#229,#230);
#229 = CARTESIAN_POINT('',(117.17557900407,-9.,221.));
#230 = VECTOR('',#231,1.);
#231 = DIRECTION('',(9.E-17,0.707106781187,0.707106781187));
#232 = ORIENTED_EDGE('',*,*,#32,.T.);
#233 = ORIENTED_EDGE('',*,*,#177,.T.);
#234 = ORIENTED_EDGE('',*,*,#235,.F.);
#235 = EDGE_CURVE('',#226,#178,#236,.T.);
#236 = LINE('',#237,#238);
#237 = CARTESIAN_POINT('',(117.17557900407,-9.,221.));
#238 = VECTOR('',#239,1.);
#239 = DIRECTION('',(1.,0.,0.));
#240 = PLANE('',#241);
#241 = AXIS2_PLACEMENT_3D('',#242,#243,#244);
#242 = CARTESIAN_POINT('',(117.17557900407,-9.5,220.5));
#243 = DIRECTION('',(0.,0.707106781187,-0.707106781187));
#244 = DIRECTION('',(-1.,-0.,-0.));
#245 = ADVANCED_FACE('',(#246),#265,.F.);
#246 = FACE_BOUND('',#247,.F.);
#247 = EDGE_LOOP('',(#248,#249,#250,#258));
#248 = ORIENTED_EDGE('',*,*,#203,.F.);
#249 = ORIENTED_EDGE('',*,*,#74,.T.);
#250 = ORIENTED_EDGE('',*,*,#251,.T.);
#251 = EDGE_CURVE('',#67,#252,#254,.T.);
#252 = VERTEX_POINT('',#253);
#253 = CARTESIAN_POINT('',(-117.175579004,9.,221.));
#254 = LINE('',#255,#256);
#255 = CARTESIAN_POINT('',(-117.175579004,9.,221.));
#256 = VECTOR('',#257,1.);
#257 = DIRECTION('',(-7.1E-16,-0.707106781187,0.707106781187));
#258 = ORIENTED_EDGE('',*,*,#259,.F.);
#259 = EDGE_CURVE('',#204,#252,#260,.T.);
#260 = CIRCLE('',#261,9.);
#261 = AXIS2_PLACEMENT_3D('',#262,#263,#264);
#262 = CARTESIAN_POINT('',(-117.175579004,1.565E-14,221.));
#263 = DIRECTION('',(-0.,0.,1.));
#264 = DIRECTION('',(0.,-1.,0.));
#265 = CONICAL_SURFACE('',#266,9.,0.785398163397);
#266 = AXIS2_PLACEMENT_3D('',#267,#268,#269);
#267 = CARTESIAN_POINT('',(-117.175579004,1.565E-14,221.));
#268 = DIRECTION('',(-0.,-0.,-1.));
#269 = DIRECTION('',(0.,-1.,0.));
#270 = ADVANCED_FACE('',(#271),#290,.F.);
#271 = FACE_BOUND('',#272,.F.);
#272 = EDGE_LOOP('',(#273,#281,#282,#283));
#273 = ORIENTED_EDGE('',*,*,#274,.F.);
#274 = EDGE_CURVE('',#41,#275,#277,.T.);
#275 = VERTEX_POINT('',#276);
#276 = CARTESIAN_POINT('',(117.17557900407,9.,221.));
#277 = LINE('',#278,#279);
#278 = CARTESIAN_POINT('',(117.17557900407,9.5,220.5));
#279 = VECTOR('',#280,1.);
#280 = DIRECTION('',(0.,-0.707106781187,0.707106781187));
#281 = ORIENTED_EDGE('',*,*,#40,.T.);
#282 = ORIENTED_EDGE('',*,*,#225,.T.);
#283 = ORIENTED_EDGE('',*,*,#284,.F.);
#284 = EDGE_CURVE('',#275,#226,#285,.T.);
#285 = CIRCLE('',#286,9.);
#286 = AXIS2_PLACEMENT_3D('',#287,#288,#289);
#287 = CARTESIAN_POINT('',(117.17557900407,2.4E-14,221.));
#288 = DIRECTION('',(0.,-0.,1.));
#289 = DIRECTION('',(0.,1.,0.));
#290 = CONICAL_SURFACE('',#291,9.,0.785398163397);
#291 = AXIS2_PLACEMENT_3D('',#292,#293,#294);
#292 = CARTESIAN_POINT('',(117.17557900407,2.4E-14,221.));
#293 = DIRECTION('',(-0.,-0.,-1.));
#294 = DIRECTION('',(0.,1.,0.));
#295 = ADVANCED_FACE('',(#296),#315,.F.);
#296 = FACE_BOUND('',#297,.F.);
#297 = EDGE_LOOP('',(#298,#299,#300,#309));
#298 = ORIENTED_EDGE('',*,*,#251,.F.);
#299 = ORIENTED_EDGE('',*,*,#66,.T.);
#300 = ORIENTED_EDGE('',*,*,#301,.T.);
#301 = EDGE_CURVE('',#58,#302,#304,.T.);
#302 = VERTEX_POINT('',#303);
#303 = CARTESIAN_POINT('',(-124.675579004,9.,221.));
#304 = PARABOLA('',#305,47.376154339499);
#305 = AXIS2_PLACEMENT_3D('',#306,#307,#308);
#306 = CARTESIAN_POINT('',(0.,67.,163.));
#307 = DIRECTION('',(-0.,-0.707106781187,-0.707106781187));
#308 = DIRECTION('',(0.,-0.707106781187,0.707106781187));
#309 = ORIENTED_EDGE('',*,*,#310,.F.);
#310 = EDGE_CURVE('',#252,#302,#311,.T.);
#311 = LINE('',#312,#313);
#312 = CARTESIAN_POINT('',(-117.175579004,9.,221.));
#313 = VECTOR('',#314,1.);
#314 = DIRECTION('',(-1.,-0.,-0.));
#315 = PLANE('',#316);
#316 = AXIS2_PLACEMENT_3D('',#317,#318,#319);
#317 = CARTESIAN_POINT('',(-117.175579004,9.5,220.5));
#318 = DIRECTION('',(0.,0.707106781187,0.707106781187));
#319 = DIRECTION('',(-1.,0.,0.));
#320 = ADVANCED_FACE('',(#321),#340,.T.);
#321 = FACE_BOUND('',#322,.F.);
#322 = EDGE_LOOP('',(#323,#332,#333,#334));
#323 = ORIENTED_EDGE('',*,*,#324,.F.);
#324 = EDGE_CURVE('',#50,#325,#327,.T.);
#325 = VERTEX_POINT('',#326);
#326 = CARTESIAN_POINT('',(124.67557900407,9.,221.));
#327 = PARABOLA('',#328,47.376154339499);
#328 = AXIS2_PLACEMENT_3D('',#329,#330,#331);
#329 = CARTESIAN_POINT('',(0.,67.,163.));
#330 = DIRECTION('',(-0.,0.707106781187,0.707106781187));
#331 = DIRECTION('',(0.,-0.707106781187,0.707106781187));
#332 = ORIENTED_EDGE('',*,*,#49,.T.);
#333 = ORIENTED_EDGE('',*,*,#274,.T.);
#334 = ORIENTED_EDGE('',*,*,#335,.F.);
#335 = EDGE_CURVE('',#325,#275,#336,.T.);
#336 = LINE('',#337,#338);
#337 = CARTESIAN_POINT('',(124.67557900407,9.,221.));
#338 = VECTOR('',#339,1.);
#339 = DIRECTION('',(-1.,0.,0.));
#340 = PLANE('',#341);
#341 = AXIS2_PLACEMENT_3D('',#342,#343,#344);
#342 = CARTESIAN_POINT('',(124.67557900407,9.5,220.5));
#343 = DIRECTION('',(0.,-0.707106781187,-0.707106781187));
#344 = DIRECTION('',(1.,0.,0.));
#345 = ADVANCED_FACE('',(#346),#358,.T.);
#346 = FACE_BOUND('',#347,.T.);
#347 = EDGE_LOOP('',(#348,#349,#350,#351));
#348 = ORIENTED_EDGE('',*,*,#324,.F.);
#349 = ORIENTED_EDGE('',*,*,#57,.T.);
#350 = ORIENTED_EDGE('',*,*,#301,.T.);
#351 = ORIENTED_EDGE('',*,*,#352,.F.);
#352 = EDGE_CURVE('',#325,#302,#353,.T.);
#353 = CIRCLE('',#354,125.);
#354 = AXIS2_PLACEMENT_3D('',#355,#356,#357);
#355 = CARTESIAN_POINT('',(0.,0.,221.));
#356 = DIRECTION('',(0.,-0.,1.));
#357 = DIRECTION('',(0.997404632033,7.2E-02,0.));
#358 = CONICAL_SURFACE('',#359,125.,0.785398163397);
#359 = AXIS2_PLACEMENT_3D('',#360,#361,#362);
#360 = CARTESIAN_POINT('',(0.,0.,221.));
#361 = DIRECTION('',(0.,0.,1.));
#362 = DIRECTION('',(0.997404632033,7.2E-02,0.));
#363 = ADVANCED_FACE('',(#364),#389,.T.);
#364 = FACE_BOUND('',#365,.T.);
#365 = EDGE_LOOP('',(#366,#376,#382,#383));
#366 = ORIENTED_EDGE('',*,*,#367,.F.);
#367 = EDGE_CURVE('',#368,#370,#372,.T.);
#368 = VERTEX_POINT('',#369);
#369 = CARTESIAN_POINT('',(119.07984716147,14.,230.));
#370 = VERTEX_POINT('',#371);
#371 = CARTESIAN_POINT('',(117.17984716147,14.,230.));
#372 = LINE('',#373,#374);
#373 = CARTESIAN_POINT('',(119.07984716147,14.,230.));
#374 = VECTOR('',#375,1.);
#375 = DIRECTION('',(-1.,0.,0.));
#376 = ORIENTED_EDGE('',*,*,#377,.T.);
#377 = EDGE_CURVE('',#368,#92,#378,.T.);
#378 = LINE('',#379,#380);
#379 = CARTESIAN_POINT('',(119.07984716147,14.,230.));
#380 = VECTOR('',#381,1.);
#381 = DIRECTION('',(-0.,-0.,-1.));
#382 = ORIENTED_EDGE('',*,*,#91,.T.);
#383 = ORIENTED_EDGE('',*,*,#384,.F.);
#384 = EDGE_CURVE('',#370,#94,#385,.T.);
#385 = LINE('',#386,#387);
#386 = CARTESIAN_POINT('',(117.17984716147,14.,230.));
#387 = VECTOR('',#388,1.);
#388 = DIRECTION('',(-0.,-0.,-1.));
#389 = PLANE('',#390);
#390 = AXIS2_PLACEMENT_3D('',#391,#392,#393);
#391 = CARTESIAN_POINT('',(119.07984716147,14.,230.));
#392 = DIRECTION('',(0.,1.,0.));
#393 = DIRECTION('',(-1.,0.,0.));
#394 = ADVANCED_FACE('',(#395),#414,.F.);
#395 = FACE_BOUND('',#396,.F.);
#396 = EDGE_LOOP('',(#397,#406,#407,#408));
#397 = ORIENTED_EDGE('',*,*,#398,.F.);
#398 = EDGE_CURVE('',#368,#399,#401,.T.);
#399 = VERTEX_POINT('',#400);
#400 = CARTESIAN_POINT('',(-119.0798471614,14.,230.));
#401 = CIRCLE('',#402,119.9);
#402 = AXIS2_PLACEMENT_3D('',#403,#404,#405);
#403 = CARTESIAN_POINT('',(0.,5.55E-14,230.));
#404 = DIRECTION('',(0.,0.,1.));
#405 = DIRECTION('',(1.,0.,0.));
#406 = ORIENTED_EDGE('',*,*,#377,.T.);
#407 = ORIENTED_EDGE('',*,*,#152,.T.);
#408 = ORIENTED_EDGE('',*,*,#409,.F.);
#409 = EDGE_CURVE('',#399,#145,#410,.T.);
#410 = LINE('',#411,#412);
#411 = CARTESIAN_POINT('',(-119.0798471614,14.,230.));
#412 = VECTOR('',#413,1.);
#413 = DIRECTION('',(-0.,-0.,-1.));
#414 = CYLINDRICAL_SURFACE('',#415,119.9);
#415 = AXIS2_PLACEMENT_3D('',#416,#417,#418);
#416 = CARTESIAN_POINT('',(0.,5.55E-14,230.));
#417 = DIRECTION('',(0.,0.,1.));
#418 = DIRECTION('',(1.,0.,0.));
#419 = ADVANCED_FACE('',(#420),#438,.F.);
#420 = FACE_BOUND('',#421,.F.);
#421 = EDGE_LOOP('',(#422,#430,#431,#432));
#422 = ORIENTED_EDGE('',*,*,#423,.F.);
#423 = EDGE_CURVE('',#399,#424,#426,.T.);
#424 = VERTEX_POINT('',#425);
#425 = CARTESIAN_POINT('',(-117.1798471614,14.,230.));
#426 = LINE('',#427,#428);
#427 = CARTESIAN_POINT('',(-119.0798471614,14.,230.));
#428 = VECTOR('',#429,1.);
#429 = DIRECTION('',(1.,0.,0.));
#430 = ORIENTED_EDGE('',*,*,#409,.T.);
#431 = ORIENTED_EDGE('',*,*,#144,.T.);
#432 = ORIENTED_EDGE('',*,*,#433,.F.);
#433 = EDGE_CURVE('',#424,#136,#434,.T.);
#434 = LINE('',#435,#436);
#435 = CARTESIAN_POINT('',(-117.1798471614,14.,230.));
#436 = VECTOR('',#437,1.);
#437 = DIRECTION('',(-0.,-0.,-1.));
#438 = PLANE('',#439);
#439 = AXIS2_PLACEMENT_3D('',#440,#441,#442);
#440 = CARTESIAN_POINT('',(-119.0798471614,14.,230.));
#441 = DIRECTION('',(0.,-1.,0.));
#442 = DIRECTION('',(1.,0.,0.));
#443 = ADVANCED_FACE('',(#444),#463,.T.);
#444 = FACE_BOUND('',#445,.T.);
#445 = EDGE_LOOP('',(#446,#455,#461,#462));
#446 = ORIENTED_EDGE('',*,*,#447,.F.);
#447 = EDGE_CURVE('',#448,#424,#450,.T.);
#448 = VERTEX_POINT('',#449);
#449 = CARTESIAN_POINT('',(-117.1798471614,-14.,230.));
#450 = CIRCLE('',#451,14.);
#451 = AXIS2_PLACEMENT_3D('',#452,#453,#454);
#452 = CARTESIAN_POINT('',(-117.1798471614,0.,230.));
#453 = DIRECTION('',(0.,0.,1.));
#454 = DIRECTION('',(1.,0.,0.));
#455 = ORIENTED_EDGE('',*,*,#456,.T.);
#456 = EDGE_CURVE('',#448,#128,#457,.T.);
#457 = LINE('',#458,#459);
#458 = CARTESIAN_POINT('',(-117.1798471614,-14.,230.));
#459 = VECTOR('',#460,1.);
#460 = DIRECTION('',(-0.,-0.,-1.));
#461 = ORIENTED_EDGE('',*,*,#135,.T.);
#462 = ORIENTED_EDGE('',*,*,#433,.F.);
#463 = CYLINDRICAL_SURFACE('',#464,14.);
#464 = AXIS2_PLACEMENT_3D('',#465,#466,#467);
#465 = CARTESIAN_POINT('',(-117.1798471614,0.,230.));
#466 = DIRECTION('',(0.,0.,1.));
#467 = DIRECTION('',(1.,0.,0.));
#468 = ADVANCED_FACE('',(#469),#487,.F.);
#469 = FACE_BOUND('',#470,.F.);
#470 = EDGE_LOOP('',(#471,#479,#480,#481));
#471 = ORIENTED_EDGE('',*,*,#472,.F.);
#472 = EDGE_CURVE('',#448,#473,#475,.T.);
#473 = VERTEX_POINT('',#474);
#474 = CARTESIAN_POINT('',(-119.0798471614,-14.,230.));
#475 = LINE('',#476,#477);
#476 = CARTESIAN_POINT('',(-117.1798471614,-14.,230.));
#477 = VECTOR('',#478,1.);
#478 = DIRECTION('',(-1.,-3.8425E-13,0.));
#479 = ORIENTED_EDGE('',*,*,#456,.T.);
#480 = ORIENTED_EDGE('',*,*,#127,.T.);
#481 = ORIENTED_EDGE('',*,*,#482,.F.);
#482 = EDGE_CURVE('',#473,#119,#483,.T.);
#483 = LINE('',#484,#485);
#484 = CARTESIAN_POINT('',(-119.0798471614,-14.,230.));
#485 = VECTOR('',#486,1.);
#486 = DIRECTION('',(-0.,-0.,-1.));
#487 = PLANE('',#488);
#488 = AXIS2_PLACEMENT_3D('',#489,#490,#491);
#489 = CARTESIAN_POINT('',(-117.1798471614,-14.,230.));
#490 = DIRECTION('',(-3.8425E-13,1.,0.));
#491 = DIRECTION('',(-1.,-3.8425E-13,0.));
#492 = ADVANCED_FACE('',(#493),#512,.F.);
#493 = FACE_BOUND('',#494,.F.);
#494 = EDGE_LOOP('',(#495,#504,#505,#506));
#495 = ORIENTED_EDGE('',*,*,#496,.F.);
#496 = EDGE_CURVE('',#473,#497,#499,.T.);
#497 = VERTEX_POINT('',#498);
#498 = CARTESIAN_POINT('',(119.07984716147,-14.,230.));
#499 = CIRCLE('',#500,119.9);
#500 = AXIS2_PLACEMENT_3D('',#501,#502,#503);
#501 = CARTESIAN_POINT('',(0.,5.55E-14,230.));
#502 = DIRECTION('',(0.,0.,1.));
#503 = DIRECTION('',(1.,0.,0.));
#504 = ORIENTED_EDGE('',*,*,#482,.T.);
#505 = ORIENTED_EDGE('',*,*,#118,.T.);
#506 = ORIENTED_EDGE('',*,*,#507,.F.);
#507 = EDGE_CURVE('',#497,#111,#508,.T.);
#508 = LINE('',#509,#510);
#509 = CARTESIAN_POINT('',(119.07984716147,-14.,230.));
#510 = VECTOR('',#511,1.);
#511 = DIRECTION('',(-0.,-0.,-1.));
#512 = CYLINDRICAL_SURFACE('',#513,119.9);
#513 = AXIS2_PLACEMENT_3D('',#514,#515,#516);
#514 = CARTESIAN_POINT('',(0.,5.55E-14,230.));
#515 = DIRECTION('',(0.,0.,1.));
#516 = DIRECTION('',(1.,0.,0.));
#517 = ADVANCED_FACE('',(#518),#536,.T.);
#518 = FACE_BOUND('',#519,.T.);
#519 = EDGE_LOOP('',(#520,#528,#534,#535));
#520 = ORIENTED_EDGE('',*,*,#521,.F.);
#521 = EDGE_CURVE('',#522,#497,#524,.T.);
#522 = VERTEX_POINT('',#523);
#523 = CARTESIAN_POINT('',(117.17984716147,-14.,230.));
#524 = LINE('',#525,#526);
#525 = CARTESIAN_POINT('',(117.17984716147,-14.,230.));
#526 = VECTOR('',#527,1.);
#527 = DIRECTION('',(1.,0.,0.));
#528 = ORIENTED_EDGE('',*,*,#529,.T.);
#529 = EDGE_CURVE('',#522,#102,#530,.T.);
#530 = LINE('',#531,#532);
#531 = CARTESIAN_POINT('',(117.17984716147,-14.,230.));
#532 = VECTOR('',#533,1.);
#533 = DIRECTION('',(-0.,-0.,-1.));
#534 = ORIENTED_EDGE('',*,*,#110,.T.);
#535 = ORIENTED_EDGE('',*,*,#507,.F.);
#536 = PLANE('',#537);
#537 = AXIS2_PLACEMENT_3D('',#538,#539,#540);
#538 = CARTESIAN_POINT('',(117.17984716147,-14.,230.));
#539 = DIRECTION('',(0.,-1.,0.));
#540 = DIRECTION('',(1.,0.,0.));
#541 = ADVANCED_FACE('',(#542),#554,.T.);
#542 = FACE_BOUND('',#543,.T.);
#543 = EDGE_LOOP('',(#544,#551,#552,#553));
#544 = ORIENTED_EDGE('',*,*,#545,.F.);
#545 = EDGE_CURVE('',#370,#522,#546,.T.);
#546 = CIRCLE('',#547,14.);
#547 = AXIS2_PLACEMENT_3D('',#548,#549,#550);
#548 = CARTESIAN_POINT('',(117.17984716147,2.77E-14,230.));
#549 = DIRECTION('',(0.,0.,1.));
#550 = DIRECTION('',(1.,0.,0.));
#551 = ORIENTED_EDGE('',*,*,#384,.T.);
#552 = ORIENTED_EDGE('',*,*,#101,.T.);
#553 = ORIENTED_EDGE('',*,*,#529,.F.);
#554 = CYLINDRICAL_SURFACE('',#555,14.);
#555 = AXIS2_PLACEMENT_3D('',#556,#557,#558);
#556 = CARTESIAN_POINT('',(117.17984716147,2.77E-14,230.));
#557 = DIRECTION('',(0.,0.,1.));
#558 = DIRECTION('',(1.,0.,0.));
#559 = ADVANCED_FACE('',(#560),#604,.T.);
#560 = FACE_BOUND('',#561,.T.);
#561 = EDGE_LOOP('',(#562,#570,#579,#588,#597,#603));
#562 = ORIENTED_EDGE('',*,*,#563,.F.);
#563 = EDGE_CURVE('',#564,#178,#566,.T.);
#564 = VERTEX_POINT('',#565);
#565 = CARTESIAN_POINT('',(124.67557900407,-9.,225.));
#566 = LINE('',#567,#568);
#567 = CARTESIAN_POINT('',(124.67557900407,-9.,230.));
#568 = VECTOR('',#569,1.);
#569 = DIRECTION('',(-0.,-0.,-1.));
#570 = ORIENTED_EDGE('',*,*,#571,.T.);
#571 = EDGE_CURVE('',#564,#572,#574,.T.);
#572 = VERTEX_POINT('',#573);
#573 = CARTESIAN_POINT('',(124.5997124414,-9.995582000005,225.));
#574 = CIRCLE('',#575,125.);
#575 = AXIS2_PLACEMENT_3D('',#576,#577,#578);
#576 = CARTESIAN_POINT('',(0.,4.996E-14,225.));
#577 = DIRECTION('',(0.,-2.2E-16,-1.));
#578 = DIRECTION('',(1.,0.,0.));
#579 = ORIENTED_EDGE('',*,*,#580,.T.);
#580 = EDGE_CURVE('',#572,#581,#583,.T.);
#581 = VERTEX_POINT('',#582);
#582 = CARTESIAN_POINT('',(-124.5997124414,-9.995582000003,225.));
#583 = CIRCLE('',#584,125.);
#584 = AXIS2_PLACEMENT_3D('',#585,#586,#587);
#585 = CARTESIAN_POINT('',(0.,4.996E-14,225.));
#586 = DIRECTION('',(0.,-2.2E-16,-1.));
#587 = DIRECTION('',(1.,0.,0.));
#588 = ORIENTED_EDGE('',*,*,#589,.T.);
#589 = EDGE_CURVE('',#581,#590,#592,.T.);
#590 = VERTEX_POINT('',#591);
#591 = CARTESIAN_POINT('',(-124.675579004,-9.,225.));
#592 = CIRCLE('',#593,125.);
#593 = AXIS2_PLACEMENT_3D('',#594,#595,#596);
#594 = CARTESIAN_POINT('',(0.,4.996E-14,225.));
#595 = DIRECTION('',(0.,-2.2E-16,-1.));
#596 = DIRECTION('',(1.,0.,0.));
#597 = ORIENTED_EDGE('',*,*,#598,.T.);
#598 = EDGE_CURVE('',#590,#168,#599,.T.);
#599 = LINE('',#600,#601);
#600 = CARTESIAN_POINT('',(-124.675579004,-9.,230.));
#601 = VECTOR('',#602,1.);
#602 = DIRECTION('',(-0.,-0.,-1.));
#603 = ORIENTED_EDGE('',*,*,#186,.T.);
#604 = CYLINDRICAL_SURFACE('',#605,125.);
#605 = AXIS2_PLACEMENT_3D('',#606,#607,#608);
#606 = CARTESIAN_POINT('',(0.,0.,230.));
#607 = DIRECTION('',(0.,0.,1.));
#608 = DIRECTION('',(1.,0.,0.));
#609 = ADVANCED_FACE('',(#610),#628,.T.);
#610 = FACE_BOUND('',#611,.T.);
#611 = EDGE_LOOP('',(#612,#613,#621,#627));
#612 = ORIENTED_EDGE('',*,*,#598,.F.);
#613 = ORIENTED_EDGE('',*,*,#614,.T.);
#614 = EDGE_CURVE('',#590,#615,#617,.T.);
#615 = VERTEX_POINT('',#616);
#616 = CARTESIAN_POINT('',(-117.175579004,-9.,225.));
#617 = LINE('',#618,#619);
#618 = CARTESIAN_POINT('',(-117.2848873153,-9.,225.));
#619 = VECTOR('',#620,1.);
#620 = DIRECTION('',(1.,0.,0.));
#621 = ORIENTED_EDGE('',*,*,#622,.T.);
#622 = EDGE_CURVE('',#615,#204,#623,.T.);
#623 = LINE('',#624,#625);
#624 = CARTESIAN_POINT('',(-117.175579004,-9.,230.));
#625 = VECTOR('',#626,1.);
#626 = DIRECTION('',(-0.,-0.,-1.));
#627 = ORIENTED_EDGE('',*,*,#211,.F.);
#628 = PLANE('',#629);
#629 = AXIS2_PLACEMENT_3D('',#630,#631,#632);
#630 = CARTESIAN_POINT('',(-117.175579004,-9.,230.));
#631 = DIRECTION('',(0.,1.,0.));
#632 = DIRECTION('',(-1.,0.,0.));
#633 = ADVANCED_FACE('',(#634),#652,.F.);
#634 = FACE_BOUND('',#635,.F.);
#635 = EDGE_LOOP('',(#636,#637,#645,#651));
#636 = ORIENTED_EDGE('',*,*,#563,.F.);
#637 = ORIENTED_EDGE('',*,*,#638,.F.);
#638 = EDGE_CURVE('',#639,#564,#641,.T.);
#639 = VERTEX_POINT('',#640);
#640 = CARTESIAN_POINT('',(117.17557900407,-9.,225.));
#641 = LINE('',#642,#643);
#642 = CARTESIAN_POINT('',(117.28488731538,-9.,225.));
#643 = VECTOR('',#644,1.);
#644 = DIRECTION('',(1.,0.,0.));
#645 = ORIENTED_EDGE('',*,*,#646,.T.);
#646 = EDGE_CURVE('',#639,#226,#647,.T.);
#647 = LINE('',#648,#649);
#648 = CARTESIAN_POINT('',(117.17557900407,-9.,230.));
#649 = VECTOR('',#650,1.);
#650 = DIRECTION('',(-0.,-0.,-1.));
#651 = ORIENTED_EDGE('',*,*,#235,.T.);
#652 = PLANE('',#653);
#653 = AXIS2_PLACEMENT_3D('',#654,#655,#656);
#654 = CARTESIAN_POINT('',(117.17557900407,-9.,230.));
#655 = DIRECTION('',(0.,-1.,0.));
#656 = DIRECTION('',(1.,0.,0.));
#657 = ADVANCED_FACE('',(#658),#677,.F.);
#658 = FACE_BOUND('',#659,.F.);
#659 = EDGE_LOOP('',(#660,#668,#675,#676));
#660 = ORIENTED_EDGE('',*,*,#661,.F.);
#661 = EDGE_CURVE('',#662,#252,#664,.T.);
#662 = VERTEX_POINT('',#663);
#663 = CARTESIAN_POINT('',(-117.175579004,9.,225.));
#664 = LINE('',#665,#666);
#665 = CARTESIAN_POINT('',(-117.175579004,9.,230.));
#666 = VECTOR('',#667,1.);
#667 = DIRECTION('',(-0.,-0.,-1.));
#668 = ORIENTED_EDGE('',*,*,#669,.F.);
#669 = EDGE_CURVE('',#615,#662,#670,.T.);
#670 = CIRCLE('',#671,9.);
#671 = AXIS2_PLACEMENT_3D('',#672,#673,#674);
#672 = CARTESIAN_POINT('',(-117.175579004,1.565E-14,225.));
#673 = DIRECTION('',(0.,0.,1.));
#674 = DIRECTION('',(1.,0.,0.));
#675 = ORIENTED_EDGE('',*,*,#622,.T.);
#676 = ORIENTED_EDGE('',*,*,#259,.T.);
#677 = CYLINDRICAL_SURFACE('',#678,9.);
#678 = AXIS2_PLACEMENT_3D('',#679,#680,#681);
#679 = CARTESIAN_POINT('',(-117.175579004,1.565E-14,230.));
#680 = DIRECTION('',(0.,0.,1.));
#681 = DIRECTION('',(1.,0.,0.));
#682 = ADVANCED_FACE('',(#683),#702,.F.);
#683 = FACE_BOUND('',#684,.F.);
#684 = EDGE_LOOP('',(#685,#686,#695,#701));
#685 = ORIENTED_EDGE('',*,*,#646,.F.);
#686 = ORIENTED_EDGE('',*,*,#687,.F.);
#687 = EDGE_CURVE('',#688,#639,#690,.T.);
#688 = VERTEX_POINT('',#689);
#689 = CARTESIAN_POINT('',(117.17557900407,9.,225.));
#690 = CIRCLE('',#691,9.);
#691 = AXIS2_PLACEMENT_3D('',#692,#693,#694);
#692 = CARTESIAN_POINT('',(117.17557900407,2.4E-14,225.));
#693 = DIRECTION('',(0.,0.,1.));
#694 = DIRECTION('',(1.,0.,0.));
#695 = ORIENTED_EDGE('',*,*,#696,.T.);
#696 = EDGE_CURVE('',#688,#275,#697,.T.);
#697 = LINE('',#698,#699);
#698 = CARTESIAN_POINT('',(117.17557900407,9.,230.));
#699 = VECTOR('',#700,1.);
#700 = DIRECTION('',(-0.,-0.,-1.));
#701 = ORIENTED_EDGE('',*,*,#284,.T.);
#702 = CYLINDRICAL_SURFACE('',#703,9.);
#703 = AXIS2_PLACEMENT_3D('',#704,#705,#706);
#704 = CARTESIAN_POINT('',(117.17557900407,2.4E-14,230.));
#705 = DIRECTION('',(0.,0.,1.));
#706 = DIRECTION('',(1.,0.,0.));
#707 = ADVANCED_FACE('',(#708),#726,.T.);
#708 = FACE_BOUND('',#709,.T.);
#709 = EDGE_LOOP('',(#710,#711,#719,#725));
#710 = ORIENTED_EDGE('',*,*,#661,.F.);
#711 = ORIENTED_EDGE('',*,*,#712,.T.);
#712 = EDGE_CURVE('',#662,#713,#715,.T.);
#713 = VERTEX_POINT('',#714);
#714 = CARTESIAN_POINT('',(-124.675579004,9.,225.));
#715 = LINE('',#716,#717);
#716 = CARTESIAN_POINT('',(-121.0348873153,9.,225.));
#717 = VECTOR('',#718,1.);
#718 = DIRECTION('',(-1.,0.,0.));
#719 = ORIENTED_EDGE('',*,*,#720,.T.);
#720 = EDGE_CURVE('',#713,#302,#721,.T.);
#721 = LINE('',#722,#723);
#722 = CARTESIAN_POINT('',(-124.675579004,9.,230.));
#723 = VECTOR('',#724,1.);
#724 = DIRECTION('',(-0.,-0.,-1.));
#725 = ORIENTED_EDGE('',*,*,#310,.F.);
#726 = PLANE('',#727);
#727 = AXIS2_PLACEMENT_3D('',#728,#729,#730);
#728 = CARTESIAN_POINT('',(-124.675579004,9.,230.));
#729 = DIRECTION('',(0.,-1.,0.));
#730 = DIRECTION('',(1.,0.,0.));
#731 = ADVANCED_FACE('',(#732),#750,.F.);
#732 = FACE_BOUND('',#733,.F.);
#733 = EDGE_LOOP('',(#734,#735,#743,#749));
#734 = ORIENTED_EDGE('',*,*,#696,.F.);
#735 = ORIENTED_EDGE('',*,*,#736,.F.);
#736 = EDGE_CURVE('',#737,#688,#739,.T.);
#737 = VERTEX_POINT('',#738);
#738 = CARTESIAN_POINT('',(124.67557900407,9.,225.));
#739 = LINE('',#740,#741);
#740 = CARTESIAN_POINT('',(121.03488731538,9.,225.));
#741 = VECTOR('',#742,1.);
#742 = DIRECTION('',(-1.,0.,0.));
#743 = ORIENTED_EDGE('',*,*,#744,.T.);
#744 = EDGE_CURVE('',#737,#325,#745,.T.);
#745 = LINE('',#746,#747);
#746 = CARTESIAN_POINT('',(124.67557900407,9.,230.));
#747 = VECTOR('',#748,1.);
#748 = DIRECTION('',(-0.,-0.,-1.));
#749 = ORIENTED_EDGE('',*,*,#335,.T.);
#750 = PLANE('',#751);
#751 = AXIS2_PLACEMENT_3D('',#752,#753,#754);
#752 = CARTESIAN_POINT('',(124.67557900407,9.,230.));
#753 = DIRECTION('',(0.,1.,0.));
#754 = DIRECTION('',(-1.,0.,0.));
#755 = ADVANCED_FACE('',(#756),#786,.T.);
#756 = FACE_BOUND('',#757,.T.);
#757 = EDGE_LOOP('',(#758,#759,#768,#777,#784,#785));
#758 = ORIENTED_EDGE('',*,*,#720,.F.);
#759 = ORIENTED_EDGE('',*,*,#760,.T.);
#760 = EDGE_CURVE('',#713,#761,#763,.T.);
#761 = VERTEX_POINT('',#762);
#762 = CARTESIAN_POINT('',(-124.5986158614,10.009241999997,225.));
#763 = CIRCLE('',#764,125.);
#764 = AXIS2_PLACEMENT_3D('',#765,#766,#767);
#765 = CARTESIAN_POINT('',(0.,4.996E-14,225.));
#766 = DIRECTION('',(0.,-2.2E-16,-1.));
#767 = DIRECTION('',(1.,0.,0.));
#768 = ORIENTED_EDGE('',*,*,#769,.T.);
#769 = EDGE_CURVE('',#761,#770,#772,.T.);
#770 = VERTEX_POINT('',#771);
#771 = CARTESIAN_POINT('',(124.59861586143,10.009241999999,225.));
#772 = CIRCLE('',#773,125.);
#773 = AXIS2_PLACEMENT_3D('',#774,#775,#776);
#774 = CARTESIAN_POINT('',(0.,4.996E-14,225.));
#775 = DIRECTION('',(0.,-2.2E-16,-1.));
#776 = DIRECTION('',(1.,0.,0.));
#777 = ORIENTED_EDGE('',*,*,#778,.T.);
#778 = EDGE_CURVE('',#770,#737,#779,.T.);
#779 = CIRCLE('',#780,125.);
#780 = AXIS2_PLACEMENT_3D('',#781,#782,#783);
#781 = CARTESIAN_POINT('',(0.,4.996E-14,225.));
#782 = DIRECTION('',(0.,-2.2E-16,-1.));
#783 = DIRECTION('',(1.,0.,0.));
#784 = ORIENTED_EDGE('',*,*,#744,.T.);
#785 = ORIENTED_EDGE('',*,*,#352,.T.);
#786 = CYLINDRICAL_SURFACE('',#787,125.);
#787 = AXIS2_PLACEMENT_3D('',#788,#789,#790);
#788 = CARTESIAN_POINT('',(0.,0.,230.));
#789 = DIRECTION('',(0.,0.,1.));
#790 = DIRECTION('',(1.,0.,0.));
#791 = ADVANCED_FACE('',(#792,#905,#915,#926),#937,.T.);
#792 = FACE_BOUND('',#793,.T.);
#793 = EDGE_LOOP('',(#794));
#794 = ORIENTED_EDGE('',*,*,#795,.T.);
#795 = EDGE_CURVE('',#796,#796,#798,.T.);
#796 = VERTEX_POINT('',#797);
#797 = CARTESIAN_POINT('',(121.73742234826,5.1E-14,230.));
#798 = ( BOUNDED_CURVE() B_SPLINE_CURVE(14,(#799,#800,#801,#802,#803,
    #804,#805,#806,#807,#808,#809,#810,#811,#812,#813,#814,#815,#816,
    #817,#818,#819,#820,#821,#822,#823,#824,#825,#826,#827,#828,#829,
    #830,#831,#832,#833,#834,#835,#836,#837,#838,#839,#840,#841,#842,
    #843,#844,#845,#846,#847,#848,#849,#850,#851,#852,#853,#854,#855,
    #856,#857,#858,#859,#860,#861,#862,#863,#864,#865,#866,#867,#868,
    #869,#870,#871,#872,#873,#874,#875,#876,#877,#878,#879,#880,#881,
    #882,#883,#884,#885,#886,#887,#888,#889,#890,#891,#892,#893,#894,
    #895,#896,#897,#898,#899,#900,#901,#902,#903,#904),.UNSPECIFIED.,.T.
,.F.) B_SPLINE_CURVE_WITH_KNOTS((15,13,13,13,13,13,13,13,15),(
    -10.02195158863,0.,186.170475566,372.340951132,373.3533274752,
    392.37110927659,578.555272235,764.73943519341,774.74764174941),
.UNSPECIFIED.) CURVE() GEOMETRIC_REPRESENTATION_ITEM() 
RATIONAL_B_SPLINE_CURVE((1.,1.000000000001,0.999999999997,1.000000000009
    ,0.999999999981,1.000000000031,0.999999999959,1.000000000043,
    0.999999999963,1.000000000026,0.999999999985,1.000000000006,
    0.999999999998,1.,1.,0.999999999999,1.000000000004,0.999999999991,
    1.000000000015,0.999999999982,1.000000000018,0.999999999985,
    1.00000000001,0.999999999995,1.000000000002,1.,1.,1.,0.999999999999,
    1.000000000004,0.999999999991,1.000000000013,0.999999999984,
    1.000000000016,0.999999999987,1.000000000009,0.999999999995,
    1.000000000002,0.999999999999,1.,1.,1.000000000001,0.999999999997,
    1.000000000006,0.999999999989,1.000000000015,0.999999999983,
    1.000000000015,0.999999999988,1.000000000007,0.999999999997,
    1.000000000001,1.,1.,1.,1.000000000001,0.999999999999,1.000000000001
    ,1.,1.,1.000000000001,0.999999999999,1.000000000001,1.,1.,1.,1.,
    0.999999999999,1.000000000002,0.999999999997,1.000000000004,
    0.999999999997,1.000000000001,1.,0.999999999999,1.000000000001,
    0.999999999999,1.,1.,1.,0.999999999999,1.000000000002,0.999999999997
    ,1.000000000004,0.999999999995,1.000000000005,0.999999999996,
    1.000000000003,0.999999999999,1.000000000001,1.,1.,1.,1.,
    1.000000000001,0.999999999998,1.000000000003,0.999999999995,
    1.000000000006,0.999999999995,1.000000000004,0.999999999998,
1.000000000001,1.,1.,1.)) REPRESENTATION_ITEM('') );
#799 = CARTESIAN_POINT('',(121.73742234826,5.104E-14,230.));
#800 = CARTESIAN_POINT('',(121.73742233854,0.697590842271,230.));
#801 = CARTESIAN_POINT('',(121.73311747642,1.395179748399,
    229.99999999999));
#802 = CARTESIAN_POINT('',(121.72450774649,2.092739894854,230.));
#803 = CARTESIAN_POINT('',(121.71159334699,2.790242718805,
    229.99999999998));
#804 = CARTESIAN_POINT('',(121.6943746834,3.487659612953,230.00000000001
    ));
#805 = CARTESIAN_POINT('',(121.67285238098,4.184961924448,
    229.99999999997));
#806 = CARTESIAN_POINT('',(121.64702726462,4.882120956291,
    230.00000000002));
#807 = CARTESIAN_POINT('',(121.61690038595,5.579107965853,
    229.99999999997));
#808 = CARTESIAN_POINT('',(121.58247299249,6.275894166186,
    230.00000000001));
#809 = CARTESIAN_POINT('',(121.54374655746,6.972450724989,
    229.99999999998));
#810 = CARTESIAN_POINT('',(121.50072275535,7.668748765429,230.));
#811 = CARTESIAN_POINT('',(121.4534034788,8.364759365404,229.99999999999
    ));
#812 = CARTESIAN_POINT('',(121.40179082888,9.060453558264,230.));
#813 = CARTESIAN_POINT('',(120.30740474011,22.672788686677,230.));
#814 = CARTESIAN_POINT('',(117.78796537266,35.472970588705,230.));
#815 = CARTESIAN_POINT('',(113.8017804479,47.970835446195,
    229.99999999999));
#816 = CARTESIAN_POINT('',(108.3882702564,59.984120879836,230.));
#817 = CARTESIAN_POINT('',(101.61206309956,71.335488061277,
    229.99999999999));
#818 = CARTESIAN_POINT('',(93.561890601791,81.857989695524,230.));
#819 = CARTESIAN_POINT('',(84.347679447202,91.399872116671,
    229.99999999999));
#820 = CARTESIAN_POINT('',(74.096558529264,99.8269672698,230.));
#821 = CARTESIAN_POINT('',(62.949191198605,107.02287290945,
    229.99999999999));
#822 = CARTESIAN_POINT('',(51.057805399207,112.88828912079,230.));
#823 = CARTESIAN_POINT('',(38.586529556753,117.34127495122,
    229.99999999999));
#824 = CARTESIAN_POINT('',(25.713149492272,120.31981204654,230.));
#825 = CARTESIAN_POINT('',(12.629181132548,121.78691121024,230.));
#826 = CARTESIAN_POINT('',(-13.56477013568,121.686236854,230.));
#827 = CARTESIAN_POINT('',(-26.67467006862,120.11840394651,230.));
#828 = CARTESIAN_POINT('',(-39.5996148966,117.02673658412,
    229.99999999999));
#829 = CARTESIAN_POINT('',(-52.13424873707,112.43522026313,230.));
#830 = CARTESIAN_POINT('',(-64.0717012362,106.40233427446,
    229.99999999998));
#831 = CARTESIAN_POINT('',(-75.21131662258,99.025110412655,
    230.00000000001));
#832 = CARTESIAN_POINT('',(-85.37188644525,90.439126176842,
    229.99999999998));
#833 = CARTESIAN_POINT('',(-94.40646929532,80.810671846058,
    230.00000000001));
#834 = CARTESIAN_POINT('',(-102.2123741713,70.320157560781,
    229.99999999998));
#835 = CARTESIAN_POINT('',(-108.7309946803,59.139760538905,230.));
#836 = CARTESIAN_POINT('',(-113.9353803118,47.411829319361,
    229.99999999999));
#837 = CARTESIAN_POINT('',(-117.807189104,35.236135738133,230.));
#838 = CARTESIAN_POINT('',(-120.3074543336,22.672171826228,
    229.99999999999));
#839 = CARTESIAN_POINT('',(-121.3515340128,9.685564412426,230.));
#840 = CARTESIAN_POINT('',(-121.3571373311,9.615320317593,
    229.99999999999));
#841 = CARTESIAN_POINT('',(-121.3626969977,9.545071011326,230.));
#842 = CARTESIAN_POINT('',(-121.3682129475,9.474817312111,
    229.99999999999));
#843 = CARTESIAN_POINT('',(-121.3736851265,9.404559893051,
    230.00000000001));
#844 = CARTESIAN_POINT('',(-121.3791134929,9.334299282268,
    229.99999999998));
#845 = CARTESIAN_POINT('',(-121.3844980164,9.264035862188,
    230.00000000002));
#846 = CARTESIAN_POINT('',(-121.3898386773,9.193769870599,
    229.99999999998));
#847 = CARTESIAN_POINT('',(-121.3951354697,9.123501399336,
    230.00000000001));
#848 = CARTESIAN_POINT('',(-121.4003883963,9.053230395662,
    229.99999999999));
#849 = CARTESIAN_POINT('',(-121.4055974744,8.982956661039,230.));
#850 = CARTESIAN_POINT('',(-121.4107627305,8.912679852051,
    229.99999999999));
#851 = CARTESIAN_POINT('',(-121.4158842044,8.842399479827,230.));
#852 = CARTESIAN_POINT('',(-121.5163487957,7.451798986721,
    229.99999999999));
#853 = CARTESIAN_POINT('',(-121.596270323,6.130522561326,230.));
#854 = CARTESIAN_POINT('',(-121.6606861397,4.807819048418,
    229.99999999999));
#855 = CARTESIAN_POINT('',(-121.7097986864,3.486580606333,
    230.00000000001));
#856 = CARTESIAN_POINT('',(-121.7428471795,2.157825948335,
    229.99999999997));
#857 = CARTESIAN_POINT('',(-121.7616731629,0.844485639629,
    230.00000000002));
#858 = CARTESIAN_POINT('',(-121.7628235348,-0.49574339756,
    229.99999999996));
#859 = CARTESIAN_POINT('',(-121.7513267331,-1.80082174486,
    230.00000000003));
#860 = CARTESIAN_POINT('',(-121.7213818099,-3.141879980883,
    229.99999999997));
#861 = CARTESIAN_POINT('',(-121.6783081336,-4.453302767766,
    230.00000000001));
#862 = CARTESIAN_POINT('',(-121.6182391175,-5.782456289205,
    229.99999999999));
#863 = CARTESIAN_POINT('',(-121.5434227861,-7.101710056667,230.));
#864 = CARTESIAN_POINT('',(-121.4528906118,-8.423036137171,230.));
#865 = CARTESIAN_POINT('',(-120.3098642892,-22.6599295041,230.));
#866 = CARTESIAN_POINT('',(-117.8106913425,-35.22505068756,
    229.99999999999));
#867 = CARTESIAN_POINT('',(-113.9397194321,-47.40195362567,230.));
#868 = CARTESIAN_POINT('',(-108.7360152922,-59.13104279374,
    229.99999999999));
#869 = CARTESIAN_POINT('',(-102.2179341778,-70.31223316825,
    230.00000000001));
#870 = CARTESIAN_POINT('',(-94.41270908874,-80.80363123663,
    229.99999999998));
#871 = CARTESIAN_POINT('',(-85.37834713239,-90.43518498365,
    230.00000000002));
#872 = CARTESIAN_POINT('',(-75.21413886445,-99.029781081,229.99999999997
    ));
#873 = CARTESIAN_POINT('',(-64.05983383382,-106.4233437797,
    230.00000000001));
#874 = CARTESIAN_POINT('',(-52.0869241844,-112.4784188742,
    229.99999999999));
#875 = CARTESIAN_POINT('',(-39.48748607744,-117.0902646212,230.));
#876 = CARTESIAN_POINT('',(-26.465634462,-120.188378613,229.99999999999)
  );
#877 = CARTESIAN_POINT('',(-13.23282837279,-121.737422348,230.));
#878 = CARTESIAN_POINT('',(13.232828368491,-121.7374223485,230.));
#879 = CARTESIAN_POINT('',(26.465634457551,-120.1883786138,230.));
#880 = CARTESIAN_POINT('',(39.487486072905,-117.0902646229,230.));
#881 = CARTESIAN_POINT('',(52.086924179339,-112.4784188758,
    229.99999999999));
#882 = CARTESIAN_POINT('',(64.059833828958,-106.4233437834,230.));
#883 = CARTESIAN_POINT('',(75.214138859156,-99.02978108358,
    229.99999999999));
#884 = CARTESIAN_POINT('',(85.378347128128,-90.43518498925,230.));
#885 = CARTESIAN_POINT('',(94.412709084626,-80.80363124022,
    229.99999999999));
#886 = CARTESIAN_POINT('',(102.21793417551,-70.31223317365,230.));
#887 = CARTESIAN_POINT('',(108.73601529044,-59.13104279708,
    229.99999999999));
#888 = CARTESIAN_POINT('',(113.9397194317,-47.4019536284,230.));
#889 = CARTESIAN_POINT('',(117.81069134236,-35.22505068859,230.));
#890 = CARTESIAN_POINT('',(120.30986428924,-22.65992950411,230.));
#891 = CARTESIAN_POINT('',(121.40270501703,-9.048119696682,230.));
#892 = CARTESIAN_POINT('',(121.45418903905,-8.353219084379,230.));
#893 = CARTESIAN_POINT('',(121.50135502174,-7.658453612925,230.));
#894 = CARTESIAN_POINT('',(121.54427885443,-6.962896379361,
    229.99999999999));
#895 = CARTESIAN_POINT('',(121.58290103873,-6.26727840403,230.));
#896 = CARTESIAN_POINT('',(121.61722160482,-5.571601193178,
    229.99999999999));
#897 = CARTESIAN_POINT('',(121.64727071123,-4.875504298975,230.));
#898 = CARTESIAN_POINT('',(121.67303611162,-4.179155650394,
    229.99999999999));
#899 = CARTESIAN_POINT('',(121.69449302394,-3.482879528522,230.));
#900 = CARTESIAN_POINT('',(121.71165762022,-2.786496952359,230.));
#901 = CARTESIAN_POINT('',(121.72454820644,-2.089804648371,230.));
#902 = CARTESIAN_POINT('',(121.73312790867,-1.39328020333,230.));
#903 = CARTESIAN_POINT('',(121.73742235795,-0.696630715574,230.));
#904 = CARTESIAN_POINT('',(121.73742234826,5.104E-14,230.));
#905 = FACE_BOUND('',#906,.T.);
#906 = EDGE_LOOP('',(#907,#908,#909,#910,#911,#912,#913,#914));
#907 = ORIENTED_EDGE('',*,*,#367,.T.);
#908 = ORIENTED_EDGE('',*,*,#545,.T.);
#909 = ORIENTED_EDGE('',*,*,#521,.T.);
#910 = ORIENTED_EDGE('',*,*,#496,.F.);
#911 = ORIENTED_EDGE('',*,*,#472,.F.);
#912 = ORIENTED_EDGE('',*,*,#447,.T.);
#913 = ORIENTED_EDGE('',*,*,#423,.F.);
#914 = ORIENTED_EDGE('',*,*,#398,.F.);
#915 = FACE_BOUND('',#916,.T.);
#916 = EDGE_LOOP('',(#917));
#917 = ORIENTED_EDGE('',*,*,#918,.F.);
#918 = EDGE_CURVE('',#919,#919,#921,.T.);
#919 = VERTEX_POINT('',#920);
#920 = CARTESIAN_POINT('',(-114.825579004,0.,230.));
#921 = CIRCLE('',#922,2.35);
#922 = AXIS2_PLACEMENT_3D('',#923,#924,#925);
#923 = CARTESIAN_POINT('',(-117.175579004,0.,230.));
#924 = DIRECTION('',(0.,0.,1.));
#925 = DIRECTION('',(1.,0.,0.));
#926 = FACE_BOUND('',#927,.T.);
#927 = EDGE_LOOP('',(#928));
#928 = ORIENTED_EDGE('',*,*,#929,.T.);
#929 = EDGE_CURVE('',#930,#930,#932,.T.);
#930 = VERTEX_POINT('',#931);
#931 = CARTESIAN_POINT('',(114.82557900407,0.,230.));
#932 = CIRCLE('',#933,2.35);
#933 = AXIS2_PLACEMENT_3D('',#934,#935,#936);
#934 = CARTESIAN_POINT('',(117.17557900407,0.,230.));
#935 = DIRECTION('',(0.,0.,-1.));
#936 = DIRECTION('',(-1.,-0.,-0.));
#937 = PLANE('',#938);
#938 = AXIS2_PLACEMENT_3D('',#939,#940,#941);
#939 = CARTESIAN_POINT('',(6.45730934494E-04,7.625420955763E-04,230.));
#940 = DIRECTION('',(0.,2.6E-16,1.));
#941 = DIRECTION('',(0.,1.,-2.6E-16));
#942 = ADVANCED_FACE('',(#943,#954,#968,#979),#990,.T.);
#943 = FACE_BOUND('',#944,.T.);
#944 = EDGE_LOOP('',(#945));
#945 = ORIENTED_EDGE('',*,*,#946,.T.);
#946 = EDGE_CURVE('',#947,#947,#949,.T.);
#947 = VERTEX_POINT('',#948);
#948 = CARTESIAN_POINT('',(130.,0.,225.));
#949 = CIRCLE('',#950,130.);
#950 = AXIS2_PLACEMENT_3D('',#951,#952,#953);
#951 = CARTESIAN_POINT('',(0.,4.996E-14,225.));
#952 = DIRECTION('',(0.,-2.2E-16,-1.));
#953 = DIRECTION('',(1.,0.,0.));
#954 = FACE_BOUND('',#955,.F.);
#955 = EDGE_LOOP('',(#956,#957,#958,#959,#960,#961,#962,#963,#964,#965,
    #966,#967));
#956 = ORIENTED_EDGE('',*,*,#778,.T.);
#957 = ORIENTED_EDGE('',*,*,#736,.T.);
#958 = ORIENTED_EDGE('',*,*,#687,.T.);
#959 = ORIENTED_EDGE('',*,*,#638,.T.);
#960 = ORIENTED_EDGE('',*,*,#571,.T.);
#961 = ORIENTED_EDGE('',*,*,#580,.T.);
#962 = ORIENTED_EDGE('',*,*,#589,.T.);
#963 = ORIENTED_EDGE('',*,*,#614,.T.);
#964 = ORIENTED_EDGE('',*,*,#669,.T.);
#965 = ORIENTED_EDGE('',*,*,#712,.T.);
#966 = ORIENTED_EDGE('',*,*,#760,.T.);
#967 = ORIENTED_EDGE('',*,*,#769,.T.);
#968 = FACE_BOUND('',#969,.F.);
#969 = EDGE_LOOP('',(#970));
#970 = ORIENTED_EDGE('',*,*,#971,.F.);
#971 = EDGE_CURVE('',#972,#972,#974,.T.);
#972 = VERTEX_POINT('',#973);
#973 = CARTESIAN_POINT('',(-114.825579004,0.,225.));
#974 = CIRCLE('',#975,2.35);
#975 = AXIS2_PLACEMENT_3D('',#976,#977,#978);
#976 = CARTESIAN_POINT('',(-117.175579004,0.,225.));
#977 = DIRECTION('',(0.,0.,1.));
#978 = DIRECTION('',(1.,0.,0.));
#979 = FACE_BOUND('',#980,.F.);
#980 = EDGE_LOOP('',(#981));
#981 = ORIENTED_EDGE('',*,*,#982,.T.);
#982 = EDGE_CURVE('',#983,#983,#985,.T.);
#983 = VERTEX_POINT('',#984);
#984 = CARTESIAN_POINT('',(114.82557900407,0.,225.));
#985 = CIRCLE('',#986,2.35);
#986 = AXIS2_PLACEMENT_3D('',#987,#988,#989);
#987 = CARTESIAN_POINT('',(117.17557900407,0.,225.));
#988 = DIRECTION('',(0.,0.,-1.));
#989 = DIRECTION('',(-1.,-0.,-0.));
#990 = PLANE('',#991);
#991 = AXIS2_PLACEMENT_3D('',#992,#993,#994);
#992 = CARTESIAN_POINT('',(0.,4.996E-14,225.));
#993 = DIRECTION('',(-0.,-2.2E-16,-1.));
#994 = DIRECTION('',(1.,0.,0.));
#995 = ADVANCED_FACE('',(#996),#1117,.F.);
#996 = FACE_BOUND('',#997,.F.);
#997 = EDGE_LOOP('',(#998,#1006,#1007,#1008));
#998 = ORIENTED_EDGE('',*,*,#999,.T.);
#999 = EDGE_CURVE('',#1000,#796,#1002,.T.);
#1000 = VERTEX_POINT('',#1001);
#1001 = CARTESIAN_POINT('',(124.73096552076,8.2E-14,233.19672131147));
#1002 = ( BOUNDED_CURVE() B_SPLINE_CURVE(2,(#1003,#1004,#1005),
.UNSPECIFIED.,.F.,.F.) B_SPLINE_CURVE_WITH_KNOTS((3,3),(0.,
784.76959333805),.PIECEWISE_BEZIER_KNOTS.) CURVE() 
GEOMETRIC_REPRESENTATION_ITEM() RATIONAL_B_SPLINE_CURVE((1.,
0.683529893095,1.)) REPRESENTATION_ITEM('') );
#1003 = CARTESIAN_POINT('',(124.73096552076,8.233E-14,233.19672131147));
#1004 = CARTESIAN_POINT('',(124.94103872585,-2.200575267E-08,230.));
#1005 = CARTESIAN_POINT('',(121.73742234826,5.104E-14,230.));
#1006 = ORIENTED_EDGE('',*,*,#795,.T.);
#1007 = ORIENTED_EDGE('',*,*,#999,.F.);
#1008 = ORIENTED_EDGE('',*,*,#1009,.F.);
#1009 = EDGE_CURVE('',#1000,#1000,#1010,.T.);
#1010 = ( BOUNDED_CURVE() B_SPLINE_CURVE(14,(#1011,#1012,#1013,#1014,
    #1015,#1016,#1017,#1018,#1019,#1020,#1021,#1022,#1023,#1024,#1025,
    #1026,#1027,#1028,#1029,#1030,#1031,#1032,#1033,#1034,#1035,#1036,
    #1037,#1038,#1039,#1040,#1041,#1042,#1043,#1044,#1045,#1046,#1047,
    #1048,#1049,#1050,#1051,#1052,#1053,#1054,#1055,#1056,#1057,#1058,
    #1059,#1060,#1061,#1062,#1063,#1064,#1065,#1066,#1067,#1068,#1069,
    #1070,#1071,#1072,#1073,#1074,#1075,#1076,#1077,#1078,#1079,#1080,
    #1081,#1082,#1083,#1084,#1085,#1086,#1087,#1088,#1089,#1090,#1091,
    #1092,#1093,#1094,#1095,#1096,#1097,#1098,#1099,#1100,#1101,#1102,
    #1103,#1104,#1105,#1106,#1107,#1108,#1109,#1110,#1111,#1112,#1113,
#1114,#1115,#1116),.UNSPECIFIED.,.T.,.F.) B_SPLINE_CURVE_WITH_KNOTS((15,
    13,13,13,13,13,13,13,15),(-10.02195158863,0.,186.170475566,
    372.340951132,373.3533274752,392.37110927659,578.555272235,
764.73943519341,774.74764174941),.UNSPECIFIED.) CURVE() 
GEOMETRIC_REPRESENTATION_ITEM() RATIONAL_B_SPLINE_CURVE((1.,
    1.000000000001,0.999999999997,1.000000000009,0.999999999981,
    1.000000000031,0.999999999959,1.000000000043,0.999999999963,
    1.000000000026,0.999999999985,1.000000000006,0.999999999998,1.,1.,
    0.999999999999,1.000000000004,0.999999999991,1.000000000015,
    0.999999999982,1.000000000018,0.999999999985,1.00000000001,
    0.999999999995,1.000000000002,1.,1.,1.,0.999999999999,1.000000000004
    ,0.999999999991,1.000000000013,0.999999999984,1.000000000016,
    0.999999999987,1.000000000009,0.999999999995,1.000000000002,
    0.999999999999,1.,1.,1.000000000001,0.999999999997,1.000000000006,
    0.999999999989,1.000000000015,0.999999999983,1.000000000015,
    0.999999999988,1.000000000007,0.999999999997,1.000000000001,1.,1.,1.
    ,1.000000000001,0.999999999999,1.000000000001,1.,1.,1.000000000001,
    0.999999999999,1.000000000001,1.,1.,1.,1.,0.999999999999,
    1.000000000002,0.999999999997,1.000000000004,0.999999999997,
    1.000000000001,1.,0.999999999999,1.000000000001,0.999999999999,1.,1.
    ,1.,0.999999999999,1.000000000002,0.999999999997,1.000000000004,
    0.999999999995,1.000000000005,0.999999999996,1.000000000003,
    0.999999999999,1.000000000001,1.,1.,1.,1.,1.000000000001,
    0.999999999998,1.000000000003,0.999999999995,1.000000000006,
    0.999999999995,1.000000000004,0.999999999998,1.000000000001,1.,1.,1.
)) REPRESENTATION_ITEM('') );
#1011 = CARTESIAN_POINT('',(124.73096552076,8.233E-14,233.19672131147));
#1012 = CARTESIAN_POINT('',(124.73096552023,0.714742469049,
    233.19672131147));
#1013 = CARTESIAN_POINT('',(124.72655479305,1.429485346969,
    233.19672131147));
#1014 = CARTESIAN_POINT('',(124.71773333113,2.144199219077,
    233.19672131147));
#1015 = CARTESIAN_POINT('',(124.70450134327,2.858854580268,
    233.19672131148));
#1016 = CARTESIAN_POINT('',(124.68685925085,3.573421925683,
    233.19672131146));
#1017 = CARTESIAN_POINT('',(124.66480769655,4.287871750734,
    233.19672131148));
#1018 = CARTESIAN_POINT('',(124.63834752973,5.002174550573,
    233.19672131146));
#1019 = CARTESIAN_POINT('',(124.60747982714,5.716300821479,
    233.19672131148));
#1020 = CARTESIAN_POINT('',(124.57220586792,6.430221058506,
    233.19672131146));
#1021 = CARTESIAN_POINT('',(124.53252715936,7.143905758514,
    233.19672131148));
#1022 = CARTESIAN_POINT('',(124.48844541431,7.857325417049,
    233.19672131147));
#1023 = CARTESIAN_POINT('',(124.43996256791,8.570450530951,
    233.19672131147));
#1024 = CARTESIAN_POINT('',(124.38708076729,9.283251596587,
    233.19672131147));
#1025 = CARTESIAN_POINT('',(123.26578354522,23.230316277339,
    233.19672131147));
#1026 = CARTESIAN_POINT('',(120.68439179627,36.345249665163,
    233.19672133489));
#1027 = CARTESIAN_POINT('',(116.60018435111,49.150459881144,
    233.19672126964));
#1028 = CARTESIAN_POINT('',(111.05354055728,61.459285132761,
    233.19672130304));
#1029 = CARTESIAN_POINT('',(104.11055876193,73.090308490874,
    233.19672136672));
#1030 = CARTESIAN_POINT('',(95.861831105982,83.87271496451,
    233.19672132655));
#1031 = CARTESIAN_POINT('',(86.419551979704,93.650959054269,
    233.19672123647));
#1032 = CARTESIAN_POINT('',(75.913673494426,102.28714539675,
    233.19672136743));
#1033 = CARTESIAN_POINT('',(64.48841524313,109.66136076399,
    233.19672200339));
#1034 = CARTESIAN_POINT('',(52.300365409587,115.6712851185,
    233.19672316343));
#1035 = CARTESIAN_POINT('',(39.5186765759,120.23275244046,233.196724466)
  );
#1036 = CARTESIAN_POINT('',(26.326461581629,123.2825289507,
    233.19672529372));
#1037 = CARTESIAN_POINT('',(12.920433348252,124.78342679477,
    233.19672524964));
#1038 = CARTESIAN_POINT('',(-13.91421949754,124.67652432261,
    233.19672397851));
#1039 = CARTESIAN_POINT('',(-27.34276092702,123.06867061427,
    233.19672281322));
#1040 = CARTESIAN_POINT('',(-40.57973583109,119.90062354808,
    233.19672079175));
#1041 = CARTESIAN_POINT('',(-53.4151385079,115.19772304828,
    233.19671977359));
#1042 = CARTESIAN_POINT('',(-65.63808235584,109.02042460289,
    233.19671938199));
#1043 = CARTESIAN_POINT('',(-77.04454512816,101.46807459041,
    233.19672110954));
#1044 = CARTESIAN_POINT('',(-87.45054231486,92.678601554956,
    233.19672628195));
#1045 = CARTESIAN_POINT('',(-96.70675480916,82.82046715917,
    233.19673222631));
#1046 = CARTESIAN_POINT('',(-104.7081413018,72.076070171002,
    233.19673342092));
#1047 = CARTESIAN_POINT('',(-111.3933669066,60.619715293249,
    233.19672791223));
#1048 = CARTESIAN_POINT('',(-116.7322704902,48.596684569132,
    233.19672154675));
#1049 = CARTESIAN_POINT('',(-120.7033666019,36.111319736804,
    233.19672124463));
#1050 = CARTESIAN_POINT('',(-123.2658268163,23.229778057181,
    233.19672131147));
#1051 = CARTESIAN_POINT('',(-124.3355881689,9.923733519003,
    233.19672131147));
#1052 = CARTESIAN_POINT('',(-124.3413292874,9.851761939528,
    233.19672131147));
#1053 = CARTESIAN_POINT('',(-124.3470256625,9.779785249896,
    233.19672131147));
#1054 = CARTESIAN_POINT('',(-124.3526772347,9.707804195125,
    233.19672131147));
#1055 = CARTESIAN_POINT('',(-124.3582839554,9.635819387458,
    233.19672131147));
#1056 = CARTESIAN_POINT('',(-124.3638457859,9.563831306883,
    233.19672131148));
#1057 = CARTESIAN_POINT('',(-124.3693626997,9.491840300351,
    233.19672131147));
#1058 = CARTESIAN_POINT('',(-124.374834678,9.419846582725,
    233.19672131147));
#1059 = CARTESIAN_POINT('',(-124.3802617166,9.347850235843,
    233.19672131147));
#1060 = CARTESIAN_POINT('',(-124.3856438173,9.275851209266,
    233.19672131147));
#1061 = CARTESIAN_POINT('',(-124.3909809965,9.203849319805,
    233.19672131147));
#1062 = CARTESIAN_POINT('',(-124.3962732785,9.131844251749,
    233.19672131147));
#1063 = CARTESIAN_POINT('',(-124.4015206995,9.059835556787,
    233.19672131147));
#1064 = CARTESIAN_POINT('',(-124.5044557661,7.635039491117,
    233.19672131147));
#1065 = CARTESIAN_POINT('',(-124.5863423761,6.281262755578,
    233.19672131147));
#1066 = CARTESIAN_POINT('',(-124.652345838,4.926090140916,
    233.19672131147));
#1067 = CARTESIAN_POINT('',(-124.7026475687,3.57214492473,
    233.19672131147));
#1068 = CARTESIAN_POINT('',(-124.736560555,2.211364345737,
    233.19672131147));
#1069 = CARTESIAN_POINT('',(-124.7557447597,0.864413053256,
    233.19672131149));
#1070 = CARTESIAN_POINT('',(-124.7570844611,-0.506776528418,
    233.19672131144));
#1071 = CARTESIAN_POINT('',(-124.7451167419,-1.846300655244,
    233.19672131148));
#1072 = CARTESIAN_POINT('',(-124.7146043612,-3.218226706326,
    233.19672131148));
#1073 = CARTESIAN_POINT('',(-124.6703538523,-4.56335875511,
    233.19672131146));
#1074 = CARTESIAN_POINT('',(-124.6088695223,-5.924422445376,
    233.19672131148));
#1075 = CARTESIAN_POINT('',(-124.5321905182,-7.27640428243,
    233.19672131147));
#1076 = CARTESIAN_POINT('',(-124.4394378613,-8.630150522743,
    233.19672131147));
#1077 = CARTESIAN_POINT('',(-123.2682961442,-23.21723343872,
    233.19672131147));
#1078 = CARTESIAN_POINT('',(-120.7069566755,-36.09996335321,
    233.19672120461));
#1079 = CARTESIAN_POINT('',(-116.7367158578,-48.58656723536,
    233.19672166856));
#1080 = CARTESIAN_POINT('',(-111.3985021864,-60.61093473587,
    233.19672780412));
#1081 = CARTESIAN_POINT('',(-104.7136722814,-72.06865460991,
    233.1967333426));
#1082 = CARTESIAN_POINT('',(-96.71235876806,-82.81509743658,
    233.19673328499));
#1083 = CARTESIAN_POINT('',(-87.45488954247,-92.67807614143,
    233.19672943016));
#1084 = CARTESIAN_POINT('',(-77.04255779729,-101.4781880906,
    233.19672606515));
#1085 = CARTESIAN_POINT('',(-65.61739764025,-109.048639395,
    233.19672452841));
#1086 = CARTESIAN_POINT('',(-53.35398367061,-115.249015567,
    233.19672322065));
#1087 = CARTESIAN_POINT('',(-40.44845844945,-119.9718395669,
    233.19672171109));
#1088 = CARTESIAN_POINT('',(-27.10983222544,-123.1445979988,
    233.19672167771));
#1089 = CARTESIAN_POINT('',(-13.55492849802,-124.7309655204,
    233.19672131147));
#1090 = CARTESIAN_POINT('',(13.554928493455,-124.730965521,
    233.19672131147));
#1091 = CARTESIAN_POINT('',(27.109832220819,-123.1445979996,
    233.19672167771));
#1092 = CARTESIAN_POINT('',(40.448458444463,-119.9718395691,
    233.19672171109));
#1093 = CARTESIAN_POINT('',(53.353983665912,-115.249015568,
    233.19672322065));
#1094 = CARTESIAN_POINT('',(65.61739763433,-109.0486394001,
    233.19672452841));
#1095 = CARTESIAN_POINT('',(77.042557793259,-101.4781880913,
    233.19672606515));
#1096 = CARTESIAN_POINT('',(87.454889536636,-92.67807614915,
    233.19672943017));
#1097 = CARTESIAN_POINT('',(96.71235876541,-82.81509743831,
    233.19673328498));
#1098 = CARTESIAN_POINT('',(104.71367227795,-72.06865461672,
    233.1967333426));
#1099 = CARTESIAN_POINT('',(111.39850218537,-60.61093473831,
    233.19672780412));
#1100 = CARTESIAN_POINT('',(116.73671585702,-48.58656723847,
    233.19672166856));
#1101 = CARTESIAN_POINT('',(120.70695667546,-36.09996335408,
    233.19672120461));
#1102 = CARTESIAN_POINT('',(123.26829614428,-23.21723343876,
    233.19672131147));
#1103 = CARTESIAN_POINT('',(124.38801783491,-9.270609468177,
    233.19672131147));
#1104 = CARTESIAN_POINT('',(124.44076612502,-8.558642724678,
    233.19672131147));
#1105 = CARTESIAN_POINT('',(124.48909511328,-7.846753239036,
    233.19672131147));
#1106 = CARTESIAN_POINT('',(124.53307191479,-7.134123406438,
    233.19672131147));
#1107 = CARTESIAN_POINT('',(124.57264362459,-6.421402361904,
    233.19672131147));
#1108 = CARTESIAN_POINT('',(124.60781002275,-5.708594946229,
    233.19672131147));
#1109 = CARTESIAN_POINT('',(124.63859753073,-4.995387301829,
    233.19672131147));
#1110 = CARTESIAN_POINT('',(124.66499505571,-4.281933462452,
    233.19672131147));
#1111 = CARTESIAN_POINT('',(124.68698049214,-3.568524732922,
    233.19672131147));
#1112 = CARTESIAN_POINT('',(124.70456812995,-2.855006168403,
    233.19672131147));
#1113 = CARTESIAN_POINT('',(124.71777411174,-2.14120193588,
    233.19672131147));
#1114 = CARTESIAN_POINT('',(124.72656565556,-1.427539419321,
    233.19672131147));
#1115 = CARTESIAN_POINT('',(124.73096552126,-0.713762024091,
    233.19672131147));
#1116 = CARTESIAN_POINT('',(124.73096552076,5.178E-14,233.19672131147));
#1117 = ( BOUNDED_SURFACE() B_SPLINE_SURFACE(2,14,(
    (#1118,#1119,#1120,#1121,#1122,#1123,#1124,#1125,#1126,#1127,#1128
      ,#1129,#1130,#1131,#1132,#1133,#1134,#1135,#1136,#1137,#1138,#1139
      ,#1140,#1141,#1142,#1143,#1144,#1145,#1146,#1147,#1148,#1149,#1150
      ,#1151,#1152,#1153,#1154,#1155,#1156,#1157,#1158,#1159,#1160,#1161
      ,#1162,#1163,#1164,#1165,#1166,#1167,#1168,#1169,#1170,#1171,#1172
      ,#1173,#1174,#1175,#1176,#1177,#1178,#1179,#1180,#1181,#1182,#1183
      ,#1184,#1185,#1186,#1187,#1188,#1189,#1190,#1191,#1192,#1193,#1194
      ,#1195,#1196,#1197,#1198,#1199,#1200,#1201,#1202,#1203,#1204,#1205
      ,#1206,#1207,#1208,#1209,#1210,#1211,#1212,#1213,#1214,#1215,#1216
      ,#1217,#1218,#1219,#1220,#1221,#1222,#1223)
    ,(#1224,#1225,#1226,#1227,#1228,#1229,#1230,#1231,#1232,#1233,#1234
      ,#1235,#1236,#1237,#1238,#1239,#1240,#1241,#1242,#1243,#1244,#1245
      ,#1246,#1247,#1248,#1249,#1250,#1251,#1252,#1253,#1254,#1255,#1256
      ,#1257,#1258,#1259,#1260,#1261,#1262,#1263,#1264,#1265,#1266,#1267
      ,#1268,#1269,#1270,#1271,#1272,#1273,#1274,#1275,#1276,#1277,#1278
      ,#1279,#1280,#1281,#1282,#1283,#1284,#1285,#1286,#1287,#1288,#1289
      ,#1290,#1291,#1292,#1293,#1294,#1295,#1296,#1297,#1298,#1299,#1300
      ,#1301,#1302,#1303,#1304,#1305,#1306,#1307,#1308,#1309,#1310,#1311
      ,#1312,#1313,#1314,#1315,#1316,#1317,#1318,#1319,#1320,#1321,#1322
      ,#1323,#1324,#1325,#1326,#1327,#1328,#1329)
    ,(#1330,#1331,#1332,#1333,#1334,#1335,#1336,#1337,#1338,#1339,#1340
      ,#1341,#1342,#1343,#1344,#1345,#1346,#1347,#1348,#1349,#1350,#1351
      ,#1352,#1353,#1354,#1355,#1356,#1357,#1358,#1359,#1360,#1361,#1362
      ,#1363,#1364,#1365,#1366,#1367,#1368,#1369,#1370,#1371,#1372,#1373
      ,#1374,#1375,#1376,#1377,#1378,#1379,#1380,#1381,#1382,#1383,#1384
      ,#1385,#1386,#1387,#1388,#1389,#1390,#1391,#1392,#1393,#1394,#1395
      ,#1396,#1397,#1398,#1399,#1400,#1401,#1402,#1403,#1404,#1405,#1406
      ,#1407,#1408,#1409,#1410,#1411,#1412,#1413,#1414,#1415,#1416,#1417
      ,#1418,#1419,#1420,#1421,#1422,#1423,#1424,#1425,#1426,#1427,#1428
      ,#1429,#1430,#1431,#1432,#1433,#1434,#1435
)),.UNSPECIFIED.,.F.,.F.,.F.) B_SPLINE_SURFACE_WITH_KNOTS((3,3),(15,13,
    13,13,13,13,13,13,15),(0.,784.76959333805),(-10.02195158863,0.,
    186.170475566,372.340951132,373.3533274752,392.37110927659,
    578.555272235,764.73943519341,774.74764174941),.UNSPECIFIED.) 
GEOMETRIC_REPRESENTATION_ITEM() RATIONAL_B_SPLINE_SURFACE((
    (1.,1.000000000001,0.999999999997,1.000000000009,0.999999999981
      ,1.000000000031,0.999999999959,1.000000000043,0.999999999963
      ,1.000000000026,0.999999999985,1.000000000006,0.999999999998,1.,1.
      ,0.999999999999,1.000000000004,0.999999999991,1.000000000015
      ,0.999999999982,1.000000000018,0.999999999985,1.00000000001
      ,0.999999999995,1.000000000002,1.,1.,1.,0.999999999999
      ,1.000000000004,0.999999999991,1.000000000013,0.999999999984
      ,1.000000000016,0.999999999987,1.000000000009,0.999999999995
      ,1.000000000002,0.999999999999,1.,1.,1.000000000001,0.999999999997
      ,1.000000000006,0.999999999989,1.000000000015,0.999999999983
      ,1.000000000015,0.999999999988,1.000000000007,0.999999999997
      ,1.000000000001,1.,1.,1.,1.000000000001,0.999999999999
      ,1.000000000001,1.,1.,1.000000000001,0.999999999999,1.000000000001
      ,1.,1.,1.,1.,0.999999999999,1.000000000002,0.999999999997
      ,1.000000000004,0.999999999997,1.000000000001,1.,0.999999999999
      ,1.000000000001,0.999999999999,1.,1.,1.,0.999999999999
      ,1.000000000002,0.999999999997,1.000000000004,0.999999999995
      ,1.000000000005,0.999999999996,1.000000000003,0.999999999999
      ,1.000000000001,1.,1.,1.,1.,1.000000000001,0.999999999998
      ,1.000000000003,0.999999999995,1.000000000006,0.999999999995
      ,1.000000000004,0.999999999998,1.000000000001,1.,1.,1.)
    ,(0.683529893095,0.683529893095,0.683529893093,0.6835298931
      ,0.683529893085,0.683529893111,0.683529893074,0.683529893115
      ,0.683529893077,0.683529893107,0.683529893088,0.683529893097
      ,0.683529893094,0.683529893095,0.683529893095,0.683529890239
      ,0.683529898197,0.683529894118,0.683529886366,0.683529891247
      ,0.683529902247,0.683529886266,0.683529808742,0.683529667309
      ,0.683529508507,0.683529407594,0.683529412969,0.68352956794
      ,0.683529710006,0.683529956462,0.683530080578,0.683530128343
      ,0.683529917697,0.683529287131,0.683528562383,0.683528416766
      ,0.683529088349,0.683529864414,0.683529901243,0.683529893095
      ,0.683529893095,0.683529893095,0.683529893094,0.683529893097
      ,0.68352989309,0.683529893101,0.683529893088,0.683529893101
      ,0.68352989309,0.683529893098,0.683529893093,0.683529893095
      ,0.683529893095,0.683529893095,0.683529893094,0.683529893096
      ,0.683529893091,0.683529893101,0.683529893084,0.683529893108
      ,0.683529893084,0.683529893101,0.683529893091,0.683529893096
      ,0.683529893094,0.683529893095,0.683529893095,0.683529906122
      ,0.683529849561,0.683529101537,0.683528426303,0.683528433332
      ,0.683528903289,0.68352931355,0.683529500893,0.683529660337
      ,0.683529844373,0.683529848445,0.683529893095,0.683529893095
      ,0.683529848445,0.683529844373,0.683529660336,0.683529500895
      ,0.68352931355,0.683528903288,0.683528433334,0.6835284263
      ,0.683529101539,0.683529849559,0.683529906123,0.683529893095
      ,0.683529893095,0.683529893094,0.683529893097,0.68352989309
      ,0.683529893103,0.683529893083,0.683529893108,0.683529893083
      ,0.683529893103,0.68352989309,0.683529893097,0.683529893094
      ,0.683529893095,0.683529893095)
    ,(1.,1.000000000001,0.999999999997,1.000000000009,0.999999999981
      ,1.000000000031,0.999999999959,1.000000000043,0.999999999963
      ,1.000000000026,0.999999999985,1.000000000006,0.999999999998,1.,1.
      ,0.999999999999,1.000000000004,0.999999999991,1.000000000015
      ,0.999999999982,1.000000000018,0.999999999985,1.00000000001
      ,0.999999999995,1.000000000002,1.,1.,1.,0.999999999999
      ,1.000000000004,0.999999999991,1.000000000013,0.999999999984
      ,1.000000000016,0.999999999987,1.000000000009,0.999999999995
      ,1.000000000002,0.999999999999,1.,1.,1.000000000001,0.999999999997
      ,1.000000000006,0.999999999989,1.000000000015,0.999999999983
      ,1.000000000015,0.999999999988,1.000000000007,0.999999999997
      ,1.000000000001,1.,1.,1.,1.000000000001,0.999999999999
      ,1.000000000001,1.,1.,1.000000000001,0.999999999999,1.000000000001
      ,1.,1.,1.,1.,0.999999999999,1.000000000002,0.999999999997
      ,1.000000000004,0.999999999997,1.000000000001,1.,0.999999999999
      ,1.000000000001,0.999999999999,1.,1.,1.,0.999999999999
      ,1.000000000002,0.999999999997,1.000000000004,0.999999999995
      ,1.000000000005,0.999999999996,1.000000000003,0.999999999999
      ,1.000000000001,1.,1.,1.,1.,1.000000000001,0.999999999998
      ,1.000000000003,0.999999999995,1.000000000006,0.999999999995
      ,1.000000000004,0.999999999998,1.000000000001,1.,1.,1.
))) REPRESENTATION_ITEM('') SURFACE() );
#1118 = CARTESIAN_POINT('',(124.73096552076,8.233E-14,233.19672131147));
#1119 = CARTESIAN_POINT('',(124.73096552023,0.714742469049,
    233.19672131147));
#1120 = CARTESIAN_POINT('',(124.72655479305,1.429485346969,
    233.19672131147));
#1121 = CARTESIAN_POINT('',(124.71773333113,2.144199219077,
    233.19672131147));
#1122 = CARTESIAN_POINT('',(124.70450134327,2.858854580268,
    233.19672131148));
#1123 = CARTESIAN_POINT('',(124.68685925085,3.573421925683,
    233.19672131146));
#1124 = CARTESIAN_POINT('',(124.66480769655,4.287871750734,
    233.19672131148));
#1125 = CARTESIAN_POINT('',(124.63834752973,5.002174550573,
    233.19672131146));
#1126 = CARTESIAN_POINT('',(124.60747982714,5.716300821479,
    233.19672131148));
#1127 = CARTESIAN_POINT('',(124.57220586792,6.430221058506,
    233.19672131146));
#1128 = CARTESIAN_POINT('',(124.53252715936,7.143905758514,
    233.19672131148));
#1129 = CARTESIAN_POINT('',(124.48844541431,7.857325417049,
    233.19672131147));
#1130 = CARTESIAN_POINT('',(124.43996256791,8.570450530951,
    233.19672131147));
#1131 = CARTESIAN_POINT('',(124.38708076729,9.283251596587,
    233.19672131147));
#1132 = CARTESIAN_POINT('',(123.26578354522,23.230316277339,
    233.19672131147));
#1133 = CARTESIAN_POINT('',(120.68439179627,36.345249665163,
    233.19672133489));
#1134 = CARTESIAN_POINT('',(116.60018435111,49.150459881144,
    233.19672126964));
#1135 = CARTESIAN_POINT('',(111.05354055728,61.459285132761,
    233.19672130304));
#1136 = CARTESIAN_POINT('',(104.11055876193,73.090308490874,
    233.19672136672));
#1137 = CARTESIAN_POINT('',(95.861831105982,83.87271496451,
    233.19672132655));
#1138 = CARTESIAN_POINT('',(86.419551979704,93.650959054269,
    233.19672123647));
#1139 = CARTESIAN_POINT('',(75.913673494426,102.28714539675,
    233.19672136743));
#1140 = CARTESIAN_POINT('',(64.48841524313,109.66136076399,
    233.19672200339));
#1141 = CARTESIAN_POINT('',(52.300365409587,115.6712851185,
    233.19672316343));
#1142 = CARTESIAN_POINT('',(39.5186765759,120.23275244046,233.196724466)
  );
#1143 = CARTESIAN_POINT('',(26.326461581629,123.2825289507,
    233.19672529372));
#1144 = CARTESIAN_POINT('',(12.920433348252,124.78342679477,
    233.19672524964));
#1145 = CARTESIAN_POINT('',(-13.91421949754,124.67652432261,
    233.19672397851));
#1146 = CARTESIAN_POINT('',(-27.34276092702,123.06867061427,
    233.19672281322));
#1147 = CARTESIAN_POINT('',(-40.57973583109,119.90062354808,
    233.19672079175));
#1148 = CARTESIAN_POINT('',(-53.4151385079,115.19772304828,
    233.19671977359));
#1149 = CARTESIAN_POINT('',(-65.63808235584,109.02042460289,
    233.19671938199));
#1150 = CARTESIAN_POINT('',(-77.04454512816,101.46807459041,
    233.19672110954));
#1151 = CARTESIAN_POINT('',(-87.45054231486,92.678601554956,
    233.19672628195));
#1152 = CARTESIAN_POINT('',(-96.70675480916,82.82046715917,
    233.19673222631));
#1153 = CARTESIAN_POINT('',(-104.7081413018,72.076070171002,
    233.19673342092));
#1154 = CARTESIAN_POINT('',(-111.3933669066,60.619715293249,
    233.19672791223));
#1155 = CARTESIAN_POINT('',(-116.7322704902,48.596684569132,
    233.19672154675));
#1156 = CARTESIAN_POINT('',(-120.7033666019,36.111319736804,
    233.19672124463));
#1157 = CARTESIAN_POINT('',(-123.2658268163,23.229778057181,
    233.19672131147));
#1158 = CARTESIAN_POINT('',(-124.3355881689,9.923733519003,
    233.19672131147));
#1159 = CARTESIAN_POINT('',(-124.3413292874,9.851761939528,
    233.19672131147));
#1160 = CARTESIAN_POINT('',(-124.3470256625,9.779785249896,
    233.19672131147));
#1161 = CARTESIAN_POINT('',(-124.3526772347,9.707804195125,
    233.19672131147));
#1162 = CARTESIAN_POINT('',(-124.3582839554,9.635819387458,
    233.19672131147));
#1163 = CARTESIAN_POINT('',(-124.3638457859,9.563831306883,
    233.19672131148));
#1164 = CARTESIAN_POINT('',(-124.3693626997,9.491840300351,
    233.19672131147));
#1165 = CARTESIAN_POINT('',(-124.374834678,9.419846582725,
    233.19672131147));
#1166 = CARTESIAN_POINT('',(-124.3802617166,9.347850235843,
    233.19672131147));
#1167 = CARTESIAN_POINT('',(-124.3856438173,9.275851209266,
    233.19672131147));
#1168 = CARTESIAN_POINT('',(-124.3909809965,9.203849319805,
    233.19672131147));
#1169 = CARTESIAN_POINT('',(-124.3962732785,9.131844251749,
    233.19672131147));
#1170 = CARTESIAN_POINT('',(-124.4015206995,9.059835556787,
    233.19672131147));
#1171 = CARTESIAN_POINT('',(-124.5044557661,7.635039491117,
    233.19672131147));
#1172 = CARTESIAN_POINT('',(-124.5863423761,6.281262755578,
    233.19672131147));
#1173 = CARTESIAN_POINT('',(-124.652345838,4.926090140916,
    233.19672131147));
#1174 = CARTESIAN_POINT('',(-124.7026475687,3.57214492473,
    233.19672131147));
#1175 = CARTESIAN_POINT('',(-124.736560555,2.211364345737,
    233.19672131147));
#1176 = CARTESIAN_POINT('',(-124.7557447597,0.864413053256,
    233.19672131149));
#1177 = CARTESIAN_POINT('',(-124.7570844611,-0.506776528418,
    233.19672131144));
#1178 = CARTESIAN_POINT('',(-124.7451167419,-1.846300655244,
    233.19672131148));
#1179 = CARTESIAN_POINT('',(-124.7146043612,-3.218226706326,
    233.19672131148));
#1180 = CARTESIAN_POINT('',(-124.6703538523,-4.56335875511,
    233.19672131146));
#1181 = CARTESIAN_POINT('',(-124.6088695223,-5.924422445376,
    233.19672131148));
#1182 = CARTESIAN_POINT('',(-124.5321905182,-7.27640428243,
    233.19672131147));
#1183 = CARTESIAN_POINT('',(-124.4394378613,-8.630150522743,
    233.19672131147));
#1184 = CARTESIAN_POINT('',(-123.2682961442,-23.21723343872,
    233.19672131147));
#1185 = CARTESIAN_POINT('',(-120.7069566755,-36.09996335321,
    233.19672120461));
#1186 = CARTESIAN_POINT('',(-116.7367158578,-48.58656723536,
    233.19672166856));
#1187 = CARTESIAN_POINT('',(-111.3985021864,-60.61093473587,
    233.19672780412));
#1188 = CARTESIAN_POINT('',(-104.7136722814,-72.06865460991,
    233.1967333426));
#1189 = CARTESIAN_POINT('',(-96.71235876806,-82.81509743658,
    233.19673328499));
#1190 = CARTESIAN_POINT('',(-87.45488954247,-92.67807614143,
    233.19672943016));
#1191 = CARTESIAN_POINT('',(-77.04255779729,-101.4781880906,
    233.19672606515));
#1192 = CARTESIAN_POINT('',(-65.61739764025,-109.048639395,
    233.19672452841));
#1193 = CARTESIAN_POINT('',(-53.35398367061,-115.249015567,
    233.19672322065));
#1194 = CARTESIAN_POINT('',(-40.44845844945,-119.9718395669,
    233.19672171109));
#1195 = CARTESIAN_POINT('',(-27.10983222544,-123.1445979988,
    233.19672167771));
#1196 = CARTESIAN_POINT('',(-13.55492849802,-124.7309655204,
    233.19672131147));
#1197 = CARTESIAN_POINT('',(13.554928493455,-124.730965521,
    233.19672131147));
#1198 = CARTESIAN_POINT('',(27.109832220819,-123.1445979996,
    233.19672167771));
#1199 = CARTESIAN_POINT('',(40.448458444463,-119.9718395691,
    233.19672171109));
#1200 = CARTESIAN_POINT('',(53.353983665912,-115.249015568,
    233.19672322065));
#1201 = CARTESIAN_POINT('',(65.61739763433,-109.0486394001,
    233.19672452841));
#1202 = CARTESIAN_POINT('',(77.042557793259,-101.4781880913,
    233.19672606515));
#1203 = CARTESIAN_POINT('',(87.454889536636,-92.67807614915,
    233.19672943017));
#1204 = CARTESIAN_POINT('',(96.71235876541,-82.81509743831,
    233.19673328498));
#1205 = CARTESIAN_POINT('',(104.71367227795,-72.06865461672,
    233.1967333426));
#1206 = CARTESIAN_POINT('',(111.39850218537,-60.61093473831,
    233.19672780412));
#1207 = CARTESIAN_POINT('',(116.73671585702,-48.58656723847,
    233.19672166856));
#1208 = CARTESIAN_POINT('',(120.70695667546,-36.09996335408,
    233.19672120461));
#1209 = CARTESIAN_POINT('',(123.26829614428,-23.21723343876,
    233.19672131147));
#1210 = CARTESIAN_POINT('',(124.38801783491,-9.270609468177,
    233.19672131147));
#1211 = CARTESIAN_POINT('',(124.44076612502,-8.558642724678,
    233.19672131147));
#1212 = CARTESIAN_POINT('',(124.48909511328,-7.846753239036,
    233.19672131147));
#1213 = CARTESIAN_POINT('',(124.53307191479,-7.134123406438,
    233.19672131147));
#1214 = CARTESIAN_POINT('',(124.57264362459,-6.421402361904,
    233.19672131147));
#1215 = CARTESIAN_POINT('',(124.60781002275,-5.708594946229,
    233.19672131147));
#1216 = CARTESIAN_POINT('',(124.63859753073,-4.995387301829,
    233.19672131147));
#1217 = CARTESIAN_POINT('',(124.66499505571,-4.281933462452,
    233.19672131147));
#1218 = CARTESIAN_POINT('',(124.68698049214,-3.568524732922,
    233.19672131147));
#1219 = CARTESIAN_POINT('',(124.70456812995,-2.855006168403,
    233.19672131147));
#1220 = CARTESIAN_POINT('',(124.71777411174,-2.14120193588,
    233.19672131147));
#1221 = CARTESIAN_POINT('',(124.72656565556,-1.427539419321,
    233.19672131147));
#1222 = CARTESIAN_POINT('',(124.73096552126,-0.713762024091,
    233.19672131147));
#1223 = CARTESIAN_POINT('',(124.73096552076,5.178E-14,233.19672131147));
#1224 = CARTESIAN_POINT('',(124.94103872585,-2.200575267E-08,230.));
#1225 = CARTESIAN_POINT('',(124.94103872599,0.715946091981,
    229.99999999999));
#1226 = CARTESIAN_POINT('',(124.93662056954,1.431892757393,230.));
#1227 = CARTESIAN_POINT('',(124.92778424971,2.147810399732,
    229.99999999999));
#1228 = CARTESIAN_POINT('',(124.91452997383,2.86366944772,
    230.00000000001));
#1229 = CARTESIAN_POINT('',(124.89685816916,3.579440333635,
    229.99999999997));
#1230 = CARTESIAN_POINT('',(124.87476947128,4.295093492863,
    230.00000000002));
#1231 = CARTESIAN_POINT('',(124.84826474338,5.010599364294,
    229.99999999996));
#1232 = CARTESIAN_POINT('',(124.81734504914,5.725928390204,
    230.00000000002));
#1233 = CARTESIAN_POINT('',(124.78201168523,6.441051015939,
    229.99999999998));
#1234 = CARTESIAN_POINT('',(124.74226614806,7.155937690639,
    230.00000000001));
#1235 = CARTESIAN_POINT('',(124.69811016272,7.870558866311,
    229.99999999999));
#1236 = CARTESIAN_POINT('',(124.64954566175,8.5848849987,230.));
#1237 = CARTESIAN_POINT('',(124.59657479807,9.298886546646,230.));
#1238 = CARTESIAN_POINT('',(123.47338907538,23.26944102054,230.));
#1239 = CARTESIAN_POINT('',(120.8876499995,36.406461690897,230.));
#1240 = CARTESIAN_POINT('',(116.79656341135,49.233241308813,
    229.99999999999));
#1241 = CARTESIAN_POINT('',(111.24057667613,61.562805793981,230.));
#1242 = CARTESIAN_POINT('',(104.28589189575,73.213452997767,
    229.99999999999));
#1243 = CARTESIAN_POINT('',(96.023231216793,84.014098450504,230.));
#1244 = CARTESIAN_POINT('',(86.564946838225,93.808930864821,
    229.99999999998));
#1245 = CARTESIAN_POINT('',(76.041188062283,102.45979238271,
    230.00000000001));
#1246 = CARTESIAN_POINT('',(64.59642485465,109.84652243772,
    229.99999999999));
#1247 = CARTESIAN_POINT('',(52.387554424074,115.86658844766,230.));
#1248 = CARTESIAN_POINT('',(39.584085181103,120.43566801736,
    229.99999999999));
#1249 = CARTESIAN_POINT('',(26.369502196948,123.49044285458,230.));
#1250 = CARTESIAN_POINT('',(12.940873983924,124.99371310057,230.));
#1251 = CARTESIAN_POINT('',(-13.93874116975,124.88637210718,230.));
#1252 = CARTESIAN_POINT('',(-27.38963676167,123.27571374914,
    229.99999999999));
#1253 = CARTESIAN_POINT('',(-40.64851382443,120.10228847699,230.));
#1254 = CARTESIAN_POINT('',(-53.50500797107,115.39159473864,
    229.99999999999));
#1255 = CARTESIAN_POINT('',(-65.74800283418,109.20416107129,
    230.00000000001));
#1256 = CARTESIAN_POINT('',(-77.17322892986,101.63948520259,
    229.99999999998));
#1257 = CARTESIAN_POINT('',(-87.59645876504,92.835716190245,
    230.00000000001));
#1258 = CARTESIAN_POINT('',(-96.86819686719,82.961494244607,
    229.99999999998));
#1259 = CARTESIAN_POINT('',(-104.8832721761,72.199321890004,
    230.00000000001));
#1260 = CARTESIAN_POINT('',(-111.5801874852,60.723611408271,
    229.99999999999));
#1261 = CARTESIAN_POINT('',(-116.9285442044,48.679851267175,230.));
#1262 = CARTESIAN_POINT('',(-120.9066072443,36.172730611932,
    229.99999999999));
#1263 = CARTESIAN_POINT('',(-123.4734319028,23.268908318994,230.));
#1264 = CARTESIAN_POINT('',(-124.544995478,9.940447140518,230.));
#1265 = CARTESIAN_POINT('',(-124.550746267,9.868354334052,
    229.99999999999));
#1266 = CARTESIAN_POINT('',(-124.5564522351,9.796256424525,230.));
#1267 = CARTESIAN_POINT('',(-124.5621133259,9.724154151846,
    229.99999999999));
#1268 = CARTESIAN_POINT('',(-124.5677294857,9.652048123874,
    230.00000000001));
#1269 = CARTESIAN_POINT('',(-124.5733006857,9.579938817433,
    229.99999999998));
#1270 = CARTESIAN_POINT('',(-124.5788268858,9.507826576652,
    230.00000000001));
#1271 = CARTESIAN_POINT('',(-124.5843080836,9.435711615216,
    229.99999999998));
#1272 = CARTESIAN_POINT('',(-124.5897442588,9.363594013794,230.));
#1273 = CARTESIAN_POINT('',(-124.5951354266,9.291473722532,
    229.99999999999));
#1274 = CARTESIAN_POINT('',(-124.6004815942,9.219350559002,230.));
#1275 = CARTESIAN_POINT('',(-124.6057827907,9.147224209626,
    229.99999999999));
#1276 = CARTESIAN_POINT('',(-124.61103905,9.075094228854,230.));
#1277 = CARTESIAN_POINT('',(-124.7141474834,7.647898473881,230.));
#1278 = CARTESIAN_POINT('',(-124.7961719939,6.291841014826,
    229.99999999999));
#1279 = CARTESIAN_POINT('',(-124.8622868694,4.934389866695,230.));
#1280 = CARTESIAN_POINT('',(-124.912672052,3.578149438333,
    229.99999999999));
#1281 = CARTESIAN_POINT('',(-124.9466457035,2.215121426197,
    229.99999999999));
#1282 = CARTESIAN_POINT('',(-124.9658550483,0.865811468315,
    230.00000000001));
#1283 = CARTESIAN_POINT('',(-124.9672080334,-0.50755078325,
    229.99999999998));
#1284 = CARTESIAN_POINT('',(-124.9552072702,-1.849492157731,
    230.00000000001));
#1285 = CARTESIAN_POINT('',(-124.9246550654,-3.223584371247,
    229.99999999999));
#1286 = CARTESIAN_POINT('',(-124.8803219736,-4.571081982314,230.));
#1287 = CARTESIAN_POINT('',(-124.8187383223,-5.934384982636,
    229.99999999999));
#1288 = CARTESIAN_POINT('',(-124.7419286048,-7.288663526352,230.));
#1289 = CARTESIAN_POINT('',(-124.6490201244,-8.644684865589,230.));
#1290 = CARTESIAN_POINT('',(-123.4759053972,-23.25634248678,230.));
#1291 = CARTESIAN_POINT('',(-120.9102040244,-36.16135541553,230.));
#1292 = CARTESIAN_POINT('',(-116.932995107,-48.66971713156,230.));
#1293 = CARTESIAN_POINT('',(-111.5853330486,-60.71482435653,
    229.99999999999));
#1294 = CARTESIAN_POINT('',(-104.8888021012,-72.19194479414,230.));
#1295 = CARTESIAN_POINT('',(-96.87374817437,-82.95625465434,
    229.99999999999));
#1296 = CARTESIAN_POINT('',(-87.60064465952,-92.83544701146,230.));
#1297 = CARTESIAN_POINT('',(-77.17089887624,-101.6499889762,
    229.99999999999));
#1298 = CARTESIAN_POINT('',(-65.72670911779,-109.2328786848,230.));
#1299 = CARTESIAN_POINT('',(-53.44290088174,-115.4434504061,
    229.99999999999));
#1300 = CARTESIAN_POINT('',(-40.51590711071,-120.1740437546,230.));
#1301 = CARTESIAN_POINT('',(-27.15503713167,-123.3520565714,
    229.99999999999));
#1302 = CARTESIAN_POINT('',(-13.57753201559,-124.9410387255,230.));
#1303 = CARTESIAN_POINT('',(13.577532011012,-124.9410387261,230.));
#1304 = CARTESIAN_POINT('',(27.155037126959,-123.3520565722,230.));
#1305 = CARTESIAN_POINT('',(40.515907105955,-120.1740437565,
    229.99999999999));
#1306 = CARTESIAN_POINT('',(53.442900876468,-115.4434504075,
    230.00000000001));
#1307 = CARTESIAN_POINT('',(65.726709112828,-109.232878689,
    229.99999999998));
#1308 = CARTESIAN_POINT('',(77.170898870867,-101.6499889783,
    230.00000000002));
#1309 = CARTESIAN_POINT('',(87.600644655162,-92.83544701762,
    229.99999999997));
#1310 = CARTESIAN_POINT('',(96.873748170394,-82.9562546576,
    230.00000000002));
#1311 = CARTESIAN_POINT('',(104.88880209875,-72.19194479974,
    229.99999999998));
#1312 = CARTESIAN_POINT('',(111.58533304697,-60.71482435974,
    230.00000000001));
#1313 = CARTESIAN_POINT('',(116.93299510655,-48.6697171343,
    229.99999999999));
#1314 = CARTESIAN_POINT('',(120.91020402431,-36.16135541654,230.));
#1315 = CARTESIAN_POINT('',(123.4759053973,-23.25634248679,
    229.99999999999));
#1316 = CARTESIAN_POINT('',(124.59751347124,-9.286222785475,230.));
#1317 = CARTESIAN_POINT('',(124.65035048197,-8.573058418739,
    229.99999999999));
#1318 = CARTESIAN_POINT('',(124.69876108451,-7.859967247872,230.));
#1319 = CARTESIAN_POINT('',(124.74281177895,-7.146139338191,
    229.99999999998));
#1320 = CARTESIAN_POINT('',(124.78245012134,-6.432218078204,
    230.00000000002));
#1321 = CARTESIAN_POINT('',(124.81767587735,-5.718208542987,
    229.99999999997));
#1322 = CARTESIAN_POINT('',(124.84851520145,-5.003800144082,
    230.00000000003));
#1323 = CARTESIAN_POINT('',(124.87495708765,-4.289145940532,
    229.99999999997));
#1324 = CARTESIAN_POINT('',(124.89697961212,-3.574534922682,
    230.00000000002));
#1325 = CARTESIAN_POINT('',(124.91459693803,-2.859813832696,
    229.99999999998));
#1326 = CARTESIAN_POINT('',(124.92782505228,-2.144808763072,230.));
#1327 = CARTESIAN_POINT('',(124.93663146243,-1.429943574829,
    229.99999999999));
#1328 = CARTESIAN_POINT('',(124.94103872569,-0.71496422118,230.));
#1329 = CARTESIAN_POINT('',(124.94103872585,-2.20058493E-08,230.));
#1330 = CARTESIAN_POINT('',(121.73742234826,5.104E-14,230.));
#1331 = CARTESIAN_POINT('',(121.73742233854,0.697590842271,230.));
#1332 = CARTESIAN_POINT('',(121.73311747642,1.395179748399,
    229.99999999999));
#1333 = CARTESIAN_POINT('',(121.72450774649,2.092739894854,230.));
#1334 = CARTESIAN_POINT('',(121.71159334699,2.790242718805,
    229.99999999998));
#1335 = CARTESIAN_POINT('',(121.6943746834,3.487659612953,
    230.00000000001));
#1336 = CARTESIAN_POINT('',(121.67285238098,4.184961924448,
    229.99999999997));
#1337 = CARTESIAN_POINT('',(121.64702726462,4.882120956291,
    230.00000000002));
#1338 = CARTESIAN_POINT('',(121.61690038595,5.579107965853,
    229.99999999997));
#1339 = CARTESIAN_POINT('',(121.58247299249,6.275894166186,
    230.00000000001));
#1340 = CARTESIAN_POINT('',(121.54374655746,6.972450724989,
    229.99999999998));
#1341 = CARTESIAN_POINT('',(121.50072275535,7.668748765429,230.));
#1342 = CARTESIAN_POINT('',(121.4534034788,8.364759365404,
    229.99999999999));
#1343 = CARTESIAN_POINT('',(121.40179082888,9.060453558264,230.));
#1344 = CARTESIAN_POINT('',(120.30740474011,22.672788686677,230.));
#1345 = CARTESIAN_POINT('',(117.78796537266,35.472970588705,230.));
#1346 = CARTESIAN_POINT('',(113.8017804479,47.970835446195,
    229.99999999999));
#1347 = CARTESIAN_POINT('',(108.3882702564,59.984120879836,230.));
#1348 = CARTESIAN_POINT('',(101.61206309956,71.335488061277,
    229.99999999999));
#1349 = CARTESIAN_POINT('',(93.561890601791,81.857989695524,230.));
#1350 = CARTESIAN_POINT('',(84.347679447202,91.399872116671,
    229.99999999999));
#1351 = CARTESIAN_POINT('',(74.096558529264,99.8269672698,230.));
#1352 = CARTESIAN_POINT('',(62.949191198605,107.02287290945,
    229.99999999999));
#1353 = CARTESIAN_POINT('',(51.057805399207,112.88828912079,230.));
#1354 = CARTESIAN_POINT('',(38.586529556753,117.34127495122,
    229.99999999999));
#1355 = CARTESIAN_POINT('',(25.713149492272,120.31981204654,230.));
#1356 = CARTESIAN_POINT('',(12.629181132548,121.78691121024,230.));
#1357 = CARTESIAN_POINT('',(-13.56477013568,121.686236854,230.));
#1358 = CARTESIAN_POINT('',(-26.67467006862,120.11840394651,230.));
#1359 = CARTESIAN_POINT('',(-39.5996148966,117.02673658412,
    229.99999999999));
#1360 = CARTESIAN_POINT('',(-52.13424873707,112.43522026313,230.));
#1361 = CARTESIAN_POINT('',(-64.0717012362,106.40233427446,
    229.99999999998));
#1362 = CARTESIAN_POINT('',(-75.21131662258,99.025110412655,
    230.00000000001));
#1363 = CARTESIAN_POINT('',(-85.37188644525,90.439126176842,
    229.99999999998));
#1364 = CARTESIAN_POINT('',(-94.40646929532,80.810671846058,
    230.00000000001));
#1365 = CARTESIAN_POINT('',(-102.2123741713,70.320157560781,
    229.99999999998));
#1366 = CARTESIAN_POINT('',(-108.7309946803,59.139760538905,230.));
#1367 = CARTESIAN_POINT('',(-113.9353803118,47.411829319361,
    229.99999999999));
#1368 = CARTESIAN_POINT('',(-117.807189104,35.236135738133,230.));
#1369 = CARTESIAN_POINT('',(-120.3074543336,22.672171826228,
    229.99999999999));
#1370 = CARTESIAN_POINT('',(-121.3515340128,9.685564412426,230.));
#1371 = CARTESIAN_POINT('',(-121.3571373311,9.615320317593,
    229.99999999999));
#1372 = CARTESIAN_POINT('',(-121.3626969977,9.545071011326,230.));
#1373 = CARTESIAN_POINT('',(-121.3682129475,9.474817312111,
    229.99999999999));
#1374 = CARTESIAN_POINT('',(-121.3736851265,9.404559893051,
    230.00000000001));
#1375 = CARTESIAN_POINT('',(-121.3791134929,9.334299282268,
    229.99999999998));
#1376 = CARTESIAN_POINT('',(-121.3844980164,9.264035862188,
    230.00000000002));
#1377 = CARTESIAN_POINT('',(-121.3898386773,9.193769870599,
    229.99999999998));
#1378 = CARTESIAN_POINT('',(-121.3951354697,9.123501399336,
    230.00000000001));
#1379 = CARTESIAN_POINT('',(-121.4003883963,9.053230395662,
    229.99999999999));
#1380 = CARTESIAN_POINT('',(-121.4055974744,8.982956661039,230.));
#1381 = CARTESIAN_POINT('',(-121.4107627305,8.912679852051,
    229.99999999999));
#1382 = CARTESIAN_POINT('',(-121.4158842044,8.842399479827,230.));
#1383 = CARTESIAN_POINT('',(-121.5163487957,7.451798986721,
    229.99999999999));
#1384 = CARTESIAN_POINT('',(-121.596270323,6.130522561326,230.));
#1385 = CARTESIAN_POINT('',(-121.6606861397,4.807819048418,
    229.99999999999));
#1386 = CARTESIAN_POINT('',(-121.7097986864,3.486580606333,
    230.00000000001));
#1387 = CARTESIAN_POINT('',(-121.7428471795,2.157825948335,
    229.99999999997));
#1388 = CARTESIAN_POINT('',(-121.7616731629,0.844485639629,
    230.00000000002));
#1389 = CARTESIAN_POINT('',(-121.7628235348,-0.49574339756,
    229.99999999996));
#1390 = CARTESIAN_POINT('',(-121.7513267331,-1.80082174486,
    230.00000000003));
#1391 = CARTESIAN_POINT('',(-121.7213818099,-3.141879980883,
    229.99999999997));
#1392 = CARTESIAN_POINT('',(-121.6783081336,-4.453302767766,
    230.00000000001));
#1393 = CARTESIAN_POINT('',(-121.6182391175,-5.782456289205,
    229.99999999999));
#1394 = CARTESIAN_POINT('',(-121.5434227861,-7.101710056667,230.));
#1395 = CARTESIAN_POINT('',(-121.4528906118,-8.423036137171,230.));
#1396 = CARTESIAN_POINT('',(-120.3098642892,-22.6599295041,230.));
#1397 = CARTESIAN_POINT('',(-117.8106913425,-35.22505068756,
    229.99999999999));
#1398 = CARTESIAN_POINT('',(-113.9397194321,-47.40195362567,230.));
#1399 = CARTESIAN_POINT('',(-108.7360152922,-59.13104279374,
    229.99999999999));
#1400 = CARTESIAN_POINT('',(-102.2179341778,-70.31223316825,
    230.00000000001));
#1401 = CARTESIAN_POINT('',(-94.41270908874,-80.80363123663,
    229.99999999998));
#1402 = CARTESIAN_POINT('',(-85.37834713239,-90.43518498365,
    230.00000000002));
#1403 = CARTESIAN_POINT('',(-75.21413886445,-99.029781081,
    229.99999999997));
#1404 = CARTESIAN_POINT('',(-64.05983383382,-106.4233437797,
    230.00000000001));
#1405 = CARTESIAN_POINT('',(-52.0869241844,-112.4784188742,
    229.99999999999));
#1406 = CARTESIAN_POINT('',(-39.48748607744,-117.0902646212,230.));
#1407 = CARTESIAN_POINT('',(-26.465634462,-120.188378613,229.99999999999
    ));
#1408 = CARTESIAN_POINT('',(-13.23282837279,-121.737422348,230.));
#1409 = CARTESIAN_POINT('',(13.232828368491,-121.7374223485,230.));
#1410 = CARTESIAN_POINT('',(26.465634457551,-120.1883786138,230.));
#1411 = CARTESIAN_POINT('',(39.487486072905,-117.0902646229,230.));
#1412 = CARTESIAN_POINT('',(52.086924179339,-112.4784188758,
    229.99999999999));
#1413 = CARTESIAN_POINT('',(64.059833828958,-106.4233437834,230.));
#1414 = CARTESIAN_POINT('',(75.214138859156,-99.02978108358,
    229.99999999999));
#1415 = CARTESIAN_POINT('',(85.378347128128,-90.43518498925,230.));
#1416 = CARTESIAN_POINT('',(94.412709084626,-80.80363124022,
    229.99999999999));
#1417 = CARTESIAN_POINT('',(102.21793417551,-70.31223317365,230.));
#1418 = CARTESIAN_POINT('',(108.73601529044,-59.13104279708,
    229.99999999999));
#1419 = CARTESIAN_POINT('',(113.9397194317,-47.4019536284,230.));
#1420 = CARTESIAN_POINT('',(117.81069134236,-35.22505068859,230.));
#1421 = CARTESIAN_POINT('',(120.30986428924,-22.65992950411,230.));
#1422 = CARTESIAN_POINT('',(121.40270501703,-9.048119696682,230.));
#1423 = CARTESIAN_POINT('',(121.45418903905,-8.353219084379,230.));
#1424 = CARTESIAN_POINT('',(121.50135502174,-7.658453612925,230.));
#1425 = CARTESIAN_POINT('',(121.54427885443,-6.962896379361,
    229.99999999999));
#1426 = CARTESIAN_POINT('',(121.58290103873,-6.26727840403,230.));
#1427 = CARTESIAN_POINT('',(121.61722160482,-5.571601193178,
    229.99999999999));
#1428 = CARTESIAN_POINT('',(121.64727071123,-4.875504298975,230.));
#1429 = CARTESIAN_POINT('',(121.67303611162,-4.179155650394,
    229.99999999999));
#1430 = CARTESIAN_POINT('',(121.69449302394,-3.482879528522,230.));
#1431 = CARTESIAN_POINT('',(121.71165762022,-2.786496952359,230.));
#1432 = CARTESIAN_POINT('',(121.72454820644,-2.089804648371,230.));
#1433 = CARTESIAN_POINT('',(121.73312790867,-1.39328020333,230.));
#1434 = CARTESIAN_POINT('',(121.73742235795,-0.696630715574,230.));
#1435 = CARTESIAN_POINT('',(121.73742234826,5.104E-14,230.));
#1436 = ADVANCED_FACE('',(#1437),#1448,.F.);
#1437 = FACE_BOUND('',#1438,.F.);
#1438 = EDGE_LOOP('',(#1439,#1445,#1446,#1447));
#1439 = ORIENTED_EDGE('',*,*,#1440,.T.);
#1440 = EDGE_CURVE('',#919,#972,#1441,.T.);
#1441 = LINE('',#1442,#1443);
#1442 = CARTESIAN_POINT('',(-114.825579004,0.,230.));
#1443 = VECTOR('',#1444,1.);
#1444 = DIRECTION('',(-0.,-0.,-1.));
#1445 = ORIENTED_EDGE('',*,*,#971,.T.);
#1446 = ORIENTED_EDGE('',*,*,#1440,.F.);
#1447 = ORIENTED_EDGE('',*,*,#918,.F.);
#1448 = CYLINDRICAL_SURFACE('',#1449,2.35);
#1449 = AXIS2_PLACEMENT_3D('',#1450,#1451,#1452);
#1450 = CARTESIAN_POINT('',(-117.175579004,0.,230.));
#1451 = DIRECTION('',(0.,0.,1.));
#1452 = DIRECTION('',(1.,0.,0.));
#1453 = ADVANCED_FACE('',(#1454),#1465,.F.);
#1454 = FACE_BOUND('',#1455,.T.);
#1455 = EDGE_LOOP('',(#1456,#1462,#1463,#1464));
#1456 = ORIENTED_EDGE('',*,*,#1457,.T.);
#1457 = EDGE_CURVE('',#930,#983,#1458,.T.);
#1458 = LINE('',#1459,#1460);
#1459 = CARTESIAN_POINT('',(114.82557900407,0.,230.));
#1460 = VECTOR('',#1461,1.);
#1461 = DIRECTION('',(0.,0.,-1.));
#1462 = ORIENTED_EDGE('',*,*,#982,.T.);
#1463 = ORIENTED_EDGE('',*,*,#1457,.F.);
#1464 = ORIENTED_EDGE('',*,*,#929,.F.);
#1465 = CYLINDRICAL_SURFACE('',#1466,2.35);
#1466 = AXIS2_PLACEMENT_3D('',#1467,#1468,#1469);
#1467 = CARTESIAN_POINT('',(117.17557900407,0.,230.));
#1468 = DIRECTION('',(0.,0.,1.));
#1469 = DIRECTION('',(-1.,0.,0.));
#1470 = ADVANCED_FACE('',(#1471),#1809,.T.);
#1471 = FACE_BOUND('',#1472,.F.);
#1472 = EDGE_LOOP('',(#1473,#1482,#1483,#1484));
#1473 = ORIENTED_EDGE('',*,*,#1474,.F.);
#1474 = EDGE_CURVE('',#947,#1475,#1477,.T.);
#1475 = VERTEX_POINT('',#1476);
#1476 = CARTESIAN_POINT('',(7.5,0.,354.78347352417));
#1477 = CIRCLE('',#1478,130.);
#1478 = AXIS2_PLACEMENT_3D('',#1479,#1480,#1481);
#1479 = CARTESIAN_POINT('',(0.,0.,225.));
#1480 = DIRECTION('',(0.,-1.,0.));
#1481 = DIRECTION('',(1.,0.,0.));
#1482 = ORIENTED_EDGE('',*,*,#946,.T.);
#1483 = ORIENTED_EDGE('',*,*,#1474,.T.);
#1484 = ORIENTED_EDGE('',*,*,#1485,.T.);
#1485 = EDGE_CURVE('',#1475,#1475,#1486,.T.);
#1486 = B_SPLINE_CURVE_WITH_KNOTS('',6,(#1487,#1488,#1489,#1490,#1491,
    #1492,#1493,#1494,#1495,#1496,#1497,#1498,#1499,#1500,#1501,#1502,
    #1503,#1504,#1505,#1506,#1507,#1508,#1509,#1510,#1511,#1512,#1513,
    #1514,#1515,#1516,#1517,#1518,#1519,#1520,#1521,#1522,#1523,#1524,
    #1525,#1526,#1527,#1528,#1529,#1530,#1531,#1532,#1533,#1534,#1535,
    #1536,#1537,#1538,#1539,#1540,#1541,#1542,#1543,#1544,#1545,#1546,
    #1547,#1548,#1549,#1550,#1551,#1552,#1553,#1554,#1555,#1556,#1557,
    #1558,#1559,#1560,#1561,#1562,#1563,#1564,#1565,#1566,#1567,#1568,
    #1569,#1570,#1571,#1572,#1573,#1574,#1575,#1576,#1577,#1578,#1579,
    #1580,#1581,#1582,#1583,#1584,#1585,#1586,#1587,#1588,#1589,#1590,
    #1591,#1592,#1593,#1594,#1595,#1596,#1597,#1598,#1599,#1600,#1601,
    #1602,#1603,#1604,#1605,#1606,#1607,#1608,#1609,#1610,#1611,#1612,
    #1613,#1614,#1615,#1616,#1617,#1618,#1619,#1620,#1621,#1622,#1623,
    #1624,#1625,#1626,#1627,#1628,#1629,#1630,#1631,#1632,#1633,#1634,
    #1635,#1636,#1637,#1638,#1639,#1640,#1641,#1642,#1643,#1644,#1645,
    #1646,#1647,#1648,#1649,#1650,#1651,#1652,#1653,#1654,#1655,#1656,
    #1657,#1658,#1659,#1660,#1661,#1662,#1663,#1664,#1665,#1666,#1667,
    #1668,#1669,#1670,#1671,#1672,#1673,#1674,#1675,#1676,#1677,#1678,
    #1679,#1680,#1681,#1682,#1683,#1684,#1685,#1686,#1687,#1688,#1689,
    #1690,#1691,#1692,#1693,#1694,#1695,#1696,#1697,#1698,#1699,#1700,
    #1701,#1702,#1703,#1704,#1705,#1706,#1707,#1708,#1709,#1710,#1711,
    #1712,#1713,#1714,#1715,#1716,#1717,#1718,#1719,#1720,#1721,#1722,
    #1723,#1724,#1725,#1726,#1727,#1728,#1729,#1730,#1731,#1732,#1733,
    #1734,#1735,#1736,#1737,#1738,#1739,#1740,#1741,#1742,#1743,#1744,
    #1745,#1746,#1747,#1748,#1749,#1750,#1751,#1752,#1753,#1754,#1755,
    #1756,#1757,#1758,#1759,#1760,#1761,#1762,#1763,#1764,#1765,#1766,
    #1767,#1768,#1769,#1770,#1771,#1772,#1773,#1774,#1775,#1776,#1777,
    #1778,#1779,#1780,#1781,#1782,#1783,#1784,#1785,#1786,#1787,#1788,
    #1789,#1790,#1791,#1792,#1793,#1794,#1795,#1796,#1797,#1798,#1799,
    #1800,#1801,#1802,#1803,#1804,#1805,#1806,#1807,#1808),
  .UNSPECIFIED.,.T.,.F.,(7,5,5,5,5,5,5,5,5,5,5,5,5,5,5,5,5,5,5,5,5,5,5,5
    ,5,5,5,5,5,5,5,5,5,5,5,5,5,5,5,5,5,5,5,5,5,5,5,5,5,5,5,5,5,5,5,5,5,5
    ,5,5,5,5,5,5,7),(0.,1.90953964839E-02,3.11558299247E-02,
    4.572885330077E-02,6.030187667684E-02,7.487490005292E-02,
    8.944792342899E-02,0.104020946805,0.118593970181,0.133166993557,
    0.147740016933,0.162313040309,0.176886063685,0.191459087061,
    0.206032110438,0.220605133814,0.23517815719,0.248243626641,
    0.262816650018,0.277389673394,0.29196269677,0.306535720146,
    0.321108743522,0.335681766898,0.350254790274,0.36482781365,
    0.379400837026,0.393973860402,0.404024221718,0.418597245094,
    0.436185375824,0.4507583992,0.465331422576,0.478899410016,
    0.493472433393,0.507040420833,0.521110926248,0.535181431664,
    0.54975445504,0.564327478416,0.577392947868,0.59045841732,
    0.60402640476,0.618599428136,0.632669933551,0.645735403003,
    0.660308426379,0.677394039276,0.689454472717,0.704027496093,
    0.716087929533,0.729655916974,0.74422894035,0.758801963726,
    0.768349806995,0.782922830371,0.797495853747,0.812068877123,
    0.826139382538,0.840712405914,0.855285429291,0.869858452667,
    0.884431476043,0.898501981458,1.),.UNSPECIFIED.);
#1487 = CARTESIAN_POINT('',(7.5,-1.7763568394E-15,354.78347352417));
#1488 = CARTESIAN_POINT('',(7.5,0.149985275279,354.78347352417));
#1489 = CARTESIAN_POINT('',(7.496400705504,0.299959165338,
    354.78347352417));
#1490 = CARTESIAN_POINT('',(7.489203146169,0.44982267214,354.78347352417
    ));
#1491 = CARTESIAN_POINT('',(7.478411223092,0.599472399721,
    354.78347352417));
#1492 = CARTESIAN_POINT('',(7.464033058354,0.748800693986,
    354.78347352417));
#1493 = CARTESIAN_POINT('',(7.434744879588,0.991736212971,
    354.78347352417));
#1494 = CARTESIAN_POINT('',(7.421982191175,1.085604827005,
    354.78347352417));
#1495 = CARTESIAN_POINT('',(7.407797536706,1.1792746081,354.78347352417)
  );
#1496 = CARTESIAN_POINT('',(7.392194852021,1.272718647735,
    354.78347352417));
#1497 = CARTESIAN_POINT('',(7.375178751418,1.365910145398,
    354.78347352417));
#1498 = CARTESIAN_POINT('',(7.334491924506,1.571091390452,
    354.78347352417));
#1499 = CARTESIAN_POINT('',(7.310173357556,1.682952701126,
    354.78347352417));
#1500 = CARTESIAN_POINT('',(7.283808168562,1.794359235168,
    354.78347352417));
#1501 = CARTESIAN_POINT('',(7.255407121391,1.905264237479,
    354.78347352417));
#1502 = CARTESIAN_POINT('',(7.22498240202,2.015621303294,354.78347352417
    ));
#1503 = CARTESIAN_POINT('',(7.16011283506,2.235147453079,354.78347352417
    ));
#1504 = CARTESIAN_POINT('',(7.1256679762,2.344316575189,354.78347352417)
  );
#1505 = CARTESIAN_POINT('',(7.089226651719,2.452845690582,
    354.78347352417));
#1506 = CARTESIAN_POINT('',(7.050803855497,2.560689224224,
    354.78347352417));
#1507 = CARTESIAN_POINT('',(7.010415965535,2.667802079982,
    354.78347352417));
#1508 = CARTESIAN_POINT('',(6.925745522381,2.880477201266,
    354.78347352417));
#1509 = CARTESIAN_POINT('',(6.881462954477,2.986039503742,
    354.78347352417));
#1510 = CARTESIAN_POINT('',(6.835250803986,3.090781931463,
    354.78347352417));
#1511 = CARTESIAN_POINT('',(6.787128169181,3.194660471294,
    354.78347352417));
#1512 = CARTESIAN_POINT('',(6.737115482872,3.297631713553,
    354.78347352417));
#1513 = CARTESIAN_POINT('',(6.633353541932,3.501673990469,
    354.78347352417));
#1514 = CARTESIAN_POINT('',(6.579604269272,3.602745060577,
    354.78347352417));
#1515 = CARTESIAN_POINT('',(6.524008463318,3.702823256895,
    354.78347352417));
#1516 = CARTESIAN_POINT('',(6.466589166728,3.801866496932,
    354.78347352417));
#1517 = CARTESIAN_POINT('',(6.407370695931,3.89983342115,354.78347352417
    ));
#1518 = CARTESIAN_POINT('',(6.285386586308,4.093533364765,
    354.78347352417));
#1519 = CARTESIAN_POINT('',(6.22262092629,4.189266417817,354.78347352417
    ));
#1520 = CARTESIAN_POINT('',(6.158107252729,4.28384191645,354.78347352417
    ));
#1521 = CARTESIAN_POINT('',(6.09187235962,4.377220061391,354.78347352417
    ));
#1522 = CARTESIAN_POINT('',(6.023944243281,4.469361889758,
    354.78347352417));
#1523 = CARTESIAN_POINT('',(5.884759961441,4.65109666036,354.78347352417
    ));
#1524 = CARTESIAN_POINT('',(5.813503771757,4.740689634169,
    354.78347352417));
#1525 = CARTESIAN_POINT('',(5.740612733337,4.82897007105,354.78347352417
    ));
#1526 = CARTESIAN_POINT('',(5.666117167023,4.915900788392,
    354.78347352417));
#1527 = CARTESIAN_POINT('',(5.590048514472,5.001445546403,
    354.78347352417));
#1528 = CARTESIAN_POINT('',(5.434830161837,5.169692549831,
    354.78347352417));
#1529 = CARTESIAN_POINT('',(5.355680434785,5.252394824478,
    354.78347352417));
#1530 = CARTESIAN_POINT('',(5.275022720748,5.33364057627,354.78347352417
    ));
#1531 = CARTESIAN_POINT('',(5.192890613387,5.413395550775,
    354.78347352417));
#1532 = CARTESIAN_POINT('',(5.109318736271,5.491626534915,
    354.78347352417));
#1533 = CARTESIAN_POINT('',(4.939366749497,5.644976179025,
    354.78347352417));
#1534 = CARTESIAN_POINT('',(4.852986610311,5.720094865637,
    354.78347352417));
#1535 = CARTESIAN_POINT('',(4.765237979974,5.793625246377,
    354.78347352417));
#1536 = CARTESIAN_POINT('',(4.676157443511,5.865536281981,
    354.78347352417));
#1537 = CARTESIAN_POINT('',(4.585782516331,5.935798064347,
    354.78347352417));
#1538 = CARTESIAN_POINT('',(4.402520772102,6.072965568732,
    354.78347352417));
#1539 = CARTESIAN_POINT('',(4.309633923214,6.139871314582,
    354.78347352417));
#1540 = CARTESIAN_POINT('',(4.215529544379,6.205070278547,
    354.78347352417));
#1541 = CARTESIAN_POINT('',(4.120246905478,6.26853489658,354.78347352417
    ));
#1542 = CARTESIAN_POINT('',(4.023826099443,6.330238816129,
    354.78347352417));
#1543 = CARTESIAN_POINT('',(3.828789985075,6.450074976152,
    354.78347352417));
#1544 = CARTESIAN_POINT('',(3.730174642855,6.508207237446,
    354.78347352417));
#1545 = CARTESIAN_POINT('',(3.630502932496,6.56452854045,354.78347352417
    ));
#1546 = CARTESIAN_POINT('',(3.529816479723,6.619015027269,
    354.78347352417));
#1547 = CARTESIAN_POINT('',(3.428157619092,6.671644121688,
    354.78347352417));
#1548 = CARTESIAN_POINT('',(3.222981168884,6.773144936646,
    354.78347352417));
#1549 = CARTESIAN_POINT('',(3.11946354366,6.82201667482,354.78347352417)
  );
#1550 = CARTESIAN_POINT('',(3.015059562473,6.86898845071,354.78347352417
    ));
#1551 = CARTESIAN_POINT('',(2.90981285815,6.914040312458,354.78347352417
    ));
#1552 = CARTESIAN_POINT('',(2.803767652185,6.957153649327,
    354.78347352417));
#1553 = CARTESIAN_POINT('',(2.590169857302,7.039468734082,
    354.78347352417));
#1554 = CARTESIAN_POINT('',(2.482617231273,7.078670496268,
    354.78347352417));
#1555 = CARTESIAN_POINT('',(2.374355687447,7.115899210271,
    354.78347352417));
#1556 = CARTESIAN_POINT('',(2.26543050019,7.151138997429,354.78347352417
    ));
#1557 = CARTESIAN_POINT('',(2.155887407445,7.18437536841,354.78347352417
    ));
#1558 = CARTESIAN_POINT('',(1.935657814014,7.246815078007,
    354.78347352417));
#1559 = CARTESIAN_POINT('',(1.824971275067,7.276018427473,
    354.78347352417));
#1560 = CARTESIAN_POINT('',(1.71375919588,7.303192173275,354.78347352417
    ));
#1561 = CARTESIAN_POINT('',(1.602068113047,7.32832464298,354.78347352417
    ));
#1562 = CARTESIAN_POINT('',(1.489944897759,7.351405590051,
    354.78347352417));
#1563 = CARTESIAN_POINT('',(1.264928613858,7.393446797647,
    354.78347352417));
#1564 = CARTESIAN_POINT('',(1.152035506149,7.412407065476,
    354.78347352417));
#1565 = CARTESIAN_POINT('',(1.038804638795,7.429298178406,
    354.78347352417));
#1566 = CARTESIAN_POINT('',(0.925283420724,7.444112768025,
    354.78347352417));
#1567 = CARTESIAN_POINT('',(0.811519463686,7.456844916441,
    354.78347352417));
#1568 = CARTESIAN_POINT('',(0.595390548913,7.477034164565,
    354.78347352417));
#1569 = CARTESIAN_POINT('',(0.493063806994,7.484900707949,
    354.78347352417));
#1570 = CARTESIAN_POINT('',(0.390614808179,7.491086568648,
    354.78347352417));
#1571 = CARTESIAN_POINT('',(0.288078053424,7.495589473868,
    354.78347352417));
#1572 = CARTESIAN_POINT('',(0.185488092966,7.498408095801,
    354.78347352417));
#1573 = CARTESIAN_POINT('',(-3.156848842789E-02,7.500806848488,
    354.78347352417));
#1574 = CARTESIAN_POINT('',(-0.146039685031,7.499975781437,
    354.78347352417));
#1575 = CARTESIAN_POINT('',(-0.260486043607,7.497048320661,
    354.78347352417));
#1576 = CARTESIAN_POINT('',(-0.374859595125,7.492025400096,
    354.78347352417));
#1577 = CARTESIAN_POINT('',(-0.489112421413,7.484909417422,
    354.78347352417));
#1578 = CARTESIAN_POINT('',(-0.717280888898,7.466499050707,
    354.78347352417));
#1579 = CARTESIAN_POINT('',(-0.831196569738,7.455204663468,
    354.78347352417));
#1580 = CARTESIAN_POINT('',(-0.944895830499,7.441824935508,
    354.78347352417));
#1581 = CARTESIAN_POINT('',(-1.058330988491,7.426365182951,
    354.78347352417));
#1582 = CARTESIAN_POINT('',(-1.171454545509,7.408832174884,
    354.78347352417));
#1583 = CARTESIAN_POINT('',(-1.39698383015,7.369636091836,
    354.78347352417));
#1584 = CARTESIAN_POINT('',(-1.509389596957,7.347973010044,
    354.78347352417));
#1585 = CARTESIAN_POINT('',(-1.621389174826,7.324253111751,
    354.78347352417));
#1586 = CARTESIAN_POINT('',(-1.732935566898,7.298486050731,
    354.78347352417));
#1587 = CARTESIAN_POINT('',(-1.843982092879,7.270682910768,
    354.78347352417));
#1588 = CARTESIAN_POINT('',(-2.064982685197,7.211029500538,
    354.78347352417));
#1589 = CARTESIAN_POINT('',(-2.174936789931,7.179179219907,
    354.78347352417));
#1590 = CARTESIAN_POINT('',(-2.284298339964,7.145317879233,
    354.78347352417));
#1591 = CARTESIAN_POINT('',(-2.393021418013,7.109459389059,
    354.78347352417));
#1592 = CARTESIAN_POINT('',(-2.501060552787,7.071619055003,
    354.78347352417));
#1593 = CARTESIAN_POINT('',(-2.715680885192,6.99200810051,
    354.78347352417));
#1594 = CARTESIAN_POINT('',(-2.822262120111,6.95023746624,
    354.78347352417));
#1595 = CARTESIAN_POINT('',(-2.928069399055,6.906518377269,
    354.78347352417));
#1596 = CARTESIAN_POINT('',(-3.033058269017,6.860868884368,
    354.78347352417));
#1597 = CARTESIAN_POINT('',(-3.137184848674,6.813308386756,
    354.78347352417));
#1598 = CARTESIAN_POINT('',(-3.343626808104,6.714406877448,
    354.78347352417));
#1599 = CARTESIAN_POINT('',(-3.445942223745,6.663065848568,
    354.78347352417));
#1600 = CARTESIAN_POINT('',(-3.547308766426,6.609855294701,
    354.78347352417));
#1601 = CARTESIAN_POINT('',(-3.647683819848,6.554797255611,
    354.78347352417));
#1602 = CARTESIAN_POINT('',(-3.7470254603,6.497915061591,354.78347352417
    ));
#1603 = CARTESIAN_POINT('',(-3.943559453015,6.380551605334,
    354.78347352417));
#1604 = CARTESIAN_POINT('',(-4.040751839423,6.320070322705,
    354.78347352417));
#1605 = CARTESIAN_POINT('',(-4.136828385651,6.257814107891,
    354.78347352417));
#1606 = CARTESIAN_POINT('',(-4.23174866915,6.193808804999,
    354.78347352417));
#1607 = CARTESIAN_POINT('',(-4.325473075063,6.128081479933,
    354.78347352417));
#1608 = CARTESIAN_POINT('',(-4.51045251737,5.993239360842,
    354.78347352417));
#1609 = CARTESIAN_POINT('',(-4.601707585902,5.92412454339,
    354.78347352417));
#1610 = CARTESIAN_POINT('',(-4.691689195665,5.853344257134,
    354.78347352417));
#1611 = CARTESIAN_POINT('',(-4.780359456529,5.780927934001,
    354.78347352417));
#1612 = CARTESIAN_POINT('',(-4.867681394386,5.706906148741,
    354.78347352417));
#1613 = CARTESIAN_POINT('',(-5.039556507904,5.555715089116,
    354.78347352417));
#1614 = CARTESIAN_POINT('',(-5.124109713426,5.478545788484,
    354.78347352417));
#1615 = CARTESIAN_POINT('',(-5.207242510771,5.399834435913,
    354.78347352417));
#1616 = CARTESIAN_POINT('',(-5.288919859673,5.319613804563,
    354.78347352417));
#1617 = CARTESIAN_POINT('',(-5.369107736548,5.237917721875,
    354.78347352417));
#1618 = CARTESIAN_POINT('',(-5.526438532422,5.071644417263,
    354.78347352417));
#1619 = CARTESIAN_POINT('',(-5.603581478756,4.98706716645,
    354.78347352417));
#1620 = CARTESIAN_POINT('',(-5.679168967842,4.901084200046,
    354.78347352417));
#1621 = CARTESIAN_POINT('',(-5.753169102852,4.813731357869,
    354.78347352417));
#1622 = CARTESIAN_POINT('',(-5.825551095776,4.725045436638,
    354.78347352417));
#1623 = CARTESIAN_POINT('',(-5.945067456543,4.57300815553,
    354.78347352417));
#1624 = CARTESIAN_POINT('',(-5.993065909734,4.510336023076,
    354.78347352417));
#1625 = CARTESIAN_POINT('',(-6.040270896639,4.447060170789,
    354.78347352417));
#1626 = CARTESIAN_POINT('',(-6.086672953697,4.38319317327,
    354.78347352417));
#1627 = CARTESIAN_POINT('',(-6.132262884133,4.318747801535,
    354.78347352417));
#1628 = CARTESIAN_POINT('',(-6.241946622656,4.159471397629,
    354.78347352417));
#1629 = CARTESIAN_POINT('',(-6.305135230645,4.06401698262,
    354.78347352417));
#1630 = CARTESIAN_POINT('',(-6.366570345793,3.967413330284,
    354.78347352417));
#1631 = CARTESIAN_POINT('',(-6.42622597499,3.869700767515,
    354.78347352417));
#1632 = CARTESIAN_POINT('',(-6.484077368155,3.770920395815,
    354.78347352417));
#1633 = CARTESIAN_POINT('',(-6.607715764746,3.55065821291,
    354.78347352417));
#1634 = CARTESIAN_POINT('',(-6.672668260703,3.428707891634,
    354.78347352417));
#1635 = CARTESIAN_POINT('',(-6.734917168136,3.305336776675,
    354.78347352417));
#1636 = CARTESIAN_POINT('',(-6.794423938912,3.180619886421,
    354.78347352417));
#1637 = CARTESIAN_POINT('',(-6.851152814728,3.054633608442,
    354.78347352417));
#1638 = CARTESIAN_POINT('',(-6.949745754032,2.822079712217,
    354.78347352417));
#1639 = CARTESIAN_POINT('',(-6.992490958842,2.715885583425,
    354.78347352417));
#1640 = CARTESIAN_POINT('',(-7.033287697728,2.608917526912,
    354.78347352417));
#1641 = CARTESIAN_POINT('',(-7.072118600071,2.501220265846,
    354.78347352417));
#1642 = CARTESIAN_POINT('',(-7.108967668449,2.392839032766,
    354.78347352417));
#1643 = CARTESIAN_POINT('',(-7.178672888839,2.174800106408,
    354.78347352417));
#1644 = CARTESIAN_POINT('',(-7.211529052961,2.065142375247,
    354.78347352417));
#1645 = CARTESIAN_POINT('',(-7.242374148447,1.954892118547,
    354.78347352417));
#1646 = CARTESIAN_POINT('',(-7.271194966755,1.84409546043,
    354.78347352417));
#1647 = CARTESIAN_POINT('',(-7.297979713369,1.732798906696,
    354.78347352417));
#1648 = CARTESIAN_POINT('',(-7.345750213215,1.517006648071,
    354.78347352417));
#1649 = CARTESIAN_POINT('',(-7.367008509081,1.412571242044,
    354.78347352417));
#1650 = CARTESIAN_POINT('',(-7.38648452012,1.307780962726,
    354.78347352417));
#1651 = CARTESIAN_POINT('',(-7.404170954686,1.202673837954,
    354.78347352417));
#1652 = CARTESIAN_POINT('',(-7.42006160476,1.097288087421,
    354.78347352417));
#1653 = CARTESIAN_POINT('',(-7.449284771489,0.878212013729,
    354.78347352417));
#1654 = CARTESIAN_POINT('',(-7.462340609981,0.764484749603,
    354.78347352417));
#1655 = CARTESIAN_POINT('',(-7.473312512632,0.650527931597,
    354.78347352417));
#1656 = CARTESIAN_POINT('',(-7.482195589761,0.536389288015,
    354.78347352417));
#1657 = CARTESIAN_POINT('',(-7.488986410802,0.422116674176,
    354.78347352417));
#1658 = CARTESIAN_POINT('',(-7.498055694841,0.201286269509,
    354.78347352417));
#1659 = CARTESIAN_POINT('',(-7.500613057495,9.47398989873E-02,
    354.78347352417));
#1660 = CARTESIAN_POINT('',(-7.501353502662,-1.184231991657E-02,
    354.78347352417));
#1661 = CARTESIAN_POINT('',(-7.500276541226,-0.118421669697,
    354.78347352417));
#1662 = CARTESIAN_POINT('',(-7.497382784547,-0.224959434585,
    354.78347352417));
#1663 = CARTESIAN_POINT('',(-7.487790702921,-0.441817235012,
    354.78347352417));
#1664 = CARTESIAN_POINT('',(-7.480955436096,-0.552131243947,
    354.78347352417));
#1665 = CARTESIAN_POINT('',(-7.472170054608,-0.662315747984,
    354.78347352417));
#1666 = CARTESIAN_POINT('',(-7.461437736917,-0.772327680131,
    354.78347352417));
#1667 = CARTESIAN_POINT('',(-7.448762929319,-0.882124085775,
    354.78347352417));
#1668 = CARTESIAN_POINT('',(-7.419539762575,-1.101200159582,
    354.78347352417));
#1669 = CARTESIAN_POINT('',(-7.402991399018,-1.210479860824,
    354.78347352417));
#1670 = CARTESIAN_POINT('',(-7.384511970806,-1.319458384353,
    354.78347352417));
#1671 = CARTESIAN_POINT('',(-7.364108446434,-1.428093112001,
    354.78347352417));
#1672 = CARTESIAN_POINT('',(-7.341789047364,-1.536341649473,
    354.78347352417));
#1673 = CARTESIAN_POINT('',(-7.292472241708,-1.755832723156,
    354.78347352417));
#1674 = CARTESIAN_POINT('',(-7.265336223725,-1.867044152659,
    354.78347352417));
#1675 = CARTESIAN_POINT('',(-7.236165722553,-1.977749260397,
    354.78347352417));
#1676 = CARTESIAN_POINT('',(-7.204972679487,-2.087901578041,
    354.78347352417));
#1677 = CARTESIAN_POINT('',(-7.171770448635,-2.197455023402,
    354.78347352417));
#1678 = CARTESIAN_POINT('',(-7.101377145188,-2.41527277747,
    354.78347352417));
#1679 = CARTESIAN_POINT('',(-7.064186060364,-2.523537124019,
    354.78347352417));
#1680 = CARTESIAN_POINT('',(-7.02501531101,-2.631111244573,
    354.78347352417));
#1681 = CARTESIAN_POINT('',(-6.983881037283,-2.737949957327,
    354.78347352417));
#1682 = CARTESIAN_POINT('',(-6.940800750923,-2.844008594181,
    354.78347352417));
#1683 = CARTESIAN_POINT('',(-6.855441858469,-3.043591090958,
    354.78347352417));
#1684 = CARTESIAN_POINT('',(-6.813541334776,-3.137276686066,
    354.78347352417));
#1685 = CARTESIAN_POINT('',(-6.770105371073,-3.230267972153,
    354.78347352417));
#1686 = CARTESIAN_POINT('',(-6.725148428294,-3.322533542801,
    354.78347352417));
#1687 = CARTESIAN_POINT('',(-6.678685821408,-3.414042399081,
    354.78347352417));
#1688 = CARTESIAN_POINT('',(-6.582781617433,-3.595485500039,
    354.78347352417));
#1689 = CARTESIAN_POINT('',(-6.533340009578,-3.685419765084,
    354.78347352417));
#1690 = CARTESIAN_POINT('',(-6.48242506566,-3.774536153682,
    354.78347352417));
#1691 = CARTESIAN_POINT('',(-6.430053773229,-3.862804550972,
    354.78347352417));
#1692 = CARTESIAN_POINT('',(-6.376243937582,-3.950195318242,
    354.78347352417));
#1693 = CARTESIAN_POINT('',(-6.263660204845,-4.126489573896,
    354.78347352417));
#1694 = CARTESIAN_POINT('',(-6.204774968461,-4.215321989775,
    354.78347352417));
#1695 = CARTESIAN_POINT('',(-6.14437933026,-4.303143880736,
    354.78347352417));
#1696 = CARTESIAN_POINT('',(-6.082495049301,-4.389923218229,
    354.78347352417));
#1697 = CARTESIAN_POINT('',(-6.019144786046,-4.475628604994,
    354.78347352417));
#1698 = CARTESIAN_POINT('',(-5.884759961441,-4.65109666036,
    354.78347352417));
#1699 = CARTESIAN_POINT('',(-5.813503771757,-4.740689634169,
    354.78347352417));
#1700 = CARTESIAN_POINT('',(-5.740612733337,-4.82897007105,
    354.78347352417));
#1701 = CARTESIAN_POINT('',(-5.666117167023,-4.915900788392,
    354.78347352417));
#1702 = CARTESIAN_POINT('',(-5.590048514472,-5.001445546404,
    354.78347352417));
#1703 = CARTESIAN_POINT('',(-5.437506339868,-5.166791739929,
    354.78347352417));
#1704 = CARTESIAN_POINT('',(-5.361137205197,-5.246689529069,
    354.78347352417));
#1705 = CARTESIAN_POINT('',(-5.283361242198,-5.325230648474,
    354.78347352417));
#1706 = CARTESIAN_POINT('',(-5.20420865538,-5.402384234637,
    354.78347352417));
#1707 = CARTESIAN_POINT('',(-5.123710545704,-5.478120327607,
    354.78347352417));
#1708 = CARTESIAN_POINT('',(-4.965930962885,-5.621393019143,
    354.78347352417));
#1709 = CARTESIAN_POINT('',(-4.888830415428,-5.689128904745,
    354.78347352417));
#1710 = CARTESIAN_POINT('',(-4.810622884839,-5.755594267078,
    354.78347352417));
#1711 = CARTESIAN_POINT('',(-4.731334594593,-5.820766571478,
    354.78347352417));
#1712 = CARTESIAN_POINT('',(-4.65099237502,-5.884624009341,
    354.78347352417));
#1713 = CARTESIAN_POINT('',(-4.478866255586,-6.016881003673,
    354.78347352417));
#1714 = CARTESIAN_POINT('',(-4.386831779418,-6.084954498666,
    354.78347352417));
#1715 = CARTESIAN_POINT('',(-4.293558315143,-6.151336724299,
    354.78347352417));
#1716 = CARTESIAN_POINT('',(-4.199084781398,-6.215999622778,
    354.78347352417));
#1717 = CARTESIAN_POINT('',(-4.103450935106,-6.278916337312,
    354.78347352417));
#1718 = CARTESIAN_POINT('',(-3.893262163711,-6.411748303706,
    354.78347352417));
#1719 = CARTESIAN_POINT('',(-3.778287783365,-6.480999943584,
    354.78347352417));
#1720 = CARTESIAN_POINT('',(-3.661839675626,-6.54777477535,
    354.78347352417));
#1721 = CARTESIAN_POINT('',(-3.543984636477,-6.61203385798,
    354.78347352417));
#1722 = CARTESIAN_POINT('',(-3.424790812698,-6.673740665827,
    354.78347352417));
#1723 = CARTESIAN_POINT('',(-3.219294912056,-6.774593154565,
    354.78347352417));
#1724 = CARTESIAN_POINT('',(-3.133629648198,-6.815036516004,
    354.78347352417));
#1725 = CARTESIAN_POINT('',(-3.047356339201,-6.854179184123,
    354.78347352417));
#1726 = CARTESIAN_POINT('',(-2.960499693073,-6.892009797864,
    354.78347352417));
#1727 = CARTESIAN_POINT('',(-2.873084696918,-6.928517623923,
    354.78347352417));
#1728 = CARTESIAN_POINT('',(-2.678866022963,-7.006195599525,
    354.78347352417));
#1729 = CARTESIAN_POINT('',(-2.571817060604,-7.046752537058,
    354.78347352417));
#1730 = CARTESIAN_POINT('',(-2.464034319,-7.085345536813,354.78347352417
    ));
#1731 = CARTESIAN_POINT('',(-2.355562868371,-7.121958149617,
    354.78347352417));
#1732 = CARTESIAN_POINT('',(-2.246448260023,-7.156575309659,
    354.78347352417));
#1733 = CARTESIAN_POINT('',(-2.045940606553,-7.216169286756,
    354.78347352417));
#1734 = CARTESIAN_POINT('',(-1.954735695833,-7.241779190639,
    354.78347352417));
#1735 = CARTESIAN_POINT('',(-1.863147878723,-7.266005293705,
    354.78347352417));
#1736 = CARTESIAN_POINT('',(-1.771203410399,-7.288840508992,
    354.78347352417));
#1737 = CARTESIAN_POINT('',(-1.678928716675,-7.310278415012,
    354.78347352417));
#1738 = CARTESIAN_POINT('',(-1.482199782395,-7.352852451281,
    354.78347352417));
#1739 = CARTESIAN_POINT('',(-1.377664867241,-7.373615897258,
    354.78347352417));
#1740 = CARTESIAN_POINT('',(-1.272783523768,-7.392595397698,
    354.78347352417));
#1741 = CARTESIAN_POINT('',(-1.167593813922,-7.409783841139,
    354.78347352417));
#1742 = CARTESIAN_POINT('',(-1.062133986368,-7.425175200643,
    354.78347352417));
#1743 = CARTESIAN_POINT('',(-0.842921967221,-7.453360484034,
    354.78347352417));
#1744 = CARTESIAN_POINT('',(-0.72913414544,-7.46587755791,
    354.78347352417));
#1745 = CARTESIAN_POINT('',(-0.615126641979,-7.476309632136,
    354.78347352417));
#1746 = CARTESIAN_POINT('',(-0.500947207769,-7.484652043133,
    354.78347352417));
#1747 = CARTESIAN_POINT('',(-0.386643713835,-7.490901587015,
    354.78347352417));
#1748 = CARTESIAN_POINT('',(-0.157884588775,-7.499211452174,
    354.78347352417));
#1749 = CARTESIAN_POINT('',(-4.342891790446E-02,-7.501271774895,
    354.78347352417));
#1750 = CARTESIAN_POINT('',(7.105487011724E-02,-7.501235745307,
    354.78347352417));
#1751 = CARTESIAN_POINT('',(0.185518797973,-7.499103085526,
    354.78347352417));
#1752 = CARTESIAN_POINT('',(0.299914902219,-7.494874982227,
    354.78347352417));
#1753 = CARTESIAN_POINT('',(0.489068556518,-7.484412810083,
    354.78347352417));
#1754 = CARTESIAN_POINT('',(0.563892194935,-7.479373200052,
    354.78347352417));
#1755 = CARTESIAN_POINT('',(0.6386526705,-7.473436002106,354.78347352417
    ));
#1756 = CARTESIAN_POINT('',(0.713336528153,-7.466602230651,
    354.78347352417));
#1757 = CARTESIAN_POINT('',(0.787930335809,-7.458873168959,
    354.78347352417));
#1758 = CARTESIAN_POINT('',(0.976116475144,-7.437089254187,
    354.78347352417));
#1759 = CARTESIAN_POINT('',(1.089571268754,-7.421846048124,
    354.78347352417));
#1760 = CARTESIAN_POINT('',(1.202737361028,-7.404526273951,
    354.78347352417));
#1761 = CARTESIAN_POINT('',(1.315567282629,-7.38513690033,
    354.78347352417));
#1762 = CARTESIAN_POINT('',(1.428013799047,-7.363686341604,
    354.78347352417));
#1763 = CARTESIAN_POINT('',(1.652046022147,-7.316682573988,
    354.78347352417));
#1764 = CARTESIAN_POINT('',(1.763631767752,-7.291129356932,
    354.78347352417));
#1765 = CARTESIAN_POINT('',(1.874740148085,-7.263534668356,
    354.78347352417));
#1766 = CARTESIAN_POINT('',(1.985324529849,-7.233909788138,
    354.78347352417));
#1767 = CARTESIAN_POINT('',(2.095338645775,-7.202267414316,
    354.78347352417));
#1768 = CARTESIAN_POINT('',(2.314134543477,-7.134975911836,
    354.78347352417));
#1769 = CARTESIAN_POINT('',(2.422916363266,-7.099326771488,
    354.78347352417));
#1770 = CARTESIAN_POINT('',(2.531036153266,-7.061688359883,
    354.78347352417));
#1771 = CARTESIAN_POINT('',(2.638448506919,-7.022076173617,
    354.78347352417));
#1772 = CARTESIAN_POINT('',(2.745108511831,-6.980507088032,
    354.78347352417));
#1773 = CARTESIAN_POINT('',(2.953184531872,-6.894991892715,
    354.78347352417));
#1774 = CARTESIAN_POINT('',(3.054654581634,-6.85117716413,
    354.78347352417));
#1775 = CARTESIAN_POINT('',(3.155341922217,-6.805571601924,
    354.78347352417));
#1776 = CARTESIAN_POINT('',(3.255207112156,-6.758192791298,
    354.78347352417));
#1777 = CARTESIAN_POINT('',(3.354211245368,-6.709059472187,
    354.78347352417));
#1778 = CARTESIAN_POINT('',(3.553924395798,-6.605506894762,
    354.78347352417));
#1779 = CARTESIAN_POINT('',(3.654568054498,-6.550961505519,
    354.78347352417));
#1780 = CARTESIAN_POINT('',(3.754204294974,-6.494577477623,
    354.78347352417));
#1781 = CARTESIAN_POINT('',(3.852791217931,-6.436378185189,
    354.78347352417));
#1782 = CARTESIAN_POINT('',(3.950287657056,-6.376388270353,
    354.78347352417));
#1783 = CARTESIAN_POINT('',(4.143018700983,-6.252879016189,
    354.78347352417));
#1784 = CARTESIAN_POINT('',(4.238253339268,-6.189359655402,
    354.78347352417));
#1785 = CARTESIAN_POINT('',(4.332316661485,-6.124101472532,
    354.78347352417));
#1786 = CARTESIAN_POINT('',(4.425169081093,-6.057131574886,
    354.78347352417));
#1787 = CARTESIAN_POINT('',(4.516771857411,-5.98847826546,
    354.78347352417));
#1788 = CARTESIAN_POINT('',(4.697402333805,-5.847863820418,
    354.78347352417));
#1789 = CARTESIAN_POINT('',(4.786430065265,-5.77590266037,
    354.78347352417));
#1790 = CARTESIAN_POINT('',(4.874132396226,-5.702317062853,
    354.78347352417));
#1791 = CARTESIAN_POINT('',(4.960472384567,-5.62713764126,
    354.78347352417));
#1792 = CARTESIAN_POINT('',(5.045414039809,-5.550396122322,
    354.78347352417));
#1793 = CARTESIAN_POINT('',(5.212430606411,-5.393854569891,
    354.78347352417));
#1794 = CARTESIAN_POINT('',(5.294505546789,-5.314054509201,
    354.78347352417));
#1795 = CARTESIAN_POINT('',(5.375112106593,-5.232758005374,
    354.78347352417));
#1796 = CARTESIAN_POINT('',(5.454216297624,-5.149998921405,
    354.78347352417));
#1797 = CARTESIAN_POINT('',(5.531785181137,-5.065812141952,
    354.78347352417));
#1798 = CARTESIAN_POINT('',(5.681167807176,-4.897605989318,
    354.78347352417));
#1799 = CARTESIAN_POINT('',(5.753087792163,-4.813680920362,
    354.78347352417));
#1800 = CARTESIAN_POINT('',(5.823518122824,-4.728490683945,
    354.78347352417));
#1801 = CARTESIAN_POINT('',(5.892431087287,-4.642068399858,
    354.78347352417));
#1802 = CARTESIAN_POINT('',(5.959799961783,-4.554447990199,
    354.78347352417));
#1803 = CARTESIAN_POINT('',(6.500242449847,-3.825219461006,
    354.78347352417));
#1804 = CARTESIAN_POINT('',(6.893383207449,-3.12398784091,
    354.78347352417));
#1805 = CARTESIAN_POINT('',(7.194841373773,-2.37547670708,
    354.78347352417));
#1806 = CARTESIAN_POINT('',(7.3983258177,-1.594618189424,354.78347352417
    ));
#1807 = CARTESIAN_POINT('',(7.5,-0.797154835432,354.78347352417));
#1808 = CARTESIAN_POINT('',(7.5,-1.7763568394E-15,354.78347352417));
#1809 = SPHERICAL_SURFACE('',#1810,130.);
#1810 = AXIS2_PLACEMENT_3D('',#1811,#1812,#1813);
#1811 = CARTESIAN_POINT('',(0.,4.996E-14,225.));
#1812 = DIRECTION('',(0.,2.2E-16,1.));
#1813 = DIRECTION('',(1.,0.,0.));
#1814 = ADVANCED_FACE('',(#1815),#2153,.F.);
#1815 = FACE_BOUND('',#1816,.T.);
#1816 = EDGE_LOOP('',(#1817,#1818,#1827,#2152));
#1817 = ORIENTED_EDGE('',*,*,#1009,.F.);
#1818 = ORIENTED_EDGE('',*,*,#1819,.T.);
#1819 = EDGE_CURVE('',#1000,#1820,#1822,.T.);
#1820 = VERTEX_POINT('',#1821);
#1821 = CARTESIAN_POINT('',(7.499999999998,3.870522768481E-14,
    349.77479713467));
#1822 = CIRCLE('',#1823,125.);
#1823 = AXIS2_PLACEMENT_3D('',#1824,#1825,#1826);
#1824 = CARTESIAN_POINT('',(0.,4.996E-14,225.));
#1825 = DIRECTION('',(0.,-1.,2.2E-16));
#1826 = DIRECTION('',(1.,0.,0.));
#1827 = ORIENTED_EDGE('',*,*,#1828,.T.);
#1828 = EDGE_CURVE('',#1820,#1820,#1829,.T.);
#1829 = B_SPLINE_CURVE_WITH_KNOTS('',6,(#1830,#1831,#1832,#1833,#1834,
    #1835,#1836,#1837,#1838,#1839,#1840,#1841,#1842,#1843,#1844,#1845,
    #1846,#1847,#1848,#1849,#1850,#1851,#1852,#1853,#1854,#1855,#1856,
    #1857,#1858,#1859,#1860,#1861,#1862,#1863,#1864,#1865,#1866,#1867,
    #1868,#1869,#1870,#1871,#1872,#1873,#1874,#1875,#1876,#1877,#1878,
    #1879,#1880,#1881,#1882,#1883,#1884,#1885,#1886,#1887,#1888,#1889,
    #1890,#1891,#1892,#1893,#1894,#1895,#1896,#1897,#1898,#1899,#1900,
    #1901,#1902,#1903,#1904,#1905,#1906,#1907,#1908,#1909,#1910,#1911,
    #1912,#1913,#1914,#1915,#1916,#1917,#1918,#1919,#1920,#1921,#1922,
    #1923,#1924,#1925,#1926,#1927,#1928,#1929,#1930,#1931,#1932,#1933,
    #1934,#1935,#1936,#1937,#1938,#1939,#1940,#1941,#1942,#1943,#1944,
    #1945,#1946,#1947,#1948,#1949,#1950,#1951,#1952,#1953,#1954,#1955,
    #1956,#1957,#1958,#1959,#1960,#1961,#1962,#1963,#1964,#1965,#1966,
    #1967,#1968,#1969,#1970,#1971,#1972,#1973,#1974,#1975,#1976,#1977,
    #1978,#1979,#1980,#1981,#1982,#1983,#1984,#1985,#1986,#1987,#1988,
    #1989,#1990,#1991,#1992,#1993,#1994,#1995,#1996,#1997,#1998,#1999,
    #2000,#2001,#2002,#2003,#2004,#2005,#2006,#2007,#2008,#2009,#2010,
    #2011,#2012,#2013,#2014,#2015,#2016,#2017,#2018,#2019,#2020,#2021,
    #2022,#2023,#2024,#2025,#2026,#2027,#2028,#2029,#2030,#2031,#2032,
    #2033,#2034,#2035,#2036,#2037,#2038,#2039,#2040,#2041,#2042,#2043,
    #2044,#2045,#2046,#2047,#2048,#2049,#2050,#2051,#2052,#2053,#2054,
    #2055,#2056,#2057,#2058,#2059,#2060,#2061,#2062,#2063,#2064,#2065,
    #2066,#2067,#2068,#2069,#2070,#2071,#2072,#2073,#2074,#2075,#2076,
    #2077,#2078,#2079,#2080,#2081,#2082,#2083,#2084,#2085,#2086,#2087,
    #2088,#2089,#2090,#2091,#2092,#2093,#2094,#2095,#2096,#2097,#2098,
    #2099,#2100,#2101,#2102,#2103,#2104,#2105,#2106,#2107,#2108,#2109,
    #2110,#2111,#2112,#2113,#2114,#2115,#2116,#2117,#2118,#2119,#2120,
    #2121,#2122,#2123,#2124,#2125,#2126,#2127,#2128,#2129,#2130,#2131,
    #2132,#2133,#2134,#2135,#2136,#2137,#2138,#2139,#2140,#2141,#2142,
    #2143,#2144,#2145,#2146,#2147,#2148,#2149,#2150,#2151),
  .UNSPECIFIED.,.T.,.F.,(7,5,5,5,5,5,5,5,5,5,5,5,5,5,5,5,5,5,5,5,5,5,5,5
    ,5,5,5,5,5,5,5,5,5,5,5,5,5,5,5,5,5,5,5,5,5,5,5,5,5,5,5,5,5,5,5,5,5,5
    ,5,5,5,5,5,5,7),(0.,1.909539647969E-02,3.115582991784E-02,
    4.572885329071E-02,6.030187666358E-02,7.487490003645E-02,
    8.944792340932E-02,0.104020946782,0.118593970155,0.133166993528,
    0.147740016901,0.162313040274,0.176886063647,0.191459087019,
    0.206032110392,0.220605133765,0.235178157138,0.248243626587,
    0.26281664996,0.277389673333,0.291962696705,0.306535720078,
    0.321108743451,0.335681766824,0.350254790197,0.36482781357,
    0.379400836943,0.393973860316,0.404024221629,0.418597245002,
    0.436185375728,0.450758399101,0.465331422474,0.478899409911,
    0.493472433284,0.507040420721,0.521110926134,0.535181431546,
    0.549754454919,0.564327478292,0.577392947741,0.59045841719,
    0.604026404627,0.618599428,0.632669933412,0.646740438825,
    0.661313462198,0.677394039347,0.689454472785,0.704027496158,
    0.716087929596,0.729655917033,0.744228940406,0.758801963779,
    0.768349807046,0.782922830418,0.797495853791,0.812068877164,
    0.826139382577,0.840712405949,0.855285429322,0.869858452695,
    0.884431476068,0.89850198148,1.),.UNSPECIFIED.);
#1830 = CARTESIAN_POINT('',(7.5,-1.7763568394E-15,349.77479713467));
#1831 = CARTESIAN_POINT('',(7.5,0.149985275279,349.77479713467));
#1832 = CARTESIAN_POINT('',(7.496400705504,0.299959165338,
    349.77479713467));
#1833 = CARTESIAN_POINT('',(7.489203146169,0.44982267214,349.77479713467
    ));
#1834 = CARTESIAN_POINT('',(7.478411223092,0.599472399721,
    349.77479713467));
#1835 = CARTESIAN_POINT('',(7.464033058354,0.748800693986,
    349.77479713467));
#1836 = CARTESIAN_POINT('',(7.434744879588,0.991736212971,
    349.77479713467));
#1837 = CARTESIAN_POINT('',(7.421982191175,1.085604827005,
    349.77479713467));
#1838 = CARTESIAN_POINT('',(7.407797536706,1.1792746081,349.77479713467)
  );
#1839 = CARTESIAN_POINT('',(7.39219485202,1.272718647735,349.77479713467
    ));
#1840 = CARTESIAN_POINT('',(7.375178751418,1.365910145398,
    349.77479713467));
#1841 = CARTESIAN_POINT('',(7.334491924506,1.571091390452,
    349.77479713467));
#1842 = CARTESIAN_POINT('',(7.310173357556,1.682952701126,
    349.77479713467));
#1843 = CARTESIAN_POINT('',(7.283808168562,1.794359235168,
    349.77479713467));
#1844 = CARTESIAN_POINT('',(7.255407121391,1.905264237479,
    349.77479713467));
#1845 = CARTESIAN_POINT('',(7.22498240202,2.015621303294,349.77479713467
    ));
#1846 = CARTESIAN_POINT('',(7.16011283506,2.235147453079,349.77479713467
    ));
#1847 = CARTESIAN_POINT('',(7.1256679762,2.344316575189,349.77479713467)
  );
#1848 = CARTESIAN_POINT('',(7.089226651719,2.452845690582,
    349.77479713467));
#1849 = CARTESIAN_POINT('',(7.050803855497,2.560689224224,
    349.77479713467));
#1850 = CARTESIAN_POINT('',(7.010415965535,2.667802079982,
    349.77479713467));
#1851 = CARTESIAN_POINT('',(6.925745522381,2.880477201266,
    349.77479713467));
#1852 = CARTESIAN_POINT('',(6.881462954477,2.986039503742,
    349.77479713467));
#1853 = CARTESIAN_POINT('',(6.835250803986,3.090781931463,
    349.77479713467));
#1854 = CARTESIAN_POINT('',(6.787128169181,3.194660471294,
    349.77479713467));
#1855 = CARTESIAN_POINT('',(6.737115482872,3.297631713553,
    349.77479713467));
#1856 = CARTESIAN_POINT('',(6.633353541932,3.501673990469,
    349.77479713467));
#1857 = CARTESIAN_POINT('',(6.579604269272,3.602745060577,
    349.77479713467));
#1858 = CARTESIAN_POINT('',(6.524008463318,3.702823256895,
    349.77479713467));
#1859 = CARTESIAN_POINT('',(6.466589166728,3.801866496932,
    349.77479713467));
#1860 = CARTESIAN_POINT('',(6.407370695931,3.89983342115,349.77479713467
    ));
#1861 = CARTESIAN_POINT('',(6.285386586308,4.093533364765,
    349.77479713467));
#1862 = CARTESIAN_POINT('',(6.22262092629,4.189266417817,349.77479713467
    ));
#1863 = CARTESIAN_POINT('',(6.158107252729,4.28384191645,349.77479713467
    ));
#1864 = CARTESIAN_POINT('',(6.09187235962,4.377220061391,349.77479713467
    ));
#1865 = CARTESIAN_POINT('',(6.023944243281,4.469361889759,
    349.77479713467));
#1866 = CARTESIAN_POINT('',(5.884759961441,4.65109666036,349.77479713467
    ));
#1867 = CARTESIAN_POINT('',(5.813503771757,4.740689634169,
    349.77479713467));
#1868 = CARTESIAN_POINT('',(5.740612733337,4.82897007105,349.77479713467
    ));
#1869 = CARTESIAN_POINT('',(5.666117167023,4.915900788392,
    349.77479713467));
#1870 = CARTESIAN_POINT('',(5.590048514472,5.001445546403,
    349.77479713467));
#1871 = CARTESIAN_POINT('',(5.434830161837,5.169692549831,
    349.77479713467));
#1872 = CARTESIAN_POINT('',(5.355680434785,5.252394824478,
    349.77479713467));
#1873 = CARTESIAN_POINT('',(5.275022720748,5.33364057627,349.77479713467
    ));
#1874 = CARTESIAN_POINT('',(5.192890613387,5.413395550775,
    349.77479713467));
#1875 = CARTESIAN_POINT('',(5.109318736271,5.491626534915,
    349.77479713467));
#1876 = CARTESIAN_POINT('',(4.939366749497,5.644976179025,
    349.77479713467));
#1877 = CARTESIAN_POINT('',(4.852986610311,5.720094865637,
    349.77479713467));
#1878 = CARTESIAN_POINT('',(4.765237979974,5.793625246378,
    349.77479713467));
#1879 = CARTESIAN_POINT('',(4.676157443511,5.865536281981,
    349.77479713467));
#1880 = CARTESIAN_POINT('',(4.585782516331,5.935798064347,
    349.77479713467));
#1881 = CARTESIAN_POINT('',(4.402520772102,6.072965568732,
    349.77479713467));
#1882 = CARTESIAN_POINT('',(4.309633923214,6.139871314582,
    349.77479713467));
#1883 = CARTESIAN_POINT('',(4.215529544379,6.205070278547,
    349.77479713467));
#1884 = CARTESIAN_POINT('',(4.120246905478,6.26853489658,349.77479713467
    ));
#1885 = CARTESIAN_POINT('',(4.023826099443,6.330238816129,
    349.77479713467));
#1886 = CARTESIAN_POINT('',(3.828789985075,6.450074976152,
    349.77479713467));
#1887 = CARTESIAN_POINT('',(3.730174642855,6.508207237446,
    349.77479713467));
#1888 = CARTESIAN_POINT('',(3.630502932496,6.56452854045,349.77479713467
    ));
#1889 = CARTESIAN_POINT('',(3.529816479723,6.619015027269,
    349.77479713467));
#1890 = CARTESIAN_POINT('',(3.428157619092,6.671644121688,
    349.77479713467));
#1891 = CARTESIAN_POINT('',(3.222981168884,6.773144936646,
    349.77479713467));
#1892 = CARTESIAN_POINT('',(3.11946354366,6.82201667482,349.77479713467)
  );
#1893 = CARTESIAN_POINT('',(3.015059562473,6.86898845071,349.77479713467
    ));
#1894 = CARTESIAN_POINT('',(2.90981285815,6.914040312458,349.77479713467
    ));
#1895 = CARTESIAN_POINT('',(2.803767652185,6.957153649327,
    349.77479713467));
#1896 = CARTESIAN_POINT('',(2.590169857302,7.039468734082,
    349.77479713467));
#1897 = CARTESIAN_POINT('',(2.482617231273,7.078670496268,
    349.77479713467));
#1898 = CARTESIAN_POINT('',(2.374355687447,7.115899210271,
    349.77479713467));
#1899 = CARTESIAN_POINT('',(2.26543050019,7.151138997429,349.77479713467
    ));
#1900 = CARTESIAN_POINT('',(2.155887407445,7.18437536841,349.77479713467
    ));
#1901 = CARTESIAN_POINT('',(1.935657814014,7.246815078007,
    349.77479713467));
#1902 = CARTESIAN_POINT('',(1.824971275067,7.276018427473,
    349.77479713467));
#1903 = CARTESIAN_POINT('',(1.71375919588,7.303192173275,349.77479713467
    ));
#1904 = CARTESIAN_POINT('',(1.602068113047,7.32832464298,349.77479713467
    ));
#1905 = CARTESIAN_POINT('',(1.489944897759,7.351405590051,
    349.77479713467));
#1906 = CARTESIAN_POINT('',(1.264928613858,7.393446797647,
    349.77479713467));
#1907 = CARTESIAN_POINT('',(1.152035506149,7.412407065476,
    349.77479713467));
#1908 = CARTESIAN_POINT('',(1.038804638795,7.429298178406,
    349.77479713467));
#1909 = CARTESIAN_POINT('',(0.925283420724,7.444112768025,
    349.77479713467));
#1910 = CARTESIAN_POINT('',(0.811519463686,7.456844916441,
    349.77479713467));
#1911 = CARTESIAN_POINT('',(0.595390548913,7.477034164565,
    349.77479713467));
#1912 = CARTESIAN_POINT('',(0.493063806994,7.484900707949,
    349.77479713467));
#1913 = CARTESIAN_POINT('',(0.390614808179,7.491086568648,
    349.77479713467));
#1914 = CARTESIAN_POINT('',(0.288078053424,7.495589473868,
    349.77479713467));
#1915 = CARTESIAN_POINT('',(0.185488092966,7.498408095801,
    349.77479713467));
#1916 = CARTESIAN_POINT('',(-3.156848842789E-02,7.500806848488,
    349.77479713467));
#1917 = CARTESIAN_POINT('',(-0.146039685031,7.499975781437,
    349.77479713467));
#1918 = CARTESIAN_POINT('',(-0.260486043607,7.497048320661,
    349.77479713467));
#1919 = CARTESIAN_POINT('',(-0.374859595125,7.492025400096,
    349.77479713467));
#1920 = CARTESIAN_POINT('',(-0.489112421413,7.484909417422,
    349.77479713467));
#1921 = CARTESIAN_POINT('',(-0.717280888898,7.466499050707,
    349.77479713467));
#1922 = CARTESIAN_POINT('',(-0.831196569738,7.455204663468,
    349.77479713467));
#1923 = CARTESIAN_POINT('',(-0.944895830499,7.441824935508,
    349.77479713467));
#1924 = CARTESIAN_POINT('',(-1.058330988491,7.426365182951,
    349.77479713467));
#1925 = CARTESIAN_POINT('',(-1.171454545509,7.408832174884,
    349.77479713467));
#1926 = CARTESIAN_POINT('',(-1.39698383015,7.369636091836,
    349.77479713467));
#1927 = CARTESIAN_POINT('',(-1.509389596957,7.347973010044,
    349.77479713467));
#1928 = CARTESIAN_POINT('',(-1.621389174826,7.324253111751,
    349.77479713467));
#1929 = CARTESIAN_POINT('',(-1.732935566898,7.298486050731,
    349.77479713467));
#1930 = CARTESIAN_POINT('',(-1.843982092879,7.270682910768,
    349.77479713467));
#1931 = CARTESIAN_POINT('',(-2.064982685197,7.211029500538,
    349.77479713467));
#1932 = CARTESIAN_POINT('',(-2.174936789931,7.179179219907,
    349.77479713467));
#1933 = CARTESIAN_POINT('',(-2.284298339964,7.145317879233,
    349.77479713467));
#1934 = CARTESIAN_POINT('',(-2.393021418013,7.109459389059,
    349.77479713467));
#1935 = CARTESIAN_POINT('',(-2.501060552787,7.071619055003,
    349.77479713467));
#1936 = CARTESIAN_POINT('',(-2.715680885192,6.99200810051,
    349.77479713467));
#1937 = CARTESIAN_POINT('',(-2.822262120111,6.95023746624,
    349.77479713467));
#1938 = CARTESIAN_POINT('',(-2.928069399055,6.906518377269,
    349.77479713467));
#1939 = CARTESIAN_POINT('',(-3.033058269017,6.860868884368,
    349.77479713467));
#1940 = CARTESIAN_POINT('',(-3.137184848674,6.813308386756,
    349.77479713467));
#1941 = CARTESIAN_POINT('',(-3.343626808104,6.714406877448,
    349.77479713467));
#1942 = CARTESIAN_POINT('',(-3.445942223745,6.663065848568,
    349.77479713467));
#1943 = CARTESIAN_POINT('',(-3.547308766426,6.609855294701,
    349.77479713467));
#1944 = CARTESIAN_POINT('',(-3.647683819848,6.554797255611,
    349.77479713467));
#1945 = CARTESIAN_POINT('',(-3.7470254603,6.497915061591,349.77479713467
    ));
#1946 = CARTESIAN_POINT('',(-3.943559453015,6.380551605334,
    349.77479713467));
#1947 = CARTESIAN_POINT('',(-4.040751839423,6.320070322705,
    349.77479713467));
#1948 = CARTESIAN_POINT('',(-4.136828385651,6.257814107891,
    349.77479713467));
#1949 = CARTESIAN_POINT('',(-4.23174866915,6.193808804999,
    349.77479713467));
#1950 = CARTESIAN_POINT('',(-4.325473075063,6.128081479933,
    349.77479713467));
#1951 = CARTESIAN_POINT('',(-4.51045251737,5.993239360842,
    349.77479713467));
#1952 = CARTESIAN_POINT('',(-4.601707585902,5.92412454339,
    349.77479713467));
#1953 = CARTESIAN_POINT('',(-4.691689195665,5.853344257134,
    349.77479713467));
#1954 = CARTESIAN_POINT('',(-4.780359456529,5.780927934001,
    349.77479713467));
#1955 = CARTESIAN_POINT('',(-4.867681394386,5.706906148741,
    349.77479713467));
#1956 = CARTESIAN_POINT('',(-5.039556507904,5.555715089116,
    349.77479713467));
#1957 = CARTESIAN_POINT('',(-5.124109713426,5.478545788484,
    349.77479713467));
#1958 = CARTESIAN_POINT('',(-5.207242510771,5.399834435913,
    349.77479713467));
#1959 = CARTESIAN_POINT('',(-5.288919859673,5.319613804563,
    349.77479713467));
#1960 = CARTESIAN_POINT('',(-5.369107736548,5.237917721875,
    349.77479713467));
#1961 = CARTESIAN_POINT('',(-5.526438532422,5.071644417263,
    349.77479713467));
#1962 = CARTESIAN_POINT('',(-5.603581478756,4.98706716645,
    349.77479713467));
#1963 = CARTESIAN_POINT('',(-5.679168967842,4.901084200046,
    349.77479713467));
#1964 = CARTESIAN_POINT('',(-5.753169102852,4.813731357869,
    349.77479713467));
#1965 = CARTESIAN_POINT('',(-5.825551095776,4.725045436638,
    349.77479713467));
#1966 = CARTESIAN_POINT('',(-5.945067456543,4.57300815553,
    349.77479713467));
#1967 = CARTESIAN_POINT('',(-5.993065909734,4.510336023076,
    349.77479713467));
#1968 = CARTESIAN_POINT('',(-6.04027089664,4.447060170789,
    349.77479713467));
#1969 = CARTESIAN_POINT('',(-6.086672953697,4.38319317327,
    349.77479713467));
#1970 = CARTESIAN_POINT('',(-6.132262884133,4.318747801535,
    349.77479713467));
#1971 = CARTESIAN_POINT('',(-6.241946622656,4.159471397629,
    349.77479713467));
#1972 = CARTESIAN_POINT('',(-6.305135230645,4.06401698262,
    349.77479713467));
#1973 = CARTESIAN_POINT('',(-6.366570345793,3.967413330284,
    349.77479713467));
#1974 = CARTESIAN_POINT('',(-6.42622597499,3.869700767515,
    349.77479713467));
#1975 = CARTESIAN_POINT('',(-6.484077368155,3.770920395815,
    349.77479713467));
#1976 = CARTESIAN_POINT('',(-6.607715764746,3.55065821291,
    349.77479713467));
#1977 = CARTESIAN_POINT('',(-6.672668260703,3.428707891634,
    349.77479713467));
#1978 = CARTESIAN_POINT('',(-6.734917168136,3.305336776675,
    349.77479713467));
#1979 = CARTESIAN_POINT('',(-6.794423938912,3.180619886421,
    349.77479713467));
#1980 = CARTESIAN_POINT('',(-6.851152814728,3.054633608442,
    349.77479713467));
#1981 = CARTESIAN_POINT('',(-6.949745754032,2.822079712217,
    349.77479713467));
#1982 = CARTESIAN_POINT('',(-6.992490958842,2.715885583425,
    349.77479713467));
#1983 = CARTESIAN_POINT('',(-7.033287697728,2.608917526912,
    349.77479713467));
#1984 = CARTESIAN_POINT('',(-7.072118600071,2.501220265846,
    349.77479713467));
#1985 = CARTESIAN_POINT('',(-7.108967668449,2.392839032766,
    349.77479713467));
#1986 = CARTESIAN_POINT('',(-7.178672888839,2.174800106408,
    349.77479713467));
#1987 = CARTESIAN_POINT('',(-7.211529052961,2.065142375247,
    349.77479713467));
#1988 = CARTESIAN_POINT('',(-7.242374148447,1.954892118547,
    349.77479713467));
#1989 = CARTESIAN_POINT('',(-7.271194966755,1.84409546043,
    349.77479713467));
#1990 = CARTESIAN_POINT('',(-7.297979713369,1.732798906696,
    349.77479713467));
#1991 = CARTESIAN_POINT('',(-7.345750213215,1.517006648071,
    349.77479713467));
#1992 = CARTESIAN_POINT('',(-7.367008509081,1.412571242044,
    349.77479713467));
#1993 = CARTESIAN_POINT('',(-7.38648452012,1.307780962726,
    349.77479713467));
#1994 = CARTESIAN_POINT('',(-7.404170954686,1.202673837954,
    349.77479713467));
#1995 = CARTESIAN_POINT('',(-7.42006160476,1.097288087421,
    349.77479713467));
#1996 = CARTESIAN_POINT('',(-7.449284771489,0.878212013729,
    349.77479713467));
#1997 = CARTESIAN_POINT('',(-7.462340609981,0.764484749603,
    349.77479713467));
#1998 = CARTESIAN_POINT('',(-7.473312512632,0.650527931597,
    349.77479713467));
#1999 = CARTESIAN_POINT('',(-7.482195589761,0.536389288015,
    349.77479713467));
#2000 = CARTESIAN_POINT('',(-7.488986410802,0.422116674176,
    349.77479713467));
#2001 = CARTESIAN_POINT('',(-7.498055694841,0.201286269509,
    349.77479713467));
#2002 = CARTESIAN_POINT('',(-7.500613057495,9.47398989873E-02,
    349.77479713467));
#2003 = CARTESIAN_POINT('',(-7.501353502662,-1.184231991656E-02,
    349.77479713467));
#2004 = CARTESIAN_POINT('',(-7.500276541226,-0.118421669697,
    349.77479713467));
#2005 = CARTESIAN_POINT('',(-7.497382784547,-0.224959434585,
    349.77479713467));
#2006 = CARTESIAN_POINT('',(-7.487790702921,-0.441817235012,
    349.77479713467));
#2007 = CARTESIAN_POINT('',(-7.480955436096,-0.552131243947,
    349.77479713467));
#2008 = CARTESIAN_POINT('',(-7.472170054608,-0.662315747984,
    349.77479713467));
#2009 = CARTESIAN_POINT('',(-7.461437736917,-0.772327680131,
    349.77479713467));
#2010 = CARTESIAN_POINT('',(-7.448762929319,-0.882124085775,
    349.77479713467));
#2011 = CARTESIAN_POINT('',(-7.419539762575,-1.101200159582,
    349.77479713467));
#2012 = CARTESIAN_POINT('',(-7.402991399018,-1.210479860824,
    349.77479713467));
#2013 = CARTESIAN_POINT('',(-7.384511970806,-1.319458384353,
    349.77479713467));
#2014 = CARTESIAN_POINT('',(-7.364108446434,-1.428093112001,
    349.77479713467));
#2015 = CARTESIAN_POINT('',(-7.341789047364,-1.536341649473,
    349.77479713467));
#2016 = CARTESIAN_POINT('',(-7.292472241708,-1.755832723156,
    349.77479713467));
#2017 = CARTESIAN_POINT('',(-7.265336223725,-1.867044152659,
    349.77479713467));
#2018 = CARTESIAN_POINT('',(-7.236165722553,-1.977749260397,
    349.77479713467));
#2019 = CARTESIAN_POINT('',(-7.204972679487,-2.087901578041,
    349.77479713467));
#2020 = CARTESIAN_POINT('',(-7.171770448635,-2.197455023402,
    349.77479713467));
#2021 = CARTESIAN_POINT('',(-7.101377145188,-2.41527277747,
    349.77479713467));
#2022 = CARTESIAN_POINT('',(-7.064186060364,-2.523537124019,
    349.77479713467));
#2023 = CARTESIAN_POINT('',(-7.02501531101,-2.631111244573,
    349.77479713467));
#2024 = CARTESIAN_POINT('',(-6.983881037283,-2.737949957327,
    349.77479713467));
#2025 = CARTESIAN_POINT('',(-6.940800750923,-2.844008594181,
    349.77479713467));
#2026 = CARTESIAN_POINT('',(-6.855441858469,-3.043591090958,
    349.77479713467));
#2027 = CARTESIAN_POINT('',(-6.813541334776,-3.137276686066,
    349.77479713467));
#2028 = CARTESIAN_POINT('',(-6.770105371073,-3.230267972153,
    349.77479713467));
#2029 = CARTESIAN_POINT('',(-6.725148428294,-3.322533542801,
    349.77479713467));
#2030 = CARTESIAN_POINT('',(-6.678685821408,-3.414042399081,
    349.77479713467));
#2031 = CARTESIAN_POINT('',(-6.582781617433,-3.595485500039,
    349.77479713467));
#2032 = CARTESIAN_POINT('',(-6.533340009578,-3.685419765084,
    349.77479713467));
#2033 = CARTESIAN_POINT('',(-6.48242506566,-3.774536153682,
    349.77479713467));
#2034 = CARTESIAN_POINT('',(-6.430053773229,-3.862804550972,
    349.77479713467));
#2035 = CARTESIAN_POINT('',(-6.376243937582,-3.950195318242,
    349.77479713467));
#2036 = CARTESIAN_POINT('',(-6.263660204845,-4.126489573896,
    349.77479713467));
#2037 = CARTESIAN_POINT('',(-6.204774968461,-4.215321989775,
    349.77479713467));
#2038 = CARTESIAN_POINT('',(-6.14437933026,-4.303143880736,
    349.77479713467));
#2039 = CARTESIAN_POINT('',(-6.082495049301,-4.389923218229,
    349.77479713467));
#2040 = CARTESIAN_POINT('',(-6.019144786046,-4.475628604994,
    349.77479713467));
#2041 = CARTESIAN_POINT('',(-5.884759961441,-4.65109666036,
    349.77479713467));
#2042 = CARTESIAN_POINT('',(-5.813503771757,-4.740689634169,
    349.77479713467));
#2043 = CARTESIAN_POINT('',(-5.740612733337,-4.82897007105,
    349.77479713467));
#2044 = CARTESIAN_POINT('',(-5.666117167023,-4.915900788392,
    349.77479713467));
#2045 = CARTESIAN_POINT('',(-5.590048514472,-5.001445546404,
    349.77479713467));
#2046 = CARTESIAN_POINT('',(-5.437506339868,-5.166791739929,
    349.77479713467));
#2047 = CARTESIAN_POINT('',(-5.361137205197,-5.246689529069,
    349.77479713467));
#2048 = CARTESIAN_POINT('',(-5.283361242198,-5.325230648474,
    349.77479713467));
#2049 = CARTESIAN_POINT('',(-5.20420865538,-5.402384234637,
    349.77479713467));
#2050 = CARTESIAN_POINT('',(-5.123710545704,-5.478120327607,
    349.77479713467));
#2051 = CARTESIAN_POINT('',(-4.960087275461,-5.626699414373,
    349.77479713467));
#2052 = CARTESIAN_POINT('',(-4.876962090189,-5.699542430603,
    349.77479713467));
#2053 = CARTESIAN_POINT('',(-4.792555353129,-5.770909864329,
    349.77479713467));
#2054 = CARTESIAN_POINT('',(-4.706899875815,-5.840773639377,
    349.77479713467));
#2055 = CARTESIAN_POINT('',(-4.62002928296,-5.909106658751,
    349.77479713467));
#2056 = CARTESIAN_POINT('',(-4.440782054267,-6.045043812437,
    349.77479713467));
#2057 = CARTESIAN_POINT('',(-4.348319548219,-6.112534778496,
    349.77479713467));
#2058 = CARTESIAN_POINT('',(-4.254628758655,-6.178326685055,
    349.77479713467));
#2059 = CARTESIAN_POINT('',(-4.159748780613,-6.242391720641,
    349.77479713467));
#2060 = CARTESIAN_POINT('',(-4.063719539816,-6.304703280052,
    349.77479713467));
#2061 = CARTESIAN_POINT('',(-3.859395315513,-6.432030648977,
    349.77479713467));
#2062 = CARTESIAN_POINT('',(-3.750859074892,-6.496659408529,
    349.77479713467));
#2063 = CARTESIAN_POINT('',(-3.641027841584,-6.559088113731,
    349.77479713467));
#2064 = CARTESIAN_POINT('',(-3.529957440268,-6.619284533847,
    349.77479713467));
#2065 = CARTESIAN_POINT('',(-3.417704749532,-6.677218336688,
    349.77479713467));
#2066 = CARTESIAN_POINT('',(-3.219294912056,-6.774593154565,
    349.77479713467));
#2067 = CARTESIAN_POINT('',(-3.133629648198,-6.815036516004,
    349.77479713467));
#2068 = CARTESIAN_POINT('',(-3.047356339201,-6.854179184123,
    349.77479713467));
#2069 = CARTESIAN_POINT('',(-2.960499693073,-6.892009797864,
    349.77479713467));
#2070 = CARTESIAN_POINT('',(-2.873084696918,-6.928517623923,
    349.77479713467));
#2071 = CARTESIAN_POINT('',(-2.678866022963,-7.006195599525,
    349.77479713467));
#2072 = CARTESIAN_POINT('',(-2.571817060604,-7.046752537058,
    349.77479713467));
#2073 = CARTESIAN_POINT('',(-2.464034319,-7.085345536813,349.77479713467
    ));
#2074 = CARTESIAN_POINT('',(-2.355562868371,-7.121958149617,
    349.77479713467));
#2075 = CARTESIAN_POINT('',(-2.246448260023,-7.156575309659,
    349.77479713467));
#2076 = CARTESIAN_POINT('',(-2.045940606553,-7.216169286756,
    349.77479713467));
#2077 = CARTESIAN_POINT('',(-1.954735695833,-7.241779190639,
    349.77479713467));
#2078 = CARTESIAN_POINT('',(-1.863147878723,-7.266005293705,
    349.77479713467));
#2079 = CARTESIAN_POINT('',(-1.771203410399,-7.288840508992,
    349.77479713467));
#2080 = CARTESIAN_POINT('',(-1.678928716675,-7.310278415012,
    349.77479713467));
#2081 = CARTESIAN_POINT('',(-1.482199782395,-7.352852451281,
    349.77479713467));
#2082 = CARTESIAN_POINT('',(-1.377664867241,-7.373615897258,
    349.77479713467));
#2083 = CARTESIAN_POINT('',(-1.272783523768,-7.392595397698,
    349.77479713467));
#2084 = CARTESIAN_POINT('',(-1.167593813922,-7.409783841139,
    349.77479713467));
#2085 = CARTESIAN_POINT('',(-1.062133986368,-7.425175200643,
    349.77479713467));
#2086 = CARTESIAN_POINT('',(-0.842921967221,-7.453360484034,
    349.77479713467));
#2087 = CARTESIAN_POINT('',(-0.72913414544,-7.46587755791,
    349.77479713467));
#2088 = CARTESIAN_POINT('',(-0.615126641979,-7.476309632136,
    349.77479713467));
#2089 = CARTESIAN_POINT('',(-0.500947207769,-7.484652043133,
    349.77479713467));
#2090 = CARTESIAN_POINT('',(-0.386643713835,-7.490901587015,
    349.77479713467));
#2091 = CARTESIAN_POINT('',(-0.157884588775,-7.499211452174,
    349.77479713467));
#2092 = CARTESIAN_POINT('',(-4.342891790446E-02,-7.501271774895,
    349.77479713467));
#2093 = CARTESIAN_POINT('',(7.105487011724E-02,-7.501235745307,
    349.77479713467));
#2094 = CARTESIAN_POINT('',(0.185518797973,-7.499103085526,
    349.77479713467));
#2095 = CARTESIAN_POINT('',(0.299914902219,-7.494874982227,
    349.77479713467));
#2096 = CARTESIAN_POINT('',(0.489068556518,-7.484412810083,
    349.77479713467));
#2097 = CARTESIAN_POINT('',(0.563892194935,-7.479373200052,
    349.77479713467));
#2098 = CARTESIAN_POINT('',(0.6386526705,-7.473436002106,349.77479713467
    ));
#2099 = CARTESIAN_POINT('',(0.713336528153,-7.466602230651,
    349.77479713467));
#2100 = CARTESIAN_POINT('',(0.787930335809,-7.458873168959,
    349.77479713467));
#2101 = CARTESIAN_POINT('',(0.976116475144,-7.437089254187,
    349.77479713467));
#2102 = CARTESIAN_POINT('',(1.089571268754,-7.421846048124,
    349.77479713467));
#2103 = CARTESIAN_POINT('',(1.202737361028,-7.404526273951,
    349.77479713467));
#2104 = CARTESIAN_POINT('',(1.315567282629,-7.38513690033,
    349.77479713467));
#2105 = CARTESIAN_POINT('',(1.428013799047,-7.363686341604,
    349.77479713467));
#2106 = CARTESIAN_POINT('',(1.652046022147,-7.316682573988,
    349.77479713467));
#2107 = CARTESIAN_POINT('',(1.763631767752,-7.291129356932,
    349.77479713467));
#2108 = CARTESIAN_POINT('',(1.874740148085,-7.263534668356,
    349.77479713467));
#2109 = CARTESIAN_POINT('',(1.985324529849,-7.233909788138,
    349.77479713467));
#2110 = CARTESIAN_POINT('',(2.095338645775,-7.202267414316,
    349.77479713467));
#2111 = CARTESIAN_POINT('',(2.314134543477,-7.134975911836,
    349.77479713467));
#2112 = CARTESIAN_POINT('',(2.422916363266,-7.099326771488,
    349.77479713467));
#2113 = CARTESIAN_POINT('',(2.531036153266,-7.061688359883,
    349.77479713467));
#2114 = CARTESIAN_POINT('',(2.638448506919,-7.022076173617,
    349.77479713467));
#2115 = CARTESIAN_POINT('',(2.745108511831,-6.980507088032,
    349.77479713467));
#2116 = CARTESIAN_POINT('',(2.953184531872,-6.894991892715,
    349.77479713467));
#2117 = CARTESIAN_POINT('',(3.054654581634,-6.85117716413,
    349.77479713467));
#2118 = CARTESIAN_POINT('',(3.155341922217,-6.805571601924,
    349.77479713467));
#2119 = CARTESIAN_POINT('',(3.255207112156,-6.758192791298,
    349.77479713467));
#2120 = CARTESIAN_POINT('',(3.354211245368,-6.709059472187,
    349.77479713467));
#2121 = CARTESIAN_POINT('',(3.553924395798,-6.605506894762,
    349.77479713467));
#2122 = CARTESIAN_POINT('',(3.654568054498,-6.550961505519,
    349.77479713467));
#2123 = CARTESIAN_POINT('',(3.754204294974,-6.494577477623,
    349.77479713467));
#2124 = CARTESIAN_POINT('',(3.852791217931,-6.436378185189,
    349.77479713467));
#2125 = CARTESIAN_POINT('',(3.950287657056,-6.376388270353,
    349.77479713467));
#2126 = CARTESIAN_POINT('',(4.143018700983,-6.252879016189,
    349.77479713467));
#2127 = CARTESIAN_POINT('',(4.238253339268,-6.189359655402,
    349.77479713467));
#2128 = CARTESIAN_POINT('',(4.332316661485,-6.124101472532,
    349.77479713467));
#2129 = CARTESIAN_POINT('',(4.425169081093,-6.057131574886,
    349.77479713467));
#2130 = CARTESIAN_POINT('',(4.516771857411,-5.98847826546,
    349.77479713467));
#2131 = CARTESIAN_POINT('',(4.697402333805,-5.847863820418,
    349.77479713467));
#2132 = CARTESIAN_POINT('',(4.786430065265,-5.77590266037,
    349.77479713467));
#2133 = CARTESIAN_POINT('',(4.874132396226,-5.702317062853,
    349.77479713467));
#2134 = CARTESIAN_POINT('',(4.960472384567,-5.62713764126,
    349.77479713467));
#2135 = CARTESIAN_POINT('',(5.045414039809,-5.550396122322,
    349.77479713467));
#2136 = CARTESIAN_POINT('',(5.212430606411,-5.393854569891,
    349.77479713467));
#2137 = CARTESIAN_POINT('',(5.294505546789,-5.314054509201,
    349.77479713467));
#2138 = CARTESIAN_POINT('',(5.375112106593,-5.232758005374,
    349.77479713467));
#2139 = CARTESIAN_POINT('',(5.454216297624,-5.149998921405,
    349.77479713467));
#2140 = CARTESIAN_POINT('',(5.531785181137,-5.065812141952,
    349.77479713467));
#2141 = CARTESIAN_POINT('',(5.681167807176,-4.897605989318,
    349.77479713467));
#2142 = CARTESIAN_POINT('',(5.753087792163,-4.813680920362,
    349.77479713467));
#2143 = CARTESIAN_POINT('',(5.823518122824,-4.728490683945,
    349.77479713467));
#2144 = CARTESIAN_POINT('',(5.892431087287,-4.642068399858,
    349.77479713467));
#2145 = CARTESIAN_POINT('',(5.959799961783,-4.554447990199,
    349.77479713467));
#2146 = CARTESIAN_POINT('',(6.500242449847,-3.825219461005,
    349.77479713467));
#2147 = CARTESIAN_POINT('',(6.893383207448,-3.12398784091,
    349.77479713467));
#2148 = CARTESIAN_POINT('',(7.194841373774,-2.375476707079,
    349.77479713467));
#2149 = CARTESIAN_POINT('',(7.398325817699,-1.594618189425,
    349.77479713467));
#2150 = CARTESIAN_POINT('',(7.5,-0.797154835431,349.77479713467));
#2151 = CARTESIAN_POINT('',(7.5,-1.7763568394E-15,349.77479713467));
#2152 = ORIENTED_EDGE('',*,*,#1819,.F.);
#2153 = SPHERICAL_SURFACE('',#2154,125.);
#2154 = AXIS2_PLACEMENT_3D('',#2155,#2156,#2157);
#2155 = CARTESIAN_POINT('',(0.,4.996E-14,225.));
#2156 = DIRECTION('',(0.,2.2E-16,1.));
#2157 = DIRECTION('',(1.,0.,0.));
#2158 = ADVANCED_FACE('',(#2159),#2170,.F.);
#2159 = FACE_BOUND('',#2160,.T.);
#2160 = EDGE_LOOP('',(#2161,#2162,#2168,#2169));
#2161 = ORIENTED_EDGE('',*,*,#1828,.F.);
#2162 = ORIENTED_EDGE('',*,*,#2163,.T.);
#2163 = EDGE_CURVE('',#1820,#1475,#2164,.T.);
#2164 = LINE('',#2165,#2166);
#2165 = CARTESIAN_POINT('',(7.5,0.,0.));
#2166 = VECTOR('',#2167,1.);
#2167 = DIRECTION('',(0.,0.,1.));
#2168 = ORIENTED_EDGE('',*,*,#1485,.T.);
#2169 = ORIENTED_EDGE('',*,*,#2163,.F.);
#2170 = CYLINDRICAL_SURFACE('',#2171,7.5);
#2171 = AXIS2_PLACEMENT_3D('',#2172,#2173,#2174);
#2172 = CARTESIAN_POINT('',(0.,0.,0.));
#2173 = DIRECTION('',(-0.,-0.,-1.));
#2174 = DIRECTION('',(1.,0.,0.));
#2175 = ( GEOMETRIC_REPRESENTATION_CONTEXT(3) 
GLOBAL_UNCERTAINTY_ASSIGNED_CONTEXT((#2179)) 
GLOBAL_UNIT_ASSIGNED_CONTEXT((#2176,#2177,#2178)) REPRESENTATION_CONTEXT
('Context #1','3D Context with UNIT and UNCERTAINTY') );
#2176 = ( LENGTH_UNIT() NAMED_UNIT(*) SI_UNIT(.MILLI.,.METRE.) );
#2177 = ( NAMED_UNIT(*) PLANE_ANGLE_UNIT() SI_UNIT($,.RADIAN.) );
#2178 = ( NAMED_UNIT(*) SI_UNIT($,.STERADIAN.) SOLID_ANGLE_UNIT() );
#2179 = UNCERTAINTY_MEASURE_WITH_UNIT(LENGTH_MEASURE(1.E-04),#2176,
  'distance_accuracy_value','confusion accuracy');
#2180 = PRODUCT_RELATED_PRODUCT_CATEGORY('part',$,(#7));
#2181 = MECHANICAL_DESIGN_GEOMETRIC_PRESENTATION_REPRESENTATION('',(
    #2182),#2175);
#2182 = STYLED_ITEM('color',(#2183),#15);
#2183 = PRESENTATION_STYLE_ASSIGNMENT((#2184,#2190));
#2184 = SURFACE_STYLE_USAGE(.BOTH.,#2185);
#2185 = SURFACE_SIDE_STYLE('',(#2186));
#2186 = SURFACE_STYLE_FILL_AREA(#2187);
#2187 = FILL_AREA_STYLE('',(#2188));
#2188 = FILL_AREA_STYLE_COLOUR('',#2189);
#2189 = COLOUR_RGB('',0.97254901356,0.768627468855,0.14117647753);
#2190 = CURVE_STYLE('',#2191,POSITIVE_LENGTH_MEASURE(0.1),#2192);
#2191 = DRAUGHTING_PRE_DEFINED_CURVE_FONT('continuous');
#2192 = COLOUR_RGB('',9.803921802644E-02,9.803921802644E-02,
  9.803921802644E-02);
ENDSEC;
END-ISO-10303-21;
