ISO-10303-21;
HEADER;
FILE_DESCRIPTION(('FreeCAD Model'),'2;1');
FILE_NAME('Open CASCADE Shape Model','2026-07-18T15:44:09',(''),(''),
  'Open CASCADE STEP processor 7.9','FreeCAD','Unknown');
FILE_SCHEMA(('AUTOMOTIVE_DESIGN { 1 0 10303 214 1 1 1 1 }'));
ENDSEC;
DATA;
#1 = APPLICATION_PROTOCOL_DEFINITION('international standard',
  'automotive_design',2000,#2);
#2 = APPLICATION_CONTEXT(
  'core data for automotive mechanical design processes');
#3 = SHAPE_DEFINITION_REPRESENTATION(#4,#10);
#4 = PRODUCT_DEFINITION_SHAPE('','',#5);
#5 = PRODUCT_DEFINITION('design','',#6,#9);
#6 = PRODUCT_DEFINITION_FORMATION('','',#7);
#7 = PRODUCT('Visor','Visor','',(#8));
#8 = PRODUCT_CONTEXT('',#2,'mechanical');
#9 = PRODUCT_DEFINITION_CONTEXT('part definition',#2,'design');
#10 = ADVANCED_BREP_SHAPE_REPRESENTATION('',(#11,#15),#1835);
#11 = AXIS2_PLACEMENT_3D('',#12,#13,#14);
#12 = CARTESIAN_POINT('',(0.,0.,0.));
#13 = DIRECTION('',(0.,0.,1.));
#14 = DIRECTION('',(1.,0.,-0.));
#15 = MANIFOLD_SOLID_BREP('',#16);
#16 = CLOSED_SHELL('',(#17,#230,#482,#532,#651,#985,#1025,#1127,#1242,
    #1290,#1315,#1340,#1372,#1396,#1421,#1446,#1471,#1495,#1520,#1538,
    #1567,#1592,#1615,#1633,#1681,#1700,#1719,#1751,#1774,#1800,#1817));
#17 = ADVANCED_FACE('',(#18),#134,.F.);
#18 = FACE_BOUND('',#19,.F.);
#19 = EDGE_LOOP('',(#20,#119,#128));
#20 = ORIENTED_EDGE('',*,*,#21,.F.);
#21 = EDGE_CURVE('',#22,#24,#26,.T.);
#22 = VERTEX_POINT('',#23);
#23 = CARTESIAN_POINT('',(-107.3731810085,64.,169.41854883368));
#24 = VERTEX_POINT('',#25);
#25 = CARTESIAN_POINT('',(-70.,103.56157588604,135.));
#26 = B_SPLINE_CURVE_WITH_KNOTS('',7,(#27,#28,#29,#30,#31,#32,#33,#34,
    #35,#36,#37,#38,#39,#40,#41,#42,#43,#44,#45,#46,#47,#48,#49,#50,#51,
    #52,#53,#54,#55,#56,#57,#58,#59,#60,#61,#62,#63,#64,#65,#66,#67,#68,
    #69,#70,#71,#72,#73,#74,#75,#76,#77,#78,#79,#80,#81,#82,#83,#84,#85,
    #86,#87,#88,#89,#90,#91,#92,#93,#94,#95,#96,#97,#98,#99,#100,#101,
    #102,#103,#104,#105,#106,#107,#108,#109,#110,#111,#112,#113,#114,
    #115,#116,#117,#118),.UNSPECIFIED.,.F.,.F.,(8,6,6,6,6,6,6,6,6,6,6,6,
    6,6,6,8),(0.,6.852788445127E-02,0.226543360451,0.330443198505,
    0.364779580795,0.409198950877,0.444132533288,0.500160182013,
    0.537954149213,0.556935184736,0.592017504163,0.636580002458,
    0.671052384005,0.773684286623,0.931565492841,1.),.UNSPECIFIED.);
#27 = CARTESIAN_POINT('',(-70.,103.56157588604,210.));
#28 = CARTESIAN_POINT('',(-71.32210432548,102.66793070932,210.));
#29 = CARTESIAN_POINT('',(-72.62306728404,101.75988739549,
    209.94561907076));
#30 = CARTESIAN_POINT('',(-73.9010288517,100.83931498646,209.83998748439
    ));
#31 = CARTESIAN_POINT('',(-75.15439168766,99.908144117183,
    209.68612352787));
#32 = CARTESIAN_POINT('',(-76.38178856863,98.968352330218,
    209.48694510699));
#33 = CARTESIAN_POINT('',(-77.58205416296,98.021952349989,
    209.24527960772));
#34 = CARTESIAN_POINT('',(-81.45700402151,94.878185076201,
    208.31498645418));
#35 = CARTESIAN_POINT('',(-84.01115019159,92.660404209152,
    207.45459069094));
#36 = CARTESIAN_POINT('',(-86.41597752439,90.433192252538,
    206.41330531353));
#37 = CARTESIAN_POINT('',(-88.67499556472,88.209828278867,
    205.21340518688));
#38 = CARTESIAN_POINT('',(-90.79315822986,86.001688919592,203.8700673123
    ));
#39 = CARTESIAN_POINT('',(-92.77480010315,83.820208644436,
    202.39240886791));
#40 = CARTESIAN_POINT('',(-95.83653181777,80.273370429688,
    199.72713110627));
#41 = CARTESIAN_POINT('',(-96.99215850681,78.88529773949,198.61418570887
    ));
#42 = CARTESIAN_POINT('',(-98.09083406974,77.518903138595,197.4457535416
    ));
#43 = CARTESIAN_POINT('',(-99.13339903903,76.178094657418,
    196.22097429756));
#44 = CARTESIAN_POINT('',(-100.1193178535,74.868655181575,
    194.93846319311));
#45 = CARTESIAN_POINT('',(-101.0467015586,73.598904489805,193.5966555953
    ));
#46 = CARTESIAN_POINT('',(-102.1983501151,71.977366498495,
    191.73052095992));
#47 = CARTESIAN_POINT('',(-102.4777386139,71.580049671866,
    191.26022355328));
#48 = CARTESIAN_POINT('',(-102.7503708348,71.18854995658,190.78303578738
    ));
#49 = CARTESIAN_POINT('',(-103.0161325173,70.803276816465,
    190.29884104053));
#50 = CARTESIAN_POINT('',(-103.2748840433,70.424688258028,
    189.80752658176));
#51 = CARTESIAN_POINT('',(-103.526461612,70.053291345032,189.30898346706
    ));
#52 = CARTESIAN_POINT('',(-104.0866102563,69.219207504565,
    188.14867700605));
#53 = CARTESIAN_POINT('',(-104.390284038,68.761649709294,187.48184889076
    ));
#54 = CARTESIAN_POINT('',(-104.6812434009,68.318245316479,
    186.80247339289));
#55 = CARTESIAN_POINT('',(-104.9589828772,67.890394060044,186.110409118)
  );
#56 = CARTESIAN_POINT('',(-105.2229451766,67.479618236966,
    185.40552188047));
#57 = CARTESIAN_POINT('',(-105.4725184726,67.087561525631,
    184.68768460996));
#58 = CARTESIAN_POINT('',(-105.8914680161,66.42376391184,183.3819556841)
  );
#59 = CARTESIAN_POINT('',(-106.0666221784,66.144155731946,
    182.79894609363));
#60 = CARTESIAN_POINT('',(-106.2320642242,65.878187287335,
    182.20799685996));
#61 = CARTESIAN_POINT('',(-106.3873833912,65.626866095034,
    181.60934174656));
#62 = CARTESIAN_POINT('',(-106.5321843087,65.391181190868,
    181.00319990522));
#63 = CARTESIAN_POINT('',(-106.6660811998,65.172101154056,
    180.38977587432));
#64 = CARTESIAN_POINT('',(-106.985339522,64.647353140636,178.77405477051
    ));
#65 = CARTESIAN_POINT('',(-107.1532563169,64.368787136097,
    177.75908802032));
#66 = CARTESIAN_POINT('',(-107.2900389608,64.140121131659,
    176.72842225943));
#67 = CARTESIAN_POINT('',(-107.3939959653,63.965398209503,
    175.68581927611));
#68 = CARTESIAN_POINT('',(-107.4639984729,63.847427301115,174.6348218254
    ));
#69 = CARTESIAN_POINT('',(-107.4993955263,63.787772831804,173.5788368748
    ));
#70 = CARTESIAN_POINT('',(-107.5003976994,63.786083866924,
    171.80779475634));
#71 = CARTESIAN_POINT('',(-107.484966477,63.812090120077,171.09458116849
    ));
#72 = CARTESIAN_POINT('',(-107.4537172808,63.864756106279,
    170.38280276237));
#73 = CARTESIAN_POINT('',(-107.4067878123,63.943756115339,
    169.67368929355));
#74 = CARTESIAN_POINT('',(-107.3444380165,64.048464095854,
    168.96849212492));
#75 = CARTESIAN_POINT('',(-107.2670593557,64.177954481112,168.268499581)
  );
#76 = CARTESIAN_POINT('',(-107.1290538025,64.40787116846,167.22678641109
    ));
#77 = CARTESIAN_POINT('',(-107.0792530045,64.49069333243,166.88010928773
    ));
#78 = CARTESIAN_POINT('',(-107.0258448235,64.579338720899,
    166.53511098138));
#79 = CARTESIAN_POINT('',(-106.9688886314,64.673664068174,
    166.19188412085));
#80 = CARTESIAN_POINT('',(-106.908448222,64.773516095018,165.85052387898
    ));
#81 = CARTESIAN_POINT('',(-106.8445922188,64.878731635516,165.5111279765
    ));
#82 = CARTESIAN_POINT('',(-106.6531940725,65.19319950016,164.55031310003
    ));
#83 = CARTESIAN_POINT('',(-106.517607924,65.414943654408,163.93403371267
    ));
#84 = CARTESIAN_POINT('',(-106.3710246515,65.653406929362,
    163.32514500528));
#85 = CARTESIAN_POINT('',(-106.2138359962,65.907604875981,
    162.72384802319));
#86 = CARTESIAN_POINT('',(-106.0464427013,66.176533899126,
    162.13035837263));
#87 = CARTESIAN_POINT('',(-105.8692603862,66.459173263177,
    161.54490621778));
#88 = CARTESIAN_POINT('',(-105.4457837296,67.129602610546,160.2345996186
    ));
#89 = CARTESIAN_POINT('',(-105.1936971173,67.525255102368,
    159.51465641847));
#90 = CARTESIAN_POINT('',(-104.9271401968,67.93966369956,158.80778047159
    ));
#91 = CARTESIAN_POINT('',(-104.646728773,68.371171414759,158.11383802111
    ));
#92 = CARTESIAN_POINT('',(-104.3530223918,68.818246269313,
    157.43268766086));
#93 = CARTESIAN_POINT('',(-104.0465268878,69.279482415809,
    156.76418023718));
#94 = CARTESIAN_POINT('',(-103.4810584317,70.12036718131,155.60067771038
    ));
#95 = CARTESIAN_POINT('',(-103.2270029597,70.494895357851,
    155.10059483142));
#96 = CARTESIAN_POINT('',(-102.9657180702,70.876624997829,
    154.60780322969));
#97 = CARTESIAN_POINT('',(-102.6973678839,71.26504576113,154.12219234622
    ));
#98 = CARTESIAN_POINT('',(-102.4220918637,71.659697220178,
    153.64364783794));
#99 = CARTESIAN_POINT('',(-102.1400035891,72.060168320199,
    153.17205146839));
#100 = CARTESIAN_POINT('',(-100.9913262149,73.674635802859,
    151.32355653696));
#101 = CARTESIAN_POINT('',(-100.0711489628,74.932528438729,
    149.99921416019));
#102 = CARTESIAN_POINT('',(-99.09375497659,76.228957966489,
    148.73280613222));
#103 = CARTESIAN_POINT('',(-98.06093549398,77.555939442635,
    147.52283374657));
#104 = CARTESIAN_POINT('',(-96.97319077594,78.907897565392,
    146.36797874938));
#105 = CARTESIAN_POINT('',(-95.82971284066,80.281040655565,
    145.2674296702));
#106 = CARTESIAN_POINT('',(-92.78090015244,83.81349301652,
    142.61214056025));
#107 = CARTESIAN_POINT('',(-90.7985906476,85.996025516907,
    141.13337831711));
#108 = CARTESIAN_POINT('',(-88.67963007274,88.205266708017,
    139.78905684072));
#109 = CARTESIAN_POINT('',(-86.41967829127,90.429764577987,
    138.58829751004));
#110 = CARTESIAN_POINT('',(-84.01377174606,92.658127742809,
    137.54629267183));
#111 = CARTESIAN_POINT('',(-81.45839216556,94.877058867604,
    136.68534680971));
#112 = CARTESIAN_POINT('',(-77.58205416005,98.021952352348,
    135.75472039158));
#113 = CARTESIAN_POINT('',(-76.38178857152,98.968352327723,
    135.51305489397));
#114 = CARTESIAN_POINT('',(-75.15439169029,99.908144115415,
    135.31387647211));
#115 = CARTESIAN_POINT('',(-73.90102884922,100.83931498847,
    135.16001251502));
#116 = CARTESIAN_POINT('',(-72.62306728054,101.75988739772,
    135.05438092948));
#117 = CARTESIAN_POINT('',(-71.32210432896,102.66793070696,135.));
#118 = CARTESIAN_POINT('',(-70.,103.56157588604,135.));
#119 = ORIENTED_EDGE('',*,*,#120,.T.);
#120 = EDGE_CURVE('',#22,#121,#123,.T.);
#121 = VERTEX_POINT('',#122);
#122 = CARTESIAN_POINT('',(-70.00000000002,64.,135.00000000001));
#123 = CIRCLE('',#124,37.499999999991);
#124 = AXIS2_PLACEMENT_3D('',#125,#126,#127);
#125 = CARTESIAN_POINT('',(-70.,64.,172.5));
#126 = DIRECTION('',(0.,-1.,2.22044604925E-16));
#127 = DIRECTION('',(1.,0.,0.));
#128 = ORIENTED_EDGE('',*,*,#129,.F.);
#129 = EDGE_CURVE('',#24,#121,#130,.T.);
#130 = LINE('',#131,#132);
#131 = CARTESIAN_POINT('',(-70.,103.56157588604,135.));
#132 = VECTOR('',#133,1.);
#133 = DIRECTION('',(7.804806630775E-12,-1.,0.));
#134 = SURFACE_OF_LINEAR_EXTRUSION('',#135,#228);
#135 = B_SPLINE_CURVE_WITH_KNOTS('',7,(#136,#137,#138,#139,#140,#141,
    #142,#143,#144,#145,#146,#147,#148,#149,#150,#151,#152,#153,#154,
    #155,#156,#157,#158,#159,#160,#161,#162,#163,#164,#165,#166,#167,
    #168,#169,#170,#171,#172,#173,#174,#175,#176,#177,#178,#179,#180,
    #181,#182,#183,#184,#185,#186,#187,#188,#189,#190,#191,#192,#193,
    #194,#195,#196,#197,#198,#199,#200,#201,#202,#203,#204,#205,#206,
    #207,#208,#209,#210,#211,#212,#213,#214,#215,#216,#217,#218,#219,
    #220,#221,#222,#223,#224,#225,#226,#227),.UNSPECIFIED.,.F.,.F.,(8,6,
    6,6,6,6,6,6,6,6,6,6,6,6,6,8),(0.,6.852788445127E-02,0.226543360451,
    0.330443198505,0.364779580795,0.409198950877,0.444132533288,
    0.500160182013,0.537954149213,0.556935184736,0.592017504163,
    0.636580002458,0.671052384005,0.773684286623,0.931565492841,1.),
  .UNSPECIFIED.);
#136 = CARTESIAN_POINT('',(-70.,103.56157588604,210.));
#137 = CARTESIAN_POINT('',(-71.32210432548,102.66793070932,210.));
#138 = CARTESIAN_POINT('',(-72.62306728404,101.75988739549,
    209.94561907076));
#139 = CARTESIAN_POINT('',(-73.9010288517,100.83931498646,
    209.83998748439));
#140 = CARTESIAN_POINT('',(-75.15439168766,99.908144117183,
    209.68612352787));
#141 = CARTESIAN_POINT('',(-76.38178856863,98.968352330218,
    209.48694510699));
#142 = CARTESIAN_POINT('',(-77.58205416296,98.021952349989,
    209.24527960772));
#143 = CARTESIAN_POINT('',(-81.45700402151,94.878185076201,
    208.31498645418));
#144 = CARTESIAN_POINT('',(-84.01115019159,92.660404209152,
    207.45459069094));
#145 = CARTESIAN_POINT('',(-86.41597752439,90.433192252538,
    206.41330531353));
#146 = CARTESIAN_POINT('',(-88.67499556472,88.209828278867,
    205.21340518688));
#147 = CARTESIAN_POINT('',(-90.79315822986,86.001688919592,
    203.8700673123));
#148 = CARTESIAN_POINT('',(-92.77480010315,83.820208644436,
    202.39240886791));
#149 = CARTESIAN_POINT('',(-95.83653181777,80.273370429688,
    199.72713110627));
#150 = CARTESIAN_POINT('',(-96.99215850681,78.88529773949,
    198.61418570887));
#151 = CARTESIAN_POINT('',(-98.09083406974,77.518903138595,
    197.4457535416));
#152 = CARTESIAN_POINT('',(-99.13339903903,76.178094657418,
    196.22097429756));
#153 = CARTESIAN_POINT('',(-100.1193178535,74.868655181575,
    194.93846319311));
#154 = CARTESIAN_POINT('',(-101.0467015586,73.598904489805,
    193.5966555953));
#155 = CARTESIAN_POINT('',(-102.1983501151,71.977366498495,
    191.73052095992));
#156 = CARTESIAN_POINT('',(-102.4777386139,71.580049671866,
    191.26022355328));
#157 = CARTESIAN_POINT('',(-102.7503708348,71.18854995658,
    190.78303578738));
#158 = CARTESIAN_POINT('',(-103.0161325173,70.803276816465,
    190.29884104053));
#159 = CARTESIAN_POINT('',(-103.2748840433,70.424688258028,
    189.80752658176));
#160 = CARTESIAN_POINT('',(-103.526461612,70.053291345032,
    189.30898346706));
#161 = CARTESIAN_POINT('',(-104.0866102563,69.219207504565,
    188.14867700605));
#162 = CARTESIAN_POINT('',(-104.390284038,68.761649709294,
    187.48184889076));
#163 = CARTESIAN_POINT('',(-104.6812434009,68.318245316479,
    186.80247339289));
#164 = CARTESIAN_POINT('',(-104.9589828772,67.890394060044,186.110409118
    ));
#165 = CARTESIAN_POINT('',(-105.2229451766,67.479618236966,
    185.40552188047));
#166 = CARTESIAN_POINT('',(-105.4725184726,67.087561525631,
    184.68768460996));
#167 = CARTESIAN_POINT('',(-105.8914680161,66.42376391184,183.3819556841
    ));
#168 = CARTESIAN_POINT('',(-106.0666221784,66.144155731946,
    182.79894609363));
#169 = CARTESIAN_POINT('',(-106.2320642242,65.878187287335,
    182.20799685996));
#170 = CARTESIAN_POINT('',(-106.3873833912,65.626866095034,
    181.60934174656));
#171 = CARTESIAN_POINT('',(-106.5321843087,65.391181190868,
    181.00319990522));
#172 = CARTESIAN_POINT('',(-106.6660811998,65.172101154056,
    180.38977587432));
#173 = CARTESIAN_POINT('',(-106.985339522,64.647353140636,
    178.77405477051));
#174 = CARTESIAN_POINT('',(-107.1532563169,64.368787136097,
    177.75908802032));
#175 = CARTESIAN_POINT('',(-107.2900389608,64.140121131659,
    176.72842225943));
#176 = CARTESIAN_POINT('',(-107.3939959653,63.965398209503,
    175.68581927611));
#177 = CARTESIAN_POINT('',(-107.4639984729,63.847427301115,
    174.6348218254));
#178 = CARTESIAN_POINT('',(-107.4993955263,63.787772831804,
    173.5788368748));
#179 = CARTESIAN_POINT('',(-107.5003976994,63.786083866924,
    171.80779475634));
#180 = CARTESIAN_POINT('',(-107.484966477,63.812090120077,
    171.09458116849));
#181 = CARTESIAN_POINT('',(-107.4537172808,63.864756106279,
    170.38280276237));
#182 = CARTESIAN_POINT('',(-107.4067878123,63.943756115339,
    169.67368929355));
#183 = CARTESIAN_POINT('',(-107.3444380165,64.048464095854,
    168.96849212492));
#184 = CARTESIAN_POINT('',(-107.2670593557,64.177954481112,168.268499581
    ));
#185 = CARTESIAN_POINT('',(-107.1290538025,64.40787116846,
    167.22678641109));
#186 = CARTESIAN_POINT('',(-107.0792530045,64.49069333243,
    166.88010928773));
#187 = CARTESIAN_POINT('',(-107.0258448235,64.579338720899,
    166.53511098138));
#188 = CARTESIAN_POINT('',(-106.9688886314,64.673664068174,
    166.19188412085));
#189 = CARTESIAN_POINT('',(-106.908448222,64.773516095018,
    165.85052387898));
#190 = CARTESIAN_POINT('',(-106.8445922188,64.878731635516,
    165.5111279765));
#191 = CARTESIAN_POINT('',(-106.6531940725,65.19319950016,
    164.55031310003));
#192 = CARTESIAN_POINT('',(-106.517607924,65.414943654408,
    163.93403371267));
#193 = CARTESIAN_POINT('',(-106.3710246515,65.653406929362,
    163.32514500528));
#194 = CARTESIAN_POINT('',(-106.2138359962,65.907604875981,
    162.72384802319));
#195 = CARTESIAN_POINT('',(-106.0464427013,66.176533899126,
    162.13035837263));
#196 = CARTESIAN_POINT('',(-105.8692603862,66.459173263177,
    161.54490621778));
#197 = CARTESIAN_POINT('',(-105.4457837296,67.129602610546,
    160.2345996186));
#198 = CARTESIAN_POINT('',(-105.1936971173,67.525255102368,
    159.51465641847));
#199 = CARTESIAN_POINT('',(-104.9271401968,67.93966369956,
    158.80778047159));
#200 = CARTESIAN_POINT('',(-104.646728773,68.371171414759,
    158.11383802111));
#201 = CARTESIAN_POINT('',(-104.3530223918,68.818246269313,
    157.43268766086));
#202 = CARTESIAN_POINT('',(-104.0465268878,69.279482415809,
    156.76418023718));
#203 = CARTESIAN_POINT('',(-103.4810584317,70.12036718131,
    155.60067771038));
#204 = CARTESIAN_POINT('',(-103.2270029597,70.494895357851,
    155.10059483142));
#205 = CARTESIAN_POINT('',(-102.9657180702,70.876624997829,
    154.60780322969));
#206 = CARTESIAN_POINT('',(-102.6973678839,71.26504576113,
    154.12219234622));
#207 = CARTESIAN_POINT('',(-102.4220918637,71.659697220178,
    153.64364783794));
#208 = CARTESIAN_POINT('',(-102.1400035891,72.060168320199,
    153.17205146839));
#209 = CARTESIAN_POINT('',(-100.9913262149,73.674635802859,
    151.32355653696));
#210 = CARTESIAN_POINT('',(-100.0711489628,74.932528438729,
    149.99921416019));
#211 = CARTESIAN_POINT('',(-99.09375497659,76.228957966489,
    148.73280613222));
#212 = CARTESIAN_POINT('',(-98.06093549398,77.555939442635,
    147.52283374657));
#213 = CARTESIAN_POINT('',(-96.97319077594,78.907897565392,
    146.36797874938));
#214 = CARTESIAN_POINT('',(-95.82971284066,80.281040655565,
    145.2674296702));
#215 = CARTESIAN_POINT('',(-92.78090015244,83.81349301652,
    142.61214056025));
#216 = CARTESIAN_POINT('',(-90.7985906476,85.996025516907,
    141.13337831711));
#217 = CARTESIAN_POINT('',(-88.67963007274,88.205266708017,
    139.78905684072));
#218 = CARTESIAN_POINT('',(-86.41967829127,90.429764577987,
    138.58829751004));
#219 = CARTESIAN_POINT('',(-84.01377174606,92.658127742809,
    137.54629267183));
#220 = CARTESIAN_POINT('',(-81.45839216556,94.877058867604,
    136.68534680971));
#221 = CARTESIAN_POINT('',(-77.58205416005,98.021952352348,
    135.75472039158));
#222 = CARTESIAN_POINT('',(-76.38178857152,98.968352327723,
    135.51305489397));
#223 = CARTESIAN_POINT('',(-75.15439169029,99.908144115415,
    135.31387647211));
#224 = CARTESIAN_POINT('',(-73.90102884922,100.83931498847,
    135.16001251502));
#225 = CARTESIAN_POINT('',(-72.62306728054,101.75988739772,
    135.05438092948));
#226 = CARTESIAN_POINT('',(-71.32210432896,102.66793070696,135.));
#227 = CARTESIAN_POINT('',(-70.,103.56157588604,135.));
#228 = VECTOR('',#229,1.);
#229 = DIRECTION('',(-7.804806630775E-12,1.,0.));
#230 = ADVANCED_FACE('',(#231),#477,.T.);
#231 = FACE_BOUND('',#232,.T.);
#232 = EDGE_LOOP('',(#233,#244,#252,#261,#358,#366,#463,#469,#470,#471)
  );
#233 = ORIENTED_EDGE('',*,*,#234,.F.);
#234 = EDGE_CURVE('',#235,#237,#239,.T.);
#235 = VERTEX_POINT('',#236);
#236 = CARTESIAN_POINT('',(-70.,56.,210.));
#237 = VERTEX_POINT('',#238);
#238 = CARTESIAN_POINT('',(-70.00000000002,56.,135.00000000001));
#239 = CIRCLE('',#240,37.499999999991);
#240 = AXIS2_PLACEMENT_3D('',#241,#242,#243);
#241 = CARTESIAN_POINT('',(-70.,56.,172.5));
#242 = DIRECTION('',(0.,-1.,2.22044604925E-16));
#243 = DIRECTION('',(1.,0.,0.));
#244 = ORIENTED_EDGE('',*,*,#245,.T.);
#245 = EDGE_CURVE('',#235,#246,#248,.T.);
#246 = VERTEX_POINT('',#247);
#247 = CARTESIAN_POINT('',(-70.,64.,210.));
#248 = LINE('',#249,#250);
#249 = CARTESIAN_POINT('',(-70.,4.662936703426E-14,210.));
#250 = VECTOR('',#251,1.);
#251 = DIRECTION('',(0.,1.,-2.22044604925E-16));
#252 = ORIENTED_EDGE('',*,*,#253,.T.);
#253 = EDGE_CURVE('',#246,#254,#256,.T.);
#254 = VERTEX_POINT('',#255);
#255 = CARTESIAN_POINT('',(-107.3731810166,63.999999999992,
    175.58145108905));
#256 = CIRCLE('',#257,37.499999999991);
#257 = AXIS2_PLACEMENT_3D('',#258,#259,#260);
#258 = CARTESIAN_POINT('',(-70.,64.,172.5));
#259 = DIRECTION('',(0.,-1.,2.22044604925E-16));
#260 = DIRECTION('',(1.,0.,0.));
#261 = ORIENTED_EDGE('',*,*,#262,.F.);
#262 = EDGE_CURVE('',#263,#254,#265,.T.);
#263 = VERTEX_POINT('',#264);
#264 = CARTESIAN_POINT('',(-70.,103.56157588604,210.));
#265 = B_SPLINE_CURVE_WITH_KNOTS('',7,(#266,#267,#268,#269,#270,#271,
    #272,#273,#274,#275,#276,#277,#278,#279,#280,#281,#282,#283,#284,
    #285,#286,#287,#288,#289,#290,#291,#292,#293,#294,#295,#296,#297,
    #298,#299,#300,#301,#302,#303,#304,#305,#306,#307,#308,#309,#310,
    #311,#312,#313,#314,#315,#316,#317,#318,#319,#320,#321,#322,#323,
    #324,#325,#326,#327,#328,#329,#330,#331,#332,#333,#334,#335,#336,
    #337,#338,#339,#340,#341,#342,#343,#344,#345,#346,#347,#348,#349,
    #350,#351,#352,#353,#354,#355,#356,#357),.UNSPECIFIED.,.F.,.F.,(8,6,
    6,6,6,6,6,6,6,6,6,6,6,6,6,8),(0.,6.852788445127E-02,0.226543360451,
    0.330443198505,0.364779580795,0.409198950877,0.444132533288,
    0.500160182013,0.537954149213,0.556935184736,0.592017504163,
    0.636580002458,0.671052384005,0.773684286623,0.931565492841,1.),
  .UNSPECIFIED.);
#266 = CARTESIAN_POINT('',(-70.,103.56157588604,210.));
#267 = CARTESIAN_POINT('',(-71.32210432548,102.66793070932,210.));
#268 = CARTESIAN_POINT('',(-72.62306728404,101.75988739549,
    209.94561907076));
#269 = CARTESIAN_POINT('',(-73.9010288517,100.83931498646,
    209.83998748439));
#270 = CARTESIAN_POINT('',(-75.15439168766,99.908144117183,
    209.68612352787));
#271 = CARTESIAN_POINT('',(-76.38178856863,98.968352330218,
    209.48694510699));
#272 = CARTESIAN_POINT('',(-77.58205416296,98.021952349989,
    209.24527960772));
#273 = CARTESIAN_POINT('',(-81.45700402151,94.878185076201,
    208.31498645418));
#274 = CARTESIAN_POINT('',(-84.01115019159,92.660404209152,
    207.45459069094));
#275 = CARTESIAN_POINT('',(-86.41597752439,90.433192252538,
    206.41330531353));
#276 = CARTESIAN_POINT('',(-88.67499556472,88.209828278867,
    205.21340518688));
#277 = CARTESIAN_POINT('',(-90.79315822986,86.001688919592,
    203.8700673123));
#278 = CARTESIAN_POINT('',(-92.77480010315,83.820208644436,
    202.39240886791));
#279 = CARTESIAN_POINT('',(-95.83653181777,80.273370429688,
    199.72713110627));
#280 = CARTESIAN_POINT('',(-96.99215850681,78.88529773949,
    198.61418570887));
#281 = CARTESIAN_POINT('',(-98.09083406974,77.518903138595,
    197.4457535416));
#282 = CARTESIAN_POINT('',(-99.13339903903,76.178094657418,
    196.22097429756));
#283 = CARTESIAN_POINT('',(-100.1193178535,74.868655181575,
    194.93846319311));
#284 = CARTESIAN_POINT('',(-101.0467015586,73.598904489805,
    193.5966555953));
#285 = CARTESIAN_POINT('',(-102.1983501151,71.977366498495,
    191.73052095992));
#286 = CARTESIAN_POINT('',(-102.4777386139,71.580049671866,
    191.26022355328));
#287 = CARTESIAN_POINT('',(-102.7503708348,71.18854995658,
    190.78303578738));
#288 = CARTESIAN_POINT('',(-103.0161325173,70.803276816465,
    190.29884104053));
#289 = CARTESIAN_POINT('',(-103.2748840433,70.424688258028,
    189.80752658176));
#290 = CARTESIAN_POINT('',(-103.526461612,70.053291345032,
    189.30898346706));
#291 = CARTESIAN_POINT('',(-104.0866102563,69.219207504565,
    188.14867700605));
#292 = CARTESIAN_POINT('',(-104.390284038,68.761649709294,
    187.48184889076));
#293 = CARTESIAN_POINT('',(-104.6812434009,68.318245316479,
    186.80247339289));
#294 = CARTESIAN_POINT('',(-104.9589828772,67.890394060044,186.110409118
    ));
#295 = CARTESIAN_POINT('',(-105.2229451766,67.479618236966,
    185.40552188047));
#296 = CARTESIAN_POINT('',(-105.4725184726,67.087561525631,
    184.68768460996));
#297 = CARTESIAN_POINT('',(-105.8914680161,66.42376391184,183.3819556841
    ));
#298 = CARTESIAN_POINT('',(-106.0666221784,66.144155731946,
    182.79894609363));
#299 = CARTESIAN_POINT('',(-106.2320642242,65.878187287335,
    182.20799685996));
#300 = CARTESIAN_POINT('',(-106.3873833912,65.626866095034,
    181.60934174656));
#301 = CARTESIAN_POINT('',(-106.5321843087,65.391181190868,
    181.00319990522));
#302 = CARTESIAN_POINT('',(-106.6660811998,65.172101154056,
    180.38977587432));
#303 = CARTESIAN_POINT('',(-106.985339522,64.647353140636,
    178.77405477051));
#304 = CARTESIAN_POINT('',(-107.1532563169,64.368787136097,
    177.75908802032));
#305 = CARTESIAN_POINT('',(-107.2900389608,64.140121131659,
    176.72842225943));
#306 = CARTESIAN_POINT('',(-107.3939959653,63.965398209503,
    175.68581927611));
#307 = CARTESIAN_POINT('',(-107.4639984729,63.847427301115,
    174.6348218254));
#308 = CARTESIAN_POINT('',(-107.4993955263,63.787772831804,
    173.5788368748));
#309 = CARTESIAN_POINT('',(-107.5003976994,63.786083866924,
    171.80779475634));
#310 = CARTESIAN_POINT('',(-107.484966477,63.812090120077,
    171.09458116849));
#311 = CARTESIAN_POINT('',(-107.4537172808,63.864756106279,
    170.38280276237));
#312 = CARTESIAN_POINT('',(-107.4067878123,63.943756115339,
    169.67368929355));
#313 = CARTESIAN_POINT('',(-107.3444380165,64.048464095854,
    168.96849212492));
#314 = CARTESIAN_POINT('',(-107.2670593557,64.177954481112,168.268499581
    ));
#315 = CARTESIAN_POINT('',(-107.1290538025,64.40787116846,
    167.22678641109));
#316 = CARTESIAN_POINT('',(-107.0792530045,64.49069333243,
    166.88010928773));
#317 = CARTESIAN_POINT('',(-107.0258448235,64.579338720899,
    166.53511098138));
#318 = CARTESIAN_POINT('',(-106.9688886314,64.673664068174,
    166.19188412085));
#319 = CARTESIAN_POINT('',(-106.908448222,64.773516095018,
    165.85052387898));
#320 = CARTESIAN_POINT('',(-106.8445922188,64.878731635516,
    165.5111279765));
#321 = CARTESIAN_POINT('',(-106.6531940725,65.19319950016,
    164.55031310003));
#322 = CARTESIAN_POINT('',(-106.517607924,65.414943654408,
    163.93403371267));
#323 = CARTESIAN_POINT('',(-106.3710246515,65.653406929362,
    163.32514500528));
#324 = CARTESIAN_POINT('',(-106.2138359962,65.907604875981,
    162.72384802319));
#325 = CARTESIAN_POINT('',(-106.0464427013,66.176533899126,
    162.13035837263));
#326 = CARTESIAN_POINT('',(-105.8692603862,66.459173263177,
    161.54490621778));
#327 = CARTESIAN_POINT('',(-105.4457837296,67.129602610546,
    160.2345996186));
#328 = CARTESIAN_POINT('',(-105.1936971173,67.525255102368,
    159.51465641847));
#329 = CARTESIAN_POINT('',(-104.9271401968,67.93966369956,
    158.80778047159));
#330 = CARTESIAN_POINT('',(-104.646728773,68.371171414759,
    158.11383802111));
#331 = CARTESIAN_POINT('',(-104.3530223918,68.818246269313,
    157.43268766086));
#332 = CARTESIAN_POINT('',(-104.0465268878,69.279482415809,
    156.76418023718));
#333 = CARTESIAN_POINT('',(-103.4810584317,70.12036718131,
    155.60067771038));
#334 = CARTESIAN_POINT('',(-103.2270029597,70.494895357851,
    155.10059483142));
#335 = CARTESIAN_POINT('',(-102.9657180702,70.876624997829,
    154.60780322969));
#336 = CARTESIAN_POINT('',(-102.6973678839,71.26504576113,
    154.12219234622));
#337 = CARTESIAN_POINT('',(-102.4220918637,71.659697220178,
    153.64364783794));
#338 = CARTESIAN_POINT('',(-102.1400035891,72.060168320199,
    153.17205146839));
#339 = CARTESIAN_POINT('',(-100.9913262149,73.674635802859,
    151.32355653696));
#340 = CARTESIAN_POINT('',(-100.0711489628,74.932528438729,
    149.99921416019));
#341 = CARTESIAN_POINT('',(-99.09375497659,76.228957966489,
    148.73280613222));
#342 = CARTESIAN_POINT('',(-98.06093549398,77.555939442635,
    147.52283374657));
#343 = CARTESIAN_POINT('',(-96.97319077594,78.907897565392,
    146.36797874938));
#344 = CARTESIAN_POINT('',(-95.82971284066,80.281040655565,
    145.2674296702));
#345 = CARTESIAN_POINT('',(-92.78090015244,83.81349301652,
    142.61214056025));
#346 = CARTESIAN_POINT('',(-90.7985906476,85.996025516907,
    141.13337831711));
#347 = CARTESIAN_POINT('',(-88.67963007274,88.205266708017,
    139.78905684072));
#348 = CARTESIAN_POINT('',(-86.41967829127,90.429764577987,
    138.58829751004));
#349 = CARTESIAN_POINT('',(-84.01377174606,92.658127742809,
    137.54629267183));
#350 = CARTESIAN_POINT('',(-81.45839216556,94.877058867604,
    136.68534680971));
#351 = CARTESIAN_POINT('',(-77.58205416005,98.021952352348,
    135.75472039158));
#352 = CARTESIAN_POINT('',(-76.38178857152,98.968352327723,
    135.51305489397));
#353 = CARTESIAN_POINT('',(-75.15439169029,99.908144115415,
    135.31387647211));
#354 = CARTESIAN_POINT('',(-73.90102884922,100.83931498847,
    135.16001251502));
#355 = CARTESIAN_POINT('',(-72.62306728054,101.75988739772,
    135.05438092948));
#356 = CARTESIAN_POINT('',(-71.32210432896,102.66793070696,135.));
#357 = CARTESIAN_POINT('',(-70.,103.56157588604,135.));
#358 = ORIENTED_EDGE('',*,*,#359,.T.);
#359 = EDGE_CURVE('',#263,#360,#362,.T.);
#360 = VERTEX_POINT('',#361);
#361 = CARTESIAN_POINT('',(-70.,109.54451150103,210.));
#362 = LINE('',#363,#364);
#363 = CARTESIAN_POINT('',(-70.,4.662936703426E-14,210.));
#364 = VECTOR('',#365,1.);
#365 = DIRECTION('',(0.,1.,-2.22044604925E-16));
#366 = ORIENTED_EDGE('',*,*,#367,.T.);
#367 = EDGE_CURVE('',#360,#368,#370,.T.);
#368 = VERTEX_POINT('',#369);
#369 = CARTESIAN_POINT('',(-70.,109.54451150103,135.));
#370 = B_SPLINE_CURVE_WITH_KNOTS('',7,(#371,#372,#373,#374,#375,#376,
    #377,#378,#379,#380,#381,#382,#383,#384,#385,#386,#387,#388,#389,
    #390,#391,#392,#393,#394,#395,#396,#397,#398,#399,#400,#401,#402,
    #403,#404,#405,#406,#407,#408,#409,#410,#411,#412,#413,#414,#415,
    #416,#417,#418,#419,#420,#421,#422,#423,#424,#425,#426,#427,#428,
    #429,#430,#431,#432,#433,#434,#435,#436,#437,#438,#439,#440,#441,
    #442,#443,#444,#445,#446,#447,#448,#449,#450,#451,#452,#453,#454,
    #455,#456,#457,#458,#459,#460,#461,#462),.UNSPECIFIED.,.F.,.F.,(8,6,
    6,6,6,6,6,6,6,6,6,6,6,6,6,8),(0.,6.861006746401E-02,0.114630330591,
    0.223101748377,0.352176767775,0.398219861378,0.436370640202,
    0.457015099715,0.499563534152,0.563024263225,0.601190621557,
    0.647498539623,0.777582167225,0.885235936104,0.931309888703,1.),
  .UNSPECIFIED.);
#371 = CARTESIAN_POINT('',(-70.,109.54451150103,210.));
#372 = CARTESIAN_POINT('',(-71.31708356376,108.70288239337,210.));
#373 = CARTESIAN_POINT('',(-72.6149722669,107.84749997136,
    209.94603151837));
#374 = CARTESIAN_POINT('',(-73.8916692335,106.98016634923,
    209.84092499436));
#375 = CARTESIAN_POINT('',(-75.14540585421,106.10276937609,
    209.68745339135));
#376 = CARTESIAN_POINT('',(-76.37462319575,105.21726786626,209.488339645
    ));
#377 = CARTESIAN_POINT('',(-77.57795341022,104.32567682977,
    209.24626411135));
#378 = CARTESIAN_POINT('',(-79.5431703475,102.82931203127,
    208.77445726772));
#379 = CARTESIAN_POINT('',(-80.32021241275,102.22656086947,
    208.56684206539));
#380 = CARTESIAN_POINT('',(-81.08521493796,101.62221795009,
    208.34173978808));
#381 = CARTESIAN_POINT('',(-81.83809195946,101.01669582865,
    208.09981954791));
#382 = CARTESIAN_POINT('',(-82.57878220328,100.41039952832,
    207.84170690796));
#383 = CARTESIAN_POINT('',(-83.30724733588,99.803725184805,
    207.56798460132));
#384 = CARTESIAN_POINT('',(-85.71163333911,97.767123914636,
    206.59850163317));
#385 = CARTESIAN_POINT('',(-87.33163356158,96.337359002508,
    205.83415127604));
#386 = CARTESIAN_POINT('',(-88.88415316501,94.912071589611,
    204.99288971832));
#387 = CARTESIAN_POINT('',(-90.37026279002,93.495287801006,
    204.07987992219));
#388 = CARTESIAN_POINT('',(-91.79102808977,92.091005836585,203.098919148
    ));
#389 = CARTESIAN_POINT('',(-93.1472165591,90.703528246561,
    202.05262329402));
#390 = CARTESIAN_POINT('',(-95.97638015866,87.712818167293,
    199.62168232493));
#391 = CARTESIAN_POINT('',(-97.42132902527,86.120014754025,
    198.21161653289));
#392 = CARTESIAN_POINT('',(-98.77657070105,84.565827555749,
    196.71369577718));
#393 = CARTESIAN_POINT('',(-100.0423629172,83.058949653839,
    195.1270445102));
#394 = CARTESIAN_POINT('',(-101.2160795402,81.611896798483,
    193.44982466282));
#395 = CARTESIAN_POINT('',(-102.2923751358,80.24227457544,191.679958578)
  );
#396 = CARTESIAN_POINT('',(-103.6091753666,78.520466079933,
    189.15039168134));
#397 = CARTESIAN_POINT('',(-103.942060965,78.080396705233,
    188.47304005352));
#398 = CARTESIAN_POINT('',(-104.261163201,77.654100569673,
    187.78342702276));
#399 = CARTESIAN_POINT('',(-104.5660047988,77.242785283077,
    187.08155561647));
#400 = CARTESIAN_POINT('',(-104.8560756352,76.847729912491,
    186.36743042736));
#401 = CARTESIAN_POINT('',(-105.1308291378,76.470283334785,
    185.64105763473));
#402 = CARTESIAN_POINT('',(-105.6041584472,75.814879273886,
    184.29043909664));
#403 = CARTESIAN_POINT('',(-105.8077466901,75.530920047853,
    183.66995108509));
#404 = CARTESIAN_POINT('',(-106.0000010556,75.260939705865,
    183.04127669614));
#405 = CARTESIAN_POINT('',(-106.1805032045,75.005870892081,
    182.40470125863));
#406 = CARTESIAN_POINT('',(-106.3488531683,74.766621911969,
    181.76049974054));
#407 = CARTESIAN_POINT('',(-106.5046637015,74.544074544144,
    181.1089367643));
#408 = CARTESIAN_POINT('',(-106.7248769364,74.228154540644,
    180.09384168129));
#409 = CARTESIAN_POINT('',(-106.7984075526,74.122379872893,
    179.7353751622));
#410 = CARTESIAN_POINT('',(-106.8680750524,74.021909200071,
    179.37496682966));
#411 = CARTESIAN_POINT('',(-106.9338130183,73.926885270331,
    179.01271474338));
#412 = CARTESIAN_POINT('',(-106.9955596891,73.83744210172,
    178.64871526106));
#413 = CARTESIAN_POINT('',(-107.053257603,73.753704855022,
    178.28306304164));
#414 = CARTESIAN_POINT('',(-107.2173143776,73.515205818158,
    177.15902351296));
#415 = CARTESIAN_POINT('',(-107.3103831853,73.379304642021,
    176.3953432795));
#416 = CARTESIAN_POINT('',(-107.3854890655,73.269251088294,
    175.62618765732));
#417 = CARTESIAN_POINT('',(-107.4422163769,73.185930863474,
    174.85289467892));
#418 = CARTESIAN_POINT('',(-107.4802875263,73.129946112659,
    174.07677438114));
#419 = CARTESIAN_POINT('',(-107.4995538086,73.101613741099,
    173.2991201293));
#420 = CARTESIAN_POINT('',(-107.5006505331,73.100000932398,
    171.36098668793));
#421 = CARTESIAN_POINT('',(-107.459426325,73.160623732666,
    170.20211562747));
#422 = CARTESIAN_POINT('',(-107.3764993746,73.282579153916,
    169.04832365083));
#423 = CARTESIAN_POINT('',(-107.2525576238,73.464380035033,
    167.9033688033));
#424 = CARTESIAN_POINT('',(-107.088815933,73.703301782245,
    166.77111472205));
#425 = CARTESIAN_POINT('',(-106.887102079,73.99540071546,165.65559367763
    ));
#426 = CARTESIAN_POINT('',(-106.5074216415,74.540132267029,
    163.90280212248));
#427 = CARTESIAN_POINT('',(-106.3519265957,74.762246733968,
    163.25162628674));
#428 = CARTESIAN_POINT('',(-106.1839058808,75.001049240803,
    162.60779548714));
#429 = CARTESIAN_POINT('',(-106.0037459098,75.255660059618,
    161.9715747923));
#430 = CARTESIAN_POINT('',(-105.8118458998,75.525172772315,
    161.3432396243));
#431 = CARTESIAN_POINT('',(-105.6086235108,75.808656453833,
    160.72307577517));
#432 = CARTESIAN_POINT('',(-105.1347454895,76.464908253635,
    159.36919741351));
#433 = CARTESIAN_POINT('',(-104.8589128086,76.843878080754,
    158.63936639182));
#434 = CARTESIAN_POINT('',(-104.5676175624,77.240630072218,
    157.92189444856));
#435 = CARTESIAN_POINT('',(-104.2614140836,77.653796316408,
    157.21678804476));
#436 = CARTESIAN_POINT('',(-103.9408196038,78.082079942545,
    156.52405203349));
#437 = CARTESIAN_POINT('',(-103.606317943,78.524256808629,155.8436896811
    ));
#438 = CARTESIAN_POINT('',(-102.2809231137,80.257094570872,
    153.29925963458));
#439 = CARTESIAN_POINT('',(-101.1963809329,81.636802676846,
    151.51866241793));
#440 = CARTESIAN_POINT('',(-100.01318865,83.094763519032,149.83191330544
    ));
#441 = CARTESIAN_POINT('',(-98.73677337349,84.613066283834,
    148.2369014208));
#442 = CARTESIAN_POINT('',(-97.36977746546,86.179013916232,
    146.7317684047));
#443 = CARTESIAN_POINT('',(-95.91188968455,87.783808132823,
    145.31565652172));
#444 = CARTESIAN_POINT('',(-93.07641655046,90.77590558744,
    142.89288577388));
#445 = CARTESIAN_POINT('',(-91.72923717687,92.152040346233,
    141.85850340355));
#446 = CARTESIAN_POINT('',(-90.31856848447,93.544545786126,
    140.88841196562));
#447 = CARTESIAN_POINT('',(-88.84365608573,94.949237026686,
    139.98519145676));
#448 = CARTESIAN_POINT('',(-87.30346402095,96.3622163045,139.1525660872)
  );
#449 = CARTESIAN_POINT('',(-85.69695573057,97.779556376041,
    138.39558014426));
#450 = CARTESIAN_POINT('',(-83.30724733589,99.803725184804,
    137.43201539867));
#451 = CARTESIAN_POINT('',(-82.57878220328,100.41039952832,
    137.15829309203));
#452 = CARTESIAN_POINT('',(-81.83809195947,101.01669582865,
    136.90018045208));
#453 = CARTESIAN_POINT('',(-81.08521493796,101.62221795008,
    136.65826021191));
#454 = CARTESIAN_POINT('',(-80.32021241276,102.22656086947,
    136.4331579346));
#455 = CARTESIAN_POINT('',(-79.5431703475,102.82931203127,
    136.22554273227));
#456 = CARTESIAN_POINT('',(-77.57795341022,104.32567682977,
    135.75373588864));
#457 = CARTESIAN_POINT('',(-76.37462319575,105.21726786626,
    135.51166035499));
#458 = CARTESIAN_POINT('',(-75.14540585421,106.10276937609,
    135.31254660864));
#459 = CARTESIAN_POINT('',(-73.8916692335,106.98016634923,
    135.15907500563));
#460 = CARTESIAN_POINT('',(-72.6149722669,107.84749997136,
    135.05396848162));
#461 = CARTESIAN_POINT('',(-71.31708356376,108.70288239337,135.));
#462 = CARTESIAN_POINT('',(-70.,109.54451150103,135.));
#463 = ORIENTED_EDGE('',*,*,#464,.F.);
#464 = EDGE_CURVE('',#24,#368,#465,.T.);
#465 = LINE('',#466,#467);
#466 = CARTESIAN_POINT('',(-70.,2.997602166488E-14,135.));
#467 = VECTOR('',#468,1.);
#468 = DIRECTION('',(0.,1.,-2.22044604925E-16));
#469 = ORIENTED_EDGE('',*,*,#21,.F.);
#470 = ORIENTED_EDGE('',*,*,#120,.T.);
#471 = ORIENTED_EDGE('',*,*,#472,.F.);
#472 = EDGE_CURVE('',#237,#121,#473,.T.);
#473 = LINE('',#474,#475);
#474 = CARTESIAN_POINT('',(-70.00000000002,2.997602166488E-14,
    135.00000000001));
#475 = VECTOR('',#476,1.);
#476 = DIRECTION('',(0.,1.,-2.22044604925E-16));
#477 = CYLINDRICAL_SURFACE('',#478,37.499999999991);
#478 = AXIS2_PLACEMENT_3D('',#479,#480,#481);
#479 = CARTESIAN_POINT('',(-70.,3.830269434957E-14,172.5));
#480 = DIRECTION('',(0.,-1.,2.22044604925E-16));
#481 = DIRECTION('',(1.,0.,0.));
#482 = ADVANCED_FACE('',(#483),#527,.T.);
#483 = FACE_BOUND('',#484,.T.);
#484 = EDGE_LOOP('',(#485,#493,#494,#495,#496,#505,#513,#521));
#485 = ORIENTED_EDGE('',*,*,#486,.F.);
#486 = EDGE_CURVE('',#237,#487,#489,.T.);
#487 = VERTEX_POINT('',#488);
#488 = CARTESIAN_POINT('',(70.000000000026,56.,135.00000000001));
#489 = LINE('',#490,#491);
#490 = CARTESIAN_POINT('',(55.010500000008,56.,135.));
#491 = VECTOR('',#492,1.);
#492 = DIRECTION('',(1.,0.,0.));
#493 = ORIENTED_EDGE('',*,*,#472,.T.);
#494 = ORIENTED_EDGE('',*,*,#129,.F.);
#495 = ORIENTED_EDGE('',*,*,#464,.T.);
#496 = ORIENTED_EDGE('',*,*,#497,.T.);
#497 = EDGE_CURVE('',#368,#498,#500,.T.);
#498 = VERTEX_POINT('',#499);
#499 = CARTESIAN_POINT('',(70.,109.54451150103,135.));
#500 = CIRCLE('',#501,130.);
#501 = AXIS2_PLACEMENT_3D('',#502,#503,#504);
#502 = CARTESIAN_POINT('',(0.,0.,135.));
#503 = DIRECTION('',(0.,0.,-1.));
#504 = DIRECTION('',(1.,0.,0.));
#505 = ORIENTED_EDGE('',*,*,#506,.F.);
#506 = EDGE_CURVE('',#507,#498,#509,.T.);
#507 = VERTEX_POINT('',#508);
#508 = CARTESIAN_POINT('',(70.,103.56157588604,135.));
#509 = LINE('',#510,#511);
#510 = CARTESIAN_POINT('',(70.,2.997602166488E-14,135.));
#511 = VECTOR('',#512,1.);
#512 = DIRECTION('',(0.,1.,-2.22044604925E-16));
#513 = ORIENTED_EDGE('',*,*,#514,.T.);
#514 = EDGE_CURVE('',#507,#515,#517,.T.);
#515 = VERTEX_POINT('',#516);
#516 = CARTESIAN_POINT('',(70.000000000026,64.,135.00000000001));
#517 = LINE('',#518,#519);
#518 = CARTESIAN_POINT('',(70.,103.56157588604,135.));
#519 = VECTOR('',#520,1.);
#520 = DIRECTION('',(7.804806630775E-12,-1.,0.));
#521 = ORIENTED_EDGE('',*,*,#522,.F.);
#522 = EDGE_CURVE('',#487,#515,#523,.T.);
#523 = LINE('',#524,#525);
#524 = CARTESIAN_POINT('',(70.000000000026,2.997602166488E-14,
    135.00000000001));
#525 = VECTOR('',#526,1.);
#526 = DIRECTION('',(0.,1.,-2.22044604925E-16));
#527 = PLANE('',#528);
#528 = AXIS2_PLACEMENT_3D('',#529,#530,#531);
#529 = CARTESIAN_POINT('',(1.69302233874E-11,59.034510804199,135.));
#530 = DIRECTION('',(-0.,-1.42305076465E-13,-1.));
#531 = DIRECTION('',(0.,-1.,1.42305076465E-13));
#532 = ADVANCED_FACE('',(#533,#552,#563,#574),#646,.F.);
#533 = FACE_BOUND('',#534,.F.);
#534 = EDGE_LOOP('',(#535,#543,#550,#551));
#535 = ORIENTED_EDGE('',*,*,#536,.F.);
#536 = EDGE_CURVE('',#537,#235,#539,.T.);
#537 = VERTEX_POINT('',#538);
#538 = CARTESIAN_POINT('',(69.999999999965,56.,210.));
#539 = LINE('',#540,#541);
#540 = CARTESIAN_POINT('',(110.021,56.,210.));
#541 = VECTOR('',#542,1.);
#542 = DIRECTION('',(-1.,0.,0.));
#543 = ORIENTED_EDGE('',*,*,#544,.F.);
#544 = EDGE_CURVE('',#487,#537,#545,.T.);
#545 = CIRCLE('',#546,37.499999999991);
#546 = AXIS2_PLACEMENT_3D('',#547,#548,#549);
#547 = CARTESIAN_POINT('',(69.999999999965,56.,172.5));
#548 = DIRECTION('',(0.,-1.,2.22044604925E-16));
#549 = DIRECTION('',(1.,0.,0.));
#550 = ORIENTED_EDGE('',*,*,#486,.F.);
#551 = ORIENTED_EDGE('',*,*,#234,.F.);
#552 = FACE_BOUND('',#553,.F.);
#553 = EDGE_LOOP('',(#554));
#554 = ORIENTED_EDGE('',*,*,#555,.F.);
#555 = EDGE_CURVE('',#556,#556,#558,.T.);
#556 = VERTEX_POINT('',#557);
#557 = CARTESIAN_POINT('',(94.15,56.,172.5));
#558 = CIRCLE('',#559,2.35);
#559 = AXIS2_PLACEMENT_3D('',#560,#561,#562);
#560 = CARTESIAN_POINT('',(96.5,56.,172.5));
#561 = DIRECTION('',(0.,1.,-2.22044604925E-16));
#562 = DIRECTION('',(-1.,0.,0.));
#563 = FACE_BOUND('',#564,.F.);
#564 = EDGE_LOOP('',(#565));
#565 = ORIENTED_EDGE('',*,*,#566,.F.);
#566 = EDGE_CURVE('',#567,#567,#569,.T.);
#567 = VERTEX_POINT('',#568);
#568 = CARTESIAN_POINT('',(-98.85,56.,172.5));
#569 = CIRCLE('',#570,2.35);
#570 = AXIS2_PLACEMENT_3D('',#571,#572,#573);
#571 = CARTESIAN_POINT('',(-96.5,56.,172.5));
#572 = DIRECTION('',(0.,1.,-2.22044604925E-16));
#573 = DIRECTION('',(-1.,0.,0.));
#574 = FACE_BOUND('',#575,.F.);
#575 = EDGE_LOOP('',(#576,#587,#596,#605,#613,#622,#631,#640));
#576 = ORIENTED_EDGE('',*,*,#577,.F.);
#577 = EDGE_CURVE('',#578,#580,#582,.T.);
#578 = VERTEX_POINT('',#579);
#579 = CARTESIAN_POINT('',(100.28461538457,56.,160.70626984344));
#580 = VERTEX_POINT('',#581);
#581 = CARTESIAN_POINT('',(69.999999999965,56.,140.00000000001));
#582 = CIRCLE('',#583,32.499999999991);
#583 = AXIS2_PLACEMENT_3D('',#584,#585,#586);
#584 = CARTESIAN_POINT('',(69.999999999965,56.,172.5));
#585 = DIRECTION('',(0.,1.,-2.22044604925E-16));
#586 = DIRECTION('',(-1.,0.,0.));
#587 = ORIENTED_EDGE('',*,*,#588,.T.);
#588 = EDGE_CURVE('',#578,#589,#591,.T.);
#589 = VERTEX_POINT('',#590);
#590 = CARTESIAN_POINT('',(100.28461538457,56.,184.29373015657));
#591 = CIRCLE('',#592,12.);
#592 = AXIS2_PLACEMENT_3D('',#593,#594,#595);
#593 = CARTESIAN_POINT('',(102.49999999995,56.,172.5));
#594 = DIRECTION('',(0.,1.,-2.22044604925E-16));
#595 = DIRECTION('',(-1.,0.,0.));
#596 = ORIENTED_EDGE('',*,*,#597,.F.);
#597 = EDGE_CURVE('',#598,#589,#600,.T.);
#598 = VERTEX_POINT('',#599);
#599 = CARTESIAN_POINT('',(69.999999999965,56.,205.));
#600 = CIRCLE('',#601,32.499999999991);
#601 = AXIS2_PLACEMENT_3D('',#602,#603,#604);
#602 = CARTESIAN_POINT('',(69.999999999965,56.,172.5));
#603 = DIRECTION('',(0.,1.,-2.22044604925E-16));
#604 = DIRECTION('',(-1.,0.,0.));
#605 = ORIENTED_EDGE('',*,*,#606,.F.);
#606 = EDGE_CURVE('',#607,#598,#609,.T.);
#607 = VERTEX_POINT('',#608);
#608 = CARTESIAN_POINT('',(-70.,56.,205.));
#609 = LINE('',#610,#611);
#610 = CARTESIAN_POINT('',(90.010499999983,56.,205.));
#611 = VECTOR('',#612,1.);
#612 = DIRECTION('',(1.,0.,2.030122102172E-16));
#613 = ORIENTED_EDGE('',*,*,#614,.F.);
#614 = EDGE_CURVE('',#615,#607,#617,.T.);
#615 = VERTEX_POINT('',#616);
#616 = CARTESIAN_POINT('',(-100.2846153846,56.,184.29373015657));
#617 = CIRCLE('',#618,32.499999999991);
#618 = AXIS2_PLACEMENT_3D('',#619,#620,#621);
#619 = CARTESIAN_POINT('',(-70.,56.,172.5));
#620 = DIRECTION('',(0.,1.,-2.22044604925E-16));
#621 = DIRECTION('',(-1.,0.,0.));
#622 = ORIENTED_EDGE('',*,*,#623,.T.);
#623 = EDGE_CURVE('',#615,#624,#626,.T.);
#624 = VERTEX_POINT('',#625);
#625 = CARTESIAN_POINT('',(-100.2846153846,56.,160.70626984344));
#626 = CIRCLE('',#627,12.);
#627 = AXIS2_PLACEMENT_3D('',#628,#629,#630);
#628 = CARTESIAN_POINT('',(-102.4999999999,56.,172.5));
#629 = DIRECTION('',(0.,1.,-2.22044604925E-16));
#630 = DIRECTION('',(-1.,0.,0.));
#631 = ORIENTED_EDGE('',*,*,#632,.F.);
#632 = EDGE_CURVE('',#633,#624,#635,.T.);
#633 = VERTEX_POINT('',#634);
#634 = CARTESIAN_POINT('',(-70.,56.,140.00000000001));
#635 = CIRCLE('',#636,32.499999999991);
#636 = AXIS2_PLACEMENT_3D('',#637,#638,#639);
#637 = CARTESIAN_POINT('',(-70.,56.,172.5));
#638 = DIRECTION('',(0.,1.,-2.22044604925E-16));
#639 = DIRECTION('',(-1.,0.,0.));
#640 = ORIENTED_EDGE('',*,*,#641,.T.);
#641 = EDGE_CURVE('',#633,#580,#642,.T.);
#642 = LINE('',#643,#644);
#643 = CARTESIAN_POINT('',(90.010499999983,56.,140.00000000001));
#644 = VECTOR('',#645,1.);
#645 = DIRECTION('',(1.,0.,2.030122102172E-16));
#646 = PLANE('',#647);
#647 = AXIS2_PLACEMENT_3D('',#648,#649,#650);
#648 = CARTESIAN_POINT('',(110.021,56.,210.));
#649 = DIRECTION('',(0.,1.,0.));
#650 = DIRECTION('',(-1.,0.,0.));
#651 = ADVANCED_FACE('',(#652,#883),#980,.F.);
#652 = FACE_BOUND('',#653,.T.);
#653 = EDGE_LOOP('',(#654,#665,#770,#779,#842));
#654 = ORIENTED_EDGE('',*,*,#655,.F.);
#655 = EDGE_CURVE('',#656,#658,#660,.T.);
#656 = VERTEX_POINT('',#657);
#657 = CARTESIAN_POINT('',(-70.,109.54451150103,212.78562165687));
#658 = VERTEX_POINT('',#659);
#659 = CARTESIAN_POINT('',(69.999999999965,109.54451150105,
    212.78562165687));
#660 = ELLIPSE('',#661,130.2429293173,130.);
#661 = AXIS2_PLACEMENT_3D('',#662,#663,#664);
#662 = CARTESIAN_POINT('',(0.,0.,206.08559231036));
#663 = DIRECTION('',(0.,6.104853953486E-02,-0.998134798422));
#664 = DIRECTION('',(0.,-0.998134798422,-6.104853953486E-02));
#665 = ORIENTED_EDGE('',*,*,#666,.T.);
#666 = EDGE_CURVE('',#656,#667,#669,.T.);
#667 = VERTEX_POINT('',#668);
#668 = CARTESIAN_POINT('',(-70.00000000001,109.54451150102,
    132.21437834314));
#669 = B_SPLINE_CURVE_WITH_KNOTS('',8,(#670,#671,#672,#673,#674,#675,
    #676,#677,#678,#679,#680,#681,#682,#683,#684,#685,#686,#687,#688,
    #689,#690,#691,#692,#693,#694,#695,#696,#697,#698,#699,#700,#701,
    #702,#703,#704,#705,#706,#707,#708,#709,#710,#711,#712,#713,#714,
    #715,#716,#717,#718,#719,#720,#721,#722,#723,#724,#725,#726,#727,
    #728,#729,#730,#731,#732,#733,#734,#735,#736,#737,#738,#739,#740,
    #741,#742,#743,#744,#745,#746,#747,#748,#749,#750,#751,#752,#753,
    #754,#755,#756,#757,#758,#759,#760,#761,#762,#763,#764,#765,#766,
    #767,#768,#769),.UNSPECIFIED.,.F.,.F.,(9,7,7,7,7,7,7,7,7,7,7,7,7,7,9
    ),(0.,6.667396771343E-02,0.112285541193,0.220806816938,
    0.347995599039,0.395349126078,0.434877076019,0.509527212749,
    0.565248123718,0.60481352742,0.652162865556,0.779284603465,
    0.888255850172,0.933314250743,1.),.UNSPECIFIED.);
#670 = CARTESIAN_POINT('',(-70.,109.54451150103,212.78562165687));
#671 = CARTESIAN_POINT('',(-71.15895764076,108.80392638415,
    212.74032553068));
#672 = CARTESIAN_POINT('',(-72.30230234391,108.05358284544,
    212.65632774103));
#673 = CARTESIAN_POINT('',(-73.42855351632,107.29482393525,
    212.53533686245));
#674 = CARTESIAN_POINT('',(-74.53655594469,106.52892555428,
    212.37909641771));
#675 = CARTESIAN_POINT('',(-75.62544089557,105.75708025935,
    212.18932713794));
#676 = CARTESIAN_POINT('',(-76.69459233376,104.98038286823,
    211.9676798124));
#677 = CARTESIAN_POINT('',(-77.74361825894,104.1998178636,
    211.71569872759));
#678 = CARTESIAN_POINT('',(-79.47606556523,102.8802098924,
    211.24263030216));
#679 = CARTESIAN_POINT('',(-80.17027861316,102.34277823098,
    211.03693428114));
#680 = CARTESIAN_POINT('',(-80.85489947546,101.80423509378,
    210.81816214369));
#681 = CARTESIAN_POINT('',(-81.52988630949,101.26484983527,
    210.5867446743));
#682 = CARTESIAN_POINT('',(-82.19522036408,100.72487911334,
    210.34308755792));
#683 = CARTESIAN_POINT('',(-82.85090408471,100.18456632033,
    210.08757000669));
#684 = CARTESIAN_POINT('',(-83.49695921865,99.644141013962,
    209.8205433867));
#685 = CARTESIAN_POINT('',(-85.64773509663,97.818256362236,
    208.88039064362));
#686 = CARTESIAN_POINT('',(-87.10747598174,96.533518528899,
    208.15524922005));
#687 = CARTESIAN_POINT('',(-88.51350489643,95.252251929456,
    207.37115514044));
#688 = CARTESIAN_POINT('',(-89.86660590508,93.977142136819,
    206.53160031318));
#689 = CARTESIAN_POINT('',(-91.16754059144,92.710881242633,
    205.63941269815));
#690 = CARTESIAN_POINT('',(-92.41706305062,91.456167896822,
    204.69677513225));
#691 = CARTESIAN_POINT('',(-93.6158990972,90.215739359695,
    203.70516927078));
#692 = CARTESIAN_POINT('',(-96.11109181468,87.558702701675,
    201.44643528465));
#693 = CARTESIAN_POINT('',(-97.38789610735,86.149403424922,
    200.16202728388));
#694 = CARTESIAN_POINT('',(-98.59669443631,84.768628793542,
    198.81284431345));
#695 = CARTESIAN_POINT('',(-99.7376296906,83.421939633003,
    197.39907057891));
#696 = CARTESIAN_POINT('',(-100.80982552,82.116362014408,195.92044047056
    ));
#697 = CARTESIAN_POINT('',(-101.81149575,80.860523657664,194.3761749574)
  );
#698 = CARTESIAN_POINT('',(-102.7399814245,79.664811951197,
    192.76486579197));
#699 = CARTESIAN_POINT('',(-103.9084155381,78.123725424117,
    190.45815585381));
#700 = CARTESIAN_POINT('',(-104.2146648954,77.71579719156,
    189.82283140538));
#701 = CARTESIAN_POINT('',(-104.5099460125,77.318719663553,
    189.17792782942));
#702 = CARTESIAN_POINT('',(-104.7939983879,76.933239675157,188.523406627
    ));
#703 = CARTESIAN_POINT('',(-105.0665253022,76.560167072354,
    187.8592613804));
#704 = CARTESIAN_POINT('',(-105.3271980083,76.200368971901,
    187.1855219138));
#705 = CARTESIAN_POINT('',(-105.5756599211,75.854761696096,
    186.50225974403));
#706 = CARTESIAN_POINT('',(-106.008422003,75.248450639469,
    185.23139872744));
#707 = CARTESIAN_POINT('',(-106.1965356933,74.983160331364,
    184.64666318516));
#708 = CARTESIAN_POINT('',(-106.3756481952,74.728988629625,
    184.05546777864));
#709 = CARTESIAN_POINT('',(-106.5455205095,74.48651902853,
    183.45793092246));
#710 = CARTESIAN_POINT('',(-106.705902205,74.256352209818,
    182.85421319656));
#711 = CARTESIAN_POINT('',(-106.8565360613,74.039096677705,
    182.24452164358));
#712 = CARTESIAN_POINT('',(-106.9971634668,73.835357164256,
    181.62911502901));
#713 = CARTESIAN_POINT('',(-107.3737341464,73.287584849138,
    179.83589470804));
#714 = CARTESIAN_POINT('',(-107.5834547253,72.979587191104,
    178.64369629655));
#715 = CARTESIAN_POINT('',(-107.7547690772,72.725988749201,
    177.43456065565));
#716 = CARTESIAN_POINT('',(-107.886043724,72.53050957432,176.21165663039
    ));
#717 = CARTESIAN_POINT('',(-107.9759829086,72.396117929693,
    174.97852393078));
#718 = CARTESIAN_POINT('',(-108.0237054771,72.324769094375,
    173.73913712881));
#719 = CARTESIAN_POINT('',(-108.028867741,72.31713597858,172.49797828588
    ));
#720 = CARTESIAN_POINT('',(-107.9642178703,72.413604544606,
    170.33613234139));
#721 = CARTESIAN_POINT('',(-107.9130865762,72.489861839023,
    169.41403580022));
#722 = CARTESIAN_POINT('',(-107.8386152579,72.600793030979,
    168.49583399028));
#723 = CARTESIAN_POINT('',(-107.741161222,72.745610669245,167.5833039076
    ));
#724 = CARTESIAN_POINT('',(-107.6212312239,72.92318173831,
    166.67800808443));
#725 = CARTESIAN_POINT('',(-107.4794415655,73.132110582704,
    165.78131381779));
#726 = CARTESIAN_POINT('',(-107.3164863932,73.370815359825,
    164.89441016271));
#727 = CARTESIAN_POINT('',(-107.0029082331,73.827030740799,
    163.39624466038));
#728 = CARTESIAN_POINT('',(-106.8623983411,74.030634274006,
    162.77957321339));
#729 = CARTESIAN_POINT('',(-106.7118395556,74.247818915827,
    162.16862834447));
#730 = CARTESIAN_POINT('',(-106.5514918528,74.477976929552,
    161.56367155041));
#731 = CARTESIAN_POINT('',(-106.3816139193,74.720496541654,
    160.96491211705));
#732 = CARTESIAN_POINT('',(-106.2024576867,74.974773679556,
    160.37251243361));
#733 = CARTESIAN_POINT('',(-106.0142636362,75.240221452328,
    159.78659233407));
#734 = CARTESIAN_POINT('',(-105.5814918049,75.846643400476,
    158.5138917244));
#735 = CARTESIAN_POINT('',(-105.333111347,76.192193803659,
    157.82996410554));
#736 = CARTESIAN_POINT('',(-105.0724969336,76.551970799737,
    157.15557081765));
#737 = CARTESIAN_POINT('',(-104.8000063391,76.925055401328,
    156.49078430154));
#738 = CARTESIAN_POINT('',(-104.5159694492,77.310577898828,
    155.83563502338));
#739 = CARTESIAN_POINT('',(-104.2206840386,77.707725996034,
    155.19011696692));
#740 = CARTESIAN_POINT('',(-103.9144115534,78.115750600362,
    154.55419182475));
#741 = CARTESIAN_POINT('',(-102.7461993292,79.656787154933,
    152.24605669037));
#742 = CARTESIAN_POINT('',(-101.8179156879,80.852434421465,
    150.63395097616));
#743 = CARTESIAN_POINT('',(-100.8163959683,82.108292918321,
    149.08892914164));
#744 = CARTESIAN_POINT('',(-99.7443064232,83.413957928486,
    147.60958110012));
#745 = CARTESIAN_POINT('',(-98.60343896598,84.76078794201,
    146.19512548048));
#746 = CARTESIAN_POINT('',(-97.39467402063,86.141746485416,
    144.84529379899));
#747 = CARTESIAN_POINT('',(-96.11787085713,87.551265541233,
    143.56026684106));
#748 = CARTESIAN_POINT('',(-93.6172474161,90.214489800434,
    141.29556913724));
#749 = CARTESIAN_POINT('',(-92.41252275588,91.461034233145,
    140.29906807335));
#750 = CARTESIAN_POINT('',(-91.15661125431,92.722002796539,
    139.35201563489));
#751 = CARTESIAN_POINT('',(-89.84877498305,93.994618904922,
    138.45591628433));
#752 = CARTESIAN_POINT('',(-88.48824811361,95.276144233062,
    137.61299007398));
#753 = CARTESIAN_POINT('',(-87.07425846636,96.563845890878,
    136.82611505273));
#754 = CARTESIAN_POINT('',(-85.60601230397,97.854996536284,
    136.09884675349));
#755 = CARTESIAN_POINT('',(-83.4527458159,99.681098234693,135.1612343478
    ));
#756 = CARTESIAN_POINT('',(-82.8134744538,100.21537655654,
    134.89790709295));
#757 = CARTESIAN_POINT('',(-82.1647911448,100.74953393705,
    134.64584561197));
#758 = CARTESIAN_POINT('',(-81.50667549206,101.28334813006,
    134.40539042005));
#759 = CARTESIAN_POINT('',(-80.83912563754,101.81658363833,
    134.1769086272));
#760 = CARTESIAN_POINT('',(-80.16216005949,102.34899225376,
    133.9607926332));
#761 = CARTESIAN_POINT('',(-79.47581936979,102.8803135977,
    133.75745882247));
#762 = CARTESIAN_POINT('',(-77.75061480281,104.1946114752,
    133.28598254923));
#763 = CARTESIAN_POINT('',(-76.70070445443,104.97594238812,
    133.03358778836));
#764 = CARTESIAN_POINT('',(-75.63062830901,105.75340303923,
    132.81157724557));
#765 = CARTESIAN_POINT('',(-74.54077872186,106.52600648478,
    132.62149924253));
#766 = CARTESIAN_POINT('',(-73.43177280214,107.2926550358,
    132.46500908853));
#767 = CARTESIAN_POINT('',(-72.30448120005,108.05215290491,
    132.34383237554));
#768 = CARTESIAN_POINT('',(-71.16006204006,108.80322066234,
    132.25971763312));
#769 = CARTESIAN_POINT('',(-70.,109.54451150103,132.21437834314));
#770 = ORIENTED_EDGE('',*,*,#771,.F.);
#771 = EDGE_CURVE('',#772,#667,#774,.T.);
#772 = VERTEX_POINT('',#773);
#773 = CARTESIAN_POINT('',(70.000000000003,109.54451150103,
    132.21437834314));
#774 = ELLIPSE('',#775,130.2429293173,130.);
#775 = AXIS2_PLACEMENT_3D('',#776,#777,#778);
#776 = CARTESIAN_POINT('',(0.,0.,138.91440768964));
#777 = DIRECTION('',(0.,6.104853953486E-02,0.998134798422));
#778 = DIRECTION('',(0.,0.998134798422,-6.104853953486E-02));
#779 = ORIENTED_EDGE('',*,*,#780,.T.);
#780 = EDGE_CURVE('',#772,#781,#783,.T.);
#781 = VERTEX_POINT('',#782);
#782 = CARTESIAN_POINT('',(108.01038425526,72.344708811566,172.5));
#783 = B_SPLINE_CURVE_WITH_KNOTS('',8,(#784,#785,#786,#787,#788,#789,
    #790,#791,#792,#793,#794,#795,#796,#797,#798,#799,#800,#801,#802,
    #803,#804,#805,#806,#807,#808,#809,#810,#811,#812,#813,#814,#815,
    #816,#817,#818,#819,#820,#821,#822,#823,#824,#825,#826,#827,#828,
    #829,#830,#831,#832,#833,#834,#835,#836,#837,#838,#839,#840,#841),
  .UNSPECIFIED.,.F.,.F.,(9,7,7,7,7,7,7,7,9),(0.,0.133080713815,
    0.223661631371,0.328065761223,0.441617813393,0.559087179079,
    0.696874792219,0.790949779049,1.),.UNSPECIFIED.);
#784 = CARTESIAN_POINT('',(69.999999999965,109.54451150105,
    132.21437834313));
#785 = CARTESIAN_POINT('',(71.156909141467,108.80523539497,
    132.2595944068));
#786 = CARTESIAN_POINT('',(72.29826081708,108.05623512414,
    132.34337545259));
#787 = CARTESIAN_POINT('',(73.422581988641,107.29884678986,
    132.46402198446));
#788 = CARTESIAN_POINT('',(74.52872282997,106.53433976428,
    132.61979974187));
#789 = CARTESIAN_POINT('',(75.615818157262,105.76390062711,
    132.80899698666));
#790 = CARTESIAN_POINT('',(76.683253926964,104.9886188828,
    133.02997129372));
#791 = CARTESIAN_POINT('',(77.73063880113,104.20947445836,133.2811858456
    ));
#792 = CARTESIAN_POINT('',(79.456901338478,102.89496106569,
    133.75184985549));
#793 = CARTESIAN_POINT('',(80.146627006169,102.36121659915,
    133.95581860213));
#794 = CARTESIAN_POINT('',(80.826891778196,101.82636965664,
    134.17269583337));
#795 = CARTESIAN_POINT('',(81.497654084102,101.29068446025,
    134.40205899066));
#796 = CARTESIAN_POINT('',(82.158894945622,100.75441282556,
    134.64350993332));
#797 = CARTESIAN_POINT('',(82.810616134205,100.21779360764,
    134.89667627743));
#798 = CARTESIAN_POINT('',(83.452838328534,99.68105214711,135.1612127348
    ));
#799 = CARTESIAN_POINT('',(84.814923477325,98.525850780986,
    135.7544488765));
#800 = CARTESIAN_POINT('',(85.531665041472,97.907431502643,
    136.08677354704));
#801 = CARTESIAN_POINT('',(86.235883520474,97.289464923834,
    136.43329148387));
#802 = CARTESIAN_POINT('',(86.927647943214,96.67226706789,136.7935580208
    ));
#803 = CARTESIAN_POINT('',(87.607035983011,96.05614686798,
    137.16716935219));
#804 = CARTESIAN_POINT('',(88.274133129182,95.441406096399,
    137.55376308006));
#805 = CARTESIAN_POINT('',(88.929031858586,94.828339293859,
    137.95301876129));
#806 = CARTESIAN_POINT('',(90.270951999515,93.552582841442,
    138.81236614604));
#807 = CARTESIAN_POINT('',(90.95574462126,92.890266725823,
    139.27471343469));
#808 = CARTESIAN_POINT('',(91.626336759825,92.230654709615,
    139.75134259243));
#809 = CARTESIAN_POINT('',(92.282842308163,91.574127824423,
    140.24194267584));
#810 = CARTESIAN_POINT('',(92.925362968692,90.921078808985,
    140.74624818583));
#811 = CARTESIAN_POINT('',(93.553989305863,90.271912904172,
    141.26403935096));
#812 = CARTESIAN_POINT('',(94.168800847399,89.627049409743,
    141.79514403483));
#813 = CARTESIAN_POINT('',(95.391665112775,88.324715578925,
    142.90251564089));
#814 = CARTESIAN_POINT('',(95.99873581301,87.667596092543,
    143.47969296166));
#815 = CARTESIAN_POINT('',(96.591156442288,87.016044403878,
    144.07084044578));
#816 = CARTESIAN_POINT('',(97.168969136989,86.370582884559,
    144.67586361997));
#817 = CARTESIAN_POINT('',(97.732182720429,85.731778631583,
    145.29470581838));
#818 = CARTESIAN_POINT('',(98.280774641047,85.100246001454,
    145.92734985117));
#819 = CARTESIAN_POINT('',(98.814691190817,84.47665046455,
    146.57382184498));
#820 = CARTESIAN_POINT('',(99.942797130216,83.140413740905,
    148.00879538971));
#821 = CARTESIAN_POINT('',(100.53139465829,82.431078706456,
    148.80246700607));
#822 = CARTESIAN_POINT('',(101.09952886758,81.734841509297,
    149.61536054684));
#823 = CARTESIAN_POINT('',(101.64696085859,81.053018142081,
    150.44764228172));
#824 = CARTESIAN_POINT('',(102.17333697507,80.38711061879,
    151.29949374457));
#825 = CARTESIAN_POINT('',(102.67819692599,79.738811271852,
    152.17111235828));
#826 = CARTESIAN_POINT('',(103.16097560757,79.110008484826,
    153.06271524742));
#827 = CARTESIAN_POINT('',(103.93508098957,78.088215899128,
    154.59710211672));
#828 = CARTESIAN_POINT('',(104.23853741191,77.683725493338,
    155.22905098577));
#829 = CARTESIAN_POINT('',(104.5311501242,77.289993277959,
    155.87045826155));
#830 = CARTESIAN_POINT('',(104.8126619679,76.907754692185,
    156.52136049898));
#831 = CARTESIAN_POINT('',(105.08278048124,76.537806589458,
    157.1817625674));
#832 = CARTESIAN_POINT('',(105.34118199867,76.181001578135,
    157.85163356713));
#833 = CARTESIAN_POINT('',(105.58751576224,75.838240093096,
    158.5309014873));
#834 = CARTESIAN_POINT('',(106.34115548334,74.782078917061,
    160.74950803653));
#835 = CARTESIAN_POINT('',(106.7999820617,74.126954689828,
    162.32689758393));
#836 = CARTESIAN_POINT('',(107.19300207827,73.556438055969,
    163.94877308024));
#837 = CARTESIAN_POINT('',(107.51509879575,73.082447488027,
    165.61077135908));
#838 = CARTESIAN_POINT('',(107.76132910939,72.716546953801,
    167.30673603195));
#839 = CARTESIAN_POINT('',(107.92738742626,72.468622814951,
    169.02832496031));
#840 = CARTESIAN_POINT('',(108.01038425526,72.344708811568,
    170.76435311448));
#841 = CARTESIAN_POINT('',(108.01038425526,72.344708811568,172.5));
#842 = ORIENTED_EDGE('',*,*,#843,.T.);
#843 = EDGE_CURVE('',#781,#658,#844,.T.);
#844 = B_SPLINE_CURVE_WITH_KNOTS('',7,(#845,#846,#847,#848,#849,#850,
    #851,#852,#853,#854,#855,#856,#857,#858,#859,#860,#861,#862,#863,
    #864,#865,#866,#867,#868,#869,#870,#871,#872,#873,#874,#875,#876,
    #877,#878,#879,#880,#881,#882),.UNSPECIFIED.,.F.,.F.,(8,6,6,6,6,6,8)
  ,(0.,0.223321361787,0.31322436412,0.558438021009,0.776618417617,
    0.867204918979,1.),.UNSPECIFIED.);
#845 = CARTESIAN_POINT('',(108.01038425526,72.344708811564,172.5));
#846 = CARTESIAN_POINT('',(108.01038425526,72.344708811564,
    174.6372991919));
#847 = CARTESIAN_POINT('',(107.88189861936,72.536524140827,
    176.76100182491));
#848 = CARTESIAN_POINT('',(107.62791428259,72.915762971456,
    178.84992048384));
#849 = CARTESIAN_POINT('',(107.25613060436,73.466118880437,
    180.89019655235));
#850 = CARTESIAN_POINT('',(106.77513444951,74.166408360742,
    182.87142652978));
#851 = CARTESIAN_POINT('',(106.19439388932,74.993787807672,
    184.78539597855));
#852 = CARTESIAN_POINT('',(105.25413932208,76.300587652096,
    187.36633659005));
#853 = CARTESIAN_POINT('',(104.96953787523,76.692856113747,
    188.09571009306));
#854 = CARTESIAN_POINT('',(104.67070227632,77.10105033325,
    188.81356125878));
#855 = CARTESIAN_POINT('',(104.35808215352,77.523982377184,
    189.51985103933));
#856 = CARTESIAN_POINT('',(104.03207863547,77.960552246454,
    190.21459334461));
#857 = CARTESIAN_POINT('',(103.69303710618,78.409758890781,
    190.89784691492));
#858 = CARTESIAN_POINT('',(102.3816987569,80.127954880444,193.4022415124
    ));
#859 = CARTESIAN_POINT('',(101.32779963117,81.471837632724,
    195.14900608058));
#860 = CARTESIAN_POINT('',(100.18471566906,82.884950620882,
    196.81356208432));
#861 = CARTESIAN_POINT('',(98.955633477971,84.353580162179,
    198.3975128636));
#862 = CARTESIAN_POINT('',(97.642350691695,85.866778099132,
    199.90151337907));
#863 = CARTESIAN_POINT('',(96.245088172479,87.416121576548,
    201.32541297341));
#864 = CARTESIAN_POINT('',(93.44182930144,90.401004720359,
    203.86249730808));
#865 = CARTESIAN_POINT('',(92.054547419237,91.829439507054,
    204.99193314191));
#866 = CARTESIAN_POINT('',(90.59879916861,93.276323500541,
    206.05521414029));
#867 = CARTESIAN_POINT('',(89.073366732291,94.737253818459,
    207.04958510761));
#868 = CARTESIAN_POINT('',(87.477016599217,96.207858707878,
    207.97094730255));
#869 = CARTESIAN_POINT('',(85.808508331354,97.683754081014,
    208.81390926244));
#870 = CARTESIAN_POINT('',(83.34317227291,99.773818071356,
    209.88608564426));
#871 = CARTESIAN_POINT('',(82.6072777831,100.38711631362,210.18590144587
    ));
#872 = CARTESIAN_POINT('',(81.858712837045,101.00018857507,
    210.47046891375));
#873 = CARTESIAN_POINT('',(81.097451658236,101.61266859557,
    210.73922380554));
#874 = CARTESIAN_POINT('',(80.323507622632,102.22416341312,
    210.99154862273));
#875 = CARTESIAN_POINT('',(79.536938184969,102.8342548461,211.2267761966
    ));
#876 = CARTESIAN_POINT('',(77.566427964574,104.33415804169,
    211.76291535708));
#877 = CARTESIAN_POINT('',(76.368150695544,105.22181334358,
    212.04334991788));
#878 = CARTESIAN_POINT('',(75.14332623346,106.10409962283,
    212.28326229242));
#879 = CARTESIAN_POINT('',(73.892658352576,106.97941128752,
    212.48015790579));
#880 = CARTESIAN_POINT('',(72.617308033583,107.84593273016,
    212.6313504413));
#881 = CARTESIAN_POINT('',(71.318975125236,108.70167366734,
    212.7340714866));
#882 = CARTESIAN_POINT('',(69.999999999965,109.54451150105,
    212.78562165687));
#883 = FACE_BOUND('',#884,.T.);
#884 = EDGE_LOOP('',(#885,#928,#929,#930,#939));
#885 = ORIENTED_EDGE('',*,*,#886,.F.);
#886 = EDGE_CURVE('',#498,#887,#889,.T.);
#887 = VERTEX_POINT('',#888);
#888 = CARTESIAN_POINT('',(107.5,73.100957586067,172.5));
#889 = B_SPLINE_CURVE_WITH_KNOTS('',7,(#890,#891,#892,#893,#894,#895,
    #896,#897,#898,#899,#900,#901,#902,#903,#904,#905,#906,#907,#908,
    #909,#910,#911,#912,#913,#914,#915,#916,#917,#918,#919,#920,#921,
    #922,#923,#924,#925,#926,#927),.UNSPECIFIED.,.F.,.F.,(8,6,6,6,6,6,8)
  ,(0.,0.137398046925,0.229557907804,0.446782019382,0.705266761151,
    0.797472342181,1.),.UNSPECIFIED.);
#890 = CARTESIAN_POINT('',(70.,109.54451150103,135.));
#891 = CARTESIAN_POINT('',(71.317083563693,108.70288239342,135.));
#892 = CARTESIAN_POINT('',(72.6149722669,107.84749997137,135.05396848161
    ));
#893 = CARTESIAN_POINT('',(73.891669233553,106.9801663492,
    135.15907500563));
#894 = CARTESIAN_POINT('',(75.145405854267,106.10276937605,
    135.31254660865));
#895 = CARTESIAN_POINT('',(76.374623195743,105.21726786627,135.511660355
    ));
#896 = CARTESIAN_POINT('',(77.577953410164,104.32567682982,
    135.75373588863));
#897 = CARTESIAN_POINT('',(79.543170347504,102.82931203127,
    136.22554273227));
#898 = CARTESIAN_POINT('',(80.320212412759,102.22656086947,
    136.4331579346));
#899 = CARTESIAN_POINT('',(81.08521493796,101.62221795009,
    136.65826021191));
#900 = CARTESIAN_POINT('',(81.838091959469,101.01669582865,
    136.90018045208));
#901 = CARTESIAN_POINT('',(82.57878220328,100.41039952832,
    137.15829309203));
#902 = CARTESIAN_POINT('',(83.307247335889,99.803725184806,
    137.43201539867));
#903 = CARTESIAN_POINT('',(85.711633339114,97.767123914636,
    138.40149836682));
#904 = CARTESIAN_POINT('',(87.331633561585,96.33735900251,
    139.16584872395));
#905 = CARTESIAN_POINT('',(88.884153165012,94.91207158961,
    140.00711028167));
#906 = CARTESIAN_POINT('',(90.370262790031,93.495287801004,
    140.9201200778));
#907 = CARTESIAN_POINT('',(91.791028089777,92.091005836586,
    141.90108085199));
#908 = CARTESIAN_POINT('',(93.147216559103,90.70352824656,
    142.94737670598));
#909 = CARTESIAN_POINT('',(95.976380158663,87.712818167297,
    145.37831767505));
#910 = CARTESIAN_POINT('',(97.421329025281,86.120014754019,
    146.7883834671));
#911 = CARTESIAN_POINT('',(98.776570701042,84.565827555757,
    148.28630422281));
#912 = CARTESIAN_POINT('',(100.04236291725,83.058949653829,
    149.8729554898));
#913 = CARTESIAN_POINT('',(101.21607954027,81.61189679849,
    151.55017533716));
#914 = CARTESIAN_POINT('',(102.29237513582,80.242274575437,153.320041422
    ));
#915 = CARTESIAN_POINT('',(103.60917536664,78.520466079933,
    155.84960831865));
#916 = CARTESIAN_POINT('',(103.94206096508,78.080396705233,
    156.52695994648));
#917 = CARTESIAN_POINT('',(104.26116320101,77.654100569673,
    157.21657297723));
#918 = CARTESIAN_POINT('',(104.56600479883,77.242785283077,
    157.91844438352));
#919 = CARTESIAN_POINT('',(104.85607563521,76.847729912491,
    158.63256957263));
#920 = CARTESIAN_POINT('',(105.13082913787,76.470283334785,
    159.35894236526));
#921 = CARTESIAN_POINT('',(105.95823637677,75.324598810947,
    161.7199023425));
#922 = CARTESIAN_POINT('',(106.45434046908,74.623204575503,
    163.41350136047));
#923 = CARTESIAN_POINT('',(106.86428781602,74.032653383814,
    165.16445221904));
#924 = CARTESIAN_POINT('',(107.17890919996,73.573141275185,
    166.95988189598));
#925 = CARTESIAN_POINT('',(107.3921726771,73.259525661223,
    168.78809571696));
#926 = CARTESIAN_POINT('',(107.5,73.100957586067,170.63831201975));
#927 = CARTESIAN_POINT('',(107.5,73.100957586067,172.5));
#928 = ORIENTED_EDGE('',*,*,#497,.F.);
#929 = ORIENTED_EDGE('',*,*,#367,.F.);
#930 = ORIENTED_EDGE('',*,*,#931,.T.);
#931 = EDGE_CURVE('',#360,#932,#934,.T.);
#932 = VERTEX_POINT('',#933);
#933 = CARTESIAN_POINT('',(70.,109.54451150103,210.));
#934 = CIRCLE('',#935,130.);
#935 = AXIS2_PLACEMENT_3D('',#936,#937,#938);
#936 = CARTESIAN_POINT('',(0.,0.,210.));
#937 = DIRECTION('',(0.,0.,-1.));
#938 = DIRECTION('',(1.,0.,0.));
#939 = ORIENTED_EDGE('',*,*,#940,.F.);
#940 = EDGE_CURVE('',#887,#932,#941,.T.);
#941 = B_SPLINE_CURVE_WITH_KNOTS('',7,(#942,#943,#944,#945,#946,#947,
    #948,#949,#950,#951,#952,#953,#954,#955,#956,#957,#958,#959,#960,
    #961,#962,#963,#964,#965,#966,#967,#968,#969,#970,#971,#972,#973,
    #974,#975,#976,#977,#978,#979),.UNSPECIFIED.,.F.,.F.,(8,6,6,6,6,6,8)
  ,(0.,0.202290954908,0.294917274893,0.5551139803,0.770445890268,
    0.86260422635,1.),.UNSPECIFIED.);
#942 = CARTESIAN_POINT('',(107.5,73.100957586067,172.5));
#943 = CARTESIAN_POINT('',(107.5,73.100957586067,174.3594443239));
#944 = CARTESIAN_POINT('',(107.39243242198,73.259143686195,
    176.20743281016));
#945 = CARTESIAN_POINT('',(107.17968225328,73.572004461883,
    178.03347546818));
#946 = CARTESIAN_POINT('',(106.8658124441,74.030426511039,
    179.82683294146));
#947 = CARTESIAN_POINT('',(106.45682885344,74.61961966635,181.5758587065
    ));
#948 = CARTESIAN_POINT('',(105.96185524745,75.319482125176,
    183.26773455273));
#949 = CARTESIAN_POINT('',(105.13474548958,76.464908253635,
    185.63080258648));
#950 = CARTESIAN_POINT('',(104.8589128086,76.843878080753,
    186.36063360817));
#951 = CARTESIAN_POINT('',(104.56761756244,77.240630072217,
    187.07810555143));
#952 = CARTESIAN_POINT('',(104.26141408362,77.653796316408,
    187.78321195523));
#953 = CARTESIAN_POINT('',(103.9408196038,78.082079942545,188.4759479665
    ));
#954 = CARTESIAN_POINT('',(103.60631794301,78.524256808628,
    189.15631031889));
#955 = CARTESIAN_POINT('',(102.28092311372,80.257094570871,
    191.70074036541));
#956 = CARTESIAN_POINT('',(101.19638093292,81.636802676852,
    193.48133758207));
#957 = CARTESIAN_POINT('',(100.01318865006,83.094763519014,
    195.16808669452));
#958 = CARTESIAN_POINT('',(98.736773373482,84.613066283846,
    196.76309857921));
#959 = CARTESIAN_POINT('',(97.369777465477,86.179013916224,
    198.26823159529));
#960 = CARTESIAN_POINT('',(95.911889684549,87.783808132825,
    199.68434347827));
#961 = CARTESIAN_POINT('',(93.076416550469,90.77590558744,
    202.10711422611));
#962 = CARTESIAN_POINT('',(91.729237176875,92.152040346232,
    203.14149659644));
#963 = CARTESIAN_POINT('',(90.31856848448,93.544545786122,
    204.11158803437));
#964 = CARTESIAN_POINT('',(88.843656085741,94.949237026682,
    205.01480854323));
#965 = CARTESIAN_POINT('',(87.303464020955,96.362216304499,
    205.84743391279));
#966 = CARTESIAN_POINT('',(85.696955730578,97.779556376041,
    206.60441985573));
#967 = CARTESIAN_POINT('',(83.307247335893,99.803725184802,
    207.56798460132));
#968 = CARTESIAN_POINT('',(82.578782203284,100.41039952832,
    207.84170690796));
#969 = CARTESIAN_POINT('',(81.838091959473,101.01669582865,
    208.09981954791));
#970 = CARTESIAN_POINT('',(81.085214937963,101.62221795008,
    208.34173978808));
#971 = CARTESIAN_POINT('',(80.320212412762,102.22656086947,
    208.56684206539));
#972 = CARTESIAN_POINT('',(79.543170347508,102.82931203127,
    208.77445726772));
#973 = CARTESIAN_POINT('',(77.577953410227,104.32567682977,
    209.24626411135));
#974 = CARTESIAN_POINT('',(76.374623195755,105.21726786626,209.488339645
    ));
#975 = CARTESIAN_POINT('',(75.14540585422,106.10276937609,
    209.68745339135));
#976 = CARTESIAN_POINT('',(73.891669233501,106.98016634923,
    209.84092499436));
#977 = CARTESIAN_POINT('',(72.614972266906,107.84749997136,
    209.94603151837));
#978 = CARTESIAN_POINT('',(71.317083563761,108.70288239337,210.));
#979 = CARTESIAN_POINT('',(70.,109.54451150103,210.));
#980 = CYLINDRICAL_SURFACE('',#981,130.);
#981 = AXIS2_PLACEMENT_3D('',#982,#983,#984);
#982 = CARTESIAN_POINT('',(0.,0.,0.));
#983 = DIRECTION('',(-0.,-0.,-1.));
#984 = DIRECTION('',(1.,0.,0.));
#985 = ADVANCED_FACE('',(#986),#1020,.T.);
#986 = FACE_BOUND('',#987,.T.);
#987 = EDGE_LOOP('',(#988,#989,#990,#998,#1006,#1012,#1013,#1014));
#988 = ORIENTED_EDGE('',*,*,#245,.F.);
#989 = ORIENTED_EDGE('',*,*,#536,.F.);
#990 = ORIENTED_EDGE('',*,*,#991,.T.);
#991 = EDGE_CURVE('',#537,#992,#994,.T.);
#992 = VERTEX_POINT('',#993);
#993 = CARTESIAN_POINT('',(69.999999999965,64.,210.));
#994 = LINE('',#995,#996);
#995 = CARTESIAN_POINT('',(69.999999999965,4.662936703426E-14,210.));
#996 = VECTOR('',#997,1.);
#997 = DIRECTION('',(0.,1.,-2.22044604925E-16));
#998 = ORIENTED_EDGE('',*,*,#999,.F.);
#999 = EDGE_CURVE('',#1000,#992,#1002,.T.);
#1000 = VERTEX_POINT('',#1001);
#1001 = CARTESIAN_POINT('',(70.,103.56157588604,210.));
#1002 = LINE('',#1003,#1004);
#1003 = CARTESIAN_POINT('',(70.,103.56157588604,210.));
#1004 = VECTOR('',#1005,1.);
#1005 = DIRECTION('',(7.804806630775E-12,-1.,0.));
#1006 = ORIENTED_EDGE('',*,*,#1007,.T.);
#1007 = EDGE_CURVE('',#1000,#932,#1008,.T.);
#1008 = LINE('',#1009,#1010);
#1009 = CARTESIAN_POINT('',(70.,4.662936703426E-14,210.));
#1010 = VECTOR('',#1011,1.);
#1011 = DIRECTION('',(0.,1.,-2.22044604925E-16));
#1012 = ORIENTED_EDGE('',*,*,#931,.F.);
#1013 = ORIENTED_EDGE('',*,*,#359,.F.);
#1014 = ORIENTED_EDGE('',*,*,#1015,.T.);
#1015 = EDGE_CURVE('',#263,#246,#1016,.T.);
#1016 = LINE('',#1017,#1018);
#1017 = CARTESIAN_POINT('',(-70.,103.56157588604,210.));
#1018 = VECTOR('',#1019,1.);
#1019 = DIRECTION('',(7.804806630775E-12,-1.,0.));
#1020 = PLANE('',#1021);
#1021 = AXIS2_PLACEMENT_3D('',#1022,#1023,#1024);
#1022 = CARTESIAN_POINT('',(1.496581424064E-11,59.034510804209,210.));
#1023 = DIRECTION('',(0.,0.,1.));
#1024 = DIRECTION('',(1.,0.,0.));
#1025 = ADVANCED_FACE('',(#1026),#1031,.F.);
#1026 = FACE_BOUND('',#1027,.F.);
#1027 = EDGE_LOOP('',(#1028,#1029,#1030));
#1028 = ORIENTED_EDGE('',*,*,#262,.F.);
#1029 = ORIENTED_EDGE('',*,*,#1015,.T.);
#1030 = ORIENTED_EDGE('',*,*,#253,.T.);
#1031 = SURFACE_OF_LINEAR_EXTRUSION('',#1032,#1125);
#1032 = B_SPLINE_CURVE_WITH_KNOTS('',7,(#1033,#1034,#1035,#1036,#1037,
    #1038,#1039,#1040,#1041,#1042,#1043,#1044,#1045,#1046,#1047,#1048,
    #1049,#1050,#1051,#1052,#1053,#1054,#1055,#1056,#1057,#1058,#1059,
    #1060,#1061,#1062,#1063,#1064,#1065,#1066,#1067,#1068,#1069,#1070,
    #1071,#1072,#1073,#1074,#1075,#1076,#1077,#1078,#1079,#1080,#1081,
    #1082,#1083,#1084,#1085,#1086,#1087,#1088,#1089,#1090,#1091,#1092,
    #1093,#1094,#1095,#1096,#1097,#1098,#1099,#1100,#1101,#1102,#1103,
    #1104,#1105,#1106,#1107,#1108,#1109,#1110,#1111,#1112,#1113,#1114,
    #1115,#1116,#1117,#1118,#1119,#1120,#1121,#1122,#1123,#1124),
  .UNSPECIFIED.,.F.,.F.,(8,6,6,6,6,6,6,6,6,6,6,6,6,6,6,8),(0.,
    6.852788445127E-02,0.226543360451,0.330443198505,0.364779580795,
    0.409198950877,0.444132533288,0.500160182013,0.537954149213,
    0.556935184736,0.592017504163,0.636580002458,0.671052384005,
    0.773684286623,0.931565492841,1.),.UNSPECIFIED.);
#1033 = CARTESIAN_POINT('',(-70.,103.56157588604,210.));
#1034 = CARTESIAN_POINT('',(-71.32210432548,102.66793070932,210.));
#1035 = CARTESIAN_POINT('',(-72.62306728404,101.75988739549,
    209.94561907076));
#1036 = CARTESIAN_POINT('',(-73.9010288517,100.83931498646,
    209.83998748439));
#1037 = CARTESIAN_POINT('',(-75.15439168766,99.908144117183,
    209.68612352787));
#1038 = CARTESIAN_POINT('',(-76.38178856863,98.968352330218,
    209.48694510699));
#1039 = CARTESIAN_POINT('',(-77.58205416296,98.021952349989,
    209.24527960772));
#1040 = CARTESIAN_POINT('',(-81.45700402151,94.878185076201,
    208.31498645418));
#1041 = CARTESIAN_POINT('',(-84.01115019159,92.660404209152,
    207.45459069094));
#1042 = CARTESIAN_POINT('',(-86.41597752439,90.433192252538,
    206.41330531353));
#1043 = CARTESIAN_POINT('',(-88.67499556472,88.209828278867,
    205.21340518688));
#1044 = CARTESIAN_POINT('',(-90.79315822986,86.001688919592,
    203.8700673123));
#1045 = CARTESIAN_POINT('',(-92.77480010315,83.820208644436,
    202.39240886791));
#1046 = CARTESIAN_POINT('',(-95.83653181777,80.273370429688,
    199.72713110627));
#1047 = CARTESIAN_POINT('',(-96.99215850681,78.88529773949,
    198.61418570887));
#1048 = CARTESIAN_POINT('',(-98.09083406974,77.518903138595,
    197.4457535416));
#1049 = CARTESIAN_POINT('',(-99.13339903903,76.178094657418,
    196.22097429756));
#1050 = CARTESIAN_POINT('',(-100.1193178535,74.868655181575,
    194.93846319311));
#1051 = CARTESIAN_POINT('',(-101.0467015586,73.598904489805,
    193.5966555953));
#1052 = CARTESIAN_POINT('',(-102.1983501151,71.977366498495,
    191.73052095992));
#1053 = CARTESIAN_POINT('',(-102.4777386139,71.580049671866,
    191.26022355328));
#1054 = CARTESIAN_POINT('',(-102.7503708348,71.18854995658,
    190.78303578738));
#1055 = CARTESIAN_POINT('',(-103.0161325173,70.803276816465,
    190.29884104053));
#1056 = CARTESIAN_POINT('',(-103.2748840433,70.424688258028,
    189.80752658176));
#1057 = CARTESIAN_POINT('',(-103.526461612,70.053291345032,
    189.30898346706));
#1058 = CARTESIAN_POINT('',(-104.0866102563,69.219207504565,
    188.14867700605));
#1059 = CARTESIAN_POINT('',(-104.390284038,68.761649709294,
    187.48184889076));
#1060 = CARTESIAN_POINT('',(-104.6812434009,68.318245316479,
    186.80247339289));
#1061 = CARTESIAN_POINT('',(-104.9589828772,67.890394060044,
    186.110409118));
#1062 = CARTESIAN_POINT('',(-105.2229451766,67.479618236966,
    185.40552188047));
#1063 = CARTESIAN_POINT('',(-105.4725184726,67.087561525631,
    184.68768460996));
#1064 = CARTESIAN_POINT('',(-105.8914680161,66.42376391184,
    183.3819556841));
#1065 = CARTESIAN_POINT('',(-106.0666221784,66.144155731946,
    182.79894609363));
#1066 = CARTESIAN_POINT('',(-106.2320642242,65.878187287335,
    182.20799685996));
#1067 = CARTESIAN_POINT('',(-106.3873833912,65.626866095034,
    181.60934174656));
#1068 = CARTESIAN_POINT('',(-106.5321843087,65.391181190868,
    181.00319990522));
#1069 = CARTESIAN_POINT('',(-106.6660811998,65.172101154056,
    180.38977587432));
#1070 = CARTESIAN_POINT('',(-106.985339522,64.647353140636,
    178.77405477051));
#1071 = CARTESIAN_POINT('',(-107.1532563169,64.368787136097,
    177.75908802032));
#1072 = CARTESIAN_POINT('',(-107.2900389608,64.140121131659,
    176.72842225943));
#1073 = CARTESIAN_POINT('',(-107.3939959653,63.965398209503,
    175.68581927611));
#1074 = CARTESIAN_POINT('',(-107.4639984729,63.847427301115,
    174.6348218254));
#1075 = CARTESIAN_POINT('',(-107.4993955263,63.787772831804,
    173.5788368748));
#1076 = CARTESIAN_POINT('',(-107.5003976994,63.786083866924,
    171.80779475634));
#1077 = CARTESIAN_POINT('',(-107.484966477,63.812090120077,
    171.09458116849));
#1078 = CARTESIAN_POINT('',(-107.4537172808,63.864756106279,
    170.38280276237));
#1079 = CARTESIAN_POINT('',(-107.4067878123,63.943756115339,
    169.67368929355));
#1080 = CARTESIAN_POINT('',(-107.3444380165,64.048464095854,
    168.96849212492));
#1081 = CARTESIAN_POINT('',(-107.2670593557,64.177954481112,
    168.268499581));
#1082 = CARTESIAN_POINT('',(-107.1290538025,64.40787116846,
    167.22678641109));
#1083 = CARTESIAN_POINT('',(-107.0792530045,64.49069333243,
    166.88010928773));
#1084 = CARTESIAN_POINT('',(-107.0258448235,64.579338720899,
    166.53511098138));
#1085 = CARTESIAN_POINT('',(-106.9688886314,64.673664068174,
    166.19188412085));
#1086 = CARTESIAN_POINT('',(-106.908448222,64.773516095018,
    165.85052387898));
#1087 = CARTESIAN_POINT('',(-106.8445922188,64.878731635516,
    165.5111279765));
#1088 = CARTESIAN_POINT('',(-106.6531940725,65.19319950016,
    164.55031310003));
#1089 = CARTESIAN_POINT('',(-106.517607924,65.414943654408,
    163.93403371267));
#1090 = CARTESIAN_POINT('',(-106.3710246515,65.653406929362,
    163.32514500528));
#1091 = CARTESIAN_POINT('',(-106.2138359962,65.907604875981,
    162.72384802319));
#1092 = CARTESIAN_POINT('',(-106.0464427013,66.176533899126,
    162.13035837263));
#1093 = CARTESIAN_POINT('',(-105.8692603862,66.459173263177,
    161.54490621778));
#1094 = CARTESIAN_POINT('',(-105.4457837296,67.129602610546,
    160.2345996186));
#1095 = CARTESIAN_POINT('',(-105.1936971173,67.525255102368,
    159.51465641847));
#1096 = CARTESIAN_POINT('',(-104.9271401968,67.93966369956,
    158.80778047159));
#1097 = CARTESIAN_POINT('',(-104.646728773,68.371171414759,
    158.11383802111));
#1098 = CARTESIAN_POINT('',(-104.3530223918,68.818246269313,
    157.43268766086));
#1099 = CARTESIAN_POINT('',(-104.0465268878,69.279482415809,
    156.76418023718));
#1100 = CARTESIAN_POINT('',(-103.4810584317,70.12036718131,
    155.60067771038));
#1101 = CARTESIAN_POINT('',(-103.2270029597,70.494895357851,
    155.10059483142));
#1102 = CARTESIAN_POINT('',(-102.9657180702,70.876624997829,
    154.60780322969));
#1103 = CARTESIAN_POINT('',(-102.6973678839,71.26504576113,
    154.12219234622));
#1104 = CARTESIAN_POINT('',(-102.4220918637,71.659697220178,
    153.64364783794));
#1105 = CARTESIAN_POINT('',(-102.1400035891,72.060168320199,
    153.17205146839));
#1106 = CARTESIAN_POINT('',(-100.9913262149,73.674635802859,
    151.32355653696));
#1107 = CARTESIAN_POINT('',(-100.0711489628,74.932528438729,
    149.99921416019));
#1108 = CARTESIAN_POINT('',(-99.09375497659,76.228957966489,
    148.73280613222));
#1109 = CARTESIAN_POINT('',(-98.06093549398,77.555939442635,
    147.52283374657));
#1110 = CARTESIAN_POINT('',(-96.97319077594,78.907897565392,
    146.36797874938));
#1111 = CARTESIAN_POINT('',(-95.82971284066,80.281040655565,
    145.2674296702));
#1112 = CARTESIAN_POINT('',(-92.78090015244,83.81349301652,
    142.61214056025));
#1113 = CARTESIAN_POINT('',(-90.7985906476,85.996025516907,
    141.13337831711));
#1114 = CARTESIAN_POINT('',(-88.67963007274,88.205266708017,
    139.78905684072));
#1115 = CARTESIAN_POINT('',(-86.41967829127,90.429764577987,
    138.58829751004));
#1116 = CARTESIAN_POINT('',(-84.01377174606,92.658127742809,
    137.54629267183));
#1117 = CARTESIAN_POINT('',(-81.45839216556,94.877058867604,
    136.68534680971));
#1118 = CARTESIAN_POINT('',(-77.58205416005,98.021952352348,
    135.75472039158));
#1119 = CARTESIAN_POINT('',(-76.38178857152,98.968352327723,
    135.51305489397));
#1120 = CARTESIAN_POINT('',(-75.15439169029,99.908144115415,
    135.31387647211));
#1121 = CARTESIAN_POINT('',(-73.90102884922,100.83931498847,
    135.16001251502));
#1122 = CARTESIAN_POINT('',(-72.62306728054,101.75988739772,
    135.05438092948));
#1123 = CARTESIAN_POINT('',(-71.32210432896,102.66793070696,135.));
#1124 = CARTESIAN_POINT('',(-70.,103.56157588604,135.));
#1125 = VECTOR('',#1126,1.);
#1126 = DIRECTION('',(-7.804806630775E-12,1.,0.));
#1127 = ADVANCED_FACE('',(#1128),#1237,.T.);
#1128 = FACE_BOUND('',#1129,.T.);
#1129 = EDGE_LOOP('',(#1130,#1173,#1180,#1181,#1182,#1183,#1192,#1233,
    #1234,#1235,#1236));
#1130 = ORIENTED_EDGE('',*,*,#1131,.F.);
#1131 = EDGE_CURVE('',#1132,#1000,#1134,.T.);
#1132 = VERTEX_POINT('',#1133);
#1133 = CARTESIAN_POINT('',(107.37318100064,64.000000000003,
    175.58145121792));
#1134 = B_SPLINE_CURVE_WITH_KNOTS('',7,(#1135,#1136,#1137,#1138,#1139,
    #1140,#1141,#1142,#1143,#1144,#1145,#1146,#1147,#1148,#1149,#1150,
    #1151,#1152,#1153,#1154,#1155,#1156,#1157,#1158,#1159,#1160,#1161,
    #1162,#1163,#1164,#1165,#1166,#1167,#1168,#1169,#1170,#1171,#1172),
  .UNSPECIFIED.,.F.,.F.,(8,6,6,6,6,6,8),(0.,0.182834073295,
    0.272090243848,0.341136479685,0.546702391712,0.862929542533,1.),
  .UNSPECIFIED.);
#1135 = CARTESIAN_POINT('',(107.5,63.786754110865,172.5));
#1136 = CARTESIAN_POINT('',(107.5,63.786754110865,174.23780728726));
#1137 = CARTESIAN_POINT('',(107.40604549303,63.945096618832,
    175.96208131231));
#1138 = CARTESIAN_POINT('',(107.22076883288,64.257340079787,
    177.66367739035));
#1139 = CARTESIAN_POINT('',(106.94826205073,64.713259198895,
    179.33304037263));
#1140 = CARTESIAN_POINT('',(106.59439212738,65.296741793879,
    180.95942609314));
#1141 = CARTESIAN_POINT('',(106.16808138225,65.986093195538,
    182.53049235031));
#1142 = CARTESIAN_POINT('',(105.44578372966,67.129602610546,
    184.76540038139));
#1143 = CARTESIAN_POINT('',(105.19369711738,67.525255102367,
    185.48534358152));
#1144 = CARTESIAN_POINT('',(104.92714019683,67.939663699559,
    186.1922195284));
#1145 = CARTESIAN_POINT('',(104.64672877309,68.371171414759,
    186.88616197889));
#1146 = CARTESIAN_POINT('',(104.3530223918,68.818246269313,
    187.56731233913));
#1147 = CARTESIAN_POINT('',(104.04652688781,69.279482415808,
    188.23581976281));
#1148 = CARTESIAN_POINT('',(103.48105843172,70.12036718131,
    189.39932228961));
#1149 = CARTESIAN_POINT('',(103.22700295974,70.49489535785,
    189.89940516857));
#1150 = CARTESIAN_POINT('',(102.9657180703,70.876624997828,
    190.3921967703));
#1151 = CARTESIAN_POINT('',(102.69736788396,71.265045761129,
    190.87780765376));
#1152 = CARTESIAN_POINT('',(102.4220918637,71.659697220177,
    191.35635216205));
#1153 = CARTESIAN_POINT('',(102.14000358913,72.060168320198,
    191.8279485316));
#1154 = CARTESIAN_POINT('',(100.991326215,73.674635802853,
    193.67644346303));
#1155 = CARTESIAN_POINT('',(100.07114896282,74.932528438735,
    195.00078583981));
#1156 = CARTESIAN_POINT('',(99.093754976591,76.22895796649,
    196.26719386777));
#1157 = CARTESIAN_POINT('',(98.060935493988,77.555939442629,
    197.47716625342));
#1158 = CARTESIAN_POINT('',(96.973190775957,78.907897565383,
    198.6320212506));
#1159 = CARTESIAN_POINT('',(95.829712840655,80.28104065557,
    199.7325703298));
#1160 = CARTESIAN_POINT('',(92.78090015244,83.813493016521,
    202.38785943975));
#1161 = CARTESIAN_POINT('',(90.798590647612,85.996025516895,
    203.86662168288));
#1162 = CARTESIAN_POINT('',(88.679630072743,88.205266708025,
    205.21094315928));
#1163 = CARTESIAN_POINT('',(86.419678291277,90.429764577986,
    206.41170248994));
#1164 = CARTESIAN_POINT('',(84.013771746072,92.6581277428,
    207.45370732816));
#1165 = CARTESIAN_POINT('',(81.458392165568,94.877058867605,
    208.31465319028));
#1166 = CARTESIAN_POINT('',(77.582054163036,98.021952349931,
    209.2452796077));
#1167 = CARTESIAN_POINT('',(76.381788568646,98.968352330214,
    209.48694510699));
#1168 = CARTESIAN_POINT('',(75.154391687616,99.908144117223,
    209.68612352788));
#1169 = CARTESIAN_POINT('',(73.901028851653,100.8393149865,
    209.83998748439));
#1170 = CARTESIAN_POINT('',(72.623067284051,101.75988739548,
    209.94561907075));
#1171 = CARTESIAN_POINT('',(71.322104325556,102.66793070927,210.));
#1172 = CARTESIAN_POINT('',(70.,103.56157588604,210.));
#1173 = ORIENTED_EDGE('',*,*,#1174,.T.);
#1174 = EDGE_CURVE('',#1132,#992,#1175,.T.);
#1175 = CIRCLE('',#1176,37.499999999991);
#1176 = AXIS2_PLACEMENT_3D('',#1177,#1178,#1179);
#1177 = CARTESIAN_POINT('',(69.999999999965,64.,172.5));
#1178 = DIRECTION('',(0.,-1.,2.22044604925E-16));
#1179 = DIRECTION('',(1.,0.,0.));
#1180 = ORIENTED_EDGE('',*,*,#991,.F.);
#1181 = ORIENTED_EDGE('',*,*,#544,.F.);
#1182 = ORIENTED_EDGE('',*,*,#522,.T.);
#1183 = ORIENTED_EDGE('',*,*,#1184,.T.);
#1184 = EDGE_CURVE('',#515,#1185,#1187,.T.);
#1185 = VERTEX_POINT('',#1186);
#1186 = CARTESIAN_POINT('',(107.37318100077,64.000000000008,
    169.41854878285));
#1187 = CIRCLE('',#1188,37.499999999991);
#1188 = AXIS2_PLACEMENT_3D('',#1189,#1190,#1191);
#1189 = CARTESIAN_POINT('',(69.999999999965,64.,172.5));
#1190 = DIRECTION('',(0.,-1.,2.22044604925E-16));
#1191 = DIRECTION('',(1.,0.,0.));
#1192 = ORIENTED_EDGE('',*,*,#1193,.F.);
#1193 = EDGE_CURVE('',#507,#1185,#1194,.T.);
#1194 = B_SPLINE_CURVE_WITH_KNOTS('',7,(#1195,#1196,#1197,#1198,#1199,
    #1200,#1201,#1202,#1203,#1204,#1205,#1206,#1207,#1208,#1209,#1210,
    #1211,#1212,#1213,#1214,#1215,#1216,#1217,#1218,#1219,#1220,#1221,
    #1222,#1223,#1224,#1225,#1226,#1227,#1228,#1229,#1230,#1231,#1232),
  .UNSPECIFIED.,.F.,.F.,(8,6,6,6,6,6,8),(0.,0.137065811801,
    0.453119920501,0.660934822822,0.729612619298,0.818457868988,1.),
  .UNSPECIFIED.);
#1195 = CARTESIAN_POINT('',(70.,103.56157588604,135.));
#1196 = CARTESIAN_POINT('',(71.322104328965,102.66793070696,135.));
#1197 = CARTESIAN_POINT('',(72.623067280548,101.75988739772,
    135.05438092948));
#1198 = CARTESIAN_POINT('',(73.901028849223,100.83931498846,
    135.16001251502));
#1199 = CARTESIAN_POINT('',(75.154391690295,99.908144115415,
    135.31387647211));
#1200 = CARTESIAN_POINT('',(76.381788571527,98.968352327724,
    135.51305489397));
#1201 = CARTESIAN_POINT('',(77.582054160057,98.021952352348,
    135.75472039157));
#1202 = CARTESIAN_POINT('',(81.457004021514,94.878185076203,
    136.68501354581));
#1203 = CARTESIAN_POINT('',(84.011150191599,92.660404209153,
    137.54540930905));
#1204 = CARTESIAN_POINT('',(86.415977524392,90.43319225253,
    138.58669468646));
#1205 = CARTESIAN_POINT('',(88.674995564722,88.209828278873,
    139.78659481312));
#1206 = CARTESIAN_POINT('',(90.793158229861,86.001688919591,
    141.12993268769));
#1207 = CARTESIAN_POINT('',(92.774800103149,83.820208644436,
    142.60759113208));
#1208 = CARTESIAN_POINT('',(95.836531817768,80.27337042969,
    145.27286889371));
#1209 = CARTESIAN_POINT('',(96.992158506819,78.885297739479,
    146.38581429113));
#1210 = CARTESIAN_POINT('',(98.090834069737,77.518903138613,
    147.55424645837));
#1211 = CARTESIAN_POINT('',(99.133399039038,76.178094657401,
    148.77902570245));
#1212 = CARTESIAN_POINT('',(100.11931785357,74.868655181585,
    150.06153680687));
#1213 = CARTESIAN_POINT('',(101.04670155862,73.598904489801,
    151.4033444047));
#1214 = CARTESIAN_POINT('',(102.19835011517,71.977366498494,
    153.26947904008));
#1215 = CARTESIAN_POINT('',(102.47773861396,71.580049671866,
    153.73977644672));
#1216 = CARTESIAN_POINT('',(102.75037083488,71.188549956579,
    154.21696421261));
#1217 = CARTESIAN_POINT('',(103.01613251732,70.803276816465,
    154.70115895946));
#1218 = CARTESIAN_POINT('',(103.27488404332,70.424688258028,
    155.19247341823));
#1219 = CARTESIAN_POINT('',(103.526461612,70.053291345033,
    155.69101653293));
#1220 = CARTESIAN_POINT('',(104.08661025633,69.219207504563,
    156.85132299394));
#1221 = CARTESIAN_POINT('',(104.39028403807,68.761649709294,
    157.51815110923));
#1222 = CARTESIAN_POINT('',(104.68124340091,68.318245316481,
    158.1975266071));
#1223 = CARTESIAN_POINT('',(104.95898287721,67.890394060045,
    158.88959088199));
#1224 = CARTESIAN_POINT('',(105.22294517664,67.479618236966,
    159.59447811952));
#1225 = CARTESIAN_POINT('',(105.47251847264,67.08756152563,
    160.31231539003));
#1226 = CARTESIAN_POINT('',(106.18623085781,65.956731845575,
    162.53672384345));
#1227 = CARTESIAN_POINT('',(106.6069188504,65.276084162634,
    164.09839435194));
#1228 = CARTESIAN_POINT('',(106.95599840765,64.700316781204,165.71446271
    ));
#1229 = CARTESIAN_POINT('',(107.22473933201,64.250648704944,
    167.37276227558));
#1230 = CARTESIAN_POINT('',(107.40740186919,63.942810686816,
    169.06268585285));
#1231 = CARTESIAN_POINT('',(107.5,63.786754110865,170.77478233147));
#1232 = CARTESIAN_POINT('',(107.5,63.786754110865,172.5));
#1233 = ORIENTED_EDGE('',*,*,#506,.T.);
#1234 = ORIENTED_EDGE('',*,*,#886,.T.);
#1235 = ORIENTED_EDGE('',*,*,#940,.T.);
#1236 = ORIENTED_EDGE('',*,*,#1007,.F.);
#1237 = CYLINDRICAL_SURFACE('',#1238,37.499999999991);
#1238 = AXIS2_PLACEMENT_3D('',#1239,#1240,#1241);
#1239 = CARTESIAN_POINT('',(69.999999999965,3.830269434957E-14,172.5));
#1240 = DIRECTION('',(0.,-1.,2.22044604925E-16));
#1241 = DIRECTION('',(1.,0.,0.));
#1242 = ADVANCED_FACE('',(#1243),#1248,.F.);
#1243 = FACE_BOUND('',#1244,.F.);
#1244 = EDGE_LOOP('',(#1245,#1246,#1247));
#1245 = ORIENTED_EDGE('',*,*,#1193,.F.);
#1246 = ORIENTED_EDGE('',*,*,#514,.T.);
#1247 = ORIENTED_EDGE('',*,*,#1184,.T.);
#1248 = SURFACE_OF_LINEAR_EXTRUSION('',#1249,#1288);
#1249 = B_SPLINE_CURVE_WITH_KNOTS('',7,(#1250,#1251,#1252,#1253,#1254,
    #1255,#1256,#1257,#1258,#1259,#1260,#1261,#1262,#1263,#1264,#1265,
    #1266,#1267,#1268,#1269,#1270,#1271,#1272,#1273,#1274,#1275,#1276,
    #1277,#1278,#1279,#1280,#1281,#1282,#1283,#1284,#1285,#1286,#1287),
  .UNSPECIFIED.,.F.,.F.,(8,6,6,6,6,6,8),(0.,0.137065811801,
    0.453119920501,0.660934822822,0.729612619298,0.818457868988,1.),
  .UNSPECIFIED.);
#1250 = CARTESIAN_POINT('',(70.,103.56157588604,135.));
#1251 = CARTESIAN_POINT('',(71.322104328965,102.66793070696,135.));
#1252 = CARTESIAN_POINT('',(72.623067280548,101.75988739772,
    135.05438092948));
#1253 = CARTESIAN_POINT('',(73.901028849223,100.83931498846,
    135.16001251502));
#1254 = CARTESIAN_POINT('',(75.154391690295,99.908144115415,
    135.31387647211));
#1255 = CARTESIAN_POINT('',(76.381788571527,98.968352327724,
    135.51305489397));
#1256 = CARTESIAN_POINT('',(77.582054160057,98.021952352348,
    135.75472039157));
#1257 = CARTESIAN_POINT('',(81.457004021514,94.878185076203,
    136.68501354581));
#1258 = CARTESIAN_POINT('',(84.011150191599,92.660404209153,
    137.54540930905));
#1259 = CARTESIAN_POINT('',(86.415977524392,90.43319225253,
    138.58669468646));
#1260 = CARTESIAN_POINT('',(88.674995564722,88.209828278873,
    139.78659481312));
#1261 = CARTESIAN_POINT('',(90.793158229861,86.001688919591,
    141.12993268769));
#1262 = CARTESIAN_POINT('',(92.774800103149,83.820208644436,
    142.60759113208));
#1263 = CARTESIAN_POINT('',(95.836531817768,80.27337042969,
    145.27286889371));
#1264 = CARTESIAN_POINT('',(96.992158506819,78.885297739479,
    146.38581429113));
#1265 = CARTESIAN_POINT('',(98.090834069737,77.518903138613,
    147.55424645837));
#1266 = CARTESIAN_POINT('',(99.133399039038,76.178094657401,
    148.77902570245));
#1267 = CARTESIAN_POINT('',(100.11931785357,74.868655181585,
    150.06153680687));
#1268 = CARTESIAN_POINT('',(101.04670155862,73.598904489801,
    151.4033444047));
#1269 = CARTESIAN_POINT('',(102.19835011517,71.977366498494,
    153.26947904008));
#1270 = CARTESIAN_POINT('',(102.47773861396,71.580049671866,
    153.73977644672));
#1271 = CARTESIAN_POINT('',(102.75037083488,71.188549956579,
    154.21696421261));
#1272 = CARTESIAN_POINT('',(103.01613251732,70.803276816465,
    154.70115895946));
#1273 = CARTESIAN_POINT('',(103.27488404332,70.424688258028,
    155.19247341823));
#1274 = CARTESIAN_POINT('',(103.526461612,70.053291345033,
    155.69101653293));
#1275 = CARTESIAN_POINT('',(104.08661025633,69.219207504563,
    156.85132299394));
#1276 = CARTESIAN_POINT('',(104.39028403807,68.761649709294,
    157.51815110923));
#1277 = CARTESIAN_POINT('',(104.68124340091,68.318245316481,
    158.1975266071));
#1278 = CARTESIAN_POINT('',(104.95898287721,67.890394060045,
    158.88959088199));
#1279 = CARTESIAN_POINT('',(105.22294517664,67.479618236966,
    159.59447811952));
#1280 = CARTESIAN_POINT('',(105.47251847264,67.08756152563,
    160.31231539003));
#1281 = CARTESIAN_POINT('',(106.18623085781,65.956731845575,
    162.53672384345));
#1282 = CARTESIAN_POINT('',(106.6069188504,65.276084162634,
    164.09839435194));
#1283 = CARTESIAN_POINT('',(106.95599840765,64.700316781204,165.71446271
    ));
#1284 = CARTESIAN_POINT('',(107.22473933201,64.250648704944,
    167.37276227558));
#1285 = CARTESIAN_POINT('',(107.40740186919,63.942810686816,
    169.06268585285));
#1286 = CARTESIAN_POINT('',(107.5,63.786754110865,170.77478233147));
#1287 = CARTESIAN_POINT('',(107.5,63.786754110865,172.5));
#1288 = VECTOR('',#1289,1.);
#1289 = DIRECTION('',(-7.804806630775E-12,1.,0.));
#1290 = ADVANCED_FACE('',(#1291),#1310,.F.);
#1291 = FACE_BOUND('',#1292,.F.);
#1292 = EDGE_LOOP('',(#1293,#1301,#1308,#1309));
#1293 = ORIENTED_EDGE('',*,*,#1294,.F.);
#1294 = EDGE_CURVE('',#1295,#556,#1297,.T.);
#1295 = VERTEX_POINT('',#1296);
#1296 = CARTESIAN_POINT('',(94.15,64.,172.5));
#1297 = LINE('',#1298,#1299);
#1298 = CARTESIAN_POINT('',(94.15,64.,172.5));
#1299 = VECTOR('',#1300,1.);
#1300 = DIRECTION('',(0.,-1.,2.22044604925E-16));
#1301 = ORIENTED_EDGE('',*,*,#1302,.F.);
#1302 = EDGE_CURVE('',#1295,#1295,#1303,.T.);
#1303 = CIRCLE('',#1304,2.35);
#1304 = AXIS2_PLACEMENT_3D('',#1305,#1306,#1307);
#1305 = CARTESIAN_POINT('',(96.5,64.,172.5));
#1306 = DIRECTION('',(0.,1.,-2.22044604925E-16));
#1307 = DIRECTION('',(-1.,0.,0.));
#1308 = ORIENTED_EDGE('',*,*,#1294,.T.);
#1309 = ORIENTED_EDGE('',*,*,#555,.T.);
#1310 = CYLINDRICAL_SURFACE('',#1311,2.35);
#1311 = AXIS2_PLACEMENT_3D('',#1312,#1313,#1314);
#1312 = CARTESIAN_POINT('',(96.5,64.,172.5));
#1313 = DIRECTION('',(0.,1.,-2.22044604925E-16));
#1314 = DIRECTION('',(-1.,0.,0.));
#1315 = ADVANCED_FACE('',(#1316),#1335,.F.);
#1316 = FACE_BOUND('',#1317,.F.);
#1317 = EDGE_LOOP('',(#1318,#1326,#1333,#1334));
#1318 = ORIENTED_EDGE('',*,*,#1319,.F.);
#1319 = EDGE_CURVE('',#1320,#567,#1322,.T.);
#1320 = VERTEX_POINT('',#1321);
#1321 = CARTESIAN_POINT('',(-98.85,64.,172.5));
#1322 = LINE('',#1323,#1324);
#1323 = CARTESIAN_POINT('',(-98.85,64.,172.5));
#1324 = VECTOR('',#1325,1.);
#1325 = DIRECTION('',(0.,-1.,2.22044604925E-16));
#1326 = ORIENTED_EDGE('',*,*,#1327,.F.);
#1327 = EDGE_CURVE('',#1320,#1320,#1328,.T.);
#1328 = CIRCLE('',#1329,2.35);
#1329 = AXIS2_PLACEMENT_3D('',#1330,#1331,#1332);
#1330 = CARTESIAN_POINT('',(-96.5,64.,172.5));
#1331 = DIRECTION('',(0.,1.,-2.22044604925E-16));
#1332 = DIRECTION('',(-1.,0.,0.));
#1333 = ORIENTED_EDGE('',*,*,#1319,.T.);
#1334 = ORIENTED_EDGE('',*,*,#566,.T.);
#1335 = CYLINDRICAL_SURFACE('',#1336,2.35);
#1336 = AXIS2_PLACEMENT_3D('',#1337,#1338,#1339);
#1337 = CARTESIAN_POINT('',(-96.5,64.,172.5));
#1338 = DIRECTION('',(0.,1.,-2.22044604925E-16));
#1339 = DIRECTION('',(-1.,0.,0.));
#1340 = ADVANCED_FACE('',(#1341),#1367,.F.);
#1341 = FACE_BOUND('',#1342,.F.);
#1342 = EDGE_LOOP('',(#1343,#1354,#1360,#1361));
#1343 = ORIENTED_EDGE('',*,*,#1344,.F.);
#1344 = EDGE_CURVE('',#1345,#1347,#1349,.T.);
#1345 = VERTEX_POINT('',#1346);
#1346 = CARTESIAN_POINT('',(100.28461538457,64.,160.70626984344));
#1347 = VERTEX_POINT('',#1348);
#1348 = CARTESIAN_POINT('',(69.999999999965,64.,140.00000000001));
#1349 = CIRCLE('',#1350,32.499999999991);
#1350 = AXIS2_PLACEMENT_3D('',#1351,#1352,#1353);
#1351 = CARTESIAN_POINT('',(69.999999999965,64.,172.5));
#1352 = DIRECTION('',(0.,1.,-2.22044604925E-16));
#1353 = DIRECTION('',(-1.,0.,0.));
#1354 = ORIENTED_EDGE('',*,*,#1355,.T.);
#1355 = EDGE_CURVE('',#1345,#578,#1356,.T.);
#1356 = LINE('',#1357,#1358);
#1357 = CARTESIAN_POINT('',(100.28461538457,64.,160.70626984344));
#1358 = VECTOR('',#1359,1.);
#1359 = DIRECTION('',(0.,-1.,2.22044604925E-16));
#1360 = ORIENTED_EDGE('',*,*,#577,.T.);
#1361 = ORIENTED_EDGE('',*,*,#1362,.F.);
#1362 = EDGE_CURVE('',#1347,#580,#1363,.T.);
#1363 = LINE('',#1364,#1365);
#1364 = CARTESIAN_POINT('',(69.999999999965,64.,140.00000000001));
#1365 = VECTOR('',#1366,1.);
#1366 = DIRECTION('',(0.,-1.,2.22044604925E-16));
#1367 = CYLINDRICAL_SURFACE('',#1368,32.499999999991);
#1368 = AXIS2_PLACEMENT_3D('',#1369,#1370,#1371);
#1369 = CARTESIAN_POINT('',(69.999999999965,64.,172.5));
#1370 = DIRECTION('',(0.,1.,-2.22044604925E-16));
#1371 = DIRECTION('',(-1.,0.,0.));
#1372 = ADVANCED_FACE('',(#1373),#1391,.F.);
#1373 = FACE_BOUND('',#1374,.F.);
#1374 = EDGE_LOOP('',(#1375,#1383,#1384,#1385));
#1375 = ORIENTED_EDGE('',*,*,#1376,.F.);
#1376 = EDGE_CURVE('',#1347,#1377,#1379,.T.);
#1377 = VERTEX_POINT('',#1378);
#1378 = CARTESIAN_POINT('',(-70.,64.,140.00000000001));
#1379 = LINE('',#1380,#1381);
#1380 = CARTESIAN_POINT('',(69.999999999965,64.,140.00000000001));
#1381 = VECTOR('',#1382,1.);
#1382 = DIRECTION('',(-1.,0.,0.));
#1383 = ORIENTED_EDGE('',*,*,#1362,.T.);
#1384 = ORIENTED_EDGE('',*,*,#641,.F.);
#1385 = ORIENTED_EDGE('',*,*,#1386,.F.);
#1386 = EDGE_CURVE('',#1377,#633,#1387,.T.);
#1387 = LINE('',#1388,#1389);
#1388 = CARTESIAN_POINT('',(-70.,64.,140.00000000001));
#1389 = VECTOR('',#1390,1.);
#1390 = DIRECTION('',(0.,-1.,2.22044604925E-16));
#1391 = PLANE('',#1392);
#1392 = AXIS2_PLACEMENT_3D('',#1393,#1394,#1395);
#1393 = CARTESIAN_POINT('',(69.999999999965,64.,140.00000000001));
#1394 = DIRECTION('',(2.030122102172E-16,-2.22044604925E-16,-1.));
#1395 = DIRECTION('',(-1.,-4.507776601264E-32,-2.030122102172E-16));
#1396 = ADVANCED_FACE('',(#1397),#1416,.F.);
#1397 = FACE_BOUND('',#1398,.F.);
#1398 = EDGE_LOOP('',(#1399,#1408,#1409,#1410));
#1399 = ORIENTED_EDGE('',*,*,#1400,.F.);
#1400 = EDGE_CURVE('',#1377,#1401,#1403,.T.);
#1401 = VERTEX_POINT('',#1402);
#1402 = CARTESIAN_POINT('',(-100.2846153846,64.,160.70626984344));
#1403 = CIRCLE('',#1404,32.499999999991);
#1404 = AXIS2_PLACEMENT_3D('',#1405,#1406,#1407);
#1405 = CARTESIAN_POINT('',(-70.,64.,172.5));
#1406 = DIRECTION('',(0.,1.,-2.22044604925E-16));
#1407 = DIRECTION('',(-1.,0.,0.));
#1408 = ORIENTED_EDGE('',*,*,#1386,.T.);
#1409 = ORIENTED_EDGE('',*,*,#632,.T.);
#1410 = ORIENTED_EDGE('',*,*,#1411,.F.);
#1411 = EDGE_CURVE('',#1401,#624,#1412,.T.);
#1412 = LINE('',#1413,#1414);
#1413 = CARTESIAN_POINT('',(-100.2846153846,64.,160.70626984344));
#1414 = VECTOR('',#1415,1.);
#1415 = DIRECTION('',(0.,-1.,2.22044604925E-16));
#1416 = CYLINDRICAL_SURFACE('',#1417,32.499999999991);
#1417 = AXIS2_PLACEMENT_3D('',#1418,#1419,#1420);
#1418 = CARTESIAN_POINT('',(-70.,64.,172.5));
#1419 = DIRECTION('',(0.,1.,-2.22044604925E-16));
#1420 = DIRECTION('',(-1.,0.,0.));
#1421 = ADVANCED_FACE('',(#1422),#1441,.T.);
#1422 = FACE_BOUND('',#1423,.T.);
#1423 = EDGE_LOOP('',(#1424,#1433,#1439,#1440));
#1424 = ORIENTED_EDGE('',*,*,#1425,.F.);
#1425 = EDGE_CURVE('',#1426,#1401,#1428,.T.);
#1426 = VERTEX_POINT('',#1427);
#1427 = CARTESIAN_POINT('',(-100.2846153846,64.,184.29373015657));
#1428 = CIRCLE('',#1429,12.);
#1429 = AXIS2_PLACEMENT_3D('',#1430,#1431,#1432);
#1430 = CARTESIAN_POINT('',(-102.4999999999,64.,172.5));
#1431 = DIRECTION('',(0.,1.,-2.22044604925E-16));
#1432 = DIRECTION('',(-1.,0.,0.));
#1433 = ORIENTED_EDGE('',*,*,#1434,.T.);
#1434 = EDGE_CURVE('',#1426,#615,#1435,.T.);
#1435 = LINE('',#1436,#1437);
#1436 = CARTESIAN_POINT('',(-100.2846153846,64.,184.29373015657));
#1437 = VECTOR('',#1438,1.);
#1438 = DIRECTION('',(0.,-1.,2.22044604925E-16));
#1439 = ORIENTED_EDGE('',*,*,#623,.T.);
#1440 = ORIENTED_EDGE('',*,*,#1411,.F.);
#1441 = CYLINDRICAL_SURFACE('',#1442,12.);
#1442 = AXIS2_PLACEMENT_3D('',#1443,#1444,#1445);
#1443 = CARTESIAN_POINT('',(-102.4999999999,64.,172.5));
#1444 = DIRECTION('',(0.,1.,-2.22044604925E-16));
#1445 = DIRECTION('',(-1.,0.,0.));
#1446 = ADVANCED_FACE('',(#1447),#1466,.F.);
#1447 = FACE_BOUND('',#1448,.F.);
#1448 = EDGE_LOOP('',(#1449,#1458,#1459,#1460));
#1449 = ORIENTED_EDGE('',*,*,#1450,.F.);
#1450 = EDGE_CURVE('',#1426,#1451,#1453,.T.);
#1451 = VERTEX_POINT('',#1452);
#1452 = CARTESIAN_POINT('',(-70.,64.,205.));
#1453 = CIRCLE('',#1454,32.499999999991);
#1454 = AXIS2_PLACEMENT_3D('',#1455,#1456,#1457);
#1455 = CARTESIAN_POINT('',(-70.,64.,172.5));
#1456 = DIRECTION('',(0.,1.,-2.22044604925E-16));
#1457 = DIRECTION('',(-1.,0.,0.));
#1458 = ORIENTED_EDGE('',*,*,#1434,.T.);
#1459 = ORIENTED_EDGE('',*,*,#614,.T.);
#1460 = ORIENTED_EDGE('',*,*,#1461,.F.);
#1461 = EDGE_CURVE('',#1451,#607,#1462,.T.);
#1462 = LINE('',#1463,#1464);
#1463 = CARTESIAN_POINT('',(-70.,64.,205.));
#1464 = VECTOR('',#1465,1.);
#1465 = DIRECTION('',(0.,-1.,2.22044604925E-16));
#1466 = CYLINDRICAL_SURFACE('',#1467,32.499999999991);
#1467 = AXIS2_PLACEMENT_3D('',#1468,#1469,#1470);
#1468 = CARTESIAN_POINT('',(-70.,64.,172.5));
#1469 = DIRECTION('',(0.,1.,-2.22044604925E-16));
#1470 = DIRECTION('',(-1.,0.,0.));
#1471 = ADVANCED_FACE('',(#1472),#1490,.T.);
#1472 = FACE_BOUND('',#1473,.T.);
#1473 = EDGE_LOOP('',(#1474,#1482,#1488,#1489));
#1474 = ORIENTED_EDGE('',*,*,#1475,.F.);
#1475 = EDGE_CURVE('',#1476,#1451,#1478,.T.);
#1476 = VERTEX_POINT('',#1477);
#1477 = CARTESIAN_POINT('',(69.999999999965,64.,205.));
#1478 = LINE('',#1479,#1480);
#1479 = CARTESIAN_POINT('',(69.999999999965,64.,205.));
#1480 = VECTOR('',#1481,1.);
#1481 = DIRECTION('',(-1.,0.,0.));
#1482 = ORIENTED_EDGE('',*,*,#1483,.T.);
#1483 = EDGE_CURVE('',#1476,#598,#1484,.T.);
#1484 = LINE('',#1485,#1486);
#1485 = CARTESIAN_POINT('',(69.999999999965,64.,205.));
#1486 = VECTOR('',#1487,1.);
#1487 = DIRECTION('',(0.,-1.,2.22044604925E-16));
#1488 = ORIENTED_EDGE('',*,*,#606,.F.);
#1489 = ORIENTED_EDGE('',*,*,#1461,.F.);
#1490 = PLANE('',#1491);
#1491 = AXIS2_PLACEMENT_3D('',#1492,#1493,#1494);
#1492 = CARTESIAN_POINT('',(69.999999999965,64.,205.));
#1493 = DIRECTION('',(2.030122102172E-16,-2.22044604925E-16,-1.));
#1494 = DIRECTION('',(-1.,-4.507776601264E-32,-2.030122102172E-16));
#1495 = ADVANCED_FACE('',(#1496),#1515,.F.);
#1496 = FACE_BOUND('',#1497,.F.);
#1497 = EDGE_LOOP('',(#1498,#1507,#1508,#1509));
#1498 = ORIENTED_EDGE('',*,*,#1499,.F.);
#1499 = EDGE_CURVE('',#1476,#1500,#1502,.T.);
#1500 = VERTEX_POINT('',#1501);
#1501 = CARTESIAN_POINT('',(100.28461538457,64.,184.29373015657));
#1502 = CIRCLE('',#1503,32.499999999991);
#1503 = AXIS2_PLACEMENT_3D('',#1504,#1505,#1506);
#1504 = CARTESIAN_POINT('',(69.999999999965,64.,172.5));
#1505 = DIRECTION('',(0.,1.,-2.22044604925E-16));
#1506 = DIRECTION('',(-1.,0.,0.));
#1507 = ORIENTED_EDGE('',*,*,#1483,.T.);
#1508 = ORIENTED_EDGE('',*,*,#597,.T.);
#1509 = ORIENTED_EDGE('',*,*,#1510,.F.);
#1510 = EDGE_CURVE('',#1500,#589,#1511,.T.);
#1511 = LINE('',#1512,#1513);
#1512 = CARTESIAN_POINT('',(100.28461538457,64.,184.29373015657));
#1513 = VECTOR('',#1514,1.);
#1514 = DIRECTION('',(0.,-1.,2.22044604925E-16));
#1515 = CYLINDRICAL_SURFACE('',#1516,32.499999999991);
#1516 = AXIS2_PLACEMENT_3D('',#1517,#1518,#1519);
#1517 = CARTESIAN_POINT('',(69.999999999965,64.,172.5));
#1518 = DIRECTION('',(0.,1.,-2.22044604925E-16));
#1519 = DIRECTION('',(-1.,0.,0.));
#1520 = ADVANCED_FACE('',(#1521),#1533,.T.);
#1521 = FACE_BOUND('',#1522,.T.);
#1522 = EDGE_LOOP('',(#1523,#1530,#1531,#1532));
#1523 = ORIENTED_EDGE('',*,*,#1524,.F.);
#1524 = EDGE_CURVE('',#1345,#1500,#1525,.T.);
#1525 = CIRCLE('',#1526,12.);
#1526 = AXIS2_PLACEMENT_3D('',#1527,#1528,#1529);
#1527 = CARTESIAN_POINT('',(102.49999999995,64.,172.5));
#1528 = DIRECTION('',(0.,1.,-2.22044604925E-16));
#1529 = DIRECTION('',(-1.,0.,0.));
#1530 = ORIENTED_EDGE('',*,*,#1355,.T.);
#1531 = ORIENTED_EDGE('',*,*,#588,.T.);
#1532 = ORIENTED_EDGE('',*,*,#1510,.F.);
#1533 = CYLINDRICAL_SURFACE('',#1534,12.);
#1534 = AXIS2_PLACEMENT_3D('',#1535,#1536,#1537);
#1535 = CARTESIAN_POINT('',(102.49999999995,64.,172.5));
#1536 = DIRECTION('',(0.,1.,-2.22044604925E-16));
#1537 = DIRECTION('',(-1.,0.,0.));
#1538 = ADVANCED_FACE('',(#1539),#1562,.F.);
#1539 = FACE_BOUND('',#1540,.F.);
#1540 = EDGE_LOOP('',(#1541,#1542,#1549,#1557));
#1541 = ORIENTED_EDGE('',*,*,#655,.F.);
#1542 = ORIENTED_EDGE('',*,*,#1543,.T.);
#1543 = EDGE_CURVE('',#656,#1544,#1546,.T.);
#1544 = VERTEX_POINT('',#1545);
#1545 = CARTESIAN_POINT('',(-70.,185.,217.4006770382));
#1546 = B_SPLINE_CURVE_WITH_KNOTS('',1,(#1547,#1548),.UNSPECIFIED.,.F.,
  .F.,(2,2),(0.,1.),.PIECEWISE_BEZIER_KNOTS.);
#1547 = CARTESIAN_POINT('',(-70.,64.,210.));
#1548 = CARTESIAN_POINT('',(-70.,185.,217.4006770382));
#1549 = ORIENTED_EDGE('',*,*,#1550,.T.);
#1550 = EDGE_CURVE('',#1544,#1551,#1553,.T.);
#1551 = VERTEX_POINT('',#1552);
#1552 = CARTESIAN_POINT('',(69.999999999965,185.,217.4006770382));
#1553 = LINE('',#1554,#1555);
#1554 = CARTESIAN_POINT('',(-70.,185.,217.4006770382));
#1555 = VECTOR('',#1556,1.);
#1556 = DIRECTION('',(1.,0.,0.));
#1557 = ORIENTED_EDGE('',*,*,#1558,.F.);
#1558 = EDGE_CURVE('',#658,#1551,#1559,.T.);
#1559 = B_SPLINE_CURVE_WITH_KNOTS('',1,(#1560,#1561),.UNSPECIFIED.,.F.,
  .F.,(2,2),(0.,1.),.PIECEWISE_BEZIER_KNOTS.);
#1560 = CARTESIAN_POINT('',(69.999999999965,64.,210.));
#1561 = CARTESIAN_POINT('',(69.999999999965,185.,217.4006770382));
#1562 = PLANE('',#1563);
#1563 = AXIS2_PLACEMENT_3D('',#1564,#1565,#1566);
#1564 = CARTESIAN_POINT('',(-70.,185.,217.4006770382));
#1565 = DIRECTION('',(0.,6.104853953486E-02,-0.998134798422));
#1566 = DIRECTION('',(-1.,0.,0.));
#1567 = ADVANCED_FACE('',(#1568),#1587,.T.);
#1568 = FACE_BOUND('',#1569,.F.);
#1569 = EDGE_LOOP('',(#1570,#1577,#1578,#1579,#1580));
#1570 = ORIENTED_EDGE('',*,*,#1571,.F.);
#1571 = EDGE_CURVE('',#772,#1572,#1574,.T.);
#1572 = VERTEX_POINT('',#1573);
#1573 = CARTESIAN_POINT('',(69.999999999965,185.,127.5993229618));
#1574 = B_SPLINE_CURVE_WITH_KNOTS('',1,(#1575,#1576),.UNSPECIFIED.,.F.,
  .F.,(2,2),(0.,1.),.PIECEWISE_BEZIER_KNOTS.);
#1575 = CARTESIAN_POINT('',(70.000000000026,64.,135.00000000001));
#1576 = CARTESIAN_POINT('',(69.999999999965,185.,127.5993229618));
#1577 = ORIENTED_EDGE('',*,*,#780,.T.);
#1578 = ORIENTED_EDGE('',*,*,#843,.T.);
#1579 = ORIENTED_EDGE('',*,*,#1558,.T.);
#1580 = ORIENTED_EDGE('',*,*,#1581,.F.);
#1581 = EDGE_CURVE('',#1572,#1551,#1582,.T.);
#1582 = CIRCLE('',#1583,44.9006770382);
#1583 = AXIS2_PLACEMENT_3D('',#1584,#1585,#1586);
#1584 = CARTESIAN_POINT('',(69.999999999965,185.,172.5));
#1585 = DIRECTION('',(0.,-1.,3.427501264644E-16));
#1586 = DIRECTION('',(1.,0.,0.));
#1587 = CONICAL_SURFACE('',#1588,37.499999999991,6.10865238198E-02);
#1588 = AXIS2_PLACEMENT_3D('',#1589,#1590,#1591);
#1589 = CARTESIAN_POINT('',(69.999999999965,64.,172.5));
#1590 = DIRECTION('',(0.,1.,-2.22044604925E-16));
#1591 = DIRECTION('',(1.,0.,0.));
#1592 = ADVANCED_FACE('',(#1593),#1610,.F.);
#1593 = FACE_BOUND('',#1594,.F.);
#1594 = EDGE_LOOP('',(#1595,#1602,#1603,#1604));
#1595 = ORIENTED_EDGE('',*,*,#1596,.F.);
#1596 = EDGE_CURVE('',#667,#1597,#1599,.T.);
#1597 = VERTEX_POINT('',#1598);
#1598 = CARTESIAN_POINT('',(-70.,185.,127.5993229618));
#1599 = B_SPLINE_CURVE_WITH_KNOTS('',1,(#1600,#1601),.UNSPECIFIED.,.F.,
  .F.,(2,2),(0.,1.),.PIECEWISE_BEZIER_KNOTS.);
#1600 = CARTESIAN_POINT('',(-70.00000000002,64.,135.00000000001));
#1601 = CARTESIAN_POINT('',(-70.,185.,127.5993229618));
#1602 = ORIENTED_EDGE('',*,*,#771,.F.);
#1603 = ORIENTED_EDGE('',*,*,#1571,.T.);
#1604 = ORIENTED_EDGE('',*,*,#1605,.F.);
#1605 = EDGE_CURVE('',#1597,#1572,#1606,.T.);
#1606 = LINE('',#1607,#1608);
#1607 = CARTESIAN_POINT('',(-70.00000000004,185.,127.5993229618));
#1608 = VECTOR('',#1609,1.);
#1609 = DIRECTION('',(1.,0.,0.));
#1610 = PLANE('',#1611);
#1611 = AXIS2_PLACEMENT_3D('',#1612,#1613,#1614);
#1612 = CARTESIAN_POINT('',(-70.00000000004,185.,127.5993229618));
#1613 = DIRECTION('',(0.,6.104853953486E-02,0.998134798422));
#1614 = DIRECTION('',(1.,0.,0.));
#1615 = ADVANCED_FACE('',(#1616),#1628,.T.);
#1616 = FACE_BOUND('',#1617,.F.);
#1617 = EDGE_LOOP('',(#1618,#1619,#1620,#1621));
#1618 = ORIENTED_EDGE('',*,*,#1543,.F.);
#1619 = ORIENTED_EDGE('',*,*,#666,.T.);
#1620 = ORIENTED_EDGE('',*,*,#1596,.T.);
#1621 = ORIENTED_EDGE('',*,*,#1622,.F.);
#1622 = EDGE_CURVE('',#1544,#1597,#1623,.T.);
#1623 = CIRCLE('',#1624,44.9006770382);
#1624 = AXIS2_PLACEMENT_3D('',#1625,#1626,#1627);
#1625 = CARTESIAN_POINT('',(-70.,185.,172.5));
#1626 = DIRECTION('',(0.,-1.,3.427501264644E-16));
#1627 = DIRECTION('',(1.,0.,0.));
#1628 = CONICAL_SURFACE('',#1629,37.499999999991,6.10865238198E-02);
#1629 = AXIS2_PLACEMENT_3D('',#1630,#1631,#1632);
#1630 = CARTESIAN_POINT('',(-70.,64.,172.5));
#1631 = DIRECTION('',(0.,1.,-2.22044604925E-16));
#1632 = DIRECTION('',(1.,0.,0.));
#1633 = ADVANCED_FACE('',(#1634),#1639,.F.);
#1634 = FACE_BOUND('',#1635,.F.);
#1635 = EDGE_LOOP('',(#1636,#1637,#1638));
#1636 = ORIENTED_EDGE('',*,*,#1131,.F.);
#1637 = ORIENTED_EDGE('',*,*,#1174,.T.);
#1638 = ORIENTED_EDGE('',*,*,#999,.F.);
#1639 = SURFACE_OF_LINEAR_EXTRUSION('',#1640,#1679);
#1640 = B_SPLINE_CURVE_WITH_KNOTS('',7,(#1641,#1642,#1643,#1644,#1645,
    #1646,#1647,#1648,#1649,#1650,#1651,#1652,#1653,#1654,#1655,#1656,
    #1657,#1658,#1659,#1660,#1661,#1662,#1663,#1664,#1665,#1666,#1667,
    #1668,#1669,#1670,#1671,#1672,#1673,#1674,#1675,#1676,#1677,#1678),
  .UNSPECIFIED.,.F.,.F.,(8,6,6,6,6,6,8),(0.,0.182834073295,
    0.272090243848,0.341136479685,0.546702391712,0.862929542533,1.),
  .UNSPECIFIED.);
#1641 = CARTESIAN_POINT('',(107.5,63.786754110865,172.5));
#1642 = CARTESIAN_POINT('',(107.5,63.786754110865,174.23780728726));
#1643 = CARTESIAN_POINT('',(107.40604549303,63.945096618832,
    175.96208131231));
#1644 = CARTESIAN_POINT('',(107.22076883288,64.257340079787,
    177.66367739035));
#1645 = CARTESIAN_POINT('',(106.94826205073,64.713259198895,
    179.33304037263));
#1646 = CARTESIAN_POINT('',(106.59439212738,65.296741793879,
    180.95942609314));
#1647 = CARTESIAN_POINT('',(106.16808138225,65.986093195538,
    182.53049235031));
#1648 = CARTESIAN_POINT('',(105.44578372966,67.129602610546,
    184.76540038139));
#1649 = CARTESIAN_POINT('',(105.19369711738,67.525255102367,
    185.48534358152));
#1650 = CARTESIAN_POINT('',(104.92714019683,67.939663699559,
    186.1922195284));
#1651 = CARTESIAN_POINT('',(104.64672877309,68.371171414759,
    186.88616197889));
#1652 = CARTESIAN_POINT('',(104.3530223918,68.818246269313,
    187.56731233913));
#1653 = CARTESIAN_POINT('',(104.04652688781,69.279482415808,
    188.23581976281));
#1654 = CARTESIAN_POINT('',(103.48105843172,70.12036718131,
    189.39932228961));
#1655 = CARTESIAN_POINT('',(103.22700295974,70.49489535785,
    189.89940516857));
#1656 = CARTESIAN_POINT('',(102.9657180703,70.876624997828,
    190.3921967703));
#1657 = CARTESIAN_POINT('',(102.69736788396,71.265045761129,
    190.87780765376));
#1658 = CARTESIAN_POINT('',(102.4220918637,71.659697220177,
    191.35635216205));
#1659 = CARTESIAN_POINT('',(102.14000358913,72.060168320198,
    191.8279485316));
#1660 = CARTESIAN_POINT('',(100.991326215,73.674635802853,
    193.67644346303));
#1661 = CARTESIAN_POINT('',(100.07114896282,74.932528438735,
    195.00078583981));
#1662 = CARTESIAN_POINT('',(99.093754976591,76.22895796649,
    196.26719386777));
#1663 = CARTESIAN_POINT('',(98.060935493988,77.555939442629,
    197.47716625342));
#1664 = CARTESIAN_POINT('',(96.973190775957,78.907897565383,
    198.6320212506));
#1665 = CARTESIAN_POINT('',(95.829712840655,80.28104065557,
    199.7325703298));
#1666 = CARTESIAN_POINT('',(92.78090015244,83.813493016521,
    202.38785943975));
#1667 = CARTESIAN_POINT('',(90.798590647612,85.996025516895,
    203.86662168288));
#1668 = CARTESIAN_POINT('',(88.679630072743,88.205266708025,
    205.21094315928));
#1669 = CARTESIAN_POINT('',(86.419678291277,90.429764577986,
    206.41170248994));
#1670 = CARTESIAN_POINT('',(84.013771746072,92.6581277428,
    207.45370732816));
#1671 = CARTESIAN_POINT('',(81.458392165568,94.877058867605,
    208.31465319028));
#1672 = CARTESIAN_POINT('',(77.582054163036,98.021952349931,
    209.2452796077));
#1673 = CARTESIAN_POINT('',(76.381788568646,98.968352330214,
    209.48694510699));
#1674 = CARTESIAN_POINT('',(75.154391687616,99.908144117223,
    209.68612352788));
#1675 = CARTESIAN_POINT('',(73.901028851653,100.8393149865,
    209.83998748439));
#1676 = CARTESIAN_POINT('',(72.623067284051,101.75988739548,
    209.94561907075));
#1677 = CARTESIAN_POINT('',(71.322104325556,102.66793070927,210.));
#1678 = CARTESIAN_POINT('',(70.,103.56157588604,210.));
#1679 = VECTOR('',#1680,1.);
#1680 = DIRECTION('',(-7.804806630775E-12,1.,0.));
#1681 = ADVANCED_FACE('',(#1682,#1692),#1695,.T.);
#1682 = FACE_BOUND('',#1683,.T.);
#1683 = EDGE_LOOP('',(#1684,#1685));
#1684 = ORIENTED_EDGE('',*,*,#1524,.T.);
#1685 = ORIENTED_EDGE('',*,*,#1686,.T.);
#1686 = EDGE_CURVE('',#1500,#1345,#1687,.T.);
#1687 = CIRCLE('',#1688,32.499999999991);
#1688 = AXIS2_PLACEMENT_3D('',#1689,#1690,#1691);
#1689 = CARTESIAN_POINT('',(69.999999999965,64.,172.5));
#1690 = DIRECTION('',(0.,1.,-2.22044604925E-16));
#1691 = DIRECTION('',(-1.,0.,0.));
#1692 = FACE_BOUND('',#1693,.T.);
#1693 = EDGE_LOOP('',(#1694));
#1694 = ORIENTED_EDGE('',*,*,#1302,.F.);
#1695 = PLANE('',#1696);
#1696 = AXIS2_PLACEMENT_3D('',#1697,#1698,#1699);
#1697 = CARTESIAN_POINT('',(-2.783774179269E-11,64.,172.5));
#1698 = DIRECTION('',(0.,1.,0.));
#1699 = DIRECTION('',(0.,0.,1.));
#1700 = ADVANCED_FACE('',(#1701,#1711),#1714,.T.);
#1701 = FACE_BOUND('',#1702,.T.);
#1702 = EDGE_LOOP('',(#1703,#1710));
#1703 = ORIENTED_EDGE('',*,*,#1704,.T.);
#1704 = EDGE_CURVE('',#1401,#1426,#1705,.T.);
#1705 = CIRCLE('',#1706,32.499999999991);
#1706 = AXIS2_PLACEMENT_3D('',#1707,#1708,#1709);
#1707 = CARTESIAN_POINT('',(-70.,64.,172.5));
#1708 = DIRECTION('',(0.,1.,-2.22044604925E-16));
#1709 = DIRECTION('',(-1.,0.,0.));
#1710 = ORIENTED_EDGE('',*,*,#1425,.T.);
#1711 = FACE_BOUND('',#1712,.T.);
#1712 = EDGE_LOOP('',(#1713));
#1713 = ORIENTED_EDGE('',*,*,#1327,.F.);
#1714 = PLANE('',#1715);
#1715 = AXIS2_PLACEMENT_3D('',#1716,#1717,#1718);
#1716 = CARTESIAN_POINT('',(-2.783774179269E-11,64.,172.5));
#1717 = DIRECTION('',(0.,1.,0.));
#1718 = DIRECTION('',(0.,0.,1.));
#1719 = ADVANCED_FACE('',(#1720),#1746,.F.);
#1720 = FACE_BOUND('',#1721,.F.);
#1721 = EDGE_LOOP('',(#1722,#1723,#1724,#1725,#1732,#1741));
#1722 = ORIENTED_EDGE('',*,*,#1499,.T.);
#1723 = ORIENTED_EDGE('',*,*,#1686,.T.);
#1724 = ORIENTED_EDGE('',*,*,#1344,.T.);
#1725 = ORIENTED_EDGE('',*,*,#1726,.T.);
#1726 = EDGE_CURVE('',#1347,#1727,#1729,.T.);
#1727 = VERTEX_POINT('',#1728);
#1728 = CARTESIAN_POINT('',(69.999999999965,185.,132.5993229618));
#1729 = B_SPLINE_CURVE_WITH_KNOTS('',1,(#1730,#1731),.UNSPECIFIED.,.F.,
  .F.,(2,2),(0.,1.),.PIECEWISE_BEZIER_KNOTS.);
#1730 = CARTESIAN_POINT('',(69.999999999965,64.,140.00000000001));
#1731 = CARTESIAN_POINT('',(69.999999999965,185.,132.5993229618));
#1732 = ORIENTED_EDGE('',*,*,#1733,.F.);
#1733 = EDGE_CURVE('',#1734,#1727,#1736,.T.);
#1734 = VERTEX_POINT('',#1735);
#1735 = CARTESIAN_POINT('',(69.999999999965,185.,212.4006770382));
#1736 = CIRCLE('',#1737,39.9006770382);
#1737 = AXIS2_PLACEMENT_3D('',#1738,#1739,#1740);
#1738 = CARTESIAN_POINT('',(69.999999999965,185.,172.5));
#1739 = DIRECTION('',(0.,1.,-3.99612419908E-16));
#1740 = DIRECTION('',(-1.,0.,0.));
#1741 = ORIENTED_EDGE('',*,*,#1742,.F.);
#1742 = EDGE_CURVE('',#1476,#1734,#1743,.T.);
#1743 = B_SPLINE_CURVE_WITH_KNOTS('',1,(#1744,#1745),.UNSPECIFIED.,.F.,
  .F.,(2,2),(0.,1.),.PIECEWISE_BEZIER_KNOTS.);
#1744 = CARTESIAN_POINT('',(69.999999999965,64.,205.));
#1745 = CARTESIAN_POINT('',(69.999999999965,185.,212.4006770382));
#1746 = CONICAL_SURFACE('',#1747,32.499999999991,6.10865238198E-02);
#1747 = AXIS2_PLACEMENT_3D('',#1748,#1749,#1750);
#1748 = CARTESIAN_POINT('',(69.999999999965,64.,172.5));
#1749 = DIRECTION('',(0.,1.,-2.22044604925E-16));
#1750 = DIRECTION('',(-1.,0.,0.));
#1751 = ADVANCED_FACE('',(#1752),#1769,.F.);
#1752 = FACE_BOUND('',#1753,.F.);
#1753 = EDGE_LOOP('',(#1754,#1755,#1762,#1768));
#1754 = ORIENTED_EDGE('',*,*,#1376,.T.);
#1755 = ORIENTED_EDGE('',*,*,#1756,.T.);
#1756 = EDGE_CURVE('',#1377,#1757,#1759,.T.);
#1757 = VERTEX_POINT('',#1758);
#1758 = CARTESIAN_POINT('',(-70.,185.,132.5993229618));
#1759 = B_SPLINE_CURVE_WITH_KNOTS('',1,(#1760,#1761),.UNSPECIFIED.,.F.,
  .F.,(2,2),(0.,1.),.PIECEWISE_BEZIER_KNOTS.);
#1760 = CARTESIAN_POINT('',(-70.,64.,140.00000000001));
#1761 = CARTESIAN_POINT('',(-70.,185.,132.5993229618));
#1762 = ORIENTED_EDGE('',*,*,#1763,.F.);
#1763 = EDGE_CURVE('',#1727,#1757,#1764,.T.);
#1764 = LINE('',#1765,#1766);
#1765 = CARTESIAN_POINT('',(69.999999999965,185.,132.5993229618));
#1766 = VECTOR('',#1767,1.);
#1767 = DIRECTION('',(-1.,0.,0.));
#1768 = ORIENTED_EDGE('',*,*,#1726,.F.);
#1769 = PLANE('',#1770);
#1770 = AXIS2_PLACEMENT_3D('',#1771,#1772,#1773);
#1771 = CARTESIAN_POINT('',(69.999999999965,185.,132.5993229618));
#1772 = DIRECTION('',(-0.,-6.104853953486E-02,-0.998134798422));
#1773 = DIRECTION('',(-1.,0.,0.));
#1774 = ADVANCED_FACE('',(#1775),#1795,.F.);
#1775 = FACE_BOUND('',#1776,.F.);
#1776 = EDGE_LOOP('',(#1777,#1778,#1779,#1780,#1787,#1794));
#1777 = ORIENTED_EDGE('',*,*,#1400,.T.);
#1778 = ORIENTED_EDGE('',*,*,#1704,.T.);
#1779 = ORIENTED_EDGE('',*,*,#1450,.T.);
#1780 = ORIENTED_EDGE('',*,*,#1781,.T.);
#1781 = EDGE_CURVE('',#1451,#1782,#1784,.T.);
#1782 = VERTEX_POINT('',#1783);
#1783 = CARTESIAN_POINT('',(-70.,185.,212.4006770382));
#1784 = B_SPLINE_CURVE_WITH_KNOTS('',1,(#1785,#1786),.UNSPECIFIED.,.F.,
  .F.,(2,2),(0.,1.),.PIECEWISE_BEZIER_KNOTS.);
#1785 = CARTESIAN_POINT('',(-70.,64.,205.));
#1786 = CARTESIAN_POINT('',(-70.,185.,212.4006770382));
#1787 = ORIENTED_EDGE('',*,*,#1788,.F.);
#1788 = EDGE_CURVE('',#1757,#1782,#1789,.T.);
#1789 = CIRCLE('',#1790,39.9006770382);
#1790 = AXIS2_PLACEMENT_3D('',#1791,#1792,#1793);
#1791 = CARTESIAN_POINT('',(-70.,185.,172.5));
#1792 = DIRECTION('',(0.,1.,-3.99612419908E-16));
#1793 = DIRECTION('',(-1.,0.,0.));
#1794 = ORIENTED_EDGE('',*,*,#1756,.F.);
#1795 = CONICAL_SURFACE('',#1796,32.499999999991,6.10865238198E-02);
#1796 = AXIS2_PLACEMENT_3D('',#1797,#1798,#1799);
#1797 = CARTESIAN_POINT('',(-70.,64.,172.5));
#1798 = DIRECTION('',(0.,1.,-2.22044604925E-16));
#1799 = DIRECTION('',(-1.,0.,0.));
#1800 = ADVANCED_FACE('',(#1801),#1812,.F.);
#1801 = FACE_BOUND('',#1802,.F.);
#1802 = EDGE_LOOP('',(#1803,#1804,#1805,#1811));
#1803 = ORIENTED_EDGE('',*,*,#1475,.F.);
#1804 = ORIENTED_EDGE('',*,*,#1742,.T.);
#1805 = ORIENTED_EDGE('',*,*,#1806,.T.);
#1806 = EDGE_CURVE('',#1734,#1782,#1807,.T.);
#1807 = LINE('',#1808,#1809);
#1808 = CARTESIAN_POINT('',(69.999999999965,185.,212.4006770382));
#1809 = VECTOR('',#1810,1.);
#1810 = DIRECTION('',(-1.,0.,0.));
#1811 = ORIENTED_EDGE('',*,*,#1781,.F.);
#1812 = PLANE('',#1813);
#1813 = AXIS2_PLACEMENT_3D('',#1814,#1815,#1816);
#1814 = CARTESIAN_POINT('',(69.999999999965,185.,212.4006770382));
#1815 = DIRECTION('',(0.,-6.104853953486E-02,0.998134798422));
#1816 = DIRECTION('',(1.,0.,0.));
#1817 = ADVANCED_FACE('',(#1818,#1824),#1830,.F.);
#1818 = FACE_BOUND('',#1819,.F.);
#1819 = EDGE_LOOP('',(#1820,#1821,#1822,#1823));
#1820 = ORIENTED_EDGE('',*,*,#1622,.T.);
#1821 = ORIENTED_EDGE('',*,*,#1605,.T.);
#1822 = ORIENTED_EDGE('',*,*,#1581,.T.);
#1823 = ORIENTED_EDGE('',*,*,#1550,.F.);
#1824 = FACE_BOUND('',#1825,.F.);
#1825 = EDGE_LOOP('',(#1826,#1827,#1828,#1829));
#1826 = ORIENTED_EDGE('',*,*,#1806,.F.);
#1827 = ORIENTED_EDGE('',*,*,#1733,.T.);
#1828 = ORIENTED_EDGE('',*,*,#1763,.T.);
#1829 = ORIENTED_EDGE('',*,*,#1788,.T.);
#1830 = PLANE('',#1831);
#1831 = AXIS2_PLACEMENT_3D('',#1832,#1833,#1834);
#1832 = CARTESIAN_POINT('',(-70.,185.,172.5));
#1833 = DIRECTION('',(0.,-1.,3.427501264644E-16));
#1834 = DIRECTION('',(1.,0.,0.));
#1835 = ( GEOMETRIC_REPRESENTATION_CONTEXT(3) 
GLOBAL_UNCERTAINTY_ASSIGNED_CONTEXT((#1839)) 
GLOBAL_UNIT_ASSIGNED_CONTEXT((#1836,#1837,#1838)) REPRESENTATION_CONTEXT
('Context #1','3D Context with UNIT and UNCERTAINTY') );
#1836 = ( LENGTH_UNIT() NAMED_UNIT(*) SI_UNIT(.MILLI.,.METRE.) );
#1837 = ( NAMED_UNIT(*) PLANE_ANGLE_UNIT() SI_UNIT($,.RADIAN.) );
#1838 = ( NAMED_UNIT(*) SI_UNIT($,.STERADIAN.) SOLID_ANGLE_UNIT() );
#1839 = UNCERTAINTY_MEASURE_WITH_UNIT(LENGTH_MEASURE(5.E-05),#1836,
  'distance_accuracy_value','confusion accuracy');
#1840 = PRODUCT_RELATED_PRODUCT_CATEGORY('part',$,(#7));
#1841 = MECHANICAL_DESIGN_GEOMETRIC_PRESENTATION_REPRESENTATION('',(
    #1842),#1835);
#1842 = STYLED_ITEM('color',(#1843),#15);
#1843 = PRESENTATION_STYLE_ASSIGNMENT((#1844,#1850));
#1844 = SURFACE_STYLE_USAGE(.BOTH.,#1845);
#1845 = SURFACE_SIDE_STYLE('',(#1846));
#1846 = SURFACE_STYLE_FILL_AREA(#1847);
#1847 = FILL_AREA_STYLE('',(#1848));
#1848 = FILL_AREA_STYLE_COLOUR('',#1849);
#1849 = COLOUR_RGB('',0.447058818107,0.474509808674,0.501960817233);
#1850 = CURVE_STYLE('',#1851,POSITIVE_LENGTH_MEASURE(0.1),#1852);
#1851 = DRAUGHTING_PRE_DEFINED_CURVE_FONT('continuous');
#1852 = COLOUR_RGB('',9.803921802644E-02,9.803921802644E-02,
  9.803921802644E-02);
ENDSEC;
END-ISO-10303-21;
