ISO-10303-21;
HEADER;
FILE_DESCRIPTION(('FreeCAD Model'),'2;1');
FILE_NAME('Open CASCADE Shape Model','2026-07-27T21:53:20',(''),(''),
  'Open CASCADE STEP processor 7.9','FreeCAD','Unknown');
FILE_SCHEMA(('AUTOMOTIVE_DESIGN { 1 0 10303 214 1 1 1 1 }'));
ENDSEC;
DATA;
#1 = APPLICATION_PROTOCOL_DEFINITION('international standard',
  'automotive_design',2000,#2);
#2 = APPLICATION_CONTEXT(
  'core data for automotive mechanical design processes');
#3 = SHAPE_DEFINITION_REPRESENTATION(#4,#10);
#4 = PRODUCT_DEFINITION_SHAPE('','',#5);
#5 = PRODUCT_DEFINITION('design','',#6,#9);
#6 = PRODUCT_DEFINITION_FORMATION('','',#7);
#7 = PRODUCT('newBender2_0','newBender2_0','',(#8));
#8 = PRODUCT_CONTEXT('',#2,'mechanical');
#9 = PRODUCT_DEFINITION_CONTEXT('part definition',#2,'design');
#10 = SHAPE_REPRESENTATION('',(#11,#15,#19),#23);
#11 = AXIS2_PLACEMENT_3D('',#12,#13,#14);
#12 = CARTESIAN_POINT('',(0.,0.,0.));
#13 = DIRECTION('',(0.,0.,1.));
#14 = DIRECTION('',(1.,0.,-0.));
#15 = AXIS2_PLACEMENT_3D('',#16,#17,#18);
#16 = CARTESIAN_POINT('',(0.,0.,0.));
#17 = DIRECTION('',(0.,0.,1.));
#18 = DIRECTION('',(1.,0.,0.));
#19 = AXIS2_PLACEMENT_3D('',#20,#21,#22);
#20 = CARTESIAN_POINT('',(0.,0.,0.));
#21 = DIRECTION('',(0.,0.,1.));
#22 = DIRECTION('',(1.,0.,0.));
#23 = ( GEOMETRIC_REPRESENTATION_CONTEXT(3) 
GLOBAL_UNCERTAINTY_ASSIGNED_CONTEXT((#27)) GLOBAL_UNIT_ASSIGNED_CONTEXT(
(#24,#25,#26)) REPRESENTATION_CONTEXT('Context #1',
  '3D Context with UNIT and UNCERTAINTY') );
#24 = ( LENGTH_UNIT() NAMED_UNIT(*) SI_UNIT(.MILLI.,.METRE.) );
#25 = ( NAMED_UNIT(*) PLANE_ANGLE_UNIT() SI_UNIT($,.RADIAN.) );
#26 = ( NAMED_UNIT(*) SI_UNIT($,.STERADIAN.) SOLID_ANGLE_UNIT() );
#27 = UNCERTAINTY_MEASURE_WITH_UNIT(LENGTH_MEASURE(5.E-06),#24,
  'distance_accuracy_value','confusion accuracy');
#28 = PRODUCT_RELATED_PRODUCT_CATEGORY('part',$,(#7));
#29 = SHAPE_DEFINITION_REPRESENTATION(#30,#36);
#30 = PRODUCT_DEFINITION_SHAPE('','',#31);
#31 = PRODUCT_DEFINITION('design','',#32,#35);
#32 = PRODUCT_DEFINITION_FORMATION('','',#33);
#33 = PRODUCT('Mid-support','Mid-support','',(#34));
#34 = PRODUCT_CONTEXT('',#2,'mechanical');
#35 = PRODUCT_DEFINITION_CONTEXT('part definition',#2,'design');
#36 = SHAPE_REPRESENTATION('',(#11,#37,#527),#1045);
#37 = MANIFOLD_SOLID_BREP('',#38);
#38 = CLOSED_SHELL('',(#39,#257,#368,#393,#496,#513));
#39 = ADVANCED_FACE('',(#40),#252,.T.);
#40 = FACE_BOUND('',#41,.T.);
#41 = EDGE_LOOP('',(#42,#141,#149,#246));
#42 = ORIENTED_EDGE('',*,*,#43,.F.);
#43 = EDGE_CURVE('',#44,#46,#48,.T.);
#44 = VERTEX_POINT('',#45);
#45 = CARTESIAN_POINT('',(-70.,103.56157588604,209.8));
#46 = VERTEX_POINT('',#47);
#47 = CARTESIAN_POINT('',(-70.,103.56157588604,135.2));
#48 = B_SPLINE_CURVE_WITH_KNOTS('',7,(#49,#50,#51,#52,#53,#54,#55,#56,
    #57,#58,#59,#60,#61,#62,#63,#64,#65,#66,#67,#68,#69,#70,#71,#72,#73,
    #74,#75,#76,#77,#78,#79,#80,#81,#82,#83,#84,#85,#86,#87,#88,#89,#90,
    #91,#92,#93,#94,#95,#96,#97,#98,#99,#100,#101,#102,#103,#104,#105,
    #106,#107,#108,#109,#110,#111,#112,#113,#114,#115,#116,#117,#118,
    #119,#120,#121,#122,#123,#124,#125,#126,#127,#128,#129,#130,#131,
    #132,#133,#134,#135,#136,#137,#138,#139,#140),.UNSPECIFIED.,.F.,.F.,
  (8,6,6,6,6,6,6,6,6,6,6,6,6,6,6,8),(0.,6.84941802284E-02,0.226294963458
    ,0.328399039679,0.362782262574,0.407770301178,0.44290843249,
    0.461804088281,0.499672261367,0.55636834876,0.591505466327,
    0.63611152328,0.67060656524,0.773307049996,0.93140991057,1.),
  .UNSPECIFIED.);
#49 = CARTESIAN_POINT('',(-70.,103.56157588604,209.8));
#50 = CARTESIAN_POINT('',(-71.31470746492,102.67293044242,209.8));
#51 = CARTESIAN_POINT('',(-72.60850864648,101.77004764087,
    209.74593765865));
#52 = CARTESIAN_POINT('',(-73.87955158753,100.85478255497,
    209.64090709197));
#53 = CARTESIAN_POINT('',(-75.12624129536,99.929049862152,
    209.48789413575));
#54 = CARTESIAN_POINT('',(-76.34721195658,98.994812263793,
    209.28978600967));
#55 = CARTESIAN_POINT('',(-77.54129915206,98.054068905326,
    209.04938098143));
#56 = CARTESIAN_POINT('',(-81.39429964322,94.931180496663,
    208.12435740478));
#57 = CARTESIAN_POINT('',(-83.93393591224,92.72908438855,207.26905618));
#58 = CARTESIAN_POINT('',(-86.32568002259,90.517954624629,
    206.23374095514));
#59 = CARTESIAN_POINT('',(-88.57290686542,88.310970565724,
    205.04042341137));
#60 = CARTESIAN_POINT('',(-90.68040835382,86.119472164119,
    203.70411132881));
#61 = CARTESIAN_POINT('',(-92.65235658213,83.954903313171,
    202.23383397992));
#62 = CARTESIAN_POINT('',(-95.68010487359,80.458801269116,
    199.59813923549));
#63 = CARTESIAN_POINT('',(-96.81290977623,79.103701938236,
    198.50888721158));
#64 = CARTESIAN_POINT('',(-97.89086038729,77.769629501567,197.3659978489
    ));
#65 = CARTESIAN_POINT('',(-98.91470011917,76.46033825986,196.16870923576
    ));
#66 = CARTESIAN_POINT('',(-99.88391393953,75.181299441998,
    194.91576599595));
#67 = CARTESIAN_POINT('',(-100.7967416215,73.9402948579,193.60573108976)
  );
#68 = CARTESIAN_POINT('',(-101.9375460184,72.34625460394,191.77636179229
    ));
#69 = CARTESIAN_POINT('',(-102.2182701728,71.950089674856,
    191.30876303768));
#70 = CARTESIAN_POINT('',(-102.4922461821,71.559678816972,
    190.83429470019));
#71 = CARTESIAN_POINT('',(-102.7593615864,71.175424953927,
    190.35284374662));
#72 = CARTESIAN_POINT('',(-103.0194789664,70.797778383944,
    189.86430073884));
#73 = CARTESIAN_POINT('',(-103.2724370923,70.427237289218,
    189.36855973291));
#74 = CARTESIAN_POINT('',(-103.8394220695,69.58953335183,188.20732354204
    ));
#75 = CARTESIAN_POINT('',(-104.1482823684,69.127727968936,
    187.53650428458));
#76 = CARTESIAN_POINT('',(-104.4441679968,68.68022824655,186.85291051459
    ));
#77 = CARTESIAN_POINT('',(-104.7265630104,68.248457339411,186.1563999309
    ));
#78 = CARTESIAN_POINT('',(-104.9948977348,67.833964196684,
    185.44683772877));
#79 = CARTESIAN_POINT('',(-105.2485460073,67.438422351583,
    184.72409650629));
#80 = CARTESIAN_POINT('',(-105.6729293959,66.770894273846,183.4131682058
    ));
#81 = CARTESIAN_POINT('',(-105.8496910425,66.490766203565,
    182.83006723079));
#82 = CARTESIAN_POINT('',(-106.0166744356,66.224265286921,
    182.23900032668));
#83 = CARTESIAN_POINT('',(-106.1734675853,65.972396324864,
    181.64020040558));
#84 = CARTESIAN_POINT('',(-106.3196736545,65.73614614892,181.03388621022
    ));
#85 = CARTESIAN_POINT('',(-106.4549051781,65.516481637605,
    180.42026231338));
#86 = CARTESIAN_POINT('',(-106.6453914877,65.205649502578,
    179.46571224349));
#87 = CARTESIAN_POINT('',(-106.7087114111,65.102034874478,179.1298900454
    ));
#88 = CARTESIAN_POINT('',(-106.7686665594,65.003670172343,
    178.79214995769));
#89 = CARTESIAN_POINT('',(-106.8251904757,64.910712362668,
    178.45258701729));
#90 = CARTESIAN_POINT('',(-106.8782213543,64.823308933994,
    178.11129386698));
#91 = CARTESIAN_POINT('',(-106.9277016557,64.741597776265,
    177.76836075903));
#92 = CARTESIAN_POINT('',(-107.0655164602,64.513616928767,176.733503902)
  );
#93 = CARTESIAN_POINT('',(-107.1430117855,64.384850079647,
    176.03665661288));
#94 = CARTESIAN_POINT('',(-107.2055310221,64.280604240467,
    175.33465272755));
#95 = CARTESIAN_POINT('',(-107.2526872579,64.20178803006,174.62876100091
    ));
#96 = CARTESIAN_POINT('',(-107.2842227738,64.149017826469,
    173.92021455576));
#97 = CARTESIAN_POINT('',(-107.3,64.122616914783,173.21022556974));
#98 = CARTESIAN_POINT('',(-107.3,64.122616914783,171.43665292804));
#99 = CARTESIAN_POINT('',(-107.2646337813,64.181796953576,170.3748891173
    ));
#100 = CARTESIAN_POINT('',(-107.1940911655,64.299840741881,
    169.3181228651));
#101 = CARTESIAN_POINT('',(-107.0890308484,64.475176144091,
    168.26981921807));
#102 = CARTESIAN_POINT('',(-106.9506003458,64.704965646224,
    167.23357885082));
#103 = CARTESIAN_POINT('',(-106.7805224761,64.985117408419,
    166.21322175945));
#104 = CARTESIAN_POINT('',(-106.4577492515,65.511857667158,
    164.59290661101));
#105 = CARTESIAN_POINT('',(-106.3229184997,65.730892751128,
    163.98003576198));
#106 = CARTESIAN_POINT('',(-106.177138306,65.966481529373,
    163.37444807413));
#107 = CARTESIAN_POINT('',(-106.0207945647,66.217661221744,
    162.77634856287));
#108 = CARTESIAN_POINT('',(-105.8542826376,66.483448866976,
    162.18595640688));
#109 = CARTESIAN_POINT('',(-105.6780131112,66.762843297219,
    161.60350494685));
#110 = CARTESIAN_POINT('',(-105.2568067028,67.425496296579,
    160.30022286992));
#111 = CARTESIAN_POINT('',(-105.0061140664,67.816536777675,
    159.58423855881));
#112 = CARTESIAN_POINT('',(-104.741005883,68.226202607077,
    158.88117415054));
#113 = CARTESIAN_POINT('',(-104.4620917093,68.652865764337,
    158.19090819296));
#114 = CARTESIAN_POINT('',(-104.1699271481,69.095017348569,
    157.51331229541));
#115 = CARTESIAN_POINT('',(-103.8650165781,69.55126876966,
    156.84825104184));
#116 = CARTESIAN_POINT('',(-103.3025162084,70.383108117315,
    155.6908556215));
#117 = CARTESIAN_POINT('',(-103.0498306316,70.753590703652,
    155.1934662766));
#118 = CARTESIAN_POINT('',(-102.7899456218,71.131247815373,
    154.70331078358));
#119 = CARTESIAN_POINT('',(-102.5230247909,71.515575422645,
    154.22028259058));
#120 = CARTESIAN_POINT('',(-102.2492077456,71.906117842566,
    153.74427157793));
#121 = CARTESIAN_POINT('',(-101.9686089386,72.302467232791,
    153.27516395658));
#122 = CARTESIAN_POINT('',(-100.8259741581,73.900511196907,
    151.43639299451));
#123 = CARTESIAN_POINT('',(-99.91062378043,75.14598125541,150.1190074934
    ));
#124 = CARTESIAN_POINT('',(-98.93835624423,76.429983071743,
    148.85926494537));
#125 = CARTESIAN_POINT('',(-97.91097449928,77.744595607835,
    147.65569960507));
#126 = CARTESIAN_POINT('',(-96.82901104294,79.084260158335,
    146.50702627713));
#127 = CARTESIAN_POINT('',(-95.69171228125,80.445172925742,
    145.4124592021));
#128 = CARTESIAN_POINT('',(-92.65842351134,83.948243353478,
    142.77069027048));
#129 = CARTESIAN_POINT('',(-90.68581048822,86.113854502732,
    141.29931441228));
#130 = CARTESIAN_POINT('',(-88.57751467475,88.306445065094,
    139.96202377921));
#131 = CARTESIAN_POINT('',(-86.32935866657,90.514553538863,
    138.76785182084));
#132 = CARTESIAN_POINT('',(-83.93654118468,92.726825226031,
    137.73182148679));
#133 = CARTESIAN_POINT('',(-81.39567884098,94.930062645595,
    136.8759737113));
#134 = CARTESIAN_POINT('',(-77.54129914924,98.054068907615,
    135.95061901789));
#135 = CARTESIAN_POINT('',(-76.34721195967,98.994812261543,
    135.71021399061));
#136 = CARTESIAN_POINT('',(-75.12624129764,99.929049860316,
    135.51210586476));
#137 = CARTESIAN_POINT('',(-73.87955158493,100.85478255674,
    135.35909290799));
#138 = CARTESIAN_POINT('',(-72.60850864345,101.77004764313,
    135.25406234095));
#139 = CARTESIAN_POINT('',(-71.31470746817,102.67293044022,135.2));
#140 = CARTESIAN_POINT('',(-70.,103.56157588604,135.2));
#141 = ORIENTED_EDGE('',*,*,#142,.T.);
#142 = EDGE_CURVE('',#44,#143,#145,.T.);
#143 = VERTEX_POINT('',#144);
#144 = CARTESIAN_POINT('',(-70.,109.54451150103,209.8));
#145 = LINE('',#146,#147);
#146 = CARTESIAN_POINT('',(-70.,4.658495811327E-14,209.8));
#147 = VECTOR('',#148,1.);
#148 = DIRECTION('',(0.,1.,-2.22044604925E-16));
#149 = ORIENTED_EDGE('',*,*,#150,.T.);
#150 = EDGE_CURVE('',#143,#151,#153,.T.);
#151 = VERTEX_POINT('',#152);
#152 = CARTESIAN_POINT('',(-70.,109.54451150103,135.2));
#153 = B_SPLINE_CURVE_WITH_KNOTS('',7,(#154,#155,#156,#157,#158,#159,
    #160,#161,#162,#163,#164,#165,#166,#167,#168,#169,#170,#171,#172,
    #173,#174,#175,#176,#177,#178,#179,#180,#181,#182,#183,#184,#185,
    #186,#187,#188,#189,#190,#191,#192,#193,#194,#195,#196,#197,#198,
    #199,#200,#201,#202,#203,#204,#205,#206,#207,#208,#209,#210,#211,
    #212,#213,#214,#215,#216,#217,#218,#219,#220,#221,#222,#223,#224,
    #225,#226,#227,#228,#229,#230,#231,#232,#233,#234,#235,#236,#237,
    #238,#239,#240,#241,#242,#243,#244,#245),.UNSPECIFIED.,.F.,.F.,(8,6,
    6,6,6,6,6,6,6,6,6,6,6,6,6,8),(0.,6.865643453041E-02,0.114689215142,
    0.222084403689,0.351336209833,0.39749940943,0.4356622087,
    0.456439551082,0.499728049147,0.563688086465,0.60206028604,
    0.648344598672,0.777541849957,0.885175438467,0.931262543024,1.),
  .UNSPECIFIED.);
#154 = CARTESIAN_POINT('',(-70.,109.54451150103,209.8));
#155 = CARTESIAN_POINT('',(-71.30974854055,108.70756954399,209.8));
#156 = CARTESIAN_POINT('',(-72.60051502884,107.8570272908,
    209.74634479166));
#157 = CARTESIAN_POINT('',(-73.87031021323,106.99467325596,
    209.64183279611));
#158 = CARTESIAN_POINT('',(-75.11737067167,106.12238116884,
    209.48920698771));
#159 = CARTESIAN_POINT('',(-76.34014048584,105.24209541012,
    209.29116219422));
#160 = CARTESIAN_POINT('',(-77.53725291534,104.35581644831,
    209.05035239692));
#161 = CARTESIAN_POINT('',(-79.4921476763,102.86870456372,
    208.58102368857));
#162 = CARTESIAN_POINT('',(-80.2649661638,102.26985298248,
    208.37454153233));
#163 = CARTESIAN_POINT('',(-81.02585318497,101.66944724688,
    208.15065732915));
#164 = CARTESIAN_POINT('',(-81.77472053124,101.06789714664,
    207.91003324798));
#165 = CARTESIAN_POINT('',(-82.51150441226,100.46560521281,
    207.65328856276));
#166 = CARTESIAN_POINT('',(-83.23616373356,99.862965383902,
    207.38100035551));
#167 = CARTESIAN_POINT('',(-85.61098604122,97.854477899643,206.423437894
    ));
#168 = CARTESIAN_POINT('',(-87.2070473626,96.44891149483,205.67154066464
    ));
#169 = CARTESIAN_POINT('',(-88.73748404311,95.047818053902,
    204.84449195086));
#170 = CARTESIAN_POINT('',(-90.20328551065,93.655092793471,
    203.94726966743));
#171 = CARTESIAN_POINT('',(-91.60544027821,92.274607818769,
    202.98355468664));
#172 = CARTESIAN_POINT('',(-92.94465985769,90.910522026462,
    201.95590359718));
#173 = CARTESIAN_POINT('',(-95.75752570862,87.951512360392,
    199.55404088473));
#174 = CARTESIAN_POINT('',(-97.20183806982,86.367394081507,
    198.1529056789));
#175 = CARTESIAN_POINT('',(-98.55665324825,84.821711247343,196.663922414
    ));
#176 = CARTESIAN_POINT('',(-99.8221897455,83.323137219745,
    195.08634544585));
#177 = CARTESIAN_POINT('',(-100.9958404316,81.884077628529,
    193.41844926457));
#178 = CARTESIAN_POINT('',(-102.0723180012,80.521915344262,
    191.65824361013));
#179 = CARTESIAN_POINT('',(-103.3902524318,78.808497757619,
    189.14151436602));
#180 = CARTESIAN_POINT('',(-103.7237580049,78.370151281973,
    188.46696560191));
#181 = CARTESIAN_POINT('',(-104.0434887525,77.945494052944,
    187.78019010315));
#182 = CARTESIAN_POINT('',(-104.3489704557,77.535720849471,
    187.08119479651));
#183 = CARTESIAN_POINT('',(-104.6396964752,77.142096480298,
    186.36998815441));
#184 = CARTESIAN_POINT('',(-104.9151241889,76.765954147251,
    185.64658021914));
#185 = CARTESIAN_POINT('',(-105.3892373477,76.113349146236,
    184.30286916227));
#186 = CARTESIAN_POINT('',(-105.5929767723,75.830872077265,
    183.68634944024));
#187 = CARTESIAN_POINT('',(-105.7854543659,75.562198352114,
    183.06171377264));
#188 = CARTESIAN_POINT('',(-105.9662580703,75.308242395661,
    182.4292426639));
#189 = CARTESIAN_POINT('',(-106.1349936335,75.069895173403,
    181.78920682776));
#190 = CARTESIAN_POINT('',(-106.2912791355,74.848022057714,
    181.14186720404));
#191 = CARTESIAN_POINT('',(-106.5128450385,74.532089369897,
    180.13119787686));
#192 = CARTESIAN_POINT('',(-106.5871405921,74.425861493227,
    179.77286869623));
#193 = CARTESIAN_POINT('',(-106.6575543992,74.324928406485,
    179.4125869137));
#194 = CARTESIAN_POINT('',(-106.7240196812,74.229432930897,
    179.05045034169));
#195 = CARTESIAN_POINT('',(-106.7864742995,74.139509238445,
    178.68655512796));
#196 = CARTESIAN_POINT('',(-106.8448603996,74.055282723806,
    178.32099575883));
#197 = CARTESIAN_POINT('',(-107.0121795157,73.813500840151,
    177.18896760084));
#198 = CARTESIAN_POINT('',(-107.1073758299,73.675316417766,
    176.41701013601));
#199 = CARTESIAN_POINT('',(-107.1841176298,73.563525076667,
    175.63941690921));
#200 = CARTESIAN_POINT('',(-107.2419720243,73.479044661797,
    174.85757168365));
#201 = CARTESIAN_POINT('',(-107.2806506514,73.422497701574,
    174.07282941981));
#202 = CARTESIAN_POINT('',(-107.3,73.394209580865,173.28652799969));
#203 = CARTESIAN_POINT('',(-107.3,73.394209580865,171.33788159763));
#204 = CARTESIAN_POINT('',(-107.2577585599,73.45596501251,
    170.17720015539));
#205 = CARTESIAN_POINT('',(-107.1734637095,73.579202098328,
    169.02168986033));
#206 = CARTESIAN_POINT('',(-107.0478161756,73.762413455834,
    167.87512677333));
#207 = CARTESIAN_POINT('',(-106.8820469366,74.002852535188,
    166.74139197382));
#208 = CARTESIAN_POINT('',(-106.6780041233,74.296552606541,
    165.62453331912));
#209 = CARTESIAN_POINT('',(-106.2945066778,74.843440481349,
    163.87146680666));
#210 = CARTESIAN_POINT('',(-106.1377612596,75.065987274249,
    163.22121498844));
#211 = CARTESIAN_POINT('',(-105.9684528133,75.305162597449,
    162.57832518526));
#212 = CARTESIAN_POINT('',(-105.7869681307,75.56009003278,
    161.94306216391));
#213 = CARTESIAN_POINT('',(-105.5937065915,75.829867004051,
    161.31570065312));
#214 = CARTESIAN_POINT('',(-105.3890857611,76.113566958861,
    160.69652536046));
#215 = CARTESIAN_POINT('',(-104.9135654387,76.768088629767,
    159.34921517077));
#216 = CARTESIAN_POINT('',(-104.6376595317,77.144867642699,
    158.62482505891));
#217 = CARTESIAN_POINT('',(-104.3464138199,77.539172776182,
    157.91267201605));
#218 = CARTESIAN_POINT('',(-104.0403730402,77.949665445116,
    157.21276578847));
#219 = CARTESIAN_POINT('',(-103.7200456905,78.375075936105,
    156.52511453045));
#220 = CARTESIAN_POINT('',(-103.3859076055,78.814205051219,
    155.84972482826));
#221 = CARTESIAN_POINT('',(-102.0683940951,80.526851312471,
    153.33557105214));
#222 = CARTESIAN_POINT('',(-100.9933726525,81.887030474846,
    151.57844160361));
#223 = CARTESIAN_POINT('',(-99.82149837042,83.323828238026,
    149.91332331281));
#224 = CARTESIAN_POINT('',(-98.55802927043,84.819952272116,
    148.33823481557));
#225 = CARTESIAN_POINT('',(-97.20555929127,86.363054792728,
    146.85145856749));
#226 = CARTESIAN_POINT('',(-95.76387463173,87.944497956404,
    145.45225043129));
#227 = CARTESIAN_POINT('',(-92.9530010321,90.902025230014,
    143.05049876199));
#228 = CARTESIAN_POINT('',(-91.61271762536,92.267442415997,
    142.02144824701));
#229 = CARTESIAN_POINT('',(-90.20937168288,93.649309698046,
    141.05645641566));
#230 = CARTESIAN_POINT('',(-88.7422502877,95.043454419989,
    140.15808414074));
#231 = CARTESIAN_POINT('',(-87.21036160267,96.445992729778,
    139.33002083091));
#232 = CARTESIAN_POINT('',(-85.61271234528,97.853017891414,
    138.57725817659));
#233 = CARTESIAN_POINT('',(-83.23616373355,99.862965383903,
    137.61899964448));
#234 = CARTESIAN_POINT('',(-82.51150441226,100.46560521281,
    137.34671143723));
#235 = CARTESIAN_POINT('',(-81.77472053124,101.06789714664,
    137.08996675201));
#236 = CARTESIAN_POINT('',(-81.02585318498,101.66944724688,
    136.84934267084));
#237 = CARTESIAN_POINT('',(-80.2649661638,102.26985298248,
    136.62545846766));
#238 = CARTESIAN_POINT('',(-79.49214767631,102.86870456371,
    136.41897631142));
#239 = CARTESIAN_POINT('',(-77.53725291528,104.35581644835,
    135.94964760306));
#240 = CARTESIAN_POINT('',(-76.34014048583,105.24209541013,
    135.70883780578));
#241 = CARTESIAN_POINT('',(-75.11737067172,106.1223811688,
    135.51079301229));
#242 = CARTESIAN_POINT('',(-73.87031021328,106.99467325593,
    135.35816720388));
#243 = CARTESIAN_POINT('',(-72.60051502883,107.85702729081,
    135.25365520833));
#244 = CARTESIAN_POINT('',(-71.30974854048,108.70756954403,135.2));
#245 = CARTESIAN_POINT('',(-70.,109.54451150103,135.2));
#246 = ORIENTED_EDGE('',*,*,#247,.F.);
#247 = EDGE_CURVE('',#46,#151,#248,.T.);
#248 = LINE('',#249,#250);
#249 = CARTESIAN_POINT('',(-70.,3.002043058586E-14,135.2));
#250 = VECTOR('',#251,1.);
#251 = DIRECTION('',(0.,1.,-2.22044604925E-16));
#252 = CYLINDRICAL_SURFACE('',#253,37.3);
#253 = AXIS2_PLACEMENT_3D('',#254,#255,#256);
#254 = CARTESIAN_POINT('',(-70.,3.830269434957E-14,172.5));
#255 = DIRECTION('',(0.,-1.,2.22044604925E-16));
#256 = DIRECTION('',(1.,0.,0.));
#257 = ADVANCED_FACE('',(#258),#363,.F.);
#258 = FACE_BOUND('',#259,.T.);
#259 = EDGE_LOOP('',(#260,#269,#270,#279,#322));
#260 = ORIENTED_EDGE('',*,*,#261,.T.);
#261 = EDGE_CURVE('',#262,#44,#264,.T.);
#262 = VERTEX_POINT('',#263);
#263 = CARTESIAN_POINT('',(70.,103.56157588604,209.8));
#264 = CIRCLE('',#265,125.);
#265 = AXIS2_PLACEMENT_3D('',#266,#267,#268);
#266 = CARTESIAN_POINT('',(0.,0.,209.8));
#267 = DIRECTION('',(0.,-0.,1.));
#268 = DIRECTION('',(0.,1.,0.));
#269 = ORIENTED_EDGE('',*,*,#43,.T.);
#270 = ORIENTED_EDGE('',*,*,#271,.F.);
#271 = EDGE_CURVE('',#272,#46,#274,.T.);
#272 = VERTEX_POINT('',#273);
#273 = CARTESIAN_POINT('',(70.,103.56157588604,135.2));
#274 = CIRCLE('',#275,125.);
#275 = AXIS2_PLACEMENT_3D('',#276,#277,#278);
#276 = CARTESIAN_POINT('',(0.,0.,135.2));
#277 = DIRECTION('',(0.,-0.,1.));
#278 = DIRECTION('',(0.,1.,0.));
#279 = ORIENTED_EDGE('',*,*,#280,.T.);
#280 = EDGE_CURVE('',#272,#281,#283,.T.);
#281 = VERTEX_POINT('',#282);
#282 = CARTESIAN_POINT('',(107.3,64.122616914783,172.5));
#283 = B_SPLINE_CURVE_WITH_KNOTS('',7,(#284,#285,#286,#287,#288,#289,
    #290,#291,#292,#293,#294,#295,#296,#297,#298,#299,#300,#301,#302,
    #303,#304,#305,#306,#307,#308,#309,#310,#311,#312,#313,#314,#315,
    #316,#317,#318,#319,#320,#321),.UNSPECIFIED.,.F.,.F.,(8,6,6,6,6,6,8)
  ,(0.,0.136904417092,0.452271130754,0.656405752467,0.726635614675,
    0.816798618378,1.),.UNSPECIFIED.);
#284 = CARTESIAN_POINT('',(70.,103.56157588604,135.2));
#285 = CARTESIAN_POINT('',(71.311959129092,102.67478811508,135.2));
#286 = CARTESIAN_POINT('',(72.603102156047,101.77382051725,
    135.25383654896));
#287 = CARTESIAN_POINT('',(73.871587306888,100.86051727003,
    135.35843531413));
#288 = CARTESIAN_POINT('',(75.115827571226,99.936781896121,
    135.51082898211));
#289 = CARTESIAN_POINT('',(76.334463239311,99.004565780842,
    135.70814770136));
#290 = CARTESIAN_POINT('',(77.526334439079,98.065856689691,
    135.94760952478));
#291 = CARTESIAN_POINT('',(81.372065157876,94.949979588863,
    136.86897511261));
#292 = CARTESIAN_POINT('',(83.907198870105,92.752884811946,
    137.72090642802));
#293 = CARTESIAN_POINT('',(86.295093241083,90.546693207382,
    138.75223243448));
#294 = CARTESIAN_POINT('',(88.539075916576,88.344514931815,139.941041567
    ));
#295 = CARTESIAN_POINT('',(90.64389364313,86.157632538856,
    141.27236656973));
#296 = CARTESIAN_POINT('',(92.613696691305,83.997414313115,
    142.73717275861));
#297 = CARTESIAN_POINT('',(95.639286428948,80.507273919267,
    145.36339420294));
#298 = CARTESIAN_POINT('',(96.771722298307,79.154024302023,
    146.44900019999));
#299 = CARTESIAN_POINT('',(97.849492864421,77.821615132479,
    147.58805230106));
#300 = CARTESIAN_POINT('',(98.873345860581,76.513767428016,
    148.78128174384));
#301 = CARTESIAN_POINT('',(99.842788438914,75.235891430135,
    150.02991540971));
#302 = CARTESIAN_POINT('',(100.75609731626,73.995674463864,
    151.33536723616));
#303 = CARTESIAN_POINT('',(101.90417725402,72.39332325557,
    153.16816264607));
#304 = CARTESIAN_POINT('',(102.19113590628,71.988741301373,
    153.64432009173));
#305 = CARTESIAN_POINT('',(102.47108626048,71.590109866254,
    154.12761286452));
#306 = CARTESIAN_POINT('',(102.7439104072,71.197853576866,
    154.61816076441));
#307 = CARTESIAN_POINT('',(103.00946344414,70.812448203871,
    155.11607973522));
#308 = CARTESIAN_POINT('',(103.26757474992,70.434421227703,
    155.62148197669));
#309 = CARTESIAN_POINT('',(103.83961523114,69.589248002233,
    156.79307178299));
#310 = CARTESIAN_POINT('',(104.14865636379,69.127168807225,
    157.46430774665));
#311 = CARTESIAN_POINT('',(104.44470675195,68.679413448924,
    158.14833399619));
#312 = CARTESIAN_POINT('',(104.72724942157,68.247407847176,
    158.84529297969));
#313 = CARTESIAN_POINT('',(104.99571355745,67.832703996206,
    159.55531963862));
#314 = CARTESIAN_POINT('',(105.24947173224,67.436978748774,
    160.27854150177));
#315 = CARTESIAN_POINT('',(105.97216961552,66.300182954589,
    162.51164212882));
#316 = CARTESIAN_POINT('',(106.39735765036,65.617189280754,
    164.07679432495));
#317 = CARTESIAN_POINT('',(106.75017118429,65.039413598131,
    165.69672689523));
#318 = CARTESIAN_POINT('',(107.0217889438,64.588160193519,
    167.35920519361));
#319 = CARTESIAN_POINT('',(107.20640870724,64.279229198242,
    169.05353886311));
#320 = CARTESIAN_POINT('',(107.3,64.122616914783,170.77018648916));
#321 = CARTESIAN_POINT('',(107.3,64.122616914783,172.5));
#322 = ORIENTED_EDGE('',*,*,#323,.T.);
#323 = EDGE_CURVE('',#281,#262,#324,.T.);
#324 = B_SPLINE_CURVE_WITH_KNOTS('',7,(#325,#326,#327,#328,#329,#330,
    #331,#332,#333,#334,#335,#336,#337,#338,#339,#340,#341,#342,#343,
    #344,#345,#346,#347,#348,#349,#350,#351,#352,#353,#354,#355,#356,
    #357,#358,#359,#360,#361,#362),.UNSPECIFIED.,.F.,.F.,(8,6,6,6,6,6,8)
  ,(0.,0.182576565352,0.273041372951,0.343613662295,0.54749417726,
    0.863097347426,1.),.UNSPECIFIED.);
#325 = CARTESIAN_POINT('',(107.3,64.122616914783,172.5));
#326 = CARTESIAN_POINT('',(107.3,64.122616914783,174.22377698849));
#327 = CARTESIAN_POINT('',(107.20706077392,64.278138044546,
    175.9345607486));
#328 = CARTESIAN_POINT('',(107.02370272022,64.584957825106,
    177.62325667984));
#329 = CARTESIAN_POINT('',(106.75390737584,65.033206872228,
    179.28038384741));
#330 = CARTESIAN_POINT('',(106.40341435904,65.607270002065,
    180.89532955839));
#331 = CARTESIAN_POINT('',(105.98094678188,66.286079995127,
    182.45595662079));
#332 = CARTESIAN_POINT('',(105.26106970322,67.418876873092,
    184.68814262955));
#333 = CARTESIAN_POINT('',(105.00703607621,67.81518298531,
    185.41431148302));
#334 = CARTESIAN_POINT('',(104.73817598806,68.230651579934,
    186.12719507355));
#335 = CARTESIAN_POINT('',(104.4551249484,68.663585153508,
    186.82692048367));
#336 = CARTESIAN_POINT('',(104.15846133037,69.112412264081,
    187.51362217302));
#337 = CARTESIAN_POINT('',(103.84870926582,69.575688797717,
    188.18744207381));
#338 = CARTESIAN_POINT('',(103.27486000879,70.423750666313,
    189.36424919672));
#339 = CARTESIAN_POINT('',(103.01566216138,70.80345209637,
    189.87229977422));
#340 = CARTESIAN_POINT('',(102.74894641958,71.190614214655,
    190.37279152276));
#341 = CARTESIAN_POINT('',(102.47488628573,71.584701031008,
    190.86583825503));
#342 = CARTESIAN_POINT('',(102.19362903945,71.985229298054,
    191.35155760821));
#343 = CARTESIAN_POINT('',(101.90529443394,72.391767933613,
    191.8300711596));
#344 = CARTESIAN_POINT('',(100.75680274109,73.99467863391,
    193.66345668718));
#345 = CARTESIAN_POINT('',(99.844673752204,75.233320674292,
    194.9673519689));
#346 = CARTESIAN_POINT('',(98.876547537744,76.509537749537,
    196.21456624978));
#347 = CARTESIAN_POINT('',(97.854141586358,77.815669292711,
    197.40650962831));
#348 = CARTESIAN_POINT('',(96.777948393597,79.146321612999,
    198.54440626504));
#349 = CARTESIAN_POINT('',(95.647225367832,80.497783592057,
    199.62898760357));
#350 = CARTESIAN_POINT('',(92.622700361384,83.987539343989,
    202.25613005891));
#351 = CARTESIAN_POINT('',(90.651909420685,86.149303648294,
    203.72256229527));
#352 = CARTESIAN_POINT('',(88.545912140725,88.337805580194,
    205.0553359306));
#353 = CARTESIAN_POINT('',(86.300550150604,90.541651105363,
    206.24541001901));
#354 = CARTESIAN_POINT('',(83.911062844099,92.74953582365,
    207.27779467256));
#355 = CARTESIAN_POINT('',(81.374110271255,94.948322602867,
    208.13053491624));
#356 = CARTESIAN_POINT('',(77.526334483028,98.065856654083,
    209.05239046468));
#357 = CARTESIAN_POINT('',(76.334463268416,99.004565759322,
    209.29185229514));
#358 = CARTESIAN_POINT('',(75.11582755353,99.936781911605,
    209.48917102417));
#359 = CARTESIAN_POINT('',(73.871587237357,100.86051732268,
    209.64156469629));
#360 = CARTESIAN_POINT('',(72.603102055933,101.77382058858,
    209.74616345796));
#361 = CARTESIAN_POINT('',(71.311959044554,102.67478817222,209.8));
#362 = CARTESIAN_POINT('',(70.,103.56157588604,209.8));
#363 = CYLINDRICAL_SURFACE('',#364,125.);
#364 = AXIS2_PLACEMENT_3D('',#365,#366,#367);
#365 = CARTESIAN_POINT('',(0.,0.,225.));
#366 = DIRECTION('',(0.,0.,1.));
#367 = DIRECTION('',(0.,1.,0.));
#368 = ADVANCED_FACE('',(#369),#388,.T.);
#369 = FACE_BOUND('',#370,.T.);
#370 = EDGE_LOOP('',(#371,#372,#373,#382));
#371 = ORIENTED_EDGE('',*,*,#271,.T.);
#372 = ORIENTED_EDGE('',*,*,#247,.T.);
#373 = ORIENTED_EDGE('',*,*,#374,.F.);
#374 = EDGE_CURVE('',#375,#151,#377,.T.);
#375 = VERTEX_POINT('',#376);
#376 = CARTESIAN_POINT('',(70.,109.54451150103,135.2));
#377 = CIRCLE('',#378,130.);
#378 = AXIS2_PLACEMENT_3D('',#379,#380,#381);
#379 = CARTESIAN_POINT('',(0.,0.,135.2));
#380 = DIRECTION('',(0.,0.,1.));
#381 = DIRECTION('',(1.,0.,0.));
#382 = ORIENTED_EDGE('',*,*,#383,.F.);
#383 = EDGE_CURVE('',#272,#375,#384,.T.);
#384 = LINE('',#385,#386);
#385 = CARTESIAN_POINT('',(70.,3.002043058586E-14,135.2));
#386 = VECTOR('',#387,1.);
#387 = DIRECTION('',(0.,1.,-2.22044604925E-16));
#388 = PLANE('',#389);
#389 = AXIS2_PLACEMENT_3D('',#390,#391,#392);
#390 = CARTESIAN_POINT('',(-70.,3.002043058586E-14,135.2));
#391 = DIRECTION('',(0.,-2.22044604925E-16,-1.));
#392 = DIRECTION('',(1.,0.,0.));
#393 = ADVANCED_FACE('',(#394),#491,.T.);
#394 = FACE_BOUND('',#395,.T.);
#395 = EDGE_LOOP('',(#396,#397,#406,#449,#490));
#396 = ORIENTED_EDGE('',*,*,#150,.F.);
#397 = ORIENTED_EDGE('',*,*,#398,.F.);
#398 = EDGE_CURVE('',#399,#143,#401,.T.);
#399 = VERTEX_POINT('',#400);
#400 = CARTESIAN_POINT('',(70.,109.54451150103,209.8));
#401 = CIRCLE('',#402,130.);
#402 = AXIS2_PLACEMENT_3D('',#403,#404,#405);
#403 = CARTESIAN_POINT('',(0.,0.,209.8));
#404 = DIRECTION('',(0.,0.,1.));
#405 = DIRECTION('',(1.,0.,0.));
#406 = ORIENTED_EDGE('',*,*,#407,.F.);
#407 = EDGE_CURVE('',#408,#399,#410,.T.);
#408 = VERTEX_POINT('',#409);
#409 = CARTESIAN_POINT('',(107.3,73.394209580866,172.5));
#410 = B_SPLINE_CURVE_WITH_KNOTS('',7,(#411,#412,#413,#414,#415,#416,
    #417,#418,#419,#420,#421,#422,#423,#424,#425,#426,#427,#428,#429,
    #430,#431,#432,#433,#434,#435,#436,#437,#438,#439,#440,#441,#442,
    #443,#444,#445,#446,#447,#448),.UNSPECIFIED.,.F.,.F.,(8,6,6,6,6,6,8)
  ,(0.,0.203603095015,0.295972623653,0.553848514203,0.77081421609,
    0.862795825138,1.),.UNSPECIFIED.);
#411 = CARTESIAN_POINT('',(107.3,73.394209580866,172.5));
#412 = CARTESIAN_POINT('',(107.3,73.394209580866,174.35986736377));
#413 = CARTESIAN_POINT('',(107.19180643417,73.552385687697,
    176.20831974516));
#414 = CARTESIAN_POINT('',(106.97780910262,73.865239972865,
    178.03479669617));
#415 = CARTESIAN_POINT('',(106.66208737346,74.323671187681,
    179.82849519982));
#416 = CARTESIAN_POINT('',(106.25067478586,74.912901444348,
    181.57771705877));
#417 = CARTESIAN_POINT('',(105.7527342728,75.61284630543,183.26961304334
    ));
#418 = CARTESIAN_POINT('',(104.92299416493,76.755191698566,
    185.62563060313));
#419 = CARTESIAN_POINT('',(104.64817513172,77.130584426036,
    186.34874916209));
#420 = CARTESIAN_POINT('',(104.35807056354,77.523459746172,
    187.05968849559));
#421 = CARTESIAN_POINT('',(104.05322267248,77.932486130862,
    187.75843736472));
#422 = CARTESIAN_POINT('',(103.73413797218,78.356399922442,
    188.4449860489));
#423 = CARTESIAN_POINT('',(103.40129086618,78.794006980934,
    189.11932632164));
#424 = CARTESIAN_POINT('',(102.08871270885,80.500982832258,
    191.62996254818));
#425 = CARTESIAN_POINT('',(101.01764011724,81.856882152237,
    193.38492678832));
#426 = CARTESIAN_POINT('',(99.850046560791,83.289335422955,
    195.04822588991));
#427 = CARTESIAN_POINT('',(98.591190109544,84.781100109307,
    196.62183728205));
#428 = CARTESIAN_POINT('',(97.243680153957,86.319853847933,
    198.10748761246));
#429 = CARTESIAN_POINT('',(95.807329387876,87.896978140978,
    199.50595130755));
#430 = CARTESIAN_POINT('',(92.994339998206,90.859989668176,
    201.91797079276));
#431 = CARTESIAN_POINT('',(91.645236644981,92.235618824287,
    202.95665828605));
#432 = CARTESIAN_POINT('',(90.232103184943,93.628035226879,
    203.93033884168));
#433 = CARTESIAN_POINT('',(88.754213532374,95.032965045171,
    204.83640871676));
#434 = CARTESIAN_POINT('',(87.210550634748,96.446435482851,
    205.67110193776));
#435 = CARTESIAN_POINT('',(85.600094794908,97.864450237808,
    206.42930947782));
#436 = CARTESIAN_POINT('',(83.210877720136,99.884019528551,
    207.39055180928));
#437 = CARTESIAN_POINT('',(82.487454305774,100.48532417054,
    207.66178283378));
#438 = CARTESIAN_POINT('',(81.751959955657,101.08627342801,
    207.91752500005));
#439 = CARTESIAN_POINT('',(81.004436256952,101.68647548243,
    208.15720405693));
#440 = CARTESIAN_POINT('',(80.244947362298,102.28553000872,
    208.38020397146));
#441 = CARTESIAN_POINT('',(79.473581698166,102.88302949876,
    208.58586623139));
#442 = CARTESIAN_POINT('',(77.522302391788,104.36688328445,
    209.05335647879));
#443 = CARTESIAN_POINT('',(76.327417383221,105.25125375789,
    209.29322063873));
#444 = CARTESIAN_POINT('',(75.106990031722,106.12964157743,
    209.49047622676));
#445 = CARTESIAN_POINT('',(73.862381275535,107.00005777511,
    209.64248489429));
#446 = CARTESIAN_POINT('',(72.595139736847,107.8605692545,
    209.74656812253));
#447 = CARTESIAN_POINT('',(71.307019851719,108.70931320249,209.8));
#448 = CARTESIAN_POINT('',(70.,109.54451150103,209.8));
#449 = ORIENTED_EDGE('',*,*,#450,.F.);
#450 = EDGE_CURVE('',#375,#408,#451,.T.);
#451 = B_SPLINE_CURVE_WITH_KNOTS('',7,(#452,#453,#454,#455,#456,#457,
    #458,#459,#460,#461,#462,#463,#464,#465,#466,#467,#468,#469,#470,
    #471,#472,#473,#474,#475,#476,#477,#478,#479,#480,#481,#482,#483,
    #484,#485,#486,#487,#488,#489),.UNSPECIFIED.,.F.,.F.,(8,6,6,6,6,6,8)
  ,(0.,0.137207369354,0.229191116478,0.445915844208,0.702165841367,
    0.795830035807,1.),.UNSPECIFIED.);
#452 = CARTESIAN_POINT('',(70.,109.54451150103,135.2));
#453 = CARTESIAN_POINT('',(71.307019939888,108.70931314615,135.2));
#454 = CARTESIAN_POINT('',(72.595139840934,107.86056918448,
    135.25343188471));
#455 = CARTESIAN_POINT('',(73.862381347234,107.00005772398,
    135.35751511648));
#456 = CARTESIAN_POINT('',(75.106990049383,106.12964156292,
    135.5095237796));
#457 = CARTESIAN_POINT('',(76.327417352992,105.25125377898,
    135.7067793576));
#458 = CARTESIAN_POINT('',(77.522302347202,104.36688331836,
    135.94664351052));
#459 = CARTESIAN_POINT('',(79.473581698163,102.88302949876,
    136.4141337686));
#460 = CARTESIAN_POINT('',(80.244947362295,102.28553000872,
    136.61979602853));
#461 = CARTESIAN_POINT('',(81.004436256948,101.68647548243,
    136.84279594306));
#462 = CARTESIAN_POINT('',(81.751959955655,101.08627342801,
    137.08247499994));
#463 = CARTESIAN_POINT('',(82.487454305771,100.48532417054,
    137.33821716621));
#464 = CARTESIAN_POINT('',(83.210877720132,99.884019528554,
    137.60944819071));
#465 = CARTESIAN_POINT('',(85.598192284737,97.866058401067,
    138.56992509431));
#466 = CARTESIAN_POINT('',(87.206899237672,96.4496505123,139.32717906336
    ));
#467 = CARTESIAN_POINT('',(88.748964142287,95.037771510547,
    140.16075319372));
#468 = CARTESIAN_POINT('',(90.225402361564,93.634404831447,
    141.06555384818));
#469 = CARTESIAN_POINT('',(91.637227224371,92.243510143264,
    142.03782454025));
#470 = CARTESIAN_POINT('',(92.985163278973,90.869345854693,
    143.07496623598));
#471 = CARTESIAN_POINT('',(95.787973016551,87.917730620055,
    145.47650576543));
#472 = CARTESIAN_POINT('',(97.216350695734,86.35013763123,
    146.86509382857));
#473 = CARTESIAN_POINT('',(98.556995859285,84.820341105975,
    148.33979517488));
#474 = CARTESIAN_POINT('',(99.810098233984,83.33679194188,
    149.90133354365));
#475 = CARTESIAN_POINT('',(100.97313786965,81.911527774595,
    151.55137551136));
#476 = CARTESIAN_POINT('',(102.04101731112,80.561355271525,
    153.2918490745));
#477 = CARTESIAN_POINT('',(103.35849986142,78.850204017882,
    155.79450304749));
#478 = CARTESIAN_POINT('',(103.69750836587,78.404983049848,
    156.47695757468));
#479 = CARTESIAN_POINT('',(104.02240561063,77.973739000588,
    157.17195924084));
#480 = CARTESIAN_POINT('',(104.33270158804,77.557708941585,
    157.87950339694));
#481 = CARTESIAN_POINT('',(104.62787174803,77.158204293609,
    158.59958367547));
#482 = CARTESIAN_POINT('',(104.90735327933,76.776609113772,
    159.33219196653));
#483 = CARTESIAN_POINT('',(105.74424095202,75.624784922011,
    161.70155097167));
#484 = CARTESIAN_POINT('',(106.24483576676,74.92126370901,
    163.39748011774));
#485 = CARTESIAN_POINT('',(106.65850075025,74.32887867298,
    165.15116260763));
#486 = CARTESIAN_POINT('',(106.97598156553,73.867911736081,
    166.94965142927));
#487 = CARTESIAN_POINT('',(107.19118786881,73.553290018249,
    168.78116378043));
#488 = CARTESIAN_POINT('',(107.3,73.394209580866,170.6348235776));
#489 = CARTESIAN_POINT('',(107.3,73.394209580866,172.5));
#490 = ORIENTED_EDGE('',*,*,#374,.T.);
#491 = CYLINDRICAL_SURFACE('',#492,130.);
#492 = AXIS2_PLACEMENT_3D('',#493,#494,#495);
#493 = CARTESIAN_POINT('',(0.,0.,225.));
#494 = DIRECTION('',(0.,0.,1.));
#495 = DIRECTION('',(1.,0.,0.));
#496 = ADVANCED_FACE('',(#497),#508,.F.);
#497 = FACE_BOUND('',#498,.F.);
#498 = EDGE_LOOP('',(#499,#500,#501,#502));
#499 = ORIENTED_EDGE('',*,*,#261,.T.);
#500 = ORIENTED_EDGE('',*,*,#142,.T.);
#501 = ORIENTED_EDGE('',*,*,#398,.F.);
#502 = ORIENTED_EDGE('',*,*,#503,.F.);
#503 = EDGE_CURVE('',#262,#399,#504,.T.);
#504 = LINE('',#505,#506);
#505 = CARTESIAN_POINT('',(70.,4.658495811327E-14,209.8));
#506 = VECTOR('',#507,1.);
#507 = DIRECTION('',(0.,1.,-2.22044604925E-16));
#508 = PLANE('',#509);
#509 = AXIS2_PLACEMENT_3D('',#510,#511,#512);
#510 = CARTESIAN_POINT('',(-70.,4.658495811327E-14,209.8));
#511 = DIRECTION('',(0.,-2.22044604925E-16,-1.));
#512 = DIRECTION('',(1.,0.,0.));
#513 = ADVANCED_FACE('',(#514),#522,.T.);
#514 = FACE_BOUND('',#515,.T.);
#515 = EDGE_LOOP('',(#516,#517,#518,#519,#520,#521));
#516 = ORIENTED_EDGE('',*,*,#280,.F.);
#517 = ORIENTED_EDGE('',*,*,#383,.T.);
#518 = ORIENTED_EDGE('',*,*,#450,.T.);
#519 = ORIENTED_EDGE('',*,*,#407,.T.);
#520 = ORIENTED_EDGE('',*,*,#503,.F.);
#521 = ORIENTED_EDGE('',*,*,#323,.F.);
#522 = CYLINDRICAL_SURFACE('',#523,37.3);
#523 = AXIS2_PLACEMENT_3D('',#524,#525,#526);
#524 = CARTESIAN_POINT('',(70.,3.830269434957E-14,172.5));
#525 = DIRECTION('',(0.,-1.,2.22044604925E-16));
#526 = DIRECTION('',(1.,0.,0.));
#527 = MANIFOLD_SOLID_BREP('',#528);
#528 = CLOSED_SHELL('',(#529,#569,#750,#803,#948,#965,#982,#999,#1016,
    #1033));
#529 = ADVANCED_FACE('',(#530),#564,.T.);
#530 = FACE_BOUND('',#531,.T.);
#531 = EDGE_LOOP('',(#532,#542,#550,#558));
#532 = ORIENTED_EDGE('',*,*,#533,.T.);
#533 = EDGE_CURVE('',#534,#536,#538,.T.);
#534 = VERTEX_POINT('',#535);
#535 = CARTESIAN_POINT('',(-99.8,75.26592854672,35.2));
#536 = VERTEX_POINT('',#537);
#537 = CARTESIAN_POINT('',(-99.8,75.26592854672,79.8));
#538 = LINE('',#539,#540);
#539 = CARTESIAN_POINT('',(-99.8,75.26592854672,225.));
#540 = VECTOR('',#541,1.);
#541 = DIRECTION('',(0.,0.,1.));
#542 = ORIENTED_EDGE('',*,*,#543,.T.);
#543 = EDGE_CURVE('',#536,#544,#546,.T.);
#544 = VERTEX_POINT('',#545);
#545 = CARTESIAN_POINT('',(-99.8,83.306422321451,79.8));
#546 = LINE('',#547,#548);
#547 = CARTESIAN_POINT('',(-99.8,1.771915947302E-14,79.8));
#548 = VECTOR('',#549,1.);
#549 = DIRECTION('',(0.,1.,-2.22044604925E-16));
#550 = ORIENTED_EDGE('',*,*,#551,.F.);
#551 = EDGE_CURVE('',#552,#544,#554,.T.);
#552 = VERTEX_POINT('',#553);
#553 = CARTESIAN_POINT('',(-99.8,83.306422321451,35.2));
#554 = LINE('',#555,#556);
#555 = CARTESIAN_POINT('',(-99.8,83.306422321451,225.));
#556 = VECTOR('',#557,1.);
#557 = DIRECTION('',(0.,0.,1.));
#558 = ORIENTED_EDGE('',*,*,#559,.F.);
#559 = EDGE_CURVE('',#534,#552,#560,.T.);
#560 = LINE('',#561,#562);
#561 = CARTESIAN_POINT('',(-99.8,7.815970093361E-15,35.2));
#562 = VECTOR('',#563,1.);
#563 = DIRECTION('',(0.,1.,-2.22044604925E-16));
#564 = PLANE('',#565);
#565 = AXIS2_PLACEMENT_3D('',#566,#567,#568);
#566 = CARTESIAN_POINT('',(-99.8,1.771915947302E-14,79.8));
#567 = DIRECTION('',(-1.,0.,0.));
#568 = DIRECTION('',(0.,-2.22044604925E-16,-1.));
#569 = ADVANCED_FACE('',(#570),#745,.F.);
#570 = FACE_BOUND('',#571,.T.);
#571 = EDGE_LOOP('',(#572,#573,#610,#619,#656,#664,#701,#710));
#572 = ORIENTED_EDGE('',*,*,#533,.F.);
#573 = ORIENTED_EDGE('',*,*,#574,.T.);
#574 = EDGE_CURVE('',#534,#575,#577,.T.);
#575 = VERTEX_POINT('',#576);
#576 = CARTESIAN_POINT('',(-89.8,86.953780826368,25.2));
#577 = B_SPLINE_CURVE_WITH_KNOTS('',6,(#578,#579,#580,#581,#582,#583,
    #584,#585,#586,#587,#588,#589,#590,#591,#592,#593,#594,#595,#596,
    #597,#598,#599,#600,#601,#602,#603,#604,#605,#606,#607,#608,#609),
  .UNSPECIFIED.,.F.,.F.,(7,5,5,5,5,5,7),(0.,0.158942013003,
    0.254583766934,0.380602391604,0.477770938133,0.762700220848,1.),
  .UNSPECIFIED.);
#578 = CARTESIAN_POINT('',(-99.8,75.26592854672,35.2));
#579 = CARTESIAN_POINT('',(-99.8,75.26592854672,34.707101584858));
#580 = CARTESIAN_POINT('',(-99.77084609925,75.304585490736,
    34.215145300979));
#581 = CARTESIAN_POINT('',(-99.71274752419,75.381622708337,
    33.728072788776));
#582 = CARTESIAN_POINT('',(-99.62682854846,75.495313370959,
    33.249805955848));
#583 = CARTESIAN_POINT('',(-99.51512971727,75.642501651897,
    32.784159903486));
#584 = CARTESIAN_POINT('',(-99.29985471474,75.924677357643,
    32.064329285499));
#585 = CARTESIAN_POINT('',(-99.21066044699,76.041309038556,
    31.799450944948));
#586 = CARTESIAN_POINT('',(-99.11361752219,76.167840258845,
    31.540396250847));
#587 = CARTESIAN_POINT('',(-99.00920655398,76.303528553014,
    31.287419784924));
#588 = CARTESIAN_POINT('',(-98.89792183912,76.447615484929,
    31.040753832052));
#589 = CARTESIAN_POINT('',(-98.6252639894,76.799227152059,
    30.484189914651));
#590 = CARTESIAN_POINT('',(-98.45917969147,77.012402407485,
    30.179032557658));
#591 = CARTESIAN_POINT('',(-98.28295743982,77.237391365735,
    29.885158274085));
#592 = CARTESIAN_POINT('',(-98.09744667537,77.472860139813,
    29.602553977576));
#593 = CARTESIAN_POINT('',(-97.90341477518,77.717604873971,
    29.331171803966));
#594 = CARTESIAN_POINT('',(-97.54589936319,78.165592078011,
    28.870265712082));
#595 = CARTESIAN_POINT('',(-97.38556240918,78.365544867702,
    28.676187679651));
#596 = CARTESIAN_POINT('',(-97.22082110158,78.569961265403,
    28.488623786232));
#597 = CARTESIAN_POINT('',(-97.0519254767,78.778439329089,
    28.307502523049));
#598 = CARTESIAN_POINT('',(-96.87909376724,78.990625075027,
    28.132752452491));
#599 = CARTESIAN_POINT('',(-96.18471931558,79.838383753581,
    27.470352169573));
#600 = CARTESIAN_POINT('',(-95.6343574441,80.50020204526,27.030260657245
    ));
#601 = CARTESIAN_POINT('',(-95.05649625571,81.183451191386,
    26.642811661352));
#602 = CARTESIAN_POINT('',(-94.4545846581,81.882518084974,26.3070862857)
  );
#603 = CARTESIAN_POINT('',(-93.83094829198,82.593495492252,
    26.022891439738));
#604 = CARTESIAN_POINT('',(-92.65139075872,83.912850558782,
    25.598224596911));
#605 = CARTESIAN_POINT('',(-92.10176232664,84.518304592854,
    25.441735473684));
#606 = CARTESIAN_POINT('',(-91.54014080013,85.127270990242,
    25.322448069677));
#607 = CARTESIAN_POINT('',(-90.96812322703,85.737581416839,
    25.241405985303));
#608 = CARTESIAN_POINT('',(-90.38740942567,86.347143990982,25.2));
#609 = CARTESIAN_POINT('',(-89.8,86.953780826368,25.2));
#610 = ORIENTED_EDGE('',*,*,#611,.F.);
#611 = EDGE_CURVE('',#612,#575,#614,.T.);
#612 = VERTEX_POINT('',#613);
#613 = CARTESIAN_POINT('',(89.8,86.953780826368,25.2));
#614 = CIRCLE('',#615,125.);
#615 = AXIS2_PLACEMENT_3D('',#616,#617,#618);
#616 = CARTESIAN_POINT('',(0.,0.,25.2));
#617 = DIRECTION('',(0.,-0.,1.));
#618 = DIRECTION('',(0.,1.,0.));
#619 = ORIENTED_EDGE('',*,*,#620,.T.);
#620 = EDGE_CURVE('',#612,#621,#623,.T.);
#621 = VERTEX_POINT('',#622);
#622 = CARTESIAN_POINT('',(99.8,75.26592854672,35.2));
#623 = B_SPLINE_CURVE_WITH_KNOTS('',6,(#624,#625,#626,#627,#628,#629,
    #630,#631,#632,#633,#634,#635,#636,#637,#638,#639,#640,#641,#642,
    #643,#644,#645,#646,#647,#648,#649,#650,#651,#652,#653,#654,#655),
  .UNSPECIFIED.,.F.,.F.,(7,5,5,5,5,5,7),(0.,0.237299814141,0.52222981632
    ,0.619397014978,0.745413960185,0.843269877428,1.),.UNSPECIFIED.);
#624 = CARTESIAN_POINT('',(89.8,86.953780826368,25.2));
#625 = CARTESIAN_POINT('',(90.387409314089,86.347144106217,25.2));
#626 = CARTESIAN_POINT('',(90.968123088084,85.737581564075,
    25.241405969539));
#627 = CARTESIAN_POINT('',(91.540140709855,85.127271089512,
    25.322448045209));
#628 = CARTESIAN_POINT('',(92.101762320403,84.518304601548,
    25.441735463897));
#629 = CARTESIAN_POINT('',(92.651390807765,83.912850503926,
    25.598224614568));
#630 = CARTESIAN_POINT('',(93.830949763261,82.593493846608,
    26.022891969429));
#631 = CARTESIAN_POINT('',(94.454589518019,81.882512577632,
    26.307088347191));
#632 = CARTESIAN_POINT('',(95.056497731646,81.183449228879,
    26.642813576099));
#633 = CARTESIAN_POINT('',(95.63435184248,80.500208534231,
    27.030258105417));
#634 = CARTESIAN_POINT('',(96.184710742821,79.838394220035,
    27.47034399156));
#635 = CARTESIAN_POINT('',(96.87909379543,78.99062504062,28.132752479375
    ));
#636 = CARTESIAN_POINT('',(97.05192552278,78.778439272454,
    28.307502570106));
#637 = CARTESIAN_POINT('',(97.2208211543,78.569961200183,28.488623844179
    ));
#638 = CARTESIAN_POINT('',(97.385562456614,78.365544808638,
    28.676187736018));
#639 = CARTESIAN_POINT('',(97.545899393075,78.165592040569,
    28.870265750604));
#640 = CARTESIAN_POINT('',(97.903414846326,77.71760478483,
    29.331171895678));
#641 = CARTESIAN_POINT('',(98.097446790216,77.472859994771,
    29.602554140596));
#642 = CARTESIAN_POINT('',(98.282957567701,77.23739120297,
    29.885158476233));
#643 = CARTESIAN_POINT('',(98.459179801685,77.012402266197,
    30.179032754125));
#644 = CARTESIAN_POINT('',(98.62526405465,76.799227067922,30.48419004783
    ));
#645 = CARTESIAN_POINT('',(98.900646969202,76.444101236095,
    31.046316514638));
#646 = CARTESIAN_POINT('',(99.014361664594,76.296853614194,
    31.298856794391));
#647 = CARTESIAN_POINT('',(99.120868306715,76.1584165782,31.558000615316
    ));
#648 = CARTESIAN_POINT('',(99.219636174303,76.029604414035,
    31.823494869661));
#649 = CARTESIAN_POINT('',(99.310150379462,75.911212655656,
    32.095061961947));
#650 = CARTESIAN_POINT('',(99.522851518232,75.632325429263,
    32.816595929949));
#651 = CARTESIAN_POINT('',(99.631577643571,75.489029106736,
    33.276434054497));
#652 = CARTESIAN_POINT('',(99.715158876245,75.378425299538,
    33.748416003156));
#653 = CARTESIAN_POINT('',(99.771655120992,75.303512766872,
    34.228861042674));
#654 = CARTESIAN_POINT('',(99.8,75.26592854672,34.713988656567));
#655 = CARTESIAN_POINT('',(99.8,75.26592854672,35.2));
#656 = ORIENTED_EDGE('',*,*,#657,.T.);
#657 = EDGE_CURVE('',#621,#658,#660,.T.);
#658 = VERTEX_POINT('',#659);
#659 = CARTESIAN_POINT('',(99.8,75.26592854672,79.8));
#660 = LINE('',#661,#662);
#661 = CARTESIAN_POINT('',(99.8,75.26592854672,225.));
#662 = VECTOR('',#663,1.);
#663 = DIRECTION('',(0.,0.,1.));
#664 = ORIENTED_EDGE('',*,*,#665,.T.);
#665 = EDGE_CURVE('',#658,#666,#668,.T.);
#666 = VERTEX_POINT('',#667);
#667 = CARTESIAN_POINT('',(89.8,86.953780826368,89.8));
#668 = B_SPLINE_CURVE_WITH_KNOTS('',6,(#669,#670,#671,#672,#673,#674,
    #675,#676,#677,#678,#679,#680,#681,#682,#683,#684,#685,#686,#687,
    #688,#689,#690,#691,#692,#693,#694,#695,#696,#697,#698,#699,#700),
  .UNSPECIFIED.,.F.,.F.,(7,5,5,5,5,5,7),(0.,0.156730057636,
    0.254585979893,0.380602931561,0.4777701352,0.762700151985,1.),
  .UNSPECIFIED.);
#669 = CARTESIAN_POINT('',(99.8,75.26592854672,79.8));
#670 = CARTESIAN_POINT('',(99.8,75.26592854672,80.28601077598));
#671 = CARTESIAN_POINT('',(99.771655187193,75.303512679076,
    80.771138379379));
#672 = CARTESIAN_POINT('',(99.715158952725,75.378425198192,
    81.251583705058));
#673 = CARTESIAN_POINT('',(99.631577655755,75.489029091471,
    81.723565988882));
#674 = CARTESIAN_POINT('',(99.522851457273,75.632325509191,
    82.183404276838));
#675 = CARTESIAN_POINT('',(99.31015037946,75.911212655659,82.90493803806
    ));
#676 = CARTESIAN_POINT('',(99.219636174303,76.029604414036,
    83.176505130338));
#677 = CARTESIAN_POINT('',(99.120868306718,76.158416578197,
    83.441999384678));
#678 = CARTESIAN_POINT('',(99.014361664595,76.296853614193,
    83.701143205609));
#679 = CARTESIAN_POINT('',(98.900646969199,76.444101236099,
    83.953683485368));
#680 = CARTESIAN_POINT('',(98.625264054649,76.799227067922,
    84.51580995217));
#681 = CARTESIAN_POINT('',(98.459179801684,77.012402266198,
    84.820967245876));
#682 = CARTESIAN_POINT('',(98.282957567701,77.237391202971,
    85.114841523768));
#683 = CARTESIAN_POINT('',(98.097446790216,77.472859994771,
    85.397445859405));
#684 = CARTESIAN_POINT('',(97.903414846326,77.717604784831,
    85.668828104322));
#685 = CARTESIAN_POINT('',(97.545899393075,78.16559204057,
    86.129734249397));
#686 = CARTESIAN_POINT('',(97.385562456614,78.365544808639,
    86.323812263982));
#687 = CARTESIAN_POINT('',(97.220821154299,78.569961200184,
    86.511376155822));
#688 = CARTESIAN_POINT('',(97.05192552278,78.778439272454,
    86.692497429894));
#689 = CARTESIAN_POINT('',(96.879093795429,78.990625040621,
    86.867247520626));
#690 = CARTESIAN_POINT('',(96.18471074282,79.838394220036,
    87.529656008441));
#691 = CARTESIAN_POINT('',(95.63435184248,80.500208534232,
    87.969741894583));
#692 = CARTESIAN_POINT('',(95.056497731645,81.18344922888,
    88.357186423902));
#693 = CARTESIAN_POINT('',(94.454589518018,81.882512577633,
    88.69291165281));
#694 = CARTESIAN_POINT('',(93.830949763261,82.593493846609,
    88.977108030571));
#695 = CARTESIAN_POINT('',(92.651390758727,83.912850558776,
    89.401775403087));
#696 = CARTESIAN_POINT('',(92.101762326644,84.518304592857,
    89.558264526317));
#697 = CARTESIAN_POINT('',(91.540140800126,85.127270990247,
    89.677551930324));
#698 = CARTESIAN_POINT('',(90.968123227035,85.737581416841,
    89.758594014696));
#699 = CARTESIAN_POINT('',(90.387409425679,86.347143990975,89.8));
#700 = CARTESIAN_POINT('',(89.8,86.953780826368,89.8));
#701 = ORIENTED_EDGE('',*,*,#702,.T.);
#702 = EDGE_CURVE('',#666,#703,#705,.T.);
#703 = VERTEX_POINT('',#704);
#704 = CARTESIAN_POINT('',(-89.8,86.953780826368,89.8));
#705 = CIRCLE('',#706,125.);
#706 = AXIS2_PLACEMENT_3D('',#707,#708,#709);
#707 = CARTESIAN_POINT('',(0.,0.,89.8));
#708 = DIRECTION('',(0.,-0.,1.));
#709 = DIRECTION('',(0.,1.,0.));
#710 = ORIENTED_EDGE('',*,*,#711,.T.);
#711 = EDGE_CURVE('',#703,#536,#712,.T.);
#712 = B_SPLINE_CURVE_WITH_KNOTS('',6,(#713,#714,#715,#716,#717,#718,
    #719,#720,#721,#722,#723,#724,#725,#726,#727,#728,#729,#730,#731,
    #732,#733,#734,#735,#736,#737,#738,#739,#740,#741,#742,#743,#744),
  .UNSPECIFIED.,.F.,.F.,(7,5,5,5,5,5,7),(0.,0.237299863521,
    0.522229847253,0.619397039621,0.745413976668,0.843269887573,1.),
  .UNSPECIFIED.);
#713 = CARTESIAN_POINT('',(-89.8,86.953780826368,89.8));
#714 = CARTESIAN_POINT('',(-90.38740784221,86.347145626268,89.8));
#715 = CARTESIAN_POINT('',(-90.9681217588,85.737582986135,
    89.758594237084));
#716 = CARTESIAN_POINT('',(-91.54013999886,85.127271871778,
    89.677552149599));
#717 = CARTESIAN_POINT('',(-92.10176205193,84.518304896446,
    89.558264610621));
#718 = CARTESIAN_POINT('',(-92.65139066153,83.912850667493,
    89.40177543808));
#719 = CARTESIAN_POINT('',(-93.83094976326,82.593493846608,
    88.977108030571));
#720 = CARTESIAN_POINT('',(-94.45458951801,81.882512577632,
    88.692911652809));
#721 = CARTESIAN_POINT('',(-95.05649773164,81.183449228879,
    88.357186423901));
#722 = CARTESIAN_POINT('',(-95.63435184248,80.500208534231,
    87.969741894583));
#723 = CARTESIAN_POINT('',(-96.18471074282,79.838394220035,
    87.52965600844));
#724 = CARTESIAN_POINT('',(-96.87909379543,78.99062504062,
    86.867247520625));
#725 = CARTESIAN_POINT('',(-97.05192552278,78.778439272454,
    86.692497429894));
#726 = CARTESIAN_POINT('',(-97.2208211543,78.569961200183,
    86.511376155821));
#727 = CARTESIAN_POINT('',(-97.38556245661,78.365544808638,
    86.323812263982));
#728 = CARTESIAN_POINT('',(-97.54589939307,78.165592040569,
    86.129734249396));
#729 = CARTESIAN_POINT('',(-97.90341484632,77.717604784833,
    85.668828104325));
#730 = CARTESIAN_POINT('',(-98.09744679021,77.47285999477,
    85.397445859404));
#731 = CARTESIAN_POINT('',(-98.2829575677,77.237391202968,
    85.114841523763));
#732 = CARTESIAN_POINT('',(-98.45917980168,77.012402266197,
    84.820967245874));
#733 = CARTESIAN_POINT('',(-98.62526405464,76.799227067925,
    84.515809952174));
#734 = CARTESIAN_POINT('',(-98.9006469692,76.444101236095,
    83.953683485362));
#735 = CARTESIAN_POINT('',(-99.01436166459,76.296853614194,
    83.701143205609));
#736 = CARTESIAN_POINT('',(-99.12086830671,76.1584165782,83.441999384684
    ));
#737 = CARTESIAN_POINT('',(-99.2196361743,76.029604414035,
    83.176505130339));
#738 = CARTESIAN_POINT('',(-99.31015037946,75.911212655656,
    82.904938038053));
#739 = CARTESIAN_POINT('',(-99.52285151823,75.632325429257,
    82.183404070034));
#740 = CARTESIAN_POINT('',(-99.63157764356,75.48902910674,
    81.723565945508));
#741 = CARTESIAN_POINT('',(-99.71515887624,75.378425299542,
    81.251583996861));
#742 = CARTESIAN_POINT('',(-99.77165512099,75.30351276687,
    80.771138957329));
#743 = CARTESIAN_POINT('',(-99.8,75.26592854672,80.286011343416));
#744 = CARTESIAN_POINT('',(-99.8,75.26592854672,79.8));
#745 = CYLINDRICAL_SURFACE('',#746,125.);
#746 = AXIS2_PLACEMENT_3D('',#747,#748,#749);
#747 = CARTESIAN_POINT('',(0.,0.,225.));
#748 = DIRECTION('',(0.,0.,1.));
#749 = DIRECTION('',(0.,1.,0.));
#750 = ADVANCED_FACE('',(#751),#798,.T.);
#751 = FACE_BOUND('',#752,.T.);
#752 = EDGE_LOOP('',(#753,#754,#755,#792));
#753 = ORIENTED_EDGE('',*,*,#574,.F.);
#754 = ORIENTED_EDGE('',*,*,#559,.T.);
#755 = ORIENTED_EDGE('',*,*,#756,.T.);
#756 = EDGE_CURVE('',#552,#757,#759,.T.);
#757 = VERTEX_POINT('',#758);
#758 = CARTESIAN_POINT('',(-89.8,93.999787233802,25.2));
#759 = B_SPLINE_CURVE_WITH_KNOTS('',6,(#760,#761,#762,#763,#764,#765,
    #766,#767,#768,#769,#770,#771,#772,#773,#774,#775,#776,#777,#778,
    #779,#780,#781,#782,#783,#784,#785,#786,#787,#788,#789,#790,#791),
  .UNSPECIFIED.,.F.,.F.,(7,5,5,5,5,5,7),(0.,0.173449957011,
    0.276132896135,0.403698899139,0.500920347638,0.76376317508,1.),
  .UNSPECIFIED.);
#760 = CARTESIAN_POINT('',(-99.8,83.306422321451,35.2));
#761 = CARTESIAN_POINT('',(-99.8,83.306422321451,34.68206149938));
#762 = CARTESIAN_POINT('',(-99.76780876208,83.344986911693,
    34.16489227514));
#763 = CARTESIAN_POINT('',(-99.70360560404,83.42190187495,
    33.652581045023));
#764 = CARTESIAN_POINT('',(-99.60848625548,83.535625374017,
    33.149191350488));
#765 = CARTESIAN_POINT('',(-99.48445695402,83.683312749385,
    32.658647957017));
#766 = CARTESIAN_POINT('',(-99.24579141856,83.966015826775,
    31.903994544184));
#767 = CARTESIAN_POINT('',(-99.14788631528,84.081715117122,
    31.62889585606));
#768 = CARTESIAN_POINT('',(-99.04128356793,84.207342784129,
    31.35966711127));
#769 = CARTESIAN_POINT('',(-98.92645682608,84.342227443942,
    31.096626321463));
#770 = CARTESIAN_POINT('',(-98.80390057405,84.485673097026,
    30.840066637927));
#771 = CARTESIAN_POINT('',(-98.5129222645,84.824910617694,
    30.279909546851));
#772 = CARTESIAN_POINT('',(-98.34056237985,85.024987437186,
    29.97994035181));
#773 = CARTESIAN_POINT('',(-98.15785653263,85.236039644856,
    29.690504229111));
#774 = CARTESIAN_POINT('',(-97.96555670413,85.456983460361,
    29.411724799899));
#775 = CARTESIAN_POINT('',(-97.76436898709,85.686804923371,
    29.143693952078));
#776 = CARTESIAN_POINT('',(-97.39535930787,86.105762237692,
    28.690436379626));
#777 = CARTESIAN_POINT('',(-97.23095880867,86.291600996799,
    28.500647528241));
#778 = CARTESIAN_POINT('',(-97.06201092285,86.481704283619,
    28.317092374583));
#779 = CARTESIAN_POINT('',(-96.88875012597,86.675727957918,
    28.139757209746));
#780 = CARTESIAN_POINT('',(-96.71139038035,86.873357300008,
    27.968627732683));
#781 = CARTESIAN_POINT('',(-96.04006589081,87.61758414723,
    27.357769447861));
#782 = CARTESIAN_POINT('',(-95.52134308431,88.185259843503,
    26.956993112247));
#783 = CARTESIAN_POINT('',(-94.97775666571,88.771712239191,
    26.601117033387));
#784 = CARTESIAN_POINT('',(-94.41221660397,89.372633245482,
    26.290085807498));
#785 = CARTESIAN_POINT('',(-93.82704884837,89.984625489747,
    26.024247087084));
#786 = CARTESIAN_POINT('',(-92.68256625101,91.162196560463,
    25.607123869076));
#787 = CARTESIAN_POINT('',(-92.12662591374,91.726207398724,
    25.446965911419));
#788 = CARTESIAN_POINT('',(-91.55841653889,92.294277298684,
    25.324958097178));
#789 = CARTESIAN_POINT('',(-90.97984714774,92.86406895457,
    25.242189963714));
#790 = CARTESIAN_POINT('',(-90.39294482142,93.433334409484,25.2));
#791 = CARTESIAN_POINT('',(-89.8,93.999787233802,25.2));
#792 = ORIENTED_EDGE('',*,*,#793,.F.);
#793 = EDGE_CURVE('',#575,#757,#794,.T.);
#794 = LINE('',#795,#796);
#795 = CARTESIAN_POINT('',(-89.8,5.595524044111E-15,25.2));
#796 = VECTOR('',#797,1.);
#797 = DIRECTION('',(0.,1.,-2.22044604925E-16));
#798 = CYLINDRICAL_SURFACE('',#799,10.);
#799 = AXIS2_PLACEMENT_3D('',#800,#801,#802);
#800 = CARTESIAN_POINT('',(-89.8,7.815970093361E-15,35.2));
#801 = DIRECTION('',(0.,-1.,2.22044604925E-16));
#802 = DIRECTION('',(1.,0.,0.));
#803 = ADVANCED_FACE('',(#804),#943,.T.);
#804 = FACE_BOUND('',#805,.T.);
#805 = EDGE_LOOP('',(#806,#807,#808,#845,#854,#891,#899,#936));
#806 = ORIENTED_EDGE('',*,*,#756,.F.);
#807 = ORIENTED_EDGE('',*,*,#551,.T.);
#808 = ORIENTED_EDGE('',*,*,#809,.F.);
#809 = EDGE_CURVE('',#810,#544,#812,.T.);
#810 = VERTEX_POINT('',#811);
#811 = CARTESIAN_POINT('',(-89.8,93.999787233802,89.8));
#812 = B_SPLINE_CURVE_WITH_KNOTS('',6,(#813,#814,#815,#816,#817,#818,
    #819,#820,#821,#822,#823,#824,#825,#826,#827,#828,#829,#830,#831,
    #832,#833,#834,#835,#836,#837,#838,#839,#840,#841,#842,#843,#844),
  .UNSPECIFIED.,.F.,.F.,(7,5,5,5,5,5,7),(0.,0.236236043546,
    0.501674136412,0.596300127963,0.723866321554,0.826549479725,1.),
  .UNSPECIFIED.);
#813 = CARTESIAN_POINT('',(-89.8,93.999787233802,89.8));
#814 = CARTESIAN_POINT('',(-90.39294317153,93.433335985656,89.8));
#815 = CARTESIAN_POINT('',(-90.97984549747,92.864070587678,
    89.75781027812));
#816 = CARTESIAN_POINT('',(-91.55841562321,92.294278228343,
    89.675042151057));
#817 = CARTESIAN_POINT('',(-92.12662567273,91.72620764637,
    89.553034181531));
#818 = CARTESIAN_POINT('',(-92.68256622492,91.162196587312,
    89.392876140434));
#819 = CARTESIAN_POINT('',(-93.83300231801,89.97849989759,
    88.973583084889));
#820 = CARTESIAN_POINT('',(-94.42377182814,89.360547250647,
    88.704659169849));
#821 = CARTESIAN_POINT('',(-94.99450185121,88.753916553471,
    88.389656834955));
#822 = CARTESIAN_POINT('',(-95.54279629762,88.162109525638,
    88.028927202931));
#823 = CARTESIAN_POINT('',(-96.06564844275,87.589579150066,
    87.622403033371));
#824 = CARTESIAN_POINT('',(-96.73503545807,86.847003090413,
    87.008485308938));
#825 = CARTESIAN_POINT('',(-96.90723334484,86.655025900501,
    86.841279430653));
#826 = CARTESIAN_POINT('',(-97.07553209915,86.46648819127,
    86.668193527997));
#827 = CARTESIAN_POINT('',(-97.23973332085,86.281681707374,
    86.489214524639));
#828 = CARTESIAN_POINT('',(-97.39962018296,86.100924628042,
    86.304329953049));
#829 = CARTESIAN_POINT('',(-97.76436904497,85.686804857656,
    85.856305976828));
#830 = CARTESIAN_POINT('',(-97.96555679642,85.456983354799,
    85.588275075178));
#831 = CARTESIAN_POINT('',(-98.15785663454,85.236039527459,
    85.309495617493));
#832 = CARTESIAN_POINT('',(-98.34056246729,85.024987335801,
    85.020059500299));
#833 = CARTESIAN_POINT('',(-98.51292231625,84.824910557362,
    84.720090353529));
#834 = CARTESIAN_POINT('',(-98.80390061534,84.485673048885,
    84.159933282581));
#835 = CARTESIAN_POINT('',(-98.9264568879,84.342227371512,
    83.903373546397));
#836 = CARTESIAN_POINT('',(-99.04128363215,84.207342708553,
    83.640332734668));
#837 = CARTESIAN_POINT('',(-99.14788636717,84.081715055828,
    83.371104002301));
#838 = CARTESIAN_POINT('',(-99.24579144747,83.96601579253,
    83.096005364401));
#839 = CARTESIAN_POINT('',(-99.48445707222,83.683312609378,
    82.341351669245));
#840 = CARTESIAN_POINT('',(-99.60848631695,83.535625299963,
    81.850808300112));
#841 = CARTESIAN_POINT('',(-99.70360558516,83.421901897499,
    81.347418865151));
#842 = CARTESIAN_POINT('',(-99.76780872197,83.344986959761,
    80.835107935758));
#843 = CARTESIAN_POINT('',(-99.8,83.306422321451,80.317938823102));
#844 = CARTESIAN_POINT('',(-99.8,83.306422321451,79.8));
#845 = ORIENTED_EDGE('',*,*,#846,.F.);
#846 = EDGE_CURVE('',#847,#810,#849,.T.);
#847 = VERTEX_POINT('',#848);
#848 = CARTESIAN_POINT('',(89.8,93.999787233802,89.8));
#849 = CIRCLE('',#850,130.);
#850 = AXIS2_PLACEMENT_3D('',#851,#852,#853);
#851 = CARTESIAN_POINT('',(0.,0.,89.8));
#852 = DIRECTION('',(0.,0.,1.));
#853 = DIRECTION('',(1.,0.,0.));
#854 = ORIENTED_EDGE('',*,*,#855,.F.);
#855 = EDGE_CURVE('',#856,#847,#858,.T.);
#856 = VERTEX_POINT('',#857);
#857 = CARTESIAN_POINT('',(99.8,83.306422321451,79.8));
#858 = B_SPLINE_CURVE_WITH_KNOTS('',6,(#859,#860,#861,#862,#863,#864,
    #865,#866,#867,#868,#869,#870,#871,#872,#873,#874,#875,#876,#877,
    #878,#879,#880,#881,#882,#883,#884,#885,#886,#887,#888,#889,#890),
  .UNSPECIFIED.,.F.,.F.,(7,5,5,5,5,5,7),(0.,0.173450479517,
    0.276133646462,0.403699850952,0.498325848241,0.763763950658,1.),
  .UNSPECIFIED.);
#859 = CARTESIAN_POINT('',(99.8,83.306422321451,79.8));
#860 = CARTESIAN_POINT('',(99.8,83.306422321451,80.317938360602));
#861 = CARTESIAN_POINT('',(99.767808779505,83.34498689083,
    80.835107466637));
#862 = CARTESIAN_POINT('',(99.703605651081,83.421901818592,
    81.347418627071));
#863 = CARTESIAN_POINT('',(99.608486328827,83.535625286412,
    81.850808325484));
#864 = CARTESIAN_POINT('',(99.484457024183,83.683312666281,
    82.341351821144));
#865 = CARTESIAN_POINT('',(99.245791447478,83.966015792529,
    83.096005364398));
#866 = CARTESIAN_POINT('',(99.147886367174,84.081715055828,
    83.371104002303));
#867 = CARTESIAN_POINT('',(99.041283632151,84.207342708555,
    83.640332734672));
#868 = CARTESIAN_POINT('',(98.926456887906,84.342227371513,
    83.903373546398));
#869 = CARTESIAN_POINT('',(98.80390061535,84.485673048883,
    84.159933282579));
#870 = CARTESIAN_POINT('',(98.512922316249,84.824910557364,
    84.720090353532));
#871 = CARTESIAN_POINT('',(98.340562467298,85.024987335801,
    85.020059500299));
#872 = CARTESIAN_POINT('',(98.157856634543,85.236039527458,
    85.309495617491));
#873 = CARTESIAN_POINT('',(97.965556796427,85.456983354799,
    85.588275075178));
#874 = CARTESIAN_POINT('',(97.764369044976,85.686804857659,
    85.856305976831));
#875 = CARTESIAN_POINT('',(97.399620186821,86.100924623667,
    86.304329948317));
#876 = CARTESIAN_POINT('',(97.239733319562,86.28168170878,
    86.489214525504));
#877 = CARTESIAN_POINT('',(97.075532095051,86.466488195872,
    86.66819353236));
#878 = CARTESIAN_POINT('',(96.907233343937,86.655025901557,
    86.841279432122));
#879 = CARTESIAN_POINT('',(96.735035462409,86.847003085601,
    87.00848530496));
#880 = CARTESIAN_POINT('',(96.06564844275,87.589579150067,
    87.622403033371));
#881 = CARTESIAN_POINT('',(95.542796297626,88.162109525638,
    88.028927202931));
#882 = CARTESIAN_POINT('',(94.994501851211,88.753916553472,
    88.389656834955));
#883 = CARTESIAN_POINT('',(94.423771828142,89.360547250648,
    88.704659169849));
#884 = CARTESIAN_POINT('',(93.833002318013,89.97849989759,
    88.973583084889));
#885 = CARTESIAN_POINT('',(92.682566231125,91.162196580932,
    89.392876138174));
#886 = CARTESIAN_POINT('',(92.126625947169,91.726207365452,
    89.553034081942));
#887 = CARTESIAN_POINT('',(91.558416537961,92.294277298896,
    89.675041899456));
#888 = CARTESIAN_POINT('',(90.979847113884,92.864068987944,
    89.757810041338));
#889 = CARTESIAN_POINT('',(90.392944843322,93.433334388564,89.8));
#890 = CARTESIAN_POINT('',(89.8,93.999787233802,89.8));
#891 = ORIENTED_EDGE('',*,*,#892,.F.);
#892 = EDGE_CURVE('',#893,#856,#895,.T.);
#893 = VERTEX_POINT('',#894);
#894 = CARTESIAN_POINT('',(99.8,83.306422321451,35.2));
#895 = LINE('',#896,#897);
#896 = CARTESIAN_POINT('',(99.8,83.306422321451,225.));
#897 = VECTOR('',#898,1.);
#898 = DIRECTION('',(0.,0.,1.));
#899 = ORIENTED_EDGE('',*,*,#900,.F.);
#900 = EDGE_CURVE('',#901,#893,#903,.T.);
#901 = VERTEX_POINT('',#902);
#902 = CARTESIAN_POINT('',(89.8,93.999787233802,25.2));
#903 = B_SPLINE_CURVE_WITH_KNOTS('',6,(#904,#905,#906,#907,#908,#909,
    #910,#911,#912,#913,#914,#915,#916,#917,#918,#919,#920,#921,#922,
    #923,#924,#925,#926,#927,#928,#929,#930,#931,#932,#933,#934,#935),
  .UNSPECIFIED.,.F.,.F.,(7,5,5,5,5,5,7),(0.,0.236236019682,
    0.501674113101,0.596300107182,0.723866307348,0.826549470812,1.),
  .UNSPECIFIED.);
#904 = CARTESIAN_POINT('',(89.8,93.999787233802,25.2));
#905 = CARTESIAN_POINT('',(90.392944716054,93.433334510146,25.2));
#906 = CARTESIAN_POINT('',(90.979846961769,92.864069137032,
    25.242189940518));
#907 = CARTESIAN_POINT('',(91.558416442548,92.294277395474,
    25.324958074009));
#908 = CARTESIAN_POINT('',(92.126625941021,91.726207373332,
    25.446965908062));
#909 = CARTESIAN_POINT('',(92.682566280777,91.162196529845,
    25.607123879922));
#910 = CARTESIAN_POINT('',(93.833002318014,89.97849989759,
    26.026416915111));
#911 = CARTESIAN_POINT('',(94.423771828142,89.360547250647,
    26.295340830151));
#912 = CARTESIAN_POINT('',(94.994501851212,88.753916553471,
    26.610343165045));
#913 = CARTESIAN_POINT('',(95.542796297626,88.162109525638,
    26.971072797069));
#914 = CARTESIAN_POINT('',(96.065648442751,87.589579150066,
    27.377596966629));
#915 = CARTESIAN_POINT('',(96.73503546241,86.8470030856,27.991514695041)
  );
#916 = CARTESIAN_POINT('',(96.907233343938,86.655025901556,
    28.158720567879));
#917 = CARTESIAN_POINT('',(97.075532095052,86.466488195872,
    28.331806467641));
#918 = CARTESIAN_POINT('',(97.239733319562,86.281681708779,
    28.510785474496));
#919 = CARTESIAN_POINT('',(97.399620186821,86.100924623667,
    28.695670051684));
#920 = CARTESIAN_POINT('',(97.764369044976,85.686804857658,
    29.14369402317));
#921 = CARTESIAN_POINT('',(97.965556796428,85.456983354799,
    29.411724924823));
#922 = CARTESIAN_POINT('',(98.157856634543,85.236039527457,
    29.69050438251));
#923 = CARTESIAN_POINT('',(98.340562467299,85.024987335801,
    29.979940499702));
#924 = CARTESIAN_POINT('',(98.51292231625,84.824910557364,
    30.279909646468));
#925 = CARTESIAN_POINT('',(98.80390061535,84.485673048883,
    30.840066717422));
#926 = CARTESIAN_POINT('',(98.926456887906,84.342227371513,
    31.096626453603));
#927 = CARTESIAN_POINT('',(99.041283632151,84.207342708554,
    31.359667265328));
#928 = CARTESIAN_POINT('',(99.147886367175,84.081715055828,
    31.628895997698));
#929 = CARTESIAN_POINT('',(99.245791447478,83.966015792529,
    31.903994635602));
#930 = CARTESIAN_POINT('',(99.484457072197,83.683312609408,
    32.658648330675));
#931 = CARTESIAN_POINT('',(99.60848631697,83.535625299942,33.14919169991
    ));
#932 = CARTESIAN_POINT('',(99.703605585177,83.421901897484,
    33.652581134931));
#933 = CARTESIAN_POINT('',(99.767808721968,83.344986959773,
    34.164892064264));
#934 = CARTESIAN_POINT('',(99.8,83.306422321451,34.682061176813));
#935 = CARTESIAN_POINT('',(99.8,83.306422321451,35.2));
#936 = ORIENTED_EDGE('',*,*,#937,.T.);
#937 = EDGE_CURVE('',#901,#757,#938,.T.);
#938 = CIRCLE('',#939,130.);
#939 = AXIS2_PLACEMENT_3D('',#940,#941,#942);
#940 = CARTESIAN_POINT('',(0.,0.,25.2));
#941 = DIRECTION('',(0.,0.,1.));
#942 = DIRECTION('',(1.,0.,0.));
#943 = CYLINDRICAL_SURFACE('',#944,130.);
#944 = AXIS2_PLACEMENT_3D('',#945,#946,#947);
#945 = CARTESIAN_POINT('',(0.,0.,225.));
#946 = DIRECTION('',(0.,0.,1.));
#947 = DIRECTION('',(1.,0.,0.));
#948 = ADVANCED_FACE('',(#949),#960,.T.);
#949 = FACE_BOUND('',#950,.T.);
#950 = EDGE_LOOP('',(#951,#952,#958,#959));
#951 = ORIENTED_EDGE('',*,*,#711,.F.);
#952 = ORIENTED_EDGE('',*,*,#953,.T.);
#953 = EDGE_CURVE('',#703,#810,#954,.T.);
#954 = LINE('',#955,#956);
#955 = CARTESIAN_POINT('',(-89.8,1.993960552227E-14,89.8));
#956 = VECTOR('',#957,1.);
#957 = DIRECTION('',(0.,1.,-2.22044604925E-16));
#958 = ORIENTED_EDGE('',*,*,#809,.T.);
#959 = ORIENTED_EDGE('',*,*,#543,.F.);
#960 = CYLINDRICAL_SURFACE('',#961,10.);
#961 = AXIS2_PLACEMENT_3D('',#962,#963,#964);
#962 = CARTESIAN_POINT('',(-89.8,1.771915947302E-14,79.8));
#963 = DIRECTION('',(0.,-1.,2.22044604925E-16));
#964 = DIRECTION('',(1.,0.,0.));
#965 = ADVANCED_FACE('',(#966),#977,.T.);
#966 = FACE_BOUND('',#967,.T.);
#967 = EDGE_LOOP('',(#968,#969,#975,#976));
#968 = ORIENTED_EDGE('',*,*,#702,.F.);
#969 = ORIENTED_EDGE('',*,*,#970,.T.);
#970 = EDGE_CURVE('',#666,#847,#971,.T.);
#971 = LINE('',#972,#973);
#972 = CARTESIAN_POINT('',(89.8,1.993960552227E-14,89.8));
#973 = VECTOR('',#974,1.);
#974 = DIRECTION('',(0.,1.,-2.22044604925E-16));
#975 = ORIENTED_EDGE('',*,*,#846,.T.);
#976 = ORIENTED_EDGE('',*,*,#953,.F.);
#977 = PLANE('',#978);
#978 = AXIS2_PLACEMENT_3D('',#979,#980,#981);
#979 = CARTESIAN_POINT('',(89.8,1.993960552227E-14,89.8));
#980 = DIRECTION('',(0.,2.22044604925E-16,1.));
#981 = DIRECTION('',(-1.,0.,0.));
#982 = ADVANCED_FACE('',(#983),#994,.T.);
#983 = FACE_BOUND('',#984,.T.);
#984 = EDGE_LOOP('',(#985,#986,#992,#993));
#985 = ORIENTED_EDGE('',*,*,#665,.F.);
#986 = ORIENTED_EDGE('',*,*,#987,.T.);
#987 = EDGE_CURVE('',#658,#856,#988,.T.);
#988 = LINE('',#989,#990);
#989 = CARTESIAN_POINT('',(99.8,1.771915947302E-14,79.8));
#990 = VECTOR('',#991,1.);
#991 = DIRECTION('',(0.,1.,-2.22044604925E-16));
#992 = ORIENTED_EDGE('',*,*,#855,.T.);
#993 = ORIENTED_EDGE('',*,*,#970,.F.);
#994 = CYLINDRICAL_SURFACE('',#995,10.);
#995 = AXIS2_PLACEMENT_3D('',#996,#997,#998);
#996 = CARTESIAN_POINT('',(89.8,1.771915947302E-14,79.8));
#997 = DIRECTION('',(0.,-1.,2.22044604925E-16));
#998 = DIRECTION('',(1.,0.,0.));
#999 = ADVANCED_FACE('',(#1000),#1011,.T.);
#1000 = FACE_BOUND('',#1001,.T.);
#1001 = EDGE_LOOP('',(#1002,#1003,#1009,#1010));
#1002 = ORIENTED_EDGE('',*,*,#657,.F.);
#1003 = ORIENTED_EDGE('',*,*,#1004,.T.);
#1004 = EDGE_CURVE('',#621,#893,#1005,.T.);
#1005 = LINE('',#1006,#1007);
#1006 = CARTESIAN_POINT('',(99.8,7.815970093361E-15,35.2));
#1007 = VECTOR('',#1008,1.);
#1008 = DIRECTION('',(0.,1.,-2.22044604925E-16));
#1009 = ORIENTED_EDGE('',*,*,#892,.T.);
#1010 = ORIENTED_EDGE('',*,*,#987,.F.);
#1011 = PLANE('',#1012);
#1012 = AXIS2_PLACEMENT_3D('',#1013,#1014,#1015);
#1013 = CARTESIAN_POINT('',(99.8,7.815970093361E-15,35.2));
#1014 = DIRECTION('',(1.,0.,0.));
#1015 = DIRECTION('',(0.,2.22044604925E-16,1.));
#1016 = ADVANCED_FACE('',(#1017),#1028,.T.);
#1017 = FACE_BOUND('',#1018,.T.);
#1018 = EDGE_LOOP('',(#1019,#1020,#1026,#1027));
#1019 = ORIENTED_EDGE('',*,*,#620,.F.);
#1020 = ORIENTED_EDGE('',*,*,#1021,.T.);
#1021 = EDGE_CURVE('',#612,#901,#1022,.T.);
#1022 = LINE('',#1023,#1024);
#1023 = CARTESIAN_POINT('',(89.8,5.595524044111E-15,25.2));
#1024 = VECTOR('',#1025,1.);
#1025 = DIRECTION('',(0.,1.,-2.22044604925E-16));
#1026 = ORIENTED_EDGE('',*,*,#900,.T.);
#1027 = ORIENTED_EDGE('',*,*,#1004,.F.);
#1028 = CYLINDRICAL_SURFACE('',#1029,10.);
#1029 = AXIS2_PLACEMENT_3D('',#1030,#1031,#1032);
#1030 = CARTESIAN_POINT('',(89.8,7.815970093361E-15,35.2));
#1031 = DIRECTION('',(0.,-1.,2.22044604925E-16));
#1032 = DIRECTION('',(1.,0.,0.));
#1033 = ADVANCED_FACE('',(#1034),#1040,.T.);
#1034 = FACE_BOUND('',#1035,.T.);
#1035 = EDGE_LOOP('',(#1036,#1037,#1038,#1039));
#1036 = ORIENTED_EDGE('',*,*,#611,.T.);
#1037 = ORIENTED_EDGE('',*,*,#793,.T.);
#1038 = ORIENTED_EDGE('',*,*,#937,.F.);
#1039 = ORIENTED_EDGE('',*,*,#1021,.F.);
#1040 = PLANE('',#1041);
#1041 = AXIS2_PLACEMENT_3D('',#1042,#1043,#1044);
#1042 = CARTESIAN_POINT('',(-89.8,5.595524044111E-15,25.2));
#1043 = DIRECTION('',(0.,-2.22044604925E-16,-1.));
#1044 = DIRECTION('',(1.,0.,0.));
#1045 = ( GEOMETRIC_REPRESENTATION_CONTEXT(3) 
GLOBAL_UNCERTAINTY_ASSIGNED_CONTEXT((#1049)) 
GLOBAL_UNIT_ASSIGNED_CONTEXT((#1046,#1047,#1048)) REPRESENTATION_CONTEXT
('Context #1','3D Context with UNIT and UNCERTAINTY') );
#1046 = ( LENGTH_UNIT() NAMED_UNIT(*) SI_UNIT(.MILLI.,.METRE.) );
#1047 = ( NAMED_UNIT(*) PLANE_ANGLE_UNIT() SI_UNIT($,.RADIAN.) );
#1048 = ( NAMED_UNIT(*) SI_UNIT($,.STERADIAN.) SOLID_ANGLE_UNIT() );
#1049 = UNCERTAINTY_MEASURE_WITH_UNIT(LENGTH_MEASURE(2.E-07),#1046,
  'distance_accuracy_value','confusion accuracy');
#1050 = CONTEXT_DEPENDENT_SHAPE_REPRESENTATION(#1051,#1053);
#1051 = ( REPRESENTATION_RELATIONSHIP('','',#36,#10) 
REPRESENTATION_RELATIONSHIP_WITH_TRANSFORMATION(#1052) 
SHAPE_REPRESENTATION_RELATIONSHIP() );
#1052 = ITEM_DEFINED_TRANSFORMATION('','',#11,#15);
#1053 = PRODUCT_DEFINITION_SHAPE('Placement','Placement of an item',
  #1054);
#1054 = NEXT_ASSEMBLY_USAGE_OCCURRENCE('1','Mid-support','',#5,#31,$);
#1055 = PRODUCT_RELATED_PRODUCT_CATEGORY('part',$,(#33));
#1056 = SHAPE_DEFINITION_REPRESENTATION(#1057,#1063);
#1057 = PRODUCT_DEFINITION_SHAPE('','',#1058);
#1058 = PRODUCT_DEFINITION('design','',#1059,#1062);
#1059 = PRODUCT_DEFINITION_FORMATION('','',#1060);
#1060 = PRODUCT('Mid','Mid','',(#1061));
#1061 = PRODUCT_CONTEXT('',#2,'mechanical');
#1062 = PRODUCT_DEFINITION_CONTEXT('part definition',#2,'design');
#1063 = ADVANCED_BREP_SHAPE_REPRESENTATION('',(#11,#1064),#4016);
#1064 = MANIFOLD_SOLID_BREP('',#1065);
#1065 = CLOSED_SHELL('',(#1066,#1771,#1802,#1888,#1912,#1963,#1988,#2121
    ,#2255,#2299,#2331,#2348,#2372,#2423,#2448,#2581,#2678,#2812,#2856,
    #2881,#2991,#3016,#3129,#3147,#3207,#3231,#3256,#3309,#3362,#3387,
    #3411,#3457,#3475,#3493,#3535,#3560,#3585,#3603,#3623,#3650,#3668,
    #3697,#3725,#3757,#3782,#3807,#3825,#3856,#3880,#3904,#3928,#3952,
    #3969,#3992,#4004));
#1066 = ADVANCED_FACE('',(#1067,#1379,#1582),#1766,.F.);
#1067 = FACE_BOUND('',#1068,.T.);
#1068 = EDGE_LOOP('',(#1069,#1080,#1088,#1097,#1131,#1139,#1146,#1147,
    #1181,#1190,#1198,#1207,#1216,#1225,#1234,#1243,#1251,#1260,#1294,
    #1328,#1337,#1345,#1354,#1363,#1372));
#1069 = ORIENTED_EDGE('',*,*,#1070,.T.);
#1070 = EDGE_CURVE('',#1071,#1073,#1075,.T.);
#1071 = VERTEX_POINT('',#1072);
#1072 = CARTESIAN_POINT('',(124.74373731775,-8.,225.));
#1073 = VERTEX_POINT('',#1074);
#1074 = CARTESIAN_POINT('',(124.67557900407,-9.,224.));
#1075 = ELLIPSE('',#1076,176.77669529663,125.);
#1076 = AXIS2_PLACEMENT_3D('',#1077,#1078,#1079);
#1077 = CARTESIAN_POINT('',(0.,0.,233.));
#1078 = DIRECTION('',(0.,0.707106781187,-0.707106781187));
#1079 = DIRECTION('',(0.,-0.707106781187,-0.707106781187));
#1080 = ORIENTED_EDGE('',*,*,#1081,.T.);
#1081 = EDGE_CURVE('',#1073,#1082,#1084,.T.);
#1082 = VERTEX_POINT('',#1083);
#1083 = CARTESIAN_POINT('',(124.67557900407,-9.,208.));
#1084 = LINE('',#1085,#1086);
#1085 = CARTESIAN_POINT('',(124.67557900407,-9.,225.));
#1086 = VECTOR('',#1087,1.);
#1087 = DIRECTION('',(-0.,-0.,-1.));
#1088 = ORIENTED_EDGE('',*,*,#1089,.T.);
#1089 = EDGE_CURVE('',#1082,#1090,#1092,.T.);
#1090 = VERTEX_POINT('',#1091);
#1091 = CARTESIAN_POINT('',(124.96239016271,-3.066112330338,208.));
#1092 = CIRCLE('',#1093,125.);
#1093 = AXIS2_PLACEMENT_3D('',#1094,#1095,#1096);
#1094 = CARTESIAN_POINT('',(0.,0.,208.));
#1095 = DIRECTION('',(-0.,0.,1.));
#1096 = DIRECTION('',(0.997404632033,-7.2E-02,0.));
#1097 = ORIENTED_EDGE('',*,*,#1098,.T.);
#1098 = EDGE_CURVE('',#1090,#1099,#1101,.T.);
#1099 = VERTEX_POINT('',#1100);
#1100 = CARTESIAN_POINT('',(125.,-3.1E-14,208.34666579848));
#1101 = ( BOUNDED_CURVE() B_SPLINE_CURVE(10,(#1102,#1103,#1104,#1105,
    #1106,#1107,#1108,#1109,#1110,#1111,#1112,#1113,#1114,#1115,#1116,
    #1117,#1118,#1119,#1120,#1121,#1122,#1123,#1124,#1125,#1126,#1127,
#1128,#1129,#1130),.UNSPECIFIED.,.F.,.F.) B_SPLINE_CURVE_WITH_KNOTS((11,
    9,9,11),(5.941374319382,6.70797928855,7.474584257719,9.007794196055)
,.UNSPECIFIED.) CURVE() GEOMETRIC_REPRESENTATION_ITEM() 
RATIONAL_B_SPLINE_CURVE((1.,1.,1.,1.,1.,1.,1.,1.,1.,1.,1.,1.,1.,1.,1.,1.
,1.,1.,1.,1.,1.,1.,1.,1.,1.,1.,1.,1.,1.)) REPRESENTATION_ITEM('') );
#1102 = CARTESIAN_POINT('',(124.96239016271,-3.066112330368,208.));
#1103 = CARTESIAN_POINT('',(124.96427056027,-2.989474898921,208.));
#1104 = CARTESIAN_POINT('',(124.96609873504,-2.912836186151,
    208.00921213754));
#1105 = CARTESIAN_POINT('',(124.96787468604,-2.836196232079,
    208.01800213328));
#1106 = CARTESIAN_POINT('',(124.96959841233,-2.759555076713,
    208.03145054167));
#1107 = CARTESIAN_POINT('',(124.97126991298,-2.682912760115,
    208.04261065287));
#1108 = CARTESIAN_POINT('',(124.97288918713,-2.606269322276,
    208.05689310921));
#1109 = CARTESIAN_POINT('',(124.97445623393,-2.529624803275,
    208.06992250992));
#1110 = CARTESIAN_POINT('',(124.97597105258,-2.452979243118,
    208.08377358286));
#1111 = CARTESIAN_POINT('',(124.9774336423,-2.376332681863,
    208.09745560361));
#1112 = CARTESIAN_POINT('',(124.98025436242,-2.223037637227,
    208.12470344864));
#1113 = CARTESIAN_POINT('',(124.98161249281,-2.146389153847,
    208.13824231246));
#1114 = CARTESIAN_POINT('',(124.9829183928,-2.069739749446,
    208.15160255848));
#1115 = CARTESIAN_POINT('',(124.98417206169,-1.993089464067,
    208.16470939078));
#1116 = CARTESIAN_POINT('',(124.98537349882,-1.916438337752,
    208.17750363498));
#1117 = CARTESIAN_POINT('',(124.98652270354,-1.839786410543,
    208.18993859655));
#1118 = CARTESIAN_POINT('',(124.98761967527,-1.763133722486,
    208.20197691911));
#1119 = CARTESIAN_POINT('',(124.98866441344,-1.686480313623,
    208.21358744276));
#1120 = CARTESIAN_POINT('',(124.98965691752,-1.609826223998,
    208.2247420624));
#1121 = CARTESIAN_POINT('',(124.99247772605,-1.379862032969,
    208.25675363336));
#1122 = CARTESIAN_POINT('',(124.99414932676,-1.226550009413,
    208.27615977125));
#1123 = CARTESIAN_POINT('',(124.99561198525,-1.073235743335,
    208.2934450545));
#1124 = CARTESIAN_POINT('',(124.99686569813,-0.919919555092,
    208.30846384165));
#1125 = CARTESIAN_POINT('',(124.99791046261,-0.766601765041,
    208.3211058875));
#1126 = CARTESIAN_POINT('',(124.99874627644,-0.613282693541,
    208.33129143553));
#1127 = CARTESIAN_POINT('',(124.99937313794,-0.459962660945,
    208.33896631029));
#1128 = CARTESIAN_POINT('',(124.99979104598,-0.3066419876,
    208.34409700992));
#1129 = CARTESIAN_POINT('',(125.,-0.153320993844,208.34666579848));
#1130 = CARTESIAN_POINT('',(125.,-3.062E-14,208.34666579848));
#1131 = ORIENTED_EDGE('',*,*,#1132,.F.);
#1132 = EDGE_CURVE('',#1133,#1099,#1135,.T.);
#1133 = VERTEX_POINT('',#1134);
#1134 = CARTESIAN_POINT('',(125.,0.,10.));
#1135 = LINE('',#1136,#1137);
#1136 = CARTESIAN_POINT('',(125.,0.,0.));
#1137 = VECTOR('',#1138,1.);
#1138 = DIRECTION('',(0.,0.,1.));
#1139 = ORIENTED_EDGE('',*,*,#1140,.T.);
#1140 = EDGE_CURVE('',#1133,#1133,#1141,.T.);
#1141 = CIRCLE('',#1142,125.);
#1142 = AXIS2_PLACEMENT_3D('',#1143,#1144,#1145);
#1143 = CARTESIAN_POINT('',(0.,0.,10.));
#1144 = DIRECTION('',(0.,0.,-1.));
#1145 = DIRECTION('',(1.,0.,0.));
#1146 = ORIENTED_EDGE('',*,*,#1132,.T.);
#1147 = ORIENTED_EDGE('',*,*,#1148,.T.);
#1148 = EDGE_CURVE('',#1099,#1149,#1151,.T.);
#1149 = VERTEX_POINT('',#1150);
#1150 = CARTESIAN_POINT('',(124.96239016505,3.066112234669,208.));
#1151 = ( BOUNDED_CURVE() B_SPLINE_CURVE(10,(#1152,#1153,#1154,#1155,
    #1156,#1157,#1158,#1159,#1160,#1161,#1162,#1163,#1164,#1165,#1166,
    #1167,#1168,#1169,#1170,#1171,#1172,#1173,#1174,#1175,#1176,#1177,
#1178,#1179,#1180),.UNSPECIFIED.,.F.,.F.) B_SPLINE_CURVE_WITH_KNOTS((11,
    9,9,11),(9.007794196055,10.541004134364,11.307609103519,
12.074214072673),.UNSPECIFIED.) CURVE() GEOMETRIC_REPRESENTATION_ITEM() 
RATIONAL_B_SPLINE_CURVE((1.,1.,1.,1.,1.,1.,1.,1.,1.,1.,1.,1.,1.,1.,1.,1.
    ,1.,1.,1.,1.,1.,1.,0.999999999999,1.000000000001,0.999999999999,1.,
1.,1.,1.)) REPRESENTATION_ITEM('') );
#1152 = CARTESIAN_POINT('',(125.,0.,208.34666579848));
#1153 = CARTESIAN_POINT('',(125.,0.153320993841,208.34666579848));
#1154 = CARTESIAN_POINT('',(124.99979104598,0.306641987792,
    208.34409700991));
#1155 = CARTESIAN_POINT('',(124.99937313794,0.459962661483,
    208.33896631029));
#1156 = CARTESIAN_POINT('',(124.99874627644,0.613282694611,
    208.33129143552));
#1157 = CARTESIAN_POINT('',(124.99791046261,0.766601766909,
    208.32110588748));
#1158 = CARTESIAN_POINT('',(124.99686569812,0.919919558107,
    208.3084638416));
#1159 = CARTESIAN_POINT('',(124.99561198521,1.073235747903,
    208.29344505441));
#1160 = CARTESIAN_POINT('',(124.9941493267,1.226550015927,208.2761597711
    ));
#1161 = CARTESIAN_POINT('',(124.99247772595,1.379862041708,
    208.25675363312));
#1162 = CARTESIAN_POINT('',(124.98965691736,1.609826236106,
    208.22474206203));
#1163 = CARTESIAN_POINT('',(124.98866441326,1.686480326854,
    208.21358744233));
#1164 = CARTESIAN_POINT('',(124.98761967507,1.763133736797,
    208.20197691863));
#1165 = CARTESIAN_POINT('',(124.98652270332,1.839786425839,
    208.18993859602));
#1166 = CARTESIAN_POINT('',(124.98537349857,1.916438353864,
    208.17750363441));
#1167 = CARTESIAN_POINT('',(124.98417206143,1.993089480735,
    208.16470939017));
#1168 = CARTESIAN_POINT('',(124.98291839252,2.069739766285,
    208.15160255784));
#1169 = CARTESIAN_POINT('',(124.98161249253,2.146389170312,
    208.13824231183));
#1170 = CARTESIAN_POINT('',(124.98025436214,2.223037652575,
    208.12470344805));
#1171 = CARTESIAN_POINT('',(124.97743364209,2.376332692993,
    208.09745560319));
#1172 = CARTESIAN_POINT('',(124.97597105242,2.452979251147,
    208.08377358253));
#1173 = CARTESIAN_POINT('',(124.97445623385,2.52962480695,208.06992251)
  );
#1174 = CARTESIAN_POINT('',(124.97288918717,2.606269320082,
    208.05689310884));
#1175 = CARTESIAN_POINT('',(124.97126991318,2.682912750084,
    208.04261065429));
#1176 = CARTESIAN_POINT('',(124.96959841275,2.759555056593,
    208.03145054145));
#1177 = CARTESIAN_POINT('',(124.96787468677,2.836196198914,
    208.01800213575));
#1178 = CARTESIAN_POINT('',(124.96609873617,2.912836136577,
    208.00921213865));
#1179 = CARTESIAN_POINT('',(124.96427056193,2.989474828694,
    208.00000000291));
#1180 = CARTESIAN_POINT('',(124.96239016505,3.066112234669,208.));
#1181 = ORIENTED_EDGE('',*,*,#1182,.T.);
#1182 = EDGE_CURVE('',#1149,#1183,#1185,.T.);
#1183 = VERTEX_POINT('',#1184);
#1184 = CARTESIAN_POINT('',(124.67557900407,9.,208.));
#1185 = CIRCLE('',#1186,125.);
#1186 = AXIS2_PLACEMENT_3D('',#1187,#1188,#1189);
#1187 = CARTESIAN_POINT('',(0.,0.,208.));
#1188 = DIRECTION('',(0.,-0.,1.));
#1189 = DIRECTION('',(1.,1.219E-14,0.));
#1190 = ORIENTED_EDGE('',*,*,#1191,.F.);
#1191 = EDGE_CURVE('',#1192,#1183,#1194,.T.);
#1192 = VERTEX_POINT('',#1193);
#1193 = CARTESIAN_POINT('',(124.67557900407,9.,224.));
#1194 = LINE('',#1195,#1196);
#1195 = CARTESIAN_POINT('',(124.67557900407,9.,0.));
#1196 = VECTOR('',#1197,1.);
#1197 = DIRECTION('',(-0.,-0.,-1.));
#1198 = ORIENTED_EDGE('',*,*,#1199,.F.);
#1199 = EDGE_CURVE('',#1200,#1192,#1202,.T.);
#1200 = VERTEX_POINT('',#1201);
#1201 = CARTESIAN_POINT('',(124.74373731775,8.,225.));
#1202 = ELLIPSE('',#1203,176.77669529663,125.);
#1203 = AXIS2_PLACEMENT_3D('',#1204,#1205,#1206);
#1204 = CARTESIAN_POINT('',(0.,0.,233.));
#1205 = DIRECTION('',(0.,0.707106781187,0.707106781187));
#1206 = DIRECTION('',(0.,0.707106781187,-0.707106781187));
#1207 = ORIENTED_EDGE('',*,*,#1208,.F.);
#1208 = EDGE_CURVE('',#1209,#1200,#1211,.T.);
#1209 = VERTEX_POINT('',#1210);
#1210 = CARTESIAN_POINT('',(124.67557900407,9.,225.));
#1211 = CIRCLE('',#1212,125.);
#1212 = AXIS2_PLACEMENT_3D('',#1213,#1214,#1215);
#1213 = CARTESIAN_POINT('',(0.,0.,225.));
#1214 = DIRECTION('',(0.,0.,-1.));
#1215 = DIRECTION('',(0.,1.,0.));
#1216 = ORIENTED_EDGE('',*,*,#1217,.T.);
#1217 = EDGE_CURVE('',#1209,#1218,#1220,.T.);
#1218 = VERTEX_POINT('',#1219);
#1219 = CARTESIAN_POINT('',(-124.675579004,9.,225.));
#1220 = CIRCLE('',#1221,125.);
#1221 = AXIS2_PLACEMENT_3D('',#1222,#1223,#1224);
#1222 = CARTESIAN_POINT('',(0.,0.,225.));
#1223 = DIRECTION('',(0.,0.,1.));
#1224 = DIRECTION('',(1.,0.,0.));
#1225 = ORIENTED_EDGE('',*,*,#1226,.T.);
#1226 = EDGE_CURVE('',#1218,#1227,#1229,.T.);
#1227 = VERTEX_POINT('',#1228);
#1228 = CARTESIAN_POINT('',(-124.7437373177,8.,225.));
#1229 = CIRCLE('',#1230,125.);
#1230 = AXIS2_PLACEMENT_3D('',#1231,#1232,#1233);
#1231 = CARTESIAN_POINT('',(0.,0.,225.));
#1232 = DIRECTION('',(0.,-0.,1.));
#1233 = DIRECTION('',(0.,1.,0.));
#1234 = ORIENTED_EDGE('',*,*,#1235,.T.);
#1235 = EDGE_CURVE('',#1227,#1236,#1238,.T.);
#1236 = VERTEX_POINT('',#1237);
#1237 = CARTESIAN_POINT('',(-124.675579004,9.,224.));
#1238 = ELLIPSE('',#1239,176.77669529663,125.);
#1239 = AXIS2_PLACEMENT_3D('',#1240,#1241,#1242);
#1240 = CARTESIAN_POINT('',(0.,0.,233.));
#1241 = DIRECTION('',(0.,-0.707106781187,-0.707106781187));
#1242 = DIRECTION('',(0.,0.707106781187,-0.707106781187));
#1243 = ORIENTED_EDGE('',*,*,#1244,.T.);
#1244 = EDGE_CURVE('',#1236,#1245,#1247,.T.);
#1245 = VERTEX_POINT('',#1246);
#1246 = CARTESIAN_POINT('',(-124.675579004,9.,208.));
#1247 = LINE('',#1248,#1249);
#1248 = CARTESIAN_POINT('',(-124.675579004,9.,225.));
#1249 = VECTOR('',#1250,1.);
#1250 = DIRECTION('',(-0.,-0.,-1.));
#1251 = ORIENTED_EDGE('',*,*,#1252,.T.);
#1252 = EDGE_CURVE('',#1245,#1253,#1255,.T.);
#1253 = VERTEX_POINT('',#1254);
#1254 = CARTESIAN_POINT('',(-124.9623901627,3.066112330338,208.));
#1255 = CIRCLE('',#1256,125.);
#1256 = AXIS2_PLACEMENT_3D('',#1257,#1258,#1259);
#1257 = CARTESIAN_POINT('',(0.,0.,208.));
#1258 = DIRECTION('',(0.,0.,1.));
#1259 = DIRECTION('',(-0.997404632033,7.2E-02,0.));
#1260 = ORIENTED_EDGE('',*,*,#1261,.T.);
#1261 = EDGE_CURVE('',#1253,#1262,#1264,.T.);
#1262 = VERTEX_POINT('',#1263);
#1263 = CARTESIAN_POINT('',(-125.,7.1E-14,208.34666579848));
#1264 = ( BOUNDED_CURVE() B_SPLINE_CURVE(10,(#1265,#1266,#1267,#1268,
    #1269,#1270,#1271,#1272,#1273,#1274,#1275,#1276,#1277,#1278,#1279,
    #1280,#1281,#1282,#1283,#1284,#1285,#1286,#1287,#1288,#1289,#1290,
#1291,#1292,#1293),.UNSPECIFIED.,.F.,.F.) B_SPLINE_CURVE_WITH_KNOTS((11,
    9,9,11),(5.941374319379,6.70797928854,7.474584257702,9.007794196025)
,.UNSPECIFIED.) CURVE() GEOMETRIC_REPRESENTATION_ITEM() 
RATIONAL_B_SPLINE_CURVE((1.,1.,1.,1.,1.,1.,1.,1.,1.,1.,1.,1.,1.,
    0.999999999999,1.000000000001,1.,1.,1.,1.,1.,1.,1.,1.,1.,1.,1.,1.,1.
,1.)) REPRESENTATION_ITEM('') );
#1265 = CARTESIAN_POINT('',(-124.9623901627,3.066112330337,208.));
#1266 = CARTESIAN_POINT('',(-124.9642705602,2.989474898932,208.));
#1267 = CARTESIAN_POINT('',(-124.966098735,2.912836186173,
    208.00921213754));
#1268 = CARTESIAN_POINT('',(-124.967874686,2.836196232095,
    208.01800213328));
#1269 = CARTESIAN_POINT('',(-124.9695984123,2.759555076735,
    208.03145054167));
#1270 = CARTESIAN_POINT('',(-124.9712699129,2.682912760125,
    208.04261065287));
#1271 = CARTESIAN_POINT('',(-124.9728891871,2.606269322307,
    208.05689310921));
#1272 = CARTESIAN_POINT('',(-124.9744562339,2.529624803313,
    208.06992250992));
#1273 = CARTESIAN_POINT('',(-124.9759710525,2.452979243184,
    208.08377358286));
#1274 = CARTESIAN_POINT('',(-124.9774336423,2.37633268196,
    208.09745560361));
#1275 = CARTESIAN_POINT('',(-124.9802543624,2.223037637396,
    208.12470344863));
#1276 = CARTESIAN_POINT('',(-124.9816124928,2.146389154057,
    208.13824231245));
#1277 = CARTESIAN_POINT('',(-124.9829183928,2.069739749701,
    208.15160255847));
#1278 = CARTESIAN_POINT('',(-124.9841720616,1.993089464368,
    208.16470939077));
#1279 = CARTESIAN_POINT('',(-124.9853734988,1.916438338098,
    208.17750363497));
#1280 = CARTESIAN_POINT('',(-124.9865227035,1.839786410933,
    208.18993859654));
#1281 = CARTESIAN_POINT('',(-124.9876196752,1.763133722915,
    208.20197691909));
#1282 = CARTESIAN_POINT('',(-124.9886644134,1.686480314086,
    208.21358744274));
#1283 = CARTESIAN_POINT('',(-124.9896569175,1.609826224489,
    208.22474206239));
#1284 = CARTESIAN_POINT('',(-124.992477726,1.379862033524,
    208.25675363334));
#1285 = CARTESIAN_POINT('',(-124.9941493267,1.226550009982,
    208.27615977124));
#1286 = CARTESIAN_POINT('',(-124.9956119852,1.073235743887,
    208.29344505449));
#1287 = CARTESIAN_POINT('',(-124.9968656981,0.919919555594,
    208.30846384164));
#1288 = CARTESIAN_POINT('',(-124.9979104626,0.766601765459,
    208.3211058875));
#1289 = CARTESIAN_POINT('',(-124.9987462764,0.613282693848,
    208.33129143552));
#1290 = CARTESIAN_POINT('',(-124.9993731379,0.459962661126,
    208.33896631029));
#1291 = CARTESIAN_POINT('',(-124.9997910459,0.306641987665,
    208.34409700992));
#1292 = CARTESIAN_POINT('',(-125.,0.153320993832,208.34666579848));
#1293 = CARTESIAN_POINT('',(-125.,7.082E-14,208.34666579848));
#1294 = ORIENTED_EDGE('',*,*,#1295,.T.);
#1295 = EDGE_CURVE('',#1262,#1296,#1298,.T.);
#1296 = VERTEX_POINT('',#1297);
#1297 = CARTESIAN_POINT('',(-124.9623901627,-3.066112330336,208.));
#1298 = ( BOUNDED_CURVE() B_SPLINE_CURVE(10,(#1299,#1300,#1301,#1302,
    #1303,#1304,#1305,#1306,#1307,#1308,#1309,#1310,#1311,#1312,#1313,
    #1314,#1315,#1316,#1317,#1318,#1319,#1320,#1321,#1322,#1323,#1324,
#1325,#1326,#1327),.UNSPECIFIED.,.F.,.F.) B_SPLINE_CURVE_WITH_KNOTS((11,
    9,9,11),(9.007794196025,10.541004134348,11.30760910351,
12.074214072671),.UNSPECIFIED.) CURVE() GEOMETRIC_REPRESENTATION_ITEM() 
RATIONAL_B_SPLINE_CURVE((1.,1.,1.,1.,1.,1.,1.,1.,1.,1.,1.,1.,1.,1.,1.,1.
    ,1.,1.,1.,1.,1.,1.,1.000000000001,0.999999999999,1.000000000001,1.,
1.,1.,1.)) REPRESENTATION_ITEM('') );
#1299 = CARTESIAN_POINT('',(-125.,7.082E-14,208.34666579848));
#1300 = CARTESIAN_POINT('',(-125.,-0.153320993832,208.34666579848));
#1301 = CARTESIAN_POINT('',(-124.9997910459,-0.306641987665,
    208.34409700992));
#1302 = CARTESIAN_POINT('',(-124.9993731379,-0.459962661126,
    208.33896631029));
#1303 = CARTESIAN_POINT('',(-124.9987462764,-0.613282693848,
    208.33129143552));
#1304 = CARTESIAN_POINT('',(-124.9979104626,-0.766601765459,
    208.3211058875));
#1305 = CARTESIAN_POINT('',(-124.9968656981,-0.919919555593,
    208.30846384164));
#1306 = CARTESIAN_POINT('',(-124.9956119852,-1.073235743887,
    208.29344505449));
#1307 = CARTESIAN_POINT('',(-124.9941493267,-1.226550009981,
    208.27615977124));
#1308 = CARTESIAN_POINT('',(-124.992477726,-1.379862033523,
    208.25675363334));
#1309 = CARTESIAN_POINT('',(-124.9896569175,-1.609826224488,
    208.22474206239));
#1310 = CARTESIAN_POINT('',(-124.9886644134,-1.686480314085,
    208.21358744274));
#1311 = CARTESIAN_POINT('',(-124.9876196752,-1.763133722914,
    208.20197691909));
#1312 = CARTESIAN_POINT('',(-124.9865227035,-1.839786410932,
    208.18993859654));
#1313 = CARTESIAN_POINT('',(-124.9853734988,-1.916438338097,
    208.17750363497));
#1314 = CARTESIAN_POINT('',(-124.9841720616,-1.993089464367,
    208.16470939077));
#1315 = CARTESIAN_POINT('',(-124.9829183928,-2.0697397497,
    208.15160255847));
#1316 = CARTESIAN_POINT('',(-124.9816124928,-2.146389154057,
    208.13824231245));
#1317 = CARTESIAN_POINT('',(-124.9802543624,-2.223037637395,
    208.12470344863));
#1318 = CARTESIAN_POINT('',(-124.9774336423,-2.376332681959,
    208.09745560361));
#1319 = CARTESIAN_POINT('',(-124.9759710525,-2.452979243184,
    208.08377358286));
#1320 = CARTESIAN_POINT('',(-124.9744562339,-2.52962480331,
    208.06992250991));
#1321 = CARTESIAN_POINT('',(-124.9728891871,-2.606269322309,
    208.05689310921));
#1322 = CARTESIAN_POINT('',(-124.9712699129,-2.682912760121,
    208.04261065287));
#1323 = CARTESIAN_POINT('',(-124.9695984123,-2.759555076736,
    208.03145054167));
#1324 = CARTESIAN_POINT('',(-124.967874686,-2.836196232094,
    208.01800213328));
#1325 = CARTESIAN_POINT('',(-124.966098735,-2.912836186172,
    208.00921213754));
#1326 = CARTESIAN_POINT('',(-124.9642705602,-2.989474898931,208.));
#1327 = CARTESIAN_POINT('',(-124.9623901627,-3.066112330336,208.));
#1328 = ORIENTED_EDGE('',*,*,#1329,.T.);
#1329 = EDGE_CURVE('',#1296,#1330,#1332,.T.);
#1330 = VERTEX_POINT('',#1331);
#1331 = CARTESIAN_POINT('',(-124.675579004,-9.,208.));
#1332 = CIRCLE('',#1333,125.);
#1333 = AXIS2_PLACEMENT_3D('',#1334,#1335,#1336);
#1334 = CARTESIAN_POINT('',(0.,0.,208.));
#1335 = DIRECTION('',(0.,0.,1.));
#1336 = DIRECTION('',(-0.997404632033,7.2E-02,0.));
#1337 = ORIENTED_EDGE('',*,*,#1338,.F.);
#1338 = EDGE_CURVE('',#1339,#1330,#1341,.T.);
#1339 = VERTEX_POINT('',#1340);
#1340 = CARTESIAN_POINT('',(-124.675579004,-9.,224.));
#1341 = LINE('',#1342,#1343);
#1342 = CARTESIAN_POINT('',(-124.675579004,-9.,0.));
#1343 = VECTOR('',#1344,1.);
#1344 = DIRECTION('',(-0.,-0.,-1.));
#1345 = ORIENTED_EDGE('',*,*,#1346,.F.);
#1346 = EDGE_CURVE('',#1347,#1339,#1349,.T.);
#1347 = VERTEX_POINT('',#1348);
#1348 = CARTESIAN_POINT('',(-124.7437373177,-8.,225.));
#1349 = ELLIPSE('',#1350,176.77669529663,125.);
#1350 = AXIS2_PLACEMENT_3D('',#1351,#1352,#1353);
#1351 = CARTESIAN_POINT('',(0.,0.,233.));
#1352 = DIRECTION('',(0.,-0.707106781187,0.707106781187));
#1353 = DIRECTION('',(0.,-0.707106781187,-0.707106781187));
#1354 = ORIENTED_EDGE('',*,*,#1355,.F.);
#1355 = EDGE_CURVE('',#1356,#1347,#1358,.T.);
#1356 = VERTEX_POINT('',#1357);
#1357 = CARTESIAN_POINT('',(-124.675579004,-9.,225.));
#1358 = CIRCLE('',#1359,125.);
#1359 = AXIS2_PLACEMENT_3D('',#1360,#1361,#1362);
#1360 = CARTESIAN_POINT('',(0.,0.,225.));
#1361 = DIRECTION('',(0.,0.,-1.));
#1362 = DIRECTION('',(0.,1.,0.));
#1363 = ORIENTED_EDGE('',*,*,#1364,.T.);
#1364 = EDGE_CURVE('',#1356,#1365,#1367,.T.);
#1365 = VERTEX_POINT('',#1366);
#1366 = CARTESIAN_POINT('',(124.67557900407,-9.,225.));
#1367 = CIRCLE('',#1368,125.);
#1368 = AXIS2_PLACEMENT_3D('',#1369,#1370,#1371);
#1369 = CARTESIAN_POINT('',(0.,0.,225.));
#1370 = DIRECTION('',(0.,0.,1.));
#1371 = DIRECTION('',(1.,0.,0.));
#1372 = ORIENTED_EDGE('',*,*,#1373,.T.);
#1373 = EDGE_CURVE('',#1365,#1071,#1374,.T.);
#1374 = CIRCLE('',#1375,125.);
#1375 = AXIS2_PLACEMENT_3D('',#1376,#1377,#1378);
#1376 = CARTESIAN_POINT('',(0.,0.,225.));
#1377 = DIRECTION('',(0.,-0.,1.));
#1378 = DIRECTION('',(0.,1.,0.));
#1379 = FACE_BOUND('',#1380,.T.);
#1380 = EDGE_LOOP('',(#1381,#1426,#1435,#1532,#1541));
#1381 = ORIENTED_EDGE('',*,*,#1382,.F.);
#1382 = EDGE_CURVE('',#1383,#1385,#1387,.T.);
#1383 = VERTEX_POINT('',#1384);
#1384 = CARTESIAN_POINT('',(70.,103.56157588604,135.));
#1385 = VERTEX_POINT('',#1386);
#1386 = CARTESIAN_POINT('',(107.5,63.786754110865,172.5));
#1387 = B_SPLINE_CURVE_WITH_KNOTS('',7,(#1388,#1389,#1390,#1391,#1392,
    #1393,#1394,#1395,#1396,#1397,#1398,#1399,#1400,#1401,#1402,#1403,
    #1404,#1405,#1406,#1407,#1408,#1409,#1410,#1411,#1412,#1413,#1414,
    #1415,#1416,#1417,#1418,#1419,#1420,#1421,#1422,#1423,#1424,#1425),
  .UNSPECIFIED.,.F.,.F.,(8,6,6,6,6,6,8),(0.,0.137065811501,0.45311992031
    ,0.660934822704,0.729612619203,0.818457868924,1.),.UNSPECIFIED.);
#1388 = CARTESIAN_POINT('',(70.,103.56157588604,135.));
#1389 = CARTESIAN_POINT('',(71.322104325557,102.66793070927,135.));
#1390 = CARTESIAN_POINT('',(72.62306728405,101.75988739548,
    135.05438092924));
#1391 = CARTESIAN_POINT('',(73.90102885165,100.8393149865,135.1600125156
    ));
#1392 = CARTESIAN_POINT('',(75.154391687613,99.908144117225,
    135.31387647211));
#1393 = CARTESIAN_POINT('',(76.381788568644,98.968352330216,
    135.513054893));
#1394 = CARTESIAN_POINT('',(77.582054163034,98.021952349933,
    135.75472039229));
#1395 = CARTESIAN_POINT('',(81.457004021513,94.878185076204,
    136.68501354581));
#1396 = CARTESIAN_POINT('',(84.0111501916,92.660404209152,
    137.54540930905));
#1397 = CARTESIAN_POINT('',(86.415977524394,90.433192252531,
    138.58669468646));
#1398 = CARTESIAN_POINT('',(88.674995564721,88.209828278872,
    139.78659481312));
#1399 = CARTESIAN_POINT('',(90.79315822986,86.001688919593,
    141.12993268769));
#1400 = CARTESIAN_POINT('',(92.77480010315,83.820208644435,
    142.60759113208));
#1401 = CARTESIAN_POINT('',(95.836531817768,80.273370429691,
    145.27286889371));
#1402 = CARTESIAN_POINT('',(96.992158506824,78.885297739475,
    146.38581429113));
#1403 = CARTESIAN_POINT('',(98.090834069728,77.518903138616,
    147.55424645836));
#1404 = CARTESIAN_POINT('',(99.133399039045,76.178094657399,
    148.77902570246));
#1405 = CARTESIAN_POINT('',(100.11931785357,74.868655181587,
    150.06153680686));
#1406 = CARTESIAN_POINT('',(101.04670155862,73.5989044898,151.4033444047
    ));
#1407 = CARTESIAN_POINT('',(102.19835011517,71.977366498494,
    153.26947904008));
#1408 = CARTESIAN_POINT('',(102.47773861396,71.580049671866,
    153.73977644672));
#1409 = CARTESIAN_POINT('',(102.75037083488,71.188549956579,
    154.21696421261));
#1410 = CARTESIAN_POINT('',(103.01613251732,70.803276816465,
    154.70115895946));
#1411 = CARTESIAN_POINT('',(103.27488404332,70.424688258028,
    155.19247341823));
#1412 = CARTESIAN_POINT('',(103.526461612,70.053291345033,
    155.69101653293));
#1413 = CARTESIAN_POINT('',(104.08661025633,69.219207504564,
    156.85132299394));
#1414 = CARTESIAN_POINT('',(104.39028403807,68.761649709294,
    157.51815110923));
#1415 = CARTESIAN_POINT('',(104.68124340091,68.318245316481,
    158.19752660709));
#1416 = CARTESIAN_POINT('',(104.95898287721,67.890394060045,
    158.88959088199));
#1417 = CARTESIAN_POINT('',(105.22294517664,67.479618236966,
    159.59447811952));
#1418 = CARTESIAN_POINT('',(105.47251847264,67.08756152563,
    160.31231539003));
#1419 = CARTESIAN_POINT('',(106.18623085781,65.956731845573,
    162.53672384345));
#1420 = CARTESIAN_POINT('',(106.6069188504,65.276084162636,
    164.09839435194));
#1421 = CARTESIAN_POINT('',(106.95599840765,64.700316781204,165.71446271
    ));
#1422 = CARTESIAN_POINT('',(107.22473933201,64.250648704942,
    167.37276227558));
#1423 = CARTESIAN_POINT('',(107.40740186918,63.942810686817,
    169.06268585285));
#1424 = CARTESIAN_POINT('',(107.5,63.786754110865,170.77478233147));
#1425 = CARTESIAN_POINT('',(107.5,63.786754110865,172.5));
#1426 = ORIENTED_EDGE('',*,*,#1427,.F.);
#1427 = EDGE_CURVE('',#1428,#1383,#1430,.T.);
#1428 = VERTEX_POINT('',#1429);
#1429 = CARTESIAN_POINT('',(-70.,103.56157588604,135.));
#1430 = CIRCLE('',#1431,125.);
#1431 = AXIS2_PLACEMENT_3D('',#1432,#1433,#1434);
#1432 = CARTESIAN_POINT('',(0.,0.,135.));
#1433 = DIRECTION('',(0.,0.,-1.));
#1434 = DIRECTION('',(1.,0.,0.));
#1435 = ORIENTED_EDGE('',*,*,#1436,.F.);
#1436 = EDGE_CURVE('',#1437,#1428,#1439,.T.);
#1437 = VERTEX_POINT('',#1438);
#1438 = CARTESIAN_POINT('',(-70.,103.56157588604,210.));
#1439 = B_SPLINE_CURVE_WITH_KNOTS('',7,(#1440,#1441,#1442,#1443,#1444,
    #1445,#1446,#1447,#1448,#1449,#1450,#1451,#1452,#1453,#1454,#1455,
    #1456,#1457,#1458,#1459,#1460,#1461,#1462,#1463,#1464,#1465,#1466,
    #1467,#1468,#1469,#1470,#1471,#1472,#1473,#1474,#1475,#1476,#1477,
    #1478,#1479,#1480,#1481,#1482,#1483,#1484,#1485,#1486,#1487,#1488,
    #1489,#1490,#1491,#1492,#1493,#1494,#1495,#1496,#1497,#1498,#1499,
    #1500,#1501,#1502,#1503,#1504,#1505,#1506,#1507,#1508,#1509,#1510,
    #1511,#1512,#1513,#1514,#1515,#1516,#1517,#1518,#1519,#1520,#1521,
    #1522,#1523,#1524,#1525,#1526,#1527,#1528,#1529,#1530,#1531),
  .UNSPECIFIED.,.F.,.F.,(8,6,6,6,6,6,6,6,6,6,6,6,6,6,6,8),(0.,
    6.85278846201E-02,0.226543360608,0.330443198655,0.364779580943,
    0.409198951021,0.444132533426,0.500160182133,0.537954149327,
    0.556935184852,0.592017504282,0.636580002583,0.671052384135,
    0.773684286766,0.931565493005,1.),.UNSPECIFIED.);
#1440 = CARTESIAN_POINT('',(-70.,103.56157588604,210.));
#1441 = CARTESIAN_POINT('',(-71.3221043289,102.66793070701,210.));
#1442 = CARTESIAN_POINT('',(-72.62306728053,101.75988739773,
    209.94561907052));
#1443 = CARTESIAN_POINT('',(-73.90102884927,100.83931498843,
    209.83998748497));
#1444 = CARTESIAN_POINT('',(-75.15439169035,99.908144115371,
    209.68612352787));
#1445 = CARTESIAN_POINT('',(-76.38178857151,98.968352327728,
    209.48694510602));
#1446 = CARTESIAN_POINT('',(-77.58205415999,98.0219523524,
    209.24527960843));
#1447 = CARTESIAN_POINT('',(-81.45700402151,94.878185076204,
    208.31498645418));
#1448 = CARTESIAN_POINT('',(-84.01115019159,92.660404209156,
    207.45459069094));
#1449 = CARTESIAN_POINT('',(-86.4159775244,90.43319225252,
    206.41330531353));
#1450 = CARTESIAN_POINT('',(-88.67499556471,88.20982827888,
    205.21340518687));
#1451 = CARTESIAN_POINT('',(-90.79315822986,86.001688919591,
    203.87006731231));
#1452 = CARTESIAN_POINT('',(-92.77480010314,83.820208644436,
    202.39240886791));
#1453 = CARTESIAN_POINT('',(-95.83653181777,80.273370429688,
    199.72713110627));
#1454 = CARTESIAN_POINT('',(-96.99215850681,78.885297739482,
    198.61418570886));
#1455 = CARTESIAN_POINT('',(-98.09083406973,77.518903138607,
    197.44575354162));
#1456 = CARTESIAN_POINT('',(-99.13339903903,76.178094657409,
    196.22097429755));
#1457 = CARTESIAN_POINT('',(-100.1193178535,74.868655181581,
    194.93846319312));
#1458 = CARTESIAN_POINT('',(-101.0467015586,73.598904489802,
    193.59665559529));
#1459 = CARTESIAN_POINT('',(-102.1983501151,71.977366498494,
    191.73052095992));
#1460 = CARTESIAN_POINT('',(-102.4777386139,71.580049671866,
    191.26022355327));
#1461 = CARTESIAN_POINT('',(-102.7503708348,71.188549956579,
    190.78303578738));
#1462 = CARTESIAN_POINT('',(-103.0161325173,70.803276816465,
    190.29884104053));
#1463 = CARTESIAN_POINT('',(-103.2748840433,70.424688258029,
    189.80752658176));
#1464 = CARTESIAN_POINT('',(-103.526461612,70.053291345033,
    189.30898346706));
#1465 = CARTESIAN_POINT('',(-104.0866102563,69.219207504564,
    188.14867700605));
#1466 = CARTESIAN_POINT('',(-104.390284038,68.761649709294,
    187.48184889076));
#1467 = CARTESIAN_POINT('',(-104.6812434009,68.318245316481,
    186.8024733929));
#1468 = CARTESIAN_POINT('',(-104.9589828772,67.890394060045,
    186.11040911801));
#1469 = CARTESIAN_POINT('',(-105.2229451766,67.479618236966,
    185.40552188047));
#1470 = CARTESIAN_POINT('',(-105.4725184726,67.08756152563,
    184.68768460996));
#1471 = CARTESIAN_POINT('',(-105.891468016,66.423763911878,
    183.38195568417));
#1472 = CARTESIAN_POINT('',(-106.0666221784,66.144155731947,
    182.79894609364));
#1473 = CARTESIAN_POINT('',(-106.2320642242,65.878187287307,
    182.2079968599));
#1474 = CARTESIAN_POINT('',(-106.3873833912,65.626866095012,
    181.6093417465));
#1475 = CARTESIAN_POINT('',(-106.5321843087,65.391181190874,
    181.00319990523));
#1476 = CARTESIAN_POINT('',(-106.6660811998,65.172101154081,
    180.3897758744));
#1477 = CARTESIAN_POINT('',(-106.985339522,64.647353140636,
    178.7740547705));
#1478 = CARTESIAN_POINT('',(-107.1532563169,64.368787136097,
    177.75908802033));
#1479 = CARTESIAN_POINT('',(-107.2900389608,64.140121131658,
    176.72842225943));
#1480 = CARTESIAN_POINT('',(-107.3939959653,63.965398209502,
    175.68581927611));
#1481 = CARTESIAN_POINT('',(-107.4639984729,63.847427301115,
    174.6348218254));
#1482 = CARTESIAN_POINT('',(-107.4993955263,63.787772831804,
    173.5788368748));
#1483 = CARTESIAN_POINT('',(-107.5003976994,63.786083866924,
    171.80779475621));
#1484 = CARTESIAN_POINT('',(-107.484966477,63.812090120086,
    171.09458116847));
#1485 = CARTESIAN_POINT('',(-107.4537172808,63.864756106275,
    170.38280276248));
#1486 = CARTESIAN_POINT('',(-107.4067878123,63.94375611532,
    169.67368929365));
#1487 = CARTESIAN_POINT('',(-107.3444380165,64.048464095847,
    168.96849212491));
#1488 = CARTESIAN_POINT('',(-107.2670593557,64.17795448114,
    168.26849958087));
#1489 = CARTESIAN_POINT('',(-107.1290538025,64.40787116846,
    167.22678641109));
#1490 = CARTESIAN_POINT('',(-107.0792530045,64.49069333243,
    166.88010928773));
#1491 = CARTESIAN_POINT('',(-107.0258448235,64.579338720899,
    166.53511098138));
#1492 = CARTESIAN_POINT('',(-106.9688886314,64.673664068174,
    166.19188412085));
#1493 = CARTESIAN_POINT('',(-106.908448222,64.773516095018,
    165.85052387898));
#1494 = CARTESIAN_POINT('',(-106.8445922188,64.878731635515,
    165.5111279765));
#1495 = CARTESIAN_POINT('',(-106.6531940724,65.193199500169,164.5503131)
  );
#1496 = CARTESIAN_POINT('',(-106.517607924,65.41494365441,
    163.93403371266));
#1497 = CARTESIAN_POINT('',(-106.3710246515,65.653406929354,
    163.3251450053));
#1498 = CARTESIAN_POINT('',(-106.2138359963,65.907604875971,
    162.72384802321));
#1499 = CARTESIAN_POINT('',(-106.0464427013,66.176533899126,
    162.13035837263));
#1500 = CARTESIAN_POINT('',(-105.8692603862,66.459173263189,
    161.54490621776));
#1501 = CARTESIAN_POINT('',(-105.4457837296,67.129602610546,
    160.2345996186));
#1502 = CARTESIAN_POINT('',(-105.1936971173,67.525255102367,
    159.51465641847));
#1503 = CARTESIAN_POINT('',(-104.9271401968,67.939663699561,
    158.80778047159));
#1504 = CARTESIAN_POINT('',(-104.646728773,68.371171414761,
    158.1138380211));
#1505 = CARTESIAN_POINT('',(-104.3530223918,68.818246269313,
    157.43268766086));
#1506 = CARTESIAN_POINT('',(-104.0465268878,69.279482415807,
    156.76418023718));
#1507 = CARTESIAN_POINT('',(-103.4810584317,70.120367181309,
    155.60067771038));
#1508 = CARTESIAN_POINT('',(-103.2270029597,70.49489535785,
    155.10059483142));
#1509 = CARTESIAN_POINT('',(-102.9657180702,70.876624997829,
    154.60780322969));
#1510 = CARTESIAN_POINT('',(-102.6973678839,71.26504576113,
    154.12219234622));
#1511 = CARTESIAN_POINT('',(-102.4220918637,71.659697220179,
    153.64364783794));
#1512 = CARTESIAN_POINT('',(-102.1400035891,72.060168320199,
    153.17205146839));
#1513 = CARTESIAN_POINT('',(-100.9913262149,73.674635802857,
    151.32355653696));
#1514 = CARTESIAN_POINT('',(-100.0711489628,74.932528438737,
    149.99921416018));
#1515 = CARTESIAN_POINT('',(-99.0937549766,76.228957966481,
    148.73280613223));
#1516 = CARTESIAN_POINT('',(-98.06093549397,77.555939442643,
    147.52283374656));
#1517 = CARTESIAN_POINT('',(-96.97319077595,78.907897565383,
    146.36797874939));
#1518 = CARTESIAN_POINT('',(-95.82971284065,80.28104065557,
    145.26742967019));
#1519 = CARTESIAN_POINT('',(-92.78090015242,83.813493016536,
    142.61214056023));
#1520 = CARTESIAN_POINT('',(-90.79859064762,85.996025516875,
    141.13337831713));
#1521 = CARTESIAN_POINT('',(-88.67963007273,88.205266708037,
    139.7890568407));
#1522 = CARTESIAN_POINT('',(-86.41967829127,90.429764577989,
    138.58829751005));
#1523 = CARTESIAN_POINT('',(-84.01377174606,92.658127742803,
    137.54629267183));
#1524 = CARTESIAN_POINT('',(-81.45839216556,94.877058867605,
    136.68534680971));
#1525 = CARTESIAN_POINT('',(-77.58205416303,98.021952349932,
    135.75472039229));
#1526 = CARTESIAN_POINT('',(-76.38178856864,98.968352330216,
    135.513054893));
#1527 = CARTESIAN_POINT('',(-75.15439168761,99.908144117225,
    135.31387647211));
#1528 = CARTESIAN_POINT('',(-73.90102885165,100.8393149865,
    135.1600125156));
#1529 = CARTESIAN_POINT('',(-72.62306728404,101.75988739548,
    135.05438092924));
#1530 = CARTESIAN_POINT('',(-71.32210432555,102.66793070927,135.));
#1531 = CARTESIAN_POINT('',(-70.,103.56157588604,135.));
#1532 = ORIENTED_EDGE('',*,*,#1533,.T.);
#1533 = EDGE_CURVE('',#1437,#1534,#1536,.T.);
#1534 = VERTEX_POINT('',#1535);
#1535 = CARTESIAN_POINT('',(70.,103.56157588604,210.));
#1536 = CIRCLE('',#1537,125.);
#1537 = AXIS2_PLACEMENT_3D('',#1538,#1539,#1540);
#1538 = CARTESIAN_POINT('',(0.,0.,210.));
#1539 = DIRECTION('',(0.,0.,-1.));
#1540 = DIRECTION('',(1.,0.,0.));
#1541 = ORIENTED_EDGE('',*,*,#1542,.F.);
#1542 = EDGE_CURVE('',#1385,#1534,#1543,.T.);
#1543 = B_SPLINE_CURVE_WITH_KNOTS('',7,(#1544,#1545,#1546,#1547,#1548,
    #1549,#1550,#1551,#1552,#1553,#1554,#1555,#1556,#1557,#1558,#1559,
    #1560,#1561,#1562,#1563,#1564,#1565,#1566,#1567,#1568,#1569,#1570,
    #1571,#1572,#1573,#1574,#1575,#1576,#1577,#1578,#1579,#1580,#1581),
  .UNSPECIFIED.,.F.,.F.,(8,6,6,6,6,6,8),(0.,0.182834073481,
    0.272090243975,0.341136479767,0.546702391657,0.862929542272,1.),
  .UNSPECIFIED.);
#1544 = CARTESIAN_POINT('',(107.5,63.786754110865,172.5));
#1545 = CARTESIAN_POINT('',(107.5,63.786754110865,174.23780728471));
#1546 = CARTESIAN_POINT('',(107.4060454933,63.945096618371,
    175.96208131193));
#1547 = CARTESIAN_POINT('',(107.2207688328,64.257340079937,
    177.66367739225));
#1548 = CARTESIAN_POINT('',(106.94826205019,64.713259199809,
    179.33304037476));
#1549 = CARTESIAN_POINT('',(106.59439212714,65.296741794209,
    180.95942609302));
#1550 = CARTESIAN_POINT('',(106.16808138306,65.986093194244,
    182.53049234778));
#1551 = CARTESIAN_POINT('',(105.44578372966,67.129602610546,
    184.76540038139));
#1552 = CARTESIAN_POINT('',(105.19369711738,67.525255102367,
    185.48534358152));
#1553 = CARTESIAN_POINT('',(104.92714019683,67.93966369956,
    186.1922195284));
#1554 = CARTESIAN_POINT('',(104.64672877309,68.371171414759,
    186.88616197888));
#1555 = CARTESIAN_POINT('',(104.3530223918,68.818246269312,
    187.56731233913));
#1556 = CARTESIAN_POINT('',(104.04652688781,69.279482415808,
    188.23581976281));
#1557 = CARTESIAN_POINT('',(103.48105843172,70.120367181309,
    189.39932228961));
#1558 = CARTESIAN_POINT('',(103.22700295974,70.49489535785,
    189.89940516857));
#1559 = CARTESIAN_POINT('',(102.9657180703,70.876624997828,
    190.3921967703));
#1560 = CARTESIAN_POINT('',(102.69736788396,71.265045761129,
    190.87780765377));
#1561 = CARTESIAN_POINT('',(102.4220918637,71.659697220177,
    191.35635216205));
#1562 = CARTESIAN_POINT('',(102.14000358913,72.060168320197,
    191.8279485316));
#1563 = CARTESIAN_POINT('',(100.99132621499,73.674635802859,
    193.67644346303));
#1564 = CARTESIAN_POINT('',(100.07114896283,74.932528438723,
    195.00078583979));
#1565 = CARTESIAN_POINT('',(99.093754976585,76.228957966501,
    196.26719386779));
#1566 = CARTESIAN_POINT('',(98.060935493993,77.55593944262,
    197.4771662534));
#1567 = CARTESIAN_POINT('',(96.973190775948,78.907897565395,
    198.63202125061));
#1568 = CARTESIAN_POINT('',(95.829712840662,80.281040655562,
    199.73257032979));
#1569 = CARTESIAN_POINT('',(92.780900152413,83.813493016552,
    202.38785943977));
#1570 = CARTESIAN_POINT('',(90.798590647667,85.996025516827,
    203.86662168282));
#1571 = CARTESIAN_POINT('',(88.679630072726,88.205266708064,
    205.21094315932));
#1572 = CARTESIAN_POINT('',(86.419678291215,90.429764578023,
    206.41170248994));
#1573 = CARTESIAN_POINT('',(84.013771746151,92.658127742739,
    207.45370732814));
#1574 = CARTESIAN_POINT('',(81.458392165535,94.877058867631,
    208.31465319029));
#1575 = CARTESIAN_POINT('',(77.582054160058,98.021952352348,
    209.24527960842));
#1576 = CARTESIAN_POINT('',(76.38178857153,98.968352327721,
    209.48694510602));
#1577 = CARTESIAN_POINT('',(75.154391690299,99.908144115412,
    209.68612352788));
#1578 = CARTESIAN_POINT('',(73.901028849226,100.83931498846,
    209.83998748497));
#1579 = CARTESIAN_POINT('',(72.623067280549,101.75988739772,
    209.94561907051));
#1580 = CARTESIAN_POINT('',(71.322104328964,102.66793070697,210.));
#1581 = CARTESIAN_POINT('',(70.,103.56157588604,210.));
#1582 = FACE_BOUND('',#1583,.T.);
#1583 = EDGE_LOOP('',(#1584,#1623,#1631,#1668,#1677,#1714,#1722,#1759));
#1584 = ORIENTED_EDGE('',*,*,#1585,.F.);
#1585 = EDGE_CURVE('',#1586,#1588,#1590,.T.);
#1586 = VERTEX_POINT('',#1587);
#1587 = CARTESIAN_POINT('',(100.,75.,82.));
#1588 = VERTEX_POINT('',#1589);
#1589 = CARTESIAN_POINT('',(92.,84.62269199216,90.));
#1590 = B_SPLINE_CURVE_WITH_KNOTS('',6,(#1591,#1592,#1593,#1594,#1595,
    #1596,#1597,#1598,#1599,#1600,#1601,#1602,#1603,#1604,#1605,#1606,
    #1607,#1608,#1609,#1610,#1611,#1612,#1613,#1614,#1615,#1616,#1617,
    #1618,#1619,#1620,#1621,#1622),.UNSPECIFIED.,.F.,.F.,(7,5,5,5,5,5,7)
  ,(0.,0.158999821767,0.258263036478,0.388631948943,0.493689924696,
    0.800167469761,1.),.UNSPECIFIED.);
#1591 = CARTESIAN_POINT('',(100.,75.,82.));
#1592 = CARTESIAN_POINT('',(100.,75.,82.399937372352));
#1593 = CARTESIAN_POINT('',(99.976007470058,75.031989957473,
    82.799092473767));
#1594 = CARTESIAN_POINT('',(99.928198689606,75.095735385239,
    83.194141436171));
#1595 = CARTESIAN_POINT('',(99.857537787461,75.189789067981,
    83.581783407919));
#1596 = CARTESIAN_POINT('',(99.765774124287,75.311510876284,
    83.958827133634));
#1597 = CARTESIAN_POINT('',(99.586692972193,75.548021706099,
    84.549178575637));
#1598 = CARTESIAN_POINT('',(99.510569423563,75.648350641548,
    84.771072611191));
#1599 = CARTESIAN_POINT('',(99.427601144997,75.757431485543,
    84.987707818691));
#1600 = CARTESIAN_POINT('',(99.338245200033,75.874575385846,
    85.198856516603));
#1601 = CARTESIAN_POINT('',(99.242970172342,75.999080355698,
    85.404315129549));
#1602 = CARTESIAN_POINT('',(99.009990072104,76.302483784001,
    85.866037823203));
#1603 = CARTESIAN_POINT('',(98.868314699298,76.486240345239,
    86.118107171357));
#1604 = CARTESIAN_POINT('',(98.718106043796,76.680174820118,
    86.360120465901));
#1605 = CARTESIAN_POINT('',(98.560152227954,76.883086142154,
    86.59212037986));
#1606 = CARTESIAN_POINT('',(98.395159153101,77.093900273663,
    86.814183640824));
#1607 = CARTESIAN_POINT('',(98.085624366266,77.487161317485,
    87.197451993932));
#1608 = CARTESIAN_POINT('',(97.943304227811,77.667203305409,
    87.362135416846));
#1609 = CARTESIAN_POINT('',(97.797086125478,77.851343730783,
    87.520560109847));
#1610 = CARTESIAN_POINT('',(97.647229249209,78.039181485882,
    87.672813874877));
#1611 = CARTESIAN_POINT('',(97.493958029067,78.230367291562,
    87.818983038666));
#1612 = CARTESIAN_POINT('',(96.88092871157,78.991234610828,
    88.368057893837));
#1613 = CARTESIAN_POINT('',(96.396616202626,79.584242384103,
    88.726205111046));
#1614 = CARTESIAN_POINT('',(95.88964474417,80.195683084142,
    89.035097323226));
#1615 = CARTESIAN_POINT('',(95.36344070665,80.820289849615,
    89.295889207581));
#1616 = CARTESIAN_POINT('',(94.820303716973,81.454480769985,
    89.50896665281));
#1617 = CARTESIAN_POINT('',(93.89810155995,82.513354442888,
    89.780822806053));
#1618 = CARTESIAN_POINT('',(93.527876498473,82.933957588898,
    89.86744359732));
#1619 = CARTESIAN_POINT('',(93.152178777246,83.356169862044,
    89.933127588657));
#1620 = CARTESIAN_POINT('',(92.771760327711,83.779006397866,
    89.977487276099));
#1621 = CARTESIAN_POINT('',(92.387407927542,84.201510291427,90.));
#1622 = CARTESIAN_POINT('',(92.,84.62269199216,90.));
#1623 = ORIENTED_EDGE('',*,*,#1624,.T.);
#1624 = EDGE_CURVE('',#1586,#1625,#1627,.T.);
#1625 = VERTEX_POINT('',#1626);
#1626 = CARTESIAN_POINT('',(100.,75.,33.));
#1627 = LINE('',#1628,#1629);
#1628 = CARTESIAN_POINT('',(100.,75.,0.));
#1629 = VECTOR('',#1630,1.);
#1630 = DIRECTION('',(-0.,-0.,-1.));
#1631 = ORIENTED_EDGE('',*,*,#1632,.F.);
#1632 = EDGE_CURVE('',#1633,#1625,#1635,.T.);
#1633 = VERTEX_POINT('',#1634);
#1634 = CARTESIAN_POINT('',(92.,84.62269199216,25.));
#1635 = B_SPLINE_CURVE_WITH_KNOTS('',6,(#1636,#1637,#1638,#1639,#1640,
    #1641,#1642,#1643,#1644,#1645,#1646,#1647,#1648,#1649,#1650,#1651,
    #1652,#1653,#1654,#1655,#1656,#1657,#1658,#1659,#1660,#1661,#1662,
    #1663,#1664,#1665,#1666,#1667),.UNSPECIFIED.,.F.,.F.,(7,5,5,5,5,5,7)
  ,(0.,0.199832502598,0.506310030401,0.611368000236,0.741736905356,
    0.841000114471,1.),.UNSPECIFIED.);
#1636 = CARTESIAN_POINT('',(92.,84.62269199216,25.));
#1637 = CARTESIAN_POINT('',(92.38740784869,84.201510377153,25.));
#1638 = CARTESIAN_POINT('',(92.771760230956,83.779006504974,
    25.022512714724));
#1639 = CARTESIAN_POINT('',(93.152178713469,83.3561699343,
    25.066872397317));
#1640 = CARTESIAN_POINT('',(93.527876490589,82.933957598714,
    25.132556396676));
#1641 = CARTESIAN_POINT('',(93.898101589794,82.51335440862,
    25.219177202745));
#1642 = CARTESIAN_POINT('',(94.820303716974,81.454480769984,
    25.49103334719));
#1643 = CARTESIAN_POINT('',(95.36344070665,80.820289849614,
    25.70411079242));
#1644 = CARTESIAN_POINT('',(95.88964474417,80.195683084142,
    25.964902676774));
#1645 = CARTESIAN_POINT('',(96.396616202626,79.584242384102,
    26.273794888955));
#1646 = CARTESIAN_POINT('',(96.880928711571,78.991234610827,
    26.631942106163));
#1647 = CARTESIAN_POINT('',(97.493958029067,78.230367291561,
    27.181016961335));
#1648 = CARTESIAN_POINT('',(97.647229249209,78.039181485882,
    27.327186125124));
#1649 = CARTESIAN_POINT('',(97.797086125478,77.851343730783,
    27.479439890154));
#1650 = CARTESIAN_POINT('',(97.943304227811,77.667203305409,
    27.637864583155));
#1651 = CARTESIAN_POINT('',(98.085624366266,77.487161317484,
    27.802548006069));
#1652 = CARTESIAN_POINT('',(98.395159153099,77.093900273666,
    28.185816359174));
#1653 = CARTESIAN_POINT('',(98.560152227955,76.883086142152,
    28.407879620141));
#1654 = CARTESIAN_POINT('',(98.718106043799,76.680174820115,
    28.639879534102));
#1655 = CARTESIAN_POINT('',(98.868314699299,76.486240345238,
    28.881892828645));
#1656 = CARTESIAN_POINT('',(99.009990072102,76.302483784003,
    29.133962176794));
#1657 = CARTESIAN_POINT('',(99.24297017234,75.9990803557,29.595684870447
    ));
#1658 = CARTESIAN_POINT('',(99.338245200034,75.874575385845,
    29.801143483398));
#1659 = CARTESIAN_POINT('',(99.427601144999,75.75743148554,
    30.012292181315));
#1660 = CARTESIAN_POINT('',(99.510569423563,75.648350641547,
    30.228927388811));
#1661 = CARTESIAN_POINT('',(99.586692972191,75.548021706101,
    30.450821424358));
#1662 = CARTESIAN_POINT('',(99.765774174719,75.311510809679,
    31.041173032617));
#1663 = CARTESIAN_POINT('',(99.857537777997,75.189789079977,
    31.418216629111));
#1664 = CARTESIAN_POINT('',(99.928198626299,75.095735469597,
    31.805858330465));
#1665 = CARTESIAN_POINT('',(99.976007414741,75.031990031242,
    32.200907059562));
#1666 = CARTESIAN_POINT('',(100.,75.,32.600062166558));
#1667 = CARTESIAN_POINT('',(100.,75.,33.));
#1668 = ORIENTED_EDGE('',*,*,#1669,.F.);
#1669 = EDGE_CURVE('',#1670,#1633,#1672,.T.);
#1670 = VERTEX_POINT('',#1671);
#1671 = CARTESIAN_POINT('',(-92.,84.62269199216,25.));
#1672 = CIRCLE('',#1673,125.);
#1673 = AXIS2_PLACEMENT_3D('',#1674,#1675,#1676);
#1674 = CARTESIAN_POINT('',(0.,0.,25.));
#1675 = DIRECTION('',(0.,0.,-1.));
#1676 = DIRECTION('',(1.,0.,0.));
#1677 = ORIENTED_EDGE('',*,*,#1678,.F.);
#1678 = EDGE_CURVE('',#1679,#1670,#1681,.T.);
#1679 = VERTEX_POINT('',#1680);
#1680 = CARTESIAN_POINT('',(-100.,75.,33.));
#1681 = B_SPLINE_CURVE_WITH_KNOTS('',6,(#1682,#1683,#1684,#1685,#1686,
    #1687,#1688,#1689,#1690,#1691,#1692,#1693,#1694,#1695,#1696,#1697,
    #1698,#1699,#1700,#1701,#1702,#1703,#1704,#1705,#1706,#1707,#1708,
    #1709,#1710,#1711,#1712,#1713),.UNSPECIFIED.,.F.,.F.,(7,5,5,5,5,5,7)
  ,(0.,0.161184966219,0.260582578673,0.391129994382,0.49368534381,
    0.800165693535,1.),.UNSPECIFIED.);
#1682 = CARTESIAN_POINT('',(-100.,75.,33.));
#1683 = CARTESIAN_POINT('',(-100.,75.,32.594533067502));
#1684 = CARTESIAN_POINT('',(-99.97533943636,75.032880660639,
    32.189899173079));
#1685 = CARTESIAN_POINT('',(-99.92620862655,75.098388833865,
    31.789543713902));
#1686 = CARTESIAN_POINT('',(-99.85362273532,75.195000042258,
    31.396887345693));
#1687 = CARTESIAN_POINT('',(-99.75941921183,75.319939955068,
    31.015233733751));
#1688 = CARTESIAN_POINT('',(-99.57661432546,75.561307679789,
    30.421017163884));
#1689 = CARTESIAN_POINT('',(-99.49961391966,75.662763636129,
    30.199411910861));
#1690 = CARTESIAN_POINT('',(-99.41579415854,75.772929641967,
    29.983106433435));
#1691 = CARTESIAN_POINT('',(-99.32561295357,75.891115446023,
    29.77232151663));
#1692 = CARTESIAN_POINT('',(-99.22953838114,76.016619666872,
    29.567253860097));
#1693 = CARTESIAN_POINT('',(-98.99476167275,76.322244690772,
    29.106478625767));
#1694 = CARTESIAN_POINT('',(-98.85210577684,76.507195443354,
    28.854980561151));
#1695 = CARTESIAN_POINT('',(-98.70095487005,76.702258664304,
    28.613566838503));
#1696 = CARTESIAN_POINT('',(-98.54209388662,76.906237887818,
    28.382188672357));
#1697 = CARTESIAN_POINT('',(-98.37622427555,77.118065433912,
    28.160763936074));
#1698 = CARTESIAN_POINT('',(-98.06864336433,77.508638411121,
    27.782959816016));
#1699 = CARTESIAN_POINT('',(-97.92935319733,77.684769584337,
    27.622783320704));
#1700 = CARTESIAN_POINT('',(-97.78636624662,77.864778931859,
    27.468564832007));
#1701 = CARTESIAN_POINT('',(-97.63992194246,78.048295824861,
    27.320222586547));
#1702 = CARTESIAN_POINT('',(-97.4902283432,78.234996427567,
    27.177676376035));
#1703 = CARTESIAN_POINT('',(-96.88092972513,78.991233352835,
    26.631943013985));
#1704 = CARTESIAN_POINT('',(-96.39661657409,79.584241959158,
    26.27379489507));
#1705 = CARTESIAN_POINT('',(-95.88964418727,80.195683775937,
    25.964902274465));
#1706 = CARTESIAN_POINT('',(-95.36344000698,80.820290647516,
    25.704110608043));
#1707 = CARTESIAN_POINT('',(-94.8203038766,81.454480586693,
    25.491033394248));
#1708 = CARTESIAN_POINT('',(-93.89810155147,82.513354452614,
    25.21917719145));
#1709 = CARTESIAN_POINT('',(-93.52787651248,82.933957573192,
    25.13255640496));
#1710 = CARTESIAN_POINT('',(-93.15217877696,83.356169862107,
    25.066872412501));
#1711 = CARTESIAN_POINT('',(-92.77176031356,83.779006413601,
    25.022512722167));
#1712 = CARTESIAN_POINT('',(-92.38740793661,84.201510281566,25.));
#1713 = CARTESIAN_POINT('',(-92.,84.62269199216,25.));
#1714 = ORIENTED_EDGE('',*,*,#1715,.F.);
#1715 = EDGE_CURVE('',#1716,#1679,#1718,.T.);
#1716 = VERTEX_POINT('',#1717);
#1717 = CARTESIAN_POINT('',(-100.,75.,82.));
#1718 = LINE('',#1719,#1720);
#1719 = CARTESIAN_POINT('',(-100.,75.,0.));
#1720 = VECTOR('',#1721,1.);
#1721 = DIRECTION('',(-0.,-0.,-1.));
#1722 = ORIENTED_EDGE('',*,*,#1723,.F.);
#1723 = EDGE_CURVE('',#1724,#1716,#1726,.T.);
#1724 = VERTEX_POINT('',#1725);
#1725 = CARTESIAN_POINT('',(-92.,84.62269199216,90.));
#1726 = B_SPLINE_CURVE_WITH_KNOTS('',6,(#1727,#1728,#1729,#1730,#1731,
    #1732,#1733,#1734,#1735,#1736,#1737,#1738,#1739,#1740,#1741,#1742,
    #1743,#1744,#1745,#1746,#1747,#1748,#1749,#1750,#1751,#1752,#1753,
    #1754,#1755,#1756,#1757,#1758),.UNSPECIFIED.,.F.,.F.,(7,5,5,5,5,5,7)
  ,(0.,0.199832506323,0.506310032695,0.61136800204,0.741736906552,
    0.841000115205,1.),.UNSPECIFIED.);
#1727 = CARTESIAN_POINT('',(-92.,84.62269199216,90.));
#1728 = CARTESIAN_POINT('',(-92.38740785774,84.201510367311,90.));
#1729 = CARTESIAN_POINT('',(-92.77176021681,83.779006520712,
    89.977487287013));
#1730 = CARTESIAN_POINT('',(-93.1521787132,83.356169934348,
    89.933127601522));
#1731 = CARTESIAN_POINT('',(-93.5278765046,82.933957582999,
    89.867443601041));
#1732 = CARTESIAN_POINT('',(-93.89810158131,82.513354418361,
    89.780822799756));
#1733 = CARTESIAN_POINT('',(-94.82030371697,81.454480769984,
    89.50896665281));
#1734 = CARTESIAN_POINT('',(-95.36344070665,80.820289849614,
    89.29588920758));
#1735 = CARTESIAN_POINT('',(-95.88964474417,80.195683084142,
    89.035097323227));
#1736 = CARTESIAN_POINT('',(-96.39661620262,79.584242384102,
    88.726205111045));
#1737 = CARTESIAN_POINT('',(-96.88092871157,78.991234610828,
    88.368057893837));
#1738 = CARTESIAN_POINT('',(-97.49395802906,78.230367291562,
    87.818983038665));
#1739 = CARTESIAN_POINT('',(-97.6472292492,78.039181485882,
    87.672813874876));
#1740 = CARTESIAN_POINT('',(-97.79708612547,77.851343730783,
    87.520560109846));
#1741 = CARTESIAN_POINT('',(-97.94330422781,77.667203305409,
    87.362135416845));
#1742 = CARTESIAN_POINT('',(-98.08562436626,77.487161317484,
    87.197451993931));
#1743 = CARTESIAN_POINT('',(-98.39515915309,77.093900273666,
    86.814183640826));
#1744 = CARTESIAN_POINT('',(-98.56015222795,76.883086142152,
    86.592120379859));
#1745 = CARTESIAN_POINT('',(-98.71810604379,76.680174820115,
    86.360120465897));
#1746 = CARTESIAN_POINT('',(-98.86831469929,76.486240345238,
    86.118107171355));
#1747 = CARTESIAN_POINT('',(-99.0099900721,76.302483784003,
    85.866037823206));
#1748 = CARTESIAN_POINT('',(-99.24297017234,75.999080355697,
    85.404315129548));
#1749 = CARTESIAN_POINT('',(-99.33824520003,75.874575385846,
    85.198856516603));
#1750 = CARTESIAN_POINT('',(-99.42760114499,75.757431485542,
    84.98770781869));
#1751 = CARTESIAN_POINT('',(-99.51056942356,75.648350641547,
    84.771072611191));
#1752 = CARTESIAN_POINT('',(-99.58669297219,75.548021706099,
    84.549178575637));
#1753 = CARTESIAN_POINT('',(-99.76577417471,75.311510809679,
    83.958826967382));
#1754 = CARTESIAN_POINT('',(-99.85753777799,75.189789079977,
    83.58178337089));
#1755 = CARTESIAN_POINT('',(-99.92819862629,75.095735469597,
    83.194141669534));
#1756 = CARTESIAN_POINT('',(-99.97600741474,75.031990031242,
    82.799092940439));
#1757 = CARTESIAN_POINT('',(-100.,75.,82.399937833442));
#1758 = CARTESIAN_POINT('',(-100.,75.,82.));
#1759 = ORIENTED_EDGE('',*,*,#1760,.T.);
#1760 = EDGE_CURVE('',#1724,#1588,#1761,.T.);
#1761 = CIRCLE('',#1762,125.);
#1762 = AXIS2_PLACEMENT_3D('',#1763,#1764,#1765);
#1763 = CARTESIAN_POINT('',(0.,0.,90.));
#1764 = DIRECTION('',(0.,0.,-1.));
#1765 = DIRECTION('',(1.,0.,0.));
#1766 = CYLINDRICAL_SURFACE('',#1767,125.);
#1767 = AXIS2_PLACEMENT_3D('',#1768,#1769,#1770);
#1768 = CARTESIAN_POINT('',(0.,0.,0.));
#1769 = DIRECTION('',(-0.,-0.,-1.));
#1770 = DIRECTION('',(1.,0.,0.));
#1771 = ADVANCED_FACE('',(#1772),#1797,.T.);
#1772 = FACE_BOUND('',#1773,.F.);
#1773 = EDGE_LOOP('',(#1774,#1784,#1790,#1791));
#1774 = ORIENTED_EDGE('',*,*,#1775,.F.);
#1775 = EDGE_CURVE('',#1776,#1778,#1780,.T.);
#1776 = VERTEX_POINT('',#1777);
#1777 = CARTESIAN_POINT('',(117.17557900407,-8.,225.));
#1778 = VERTEX_POINT('',#1779);
#1779 = CARTESIAN_POINT('',(117.17557900407,-9.,224.));
#1780 = LINE('',#1781,#1782);
#1781 = CARTESIAN_POINT('',(117.17557900407,-9.,224.));
#1782 = VECTOR('',#1783,1.);
#1783 = DIRECTION('',(-9.E-17,-0.707106781187,-0.707106781187));
#1784 = ORIENTED_EDGE('',*,*,#1785,.T.);
#1785 = EDGE_CURVE('',#1776,#1071,#1786,.T.);
#1786 = LINE('',#1787,#1788);
#1787 = CARTESIAN_POINT('',(117.17557900407,-8.,225.));
#1788 = VECTOR('',#1789,1.);
#1789 = DIRECTION('',(1.,0.,0.));
#1790 = ORIENTED_EDGE('',*,*,#1070,.T.);
#1791 = ORIENTED_EDGE('',*,*,#1792,.F.);
#1792 = EDGE_CURVE('',#1778,#1073,#1793,.T.);
#1793 = LINE('',#1794,#1795);
#1794 = CARTESIAN_POINT('',(117.17557900407,-9.,224.));
#1795 = VECTOR('',#1796,1.);
#1796 = DIRECTION('',(1.,0.,0.));
#1797 = PLANE('',#1798);
#1798 = AXIS2_PLACEMENT_3D('',#1799,#1800,#1801);
#1799 = CARTESIAN_POINT('',(117.17557900407,-8.5,224.5));
#1800 = DIRECTION('',(0.,-0.707106781187,0.707106781187));
#1801 = DIRECTION('',(-1.,-0.,-0.));
#1802 = ADVANCED_FACE('',(#1803,#1850,#1861,#1872),#1883,.T.);
#1803 = FACE_BOUND('',#1804,.T.);
#1804 = EDGE_LOOP('',(#1805,#1806,#1814,#1821,#1822,#1823,#1824,#1825,
    #1833,#1842,#1848,#1849));
#1805 = ORIENTED_EDGE('',*,*,#1208,.T.);
#1806 = ORIENTED_EDGE('',*,*,#1807,.T.);
#1807 = EDGE_CURVE('',#1200,#1808,#1810,.T.);
#1808 = VERTEX_POINT('',#1809);
#1809 = CARTESIAN_POINT('',(117.17557900407,8.,225.));
#1810 = LINE('',#1811,#1812);
#1811 = CARTESIAN_POINT('',(124.67557900407,8.,225.));
#1812 = VECTOR('',#1813,1.);
#1813 = DIRECTION('',(-1.,0.,0.));
#1814 = ORIENTED_EDGE('',*,*,#1815,.T.);
#1815 = EDGE_CURVE('',#1808,#1776,#1816,.T.);
#1816 = CIRCLE('',#1817,8.);
#1817 = AXIS2_PLACEMENT_3D('',#1818,#1819,#1820);
#1818 = CARTESIAN_POINT('',(117.17557900407,2.4E-14,225.));
#1819 = DIRECTION('',(0.,-0.,1.));
#1820 = DIRECTION('',(0.,1.,0.));
#1821 = ORIENTED_EDGE('',*,*,#1785,.T.);
#1822 = ORIENTED_EDGE('',*,*,#1373,.F.);
#1823 = ORIENTED_EDGE('',*,*,#1364,.F.);
#1824 = ORIENTED_EDGE('',*,*,#1355,.T.);
#1825 = ORIENTED_EDGE('',*,*,#1826,.T.);
#1826 = EDGE_CURVE('',#1347,#1827,#1829,.T.);
#1827 = VERTEX_POINT('',#1828);
#1828 = CARTESIAN_POINT('',(-117.175579004,-8.,225.));
#1829 = LINE('',#1830,#1831);
#1830 = CARTESIAN_POINT('',(-124.675579004,-8.,225.));
#1831 = VECTOR('',#1832,1.);
#1832 = DIRECTION('',(1.,0.,0.));
#1833 = ORIENTED_EDGE('',*,*,#1834,.T.);
#1834 = EDGE_CURVE('',#1827,#1835,#1837,.T.);
#1835 = VERTEX_POINT('',#1836);
#1836 = CARTESIAN_POINT('',(-117.175579004,8.,225.));
#1837 = CIRCLE('',#1838,8.);
#1838 = AXIS2_PLACEMENT_3D('',#1839,#1840,#1841);
#1839 = CARTESIAN_POINT('',(-117.175579004,1.565E-14,225.));
#1840 = DIRECTION('',(-0.,0.,1.));
#1841 = DIRECTION('',(0.,-1.,0.));
#1842 = ORIENTED_EDGE('',*,*,#1843,.T.);
#1843 = EDGE_CURVE('',#1835,#1227,#1844,.T.);
#1844 = LINE('',#1845,#1846);
#1845 = CARTESIAN_POINT('',(-117.175579004,8.,225.));
#1846 = VECTOR('',#1847,1.);
#1847 = DIRECTION('',(-1.,-0.,-0.));
#1848 = ORIENTED_EDGE('',*,*,#1226,.F.);
#1849 = ORIENTED_EDGE('',*,*,#1217,.F.);
#1850 = FACE_BOUND('',#1851,.T.);
#1851 = EDGE_LOOP('',(#1852));
#1852 = ORIENTED_EDGE('',*,*,#1853,.T.);
#1853 = EDGE_CURVE('',#1854,#1854,#1856,.T.);
#1854 = VERTEX_POINT('',#1855);
#1855 = CARTESIAN_POINT('',(130.,0.,225.));
#1856 = CIRCLE('',#1857,130.);
#1857 = AXIS2_PLACEMENT_3D('',#1858,#1859,#1860);
#1858 = CARTESIAN_POINT('',(0.,0.,225.));
#1859 = DIRECTION('',(0.,0.,1.));
#1860 = DIRECTION('',(1.,0.,0.));
#1861 = FACE_BOUND('',#1862,.T.);
#1862 = EDGE_LOOP('',(#1863));
#1863 = ORIENTED_EDGE('',*,*,#1864,.F.);
#1864 = EDGE_CURVE('',#1865,#1865,#1867,.T.);
#1865 = VERTEX_POINT('',#1866);
#1866 = CARTESIAN_POINT('',(-118.875579004,1.6E-14,225.));
#1867 = CIRCLE('',#1868,1.7);
#1868 = AXIS2_PLACEMENT_3D('',#1869,#1870,#1871);
#1869 = CARTESIAN_POINT('',(-117.175579004,1.565E-14,225.));
#1870 = DIRECTION('',(0.,0.,1.));
#1871 = DIRECTION('',(-1.,0.,0.));
#1872 = FACE_BOUND('',#1873,.T.);
#1873 = EDGE_LOOP('',(#1874));
#1874 = ORIENTED_EDGE('',*,*,#1875,.F.);
#1875 = EDGE_CURVE('',#1876,#1876,#1878,.T.);
#1876 = VERTEX_POINT('',#1877);
#1877 = CARTESIAN_POINT('',(115.47557900407,2.4E-14,225.));
#1878 = CIRCLE('',#1879,1.7);
#1879 = AXIS2_PLACEMENT_3D('',#1880,#1881,#1882);
#1880 = CARTESIAN_POINT('',(117.17557900407,2.4E-14,225.));
#1881 = DIRECTION('',(0.,0.,1.));
#1882 = DIRECTION('',(-1.,0.,0.));
#1883 = PLANE('',#1884);
#1884 = AXIS2_PLACEMENT_3D('',#1885,#1886,#1887);
#1885 = CARTESIAN_POINT('',(-8.08E-15,5.46E-15,225.));
#1886 = DIRECTION('',(0.,0.,1.));
#1887 = DIRECTION('',(1.,0.,0.));
#1888 = ADVANCED_FACE('',(#1889),#1907,.F.);
#1889 = FACE_BOUND('',#1890,.F.);
#1890 = EDGE_LOOP('',(#1891,#1892,#1893,#1901));
#1891 = ORIENTED_EDGE('',*,*,#1346,.F.);
#1892 = ORIENTED_EDGE('',*,*,#1826,.T.);
#1893 = ORIENTED_EDGE('',*,*,#1894,.T.);
#1894 = EDGE_CURVE('',#1827,#1895,#1897,.T.);
#1895 = VERTEX_POINT('',#1896);
#1896 = CARTESIAN_POINT('',(-117.175579004,-9.,224.));
#1897 = LINE('',#1898,#1899);
#1898 = CARTESIAN_POINT('',(-117.175579004,-8.5,224.5));
#1899 = VECTOR('',#1900,1.);
#1900 = DIRECTION('',(0.,-0.707106781187,-0.707106781187));
#1901 = ORIENTED_EDGE('',*,*,#1902,.F.);
#1902 = EDGE_CURVE('',#1339,#1895,#1903,.T.);
#1903 = LINE('',#1904,#1905);
#1904 = CARTESIAN_POINT('',(-124.675579004,-9.,224.));
#1905 = VECTOR('',#1906,1.);
#1906 = DIRECTION('',(1.,0.,0.));
#1907 = PLANE('',#1908);
#1908 = AXIS2_PLACEMENT_3D('',#1909,#1910,#1911);
#1909 = CARTESIAN_POINT('',(-124.675579004,-8.5,224.5));
#1910 = DIRECTION('',(0.,0.707106781187,-0.707106781187));
#1911 = DIRECTION('',(1.,0.,0.));
#1912 = ADVANCED_FACE('',(#1913),#1958,.F.);
#1913 = FACE_BOUND('',#1914,.F.);
#1914 = EDGE_LOOP('',(#1915,#1923,#1931,#1956,#1957));
#1915 = ORIENTED_EDGE('',*,*,#1916,.T.);
#1916 = EDGE_CURVE('',#1895,#1917,#1919,.T.);
#1917 = VERTEX_POINT('',#1918);
#1918 = CARTESIAN_POINT('',(-117.175579004,-9.,215.));
#1919 = LINE('',#1920,#1921);
#1920 = CARTESIAN_POINT('',(-117.175579004,-9.,225.));
#1921 = VECTOR('',#1922,1.);
#1922 = DIRECTION('',(-0.,-0.,-1.));
#1923 = ORIENTED_EDGE('',*,*,#1924,.T.);
#1924 = EDGE_CURVE('',#1917,#1925,#1927,.T.);
#1925 = VERTEX_POINT('',#1926);
#1926 = CARTESIAN_POINT('',(-117.6562790504,-9.,215.));
#1927 = LINE('',#1928,#1929);
#1928 = CARTESIAN_POINT('',(-117.175579004,-9.,215.));
#1929 = VECTOR('',#1930,1.);
#1930 = DIRECTION('',(-1.,0.,0.));
#1931 = ORIENTED_EDGE('',*,*,#1932,.F.);
#1932 = EDGE_CURVE('',#1330,#1925,#1933,.T.);
#1933 = B_SPLINE_CURVE_WITH_KNOTS('',6,(#1934,#1935,#1936,#1937,#1938,
    #1939,#1940,#1941,#1942,#1943,#1944,#1945,#1946,#1947,#1948,#1949,
    #1950,#1951,#1952,#1953,#1954,#1955),.UNSPECIFIED.,.F.,.F.,(7,5,5,5,
    7),(0.,0.354227820799,0.529183149891,0.701265538181,1.),
  .UNSPECIFIED.);
#1934 = CARTESIAN_POINT('',(-124.675579004,-9.,208.));
#1935 = CARTESIAN_POINT('',(-124.675579004,-9.,208.65002146448));
#1936 = CARTESIAN_POINT('',(-124.6029566965,-9.,209.30019910985));
#1937 = CARTESIAN_POINT('',(-124.4576508804,-9.,209.94003720681));
#1938 = CARTESIAN_POINT('',(-124.2417543723,-9.,210.5596249448));
#1939 = CARTESIAN_POINT('',(-123.9588213133,-9.,211.14949129227));
#1940 = CARTESIAN_POINT('',(-123.4444407441,-9.,211.97315007291));
#1941 = CARTESIAN_POINT('',(-123.2593814835,-9.,212.23610294745));
#1942 = CARTESIAN_POINT('',(-123.0599812969,-9.,212.48866021596));
#1943 = CARTESIAN_POINT('',(-122.8469829756,-9.,212.72985998727));
#1944 = CARTESIAN_POINT('',(-122.6212136763,-9.,212.95881401091));
#1945 = CARTESIAN_POINT('',(-122.1498553303,-9.,213.38705641339));
#1946 = CARTESIAN_POINT('',(-121.9046466531,-9.,213.58677564879));
#1947 = CARTESIAN_POINT('',(-121.6488234924,-9.,213.7730916767));
#1948 = CARTESIAN_POINT('',(-121.3833098973,-9.,213.94531740795));
#1949 = CARTESIAN_POINT('',(-121.1090865541,-9.,214.10285218865));
#1950 = CARTESIAN_POINT('',(-120.3378170253,-9.,214.49226468314));
#1951 = CARTESIAN_POINT('',(-119.8252558024,-9.,214.69355566183));
#1952 = CARTESIAN_POINT('',(-119.2949969099,-9.,214.84630746701));
#1953 = CARTESIAN_POINT('',(-118.752774988,-9.,214.94877799896));
#1954 = CARTESIAN_POINT('',(-118.2044969821,-9.,215.));
#1955 = CARTESIAN_POINT('',(-117.6562790504,-9.,215.));
#1956 = ORIENTED_EDGE('',*,*,#1338,.F.);
#1957 = ORIENTED_EDGE('',*,*,#1902,.T.);
#1958 = PLANE('',#1959);
#1959 = AXIS2_PLACEMENT_3D('',#1960,#1961,#1962);
#1960 = CARTESIAN_POINT('',(-117.175579004,-9.,225.));
#1961 = DIRECTION('',(0.,1.,0.));
#1962 = DIRECTION('',(-1.,0.,0.));
#1963 = ADVANCED_FACE('',(#1964),#1983,.F.);
#1964 = FACE_BOUND('',#1965,.F.);
#1965 = EDGE_LOOP('',(#1966,#1974,#1975,#1976));
#1966 = ORIENTED_EDGE('',*,*,#1967,.F.);
#1967 = EDGE_CURVE('',#1296,#1968,#1970,.T.);
#1968 = VERTEX_POINT('',#1969);
#1969 = CARTESIAN_POINT('',(-117.9644963136,-2.894410039839,215.));
#1970 = ( BOUNDED_CURVE() B_SPLINE_CURVE(2,(#1971,#1972,#1973),
.UNSPECIFIED.,.F.,.F.) B_SPLINE_CURVE_WITH_KNOTS((3,3),(0.,
3.066419876646),.PIECEWISE_BEZIER_KNOTS.) CURVE() 
GEOMETRIC_REPRESENTATION_ITEM() RATIONAL_B_SPLINE_CURVE((1.,
0.707106781187,1.)) REPRESENTATION_ITEM('') );
#1971 = CARTESIAN_POINT('',(-124.9623901627,-3.066112330336,208.));
#1972 = CARTESIAN_POINT('',(-124.9623901627,-3.066112330336,215.));
#1973 = CARTESIAN_POINT('',(-117.9644963136,-2.894410039839,215.));
#1974 = ORIENTED_EDGE('',*,*,#1329,.T.);
#1975 = ORIENTED_EDGE('',*,*,#1932,.T.);
#1976 = ORIENTED_EDGE('',*,*,#1977,.F.);
#1977 = EDGE_CURVE('',#1968,#1925,#1978,.T.);
#1978 = CIRCLE('',#1979,118.);
#1979 = AXIS2_PLACEMENT_3D('',#1980,#1981,#1982);
#1980 = CARTESIAN_POINT('',(0.,0.,215.));
#1981 = DIRECTION('',(0.,0.,1.));
#1982 = DIRECTION('',(-0.997404632033,7.2E-02,0.));
#1983 = TOROIDAL_SURFACE('',#1984,118.,7.);
#1984 = AXIS2_PLACEMENT_3D('',#1985,#1986,#1987);
#1985 = CARTESIAN_POINT('',(0.,0.,208.));
#1986 = DIRECTION('',(0.,0.,1.));
#1987 = DIRECTION('',(-0.997404632033,7.2E-02,0.));
#1988 = ADVANCED_FACE('',(#1989),#2033,.T.);
#1989 = FACE_BOUND('',#1990,.T.);
#1990 = EDGE_LOOP('',(#1991,#1999,#2031,#2032));
#1991 = ORIENTED_EDGE('',*,*,#1992,.T.);
#1992 = EDGE_CURVE('',#1262,#1993,#1995,.T.);
#1993 = VERTEX_POINT('',#1994);
#1994 = CARTESIAN_POINT('',(-120.175579004,1.6E-14,215.));
#1995 = ( BOUNDED_CURVE() B_SPLINE_CURVE(2,(#1996,#1997,#1998),
.UNSPECIFIED.,.F.,.F.) B_SPLINE_CURVE_WITH_KNOTS((3,3),(0.,
3.066419876647),.PIECEWISE_BEZIER_KNOTS.) CURVE() 
GEOMETRIC_REPRESENTATION_ITEM() RATIONAL_B_SPLINE_CURVE((1.,
0.809566859679,1.)) REPRESENTATION_ITEM('') );
#1996 = CARTESIAN_POINT('',(-125.,7.082E-14,208.34666579848));
#1997 = CARTESIAN_POINT('',(-125.,5.906E-14,213.42245876914));
#1998 = CARTESIAN_POINT('',(-120.175579004,1.565E-14,215.));
#1999 = ORIENTED_EDGE('',*,*,#2000,.T.);
#2000 = EDGE_CURVE('',#1993,#1968,#2001,.T.);
#2001 = ( BOUNDED_CURVE() B_SPLINE_CURVE(10,(#2002,#2003,#2004,#2005,
    #2006,#2007,#2008,#2009,#2010,#2011,#2012,#2013,#2014,#2015,#2016,
    #2017,#2018,#2019,#2020,#2021,#2022,#2023,#2024,#2025,#2026,#2027,
#2028,#2029,#2030),.UNSPECIFIED.,.F.,.F.) B_SPLINE_CURVE_WITH_KNOTS((11,
    9,9,11),(9.007794196025,10.541004134348,11.30760910351,
12.074214072671),.UNSPECIFIED.) CURVE() GEOMETRIC_REPRESENTATION_ITEM() 
RATIONAL_B_SPLINE_CURVE((1.,1.,1.,1.,1.,1.,1.,1.,1.,1.,1.,1.,1.,1.,1.,1.
    ,1.,1.,1.,1.,1.,1.,1.000000000001,0.999999999999,1.000000000001,1.,
1.,1.,1.)) REPRESENTATION_ITEM('') );
#2002 = CARTESIAN_POINT('',(-120.175579004,1.491E-14,215.));
#2003 = CARTESIAN_POINT('',(-120.175579004,-0.147403513658,215.));
#2004 = CARTESIAN_POINT('',(-120.1675582592,-0.294807739227,215.));
#2005 = CARTESIAN_POINT('',(-120.1514570274,-0.442174718491,215.));
#2006 = CARTESIAN_POINT('',(-120.1271899412,-0.589468181948,215.));
#2007 = CARTESIAN_POINT('',(-120.0946023268,-0.736651667702,215.));
#2008 = CARTESIAN_POINT('',(-120.0534265234,-0.883686640347,215.));
#2009 = CARTESIAN_POINT('',(-120.0032382023,-1.030530609857,215.));
#2010 = CARTESIAN_POINT('',(-119.9434126864,-1.177135250477,215.));
#2011 = CARTESIAN_POINT('',(-119.8730812691,-1.323444519607,215.));
#2012 = CARTESIAN_POINT('',(-119.7500906657,-1.542366905242,215.));
#2013 = CARTESIAN_POINT('',(-119.706180861,-1.615250859264,215.));
#2014 = CARTESIAN_POINT('',(-119.6591727351,-1.688035244034,215.));
#2015 = CARTESIAN_POINT('',(-119.6088839329,-1.760710674434,215.));
#2016 = CARTESIAN_POINT('',(-119.5551092421,-1.833266993857,215.));
#2017 = CARTESIAN_POINT('',(-119.4975947069,-1.905692493117,215.));
#2018 = CARTESIAN_POINT('',(-119.4360117416,-1.977973129346,215.));
#2019 = CARTESIAN_POINT('',(-119.3699312437,-2.050091744905,215.));
#2020 = CARTESIAN_POINT('',(-119.298797708,-2.12202728628,215.));
#2021 = CARTESIAN_POINT('',(-119.1450089713,-2.265480759699,215.));
#2022 = CARTESIAN_POINT('',(-119.0621361857,-2.33699296522,215.));
#2023 = CARTESIAN_POINT('',(-118.9742256555,-2.40830777541,215.));
#2024 = CARTESIAN_POINT('',(-118.8733333261,-2.479209647143,215.));
#2025 = CARTESIAN_POINT('',(-118.7762295075,-2.55012666312,215.));
#2026 = CARTESIAN_POINT('',(-118.6476692911,-2.620127769158,215.));
#2027 = CARTESIAN_POINT('',(-118.5313113518,-2.690339357133,215.));
#2028 = CARTESIAN_POINT('',(-118.3711477263,-2.759280292534,215.));
#2029 = CARTESIAN_POINT('',(-118.2081475158,-2.827999044741,215.));
#2030 = CARTESIAN_POINT('',(-117.9644963136,-2.894410039839,215.));
#2031 = ORIENTED_EDGE('',*,*,#1967,.F.);
#2032 = ORIENTED_EDGE('',*,*,#1295,.F.);
#2033 = ( BOUNDED_SURFACE() B_SPLINE_SURFACE(2,10,(
    (#2034,#2035,#2036,#2037,#2038,#2039,#2040,#2041,#2042,#2043,#2044
      ,#2045,#2046,#2047,#2048,#2049,#2050,#2051,#2052,#2053,#2054,#2055
      ,#2056,#2057,#2058,#2059,#2060,#2061,#2062)
    ,(#2063,#2064,#2065,#2066,#2067,#2068,#2069,#2070,#2071,#2072,#2073
      ,#2074,#2075,#2076,#2077,#2078,#2079,#2080,#2081,#2082,#2083,#2084
      ,#2085,#2086,#2087,#2088,#2089,#2090,#2091)
    ,(#2092,#2093,#2094,#2095,#2096,#2097,#2098,#2099,#2100,#2101,#2102
      ,#2103,#2104,#2105,#2106,#2107,#2108,#2109,#2110,#2111,#2112,#2113
      ,#2114,#2115,#2116,#2117,#2118,#2119,#2120
)),.UNSPECIFIED.,.F.,.F.,.F.) B_SPLINE_SURFACE_WITH_KNOTS((3,3),(11,9,9,
    11),(0.,3.066419876646),(9.007794196025,10.541004134348,
    11.30760910351,12.074214072671),.UNSPECIFIED.) 
GEOMETRIC_REPRESENTATION_ITEM() RATIONAL_B_SPLINE_SURFACE((
    (1.,1.,1.,1.,1.,1.,1.,1.,1.,1.,1.,1.,1.,1.,1.,1.,1.,1.,1.,1.,1.,1.
      ,1.000000000001,0.999999999999,1.000000000001,1.,1.,1.,1.)
    ,(0.809566859679,0.809566859679,0.809222122864,0.808529478769
      ,0.807484516479,0.806079269877,0.804299902894,0.802124394766
      ,0.799520225281,0.796442060034,0.791023123492,0.789083341693
      ,0.787000350856,0.784764593686,0.782365311849,0.779789162784
      ,0.777018836547,0.774031672623,0.77079827676,0.76376399883
      ,0.759951393818,0.755894689649,0.751166433162,0.746671552582
      ,0.74051133543,0.735040535212,0.727242200814,0.719327046251
      ,0.707106781187)
    ,(1.,1.,1.,1.,1.,1.,1.,1.,1.,1.,1.,1.,1.,1.,1.,1.,1.,1.,1.,1.,1.,1.
      ,1.000000000001,0.999999999999,1.000000000001,1.,1.,1.,1.
))) REPRESENTATION_ITEM('') SURFACE() );
#2034 = CARTESIAN_POINT('',(-125.,7.082E-14,208.34666579848));
#2035 = CARTESIAN_POINT('',(-125.,-0.153320993832,208.34666579848));
#2036 = CARTESIAN_POINT('',(-124.9997910459,-0.306641987665,
    208.34409700992));
#2037 = CARTESIAN_POINT('',(-124.9993731379,-0.459962661126,
    208.33896631029));
#2038 = CARTESIAN_POINT('',(-124.9987462764,-0.613282693848,
    208.33129143552));
#2039 = CARTESIAN_POINT('',(-124.9979104626,-0.766601765459,
    208.3211058875));
#2040 = CARTESIAN_POINT('',(-124.9968656981,-0.919919555593,
    208.30846384164));
#2041 = CARTESIAN_POINT('',(-124.9956119852,-1.073235743887,
    208.29344505449));
#2042 = CARTESIAN_POINT('',(-124.9941493267,-1.226550009981,
    208.27615977124));
#2043 = CARTESIAN_POINT('',(-124.992477726,-1.379862033523,
    208.25675363334));
#2044 = CARTESIAN_POINT('',(-124.9896569175,-1.609826224488,
    208.22474206239));
#2045 = CARTESIAN_POINT('',(-124.9886644134,-1.686480314085,
    208.21358744274));
#2046 = CARTESIAN_POINT('',(-124.9876196752,-1.763133722914,
    208.20197691909));
#2047 = CARTESIAN_POINT('',(-124.9865227035,-1.839786410932,
    208.18993859654));
#2048 = CARTESIAN_POINT('',(-124.9853734988,-1.916438338097,
    208.17750363497));
#2049 = CARTESIAN_POINT('',(-124.9841720616,-1.993089464367,
    208.16470939077));
#2050 = CARTESIAN_POINT('',(-124.9829183928,-2.0697397497,
    208.15160255847));
#2051 = CARTESIAN_POINT('',(-124.9816124928,-2.146389154057,
    208.13824231245));
#2052 = CARTESIAN_POINT('',(-124.9802543624,-2.223037637395,
    208.12470344863));
#2053 = CARTESIAN_POINT('',(-124.9774336423,-2.376332681959,
    208.09745560361));
#2054 = CARTESIAN_POINT('',(-124.9759710525,-2.452979243184,
    208.08377358286));
#2055 = CARTESIAN_POINT('',(-124.9744562339,-2.52962480331,
    208.06992250991));
#2056 = CARTESIAN_POINT('',(-124.9728891871,-2.606269322309,
    208.05689310921));
#2057 = CARTESIAN_POINT('',(-124.9712699129,-2.682912760121,
    208.04261065287));
#2058 = CARTESIAN_POINT('',(-124.9695984123,-2.759555076736,
    208.03145054167));
#2059 = CARTESIAN_POINT('',(-124.967874686,-2.836196232094,
    208.01800213328));
#2060 = CARTESIAN_POINT('',(-124.966098735,-2.912836186172,
    208.00921213754));
#2061 = CARTESIAN_POINT('',(-124.9642705602,-2.989474898931,208.));
#2062 = CARTESIAN_POINT('',(-124.9623901627,-3.066112330336,208.));
#2063 = CARTESIAN_POINT('',(-125.,5.818E-14,213.42245876914));
#2064 = CARTESIAN_POINT('',(-125.,-0.153320993832,213.42245876914));
#2065 = CARTESIAN_POINT('',(-124.9997908349,-0.306778444879,
    213.42616905971));
#2066 = CARTESIAN_POINT('',(-124.9993722438,-0.460311385977,
    213.4336519996));
#2067 = CARTESIAN_POINT('',(-124.9987439607,-0.613876082093,
    213.44501278168));
#2068 = CARTESIAN_POINT('',(-124.9979059034,-0.767434045061,
    213.46043917163));
#2069 = CARTESIAN_POINT('',(-124.9968583423,-0.920942650946,
    213.48024250056));
#2070 = CARTESIAN_POINT('',(-124.9956020378,-1.074348288182,
    213.50490063593));
#2071 = CARTESIAN_POINT('',(-124.9941383335,-1.227581980525,
    213.53510383249));
#2072 = CARTESIAN_POINT('',(-124.992469196,-1.380557438149,
    213.57180466697));
#2073 = CARTESIAN_POINT('',(-124.9896547703,-1.610001266619,
    213.63866059132));
#2074 = CARTESIAN_POINT('',(-124.9886599834,-1.68681996331,
    213.66303614693));
#2075 = CARTESIAN_POINT('',(-124.9876130308,-1.763616448265,
    213.68960811697));
#2076 = CARTESIAN_POINT('',(-124.9865140602,-1.840383049847,
    213.71858795971));
#2077 = CARTESIAN_POINT('',(-124.9853632323,-1.917112241059,
    213.75021573466));
#2078 = CARTESIAN_POINT('',(-124.9841607797,-1.993794079158,
    213.78478587177));
#2079 = CARTESIAN_POINT('',(-124.9829070524,-2.070414406382,
    213.82267412194));
#2080 = CARTESIAN_POINT('',(-124.9816025485,-2.146953814754,
    213.86436603519));
#2081 = CARTESIAN_POINT('',(-124.9802479269,-2.22338737869,
    213.91048742875));
#2082 = CARTESIAN_POINT('',(-124.9774271475,-2.376685644376,
    214.01366046338));
#2083 = CARTESIAN_POINT('',(-124.9759581492,-2.453655936315,
    214.07110268041));
#2084 = CARTESIAN_POINT('',(-124.9744351124,-2.530678095783,
    214.13341051853));
#2085 = CARTESIAN_POINT('',(-124.9728664855,-2.607391553408,
    214.20866091215));
#2086 = CARTESIAN_POINT('',(-124.9712328734,-2.684619910632,
    214.28040456973));
#2087 = CARTESIAN_POINT('',(-124.9695685861,-2.760928421982,
    214.38453813168));
#2088 = CARTESIAN_POINT('',(-124.9678316023,-2.838064483271,
    214.47714291732));
#2089 = CARTESIAN_POINT('',(-124.9660660461,-2.914227130319,
    214.61686188726));
#2090 = CARTESIAN_POINT('',(-124.9642386151,-2.990776851541,
    214.76216143714));
#2091 = CARTESIAN_POINT('',(-124.9623901627,-3.066112330336,215.));
#2092 = CARTESIAN_POINT('',(-120.175579004,1.491E-14,215.));
#2093 = CARTESIAN_POINT('',(-120.175579004,-0.147403513658,215.));
#2094 = CARTESIAN_POINT('',(-120.1675582592,-0.294807739227,215.));
#2095 = CARTESIAN_POINT('',(-120.1514570274,-0.442174718491,215.));
#2096 = CARTESIAN_POINT('',(-120.1271899412,-0.589468181948,215.));
#2097 = CARTESIAN_POINT('',(-120.0946023268,-0.736651667702,215.));
#2098 = CARTESIAN_POINT('',(-120.0534265234,-0.883686640347,215.));
#2099 = CARTESIAN_POINT('',(-120.0032382023,-1.030530609857,215.));
#2100 = CARTESIAN_POINT('',(-119.9434126864,-1.177135250477,215.));
#2101 = CARTESIAN_POINT('',(-119.8730812691,-1.323444519607,215.));
#2102 = CARTESIAN_POINT('',(-119.7500906657,-1.542366905242,215.));
#2103 = CARTESIAN_POINT('',(-119.706180861,-1.615250859264,215.));
#2104 = CARTESIAN_POINT('',(-119.6591727351,-1.688035244034,215.));
#2105 = CARTESIAN_POINT('',(-119.6088839329,-1.760710674434,215.));
#2106 = CARTESIAN_POINT('',(-119.5551092421,-1.833266993857,215.));
#2107 = CARTESIAN_POINT('',(-119.4975947069,-1.905692493117,215.));
#2108 = CARTESIAN_POINT('',(-119.4360117416,-1.977973129346,215.));
#2109 = CARTESIAN_POINT('',(-119.3699312437,-2.050091744905,215.));
#2110 = CARTESIAN_POINT('',(-119.298797708,-2.12202728628,215.));
#2111 = CARTESIAN_POINT('',(-119.1450089713,-2.265480759699,215.));
#2112 = CARTESIAN_POINT('',(-119.0621361857,-2.33699296522,215.));
#2113 = CARTESIAN_POINT('',(-118.9742256555,-2.40830777541,215.));
#2114 = CARTESIAN_POINT('',(-118.8733333261,-2.479209647143,215.));
#2115 = CARTESIAN_POINT('',(-118.7762295075,-2.55012666312,215.));
#2116 = CARTESIAN_POINT('',(-118.6476692911,-2.620127769158,215.));
#2117 = CARTESIAN_POINT('',(-118.5313113518,-2.690339357133,215.));
#2118 = CARTESIAN_POINT('',(-118.3711477263,-2.759280292534,215.));
#2119 = CARTESIAN_POINT('',(-118.2081475158,-2.827999044741,215.));
#2120 = CARTESIAN_POINT('',(-117.9644963136,-2.894410039839,215.));
#2121 = ADVANCED_FACE('',(#2122),#2167,.T.);
#2122 = FACE_BOUND('',#2123,.T.);
#2123 = EDGE_LOOP('',(#2124,#2133,#2165,#2166));
#2124 = ORIENTED_EDGE('',*,*,#2125,.T.);
#2125 = EDGE_CURVE('',#1253,#2126,#2128,.T.);
#2126 = VERTEX_POINT('',#2127);
#2127 = CARTESIAN_POINT('',(-117.9644963136,2.89441003984,215.));
#2128 = CIRCLE('',#2129,7.);
#2129 = AXIS2_PLACEMENT_3D('',#2130,#2131,#2132);
#2130 = CARTESIAN_POINT('',(-117.9644963136,2.89441003984,208.));
#2131 = DIRECTION('',(2.452889864271E-02,0.999699121302,-0.));
#2132 = DIRECTION('',(-0.999699121302,2.452889864271E-02,0.));
#2133 = ORIENTED_EDGE('',*,*,#2134,.T.);
#2134 = EDGE_CURVE('',#2126,#1993,#2135,.T.);
#2135 = ( BOUNDED_CURVE() B_SPLINE_CURVE(10,(#2136,#2137,#2138,#2139,
    #2140,#2141,#2142,#2143,#2144,#2145,#2146,#2147,#2148,#2149,#2150,
    #2151,#2152,#2153,#2154,#2155,#2156,#2157,#2158,#2159,#2160,#2161,
#2162,#2163,#2164),.UNSPECIFIED.,.F.,.F.) B_SPLINE_CURVE_WITH_KNOTS((11,
    9,9,11),(5.941374319379,6.70797928854,7.474584257702,9.007794196025)
,.UNSPECIFIED.) CURVE() GEOMETRIC_REPRESENTATION_ITEM() 
RATIONAL_B_SPLINE_CURVE((1.,1.,1.,1.,1.,1.,1.,1.,1.,1.,1.,1.,1.,
    0.999999999999,1.000000000001,1.,1.,1.,1.,1.,1.,1.,1.,1.,1.,1.,1.,1.
,1.)) REPRESENTATION_ITEM('') );
#2136 = CARTESIAN_POINT('',(-117.9644963136,2.89441003984,215.));
#2137 = CARTESIAN_POINT('',(-118.2081475158,2.827999044741,215.));
#2138 = CARTESIAN_POINT('',(-118.3711477263,2.759280292533,215.));
#2139 = CARTESIAN_POINT('',(-118.5313113518,2.690339357139,215.));
#2140 = CARTESIAN_POINT('',(-118.6476692911,2.620127769146,215.));
#2141 = CARTESIAN_POINT('',(-118.7762295075,2.550126663133,215.));
#2142 = CARTESIAN_POINT('',(-118.8733333261,2.479209647137,215.));
#2143 = CARTESIAN_POINT('',(-118.9742256555,2.408307775412,215.));
#2144 = CARTESIAN_POINT('',(-119.0621361857,2.336992965221,215.));
#2145 = CARTESIAN_POINT('',(-119.1450089713,2.2654807597,215.));
#2146 = CARTESIAN_POINT('',(-119.298797708,2.12202728628,215.));
#2147 = CARTESIAN_POINT('',(-119.3699312437,2.050091744906,215.));
#2148 = CARTESIAN_POINT('',(-119.4360117416,1.977973129347,215.));
#2149 = CARTESIAN_POINT('',(-119.4975947069,1.905692493117,
    214.99999999999));
#2150 = CARTESIAN_POINT('',(-119.5551092421,1.833266993858,215.));
#2151 = CARTESIAN_POINT('',(-119.6088839329,1.760710674434,
    214.99999999999));
#2152 = CARTESIAN_POINT('',(-119.6591727351,1.688035244035,215.));
#2153 = CARTESIAN_POINT('',(-119.706180861,1.615250859264,215.));
#2154 = CARTESIAN_POINT('',(-119.7500906657,1.542366905242,215.));
#2155 = CARTESIAN_POINT('',(-119.8730812691,1.323444519608,215.));
#2156 = CARTESIAN_POINT('',(-119.9434126864,1.177135250477,215.));
#2157 = CARTESIAN_POINT('',(-120.0032382023,1.030530609858,215.));
#2158 = CARTESIAN_POINT('',(-120.0534265234,0.883686640347,215.));
#2159 = CARTESIAN_POINT('',(-120.0946023268,0.736651667703,215.));
#2160 = CARTESIAN_POINT('',(-120.1271899412,0.589468181949,215.));
#2161 = CARTESIAN_POINT('',(-120.1514570274,0.442174718491,215.));
#2162 = CARTESIAN_POINT('',(-120.1675582592,0.294807739227,215.));
#2163 = CARTESIAN_POINT('',(-120.175579004,0.147403513658,215.));
#2164 = CARTESIAN_POINT('',(-120.175579004,1.565E-14,215.));
#2165 = ORIENTED_EDGE('',*,*,#1992,.F.);
#2166 = ORIENTED_EDGE('',*,*,#1261,.F.);
#2167 = ( BOUNDED_SURFACE() B_SPLINE_SURFACE(2,10,(
    (#2168,#2169,#2170,#2171,#2172,#2173,#2174,#2175,#2176,#2177,#2178
      ,#2179,#2180,#2181,#2182,#2183,#2184,#2185,#2186,#2187,#2188,#2189
      ,#2190,#2191,#2192,#2193,#2194,#2195,#2196)
    ,(#2197,#2198,#2199,#2200,#2201,#2202,#2203,#2204,#2205,#2206,#2207
      ,#2208,#2209,#2210,#2211,#2212,#2213,#2214,#2215,#2216,#2217,#2218
      ,#2219,#2220,#2221,#2222,#2223,#2224,#2225)
    ,(#2226,#2227,#2228,#2229,#2230,#2231,#2232,#2233,#2234,#2235,#2236
      ,#2237,#2238,#2239,#2240,#2241,#2242,#2243,#2244,#2245,#2246,#2247
      ,#2248,#2249,#2250,#2251,#2252,#2253,#2254
)),.UNSPECIFIED.,.F.,.F.,.F.) B_SPLINE_SURFACE_WITH_KNOTS((3,3),(11,9,9,
    11),(0.,3.066419876647),(5.941374319379,6.70797928854,7.474584257702
,9.007794196025),.UNSPECIFIED.) GEOMETRIC_REPRESENTATION_ITEM() 
RATIONAL_B_SPLINE_SURFACE((
    (1.,1.,1.,1.,1.,1.,1.,1.,1.,1.,1.,1.,1.,0.999999999999
      ,1.000000000001,1.,1.,1.,1.,1.,1.,1.,1.,1.,1.,1.,1.,1.,1.)
    ,(0.707106781187,0.719327046251,0.727242200814,0.735040535212
      ,0.74051133543,0.746671552581,0.751166433162,0.75589468965
      ,0.759951393818,0.76376399883,0.77079827676,0.774031672623
      ,0.777018836547,0.779789162784,0.782365311849,0.784764593686
      ,0.787000350856,0.789083341693,0.791023123492,0.796442060034
      ,0.799520225281,0.802124394766,0.804299902894,0.806079269876
      ,0.807484516479,0.808529478769,0.809222122864,0.809566859679
      ,0.809566859679)
    ,(1.,1.,1.,1.,1.,1.,1.,1.,1.,1.,1.,1.,1.,0.999999999999
      ,1.000000000001,1.,1.,1.,1.,1.,1.,1.,1.,1.,1.,1.,1.,1.,1.
))) REPRESENTATION_ITEM('') SURFACE() );
#2168 = CARTESIAN_POINT('',(-124.9623901627,3.066112330337,208.));
#2169 = CARTESIAN_POINT('',(-124.9642705602,2.989474898932,208.));
#2170 = CARTESIAN_POINT('',(-124.966098735,2.912836186173,
    208.00921213754));
#2171 = CARTESIAN_POINT('',(-124.967874686,2.836196232095,
    208.01800213328));
#2172 = CARTESIAN_POINT('',(-124.9695984123,2.759555076735,
    208.03145054167));
#2173 = CARTESIAN_POINT('',(-124.9712699129,2.682912760125,
    208.04261065287));
#2174 = CARTESIAN_POINT('',(-124.9728891871,2.606269322307,
    208.05689310921));
#2175 = CARTESIAN_POINT('',(-124.9744562339,2.529624803313,
    208.06992250992));
#2176 = CARTESIAN_POINT('',(-124.9759710525,2.452979243184,
    208.08377358286));
#2177 = CARTESIAN_POINT('',(-124.9774336423,2.37633268196,
    208.09745560361));
#2178 = CARTESIAN_POINT('',(-124.9802543624,2.223037637396,
    208.12470344863));
#2179 = CARTESIAN_POINT('',(-124.9816124928,2.146389154057,
    208.13824231245));
#2180 = CARTESIAN_POINT('',(-124.9829183928,2.069739749701,
    208.15160255847));
#2181 = CARTESIAN_POINT('',(-124.9841720616,1.993089464368,
    208.16470939077));
#2182 = CARTESIAN_POINT('',(-124.9853734988,1.916438338098,
    208.17750363497));
#2183 = CARTESIAN_POINT('',(-124.9865227035,1.839786410933,
    208.18993859654));
#2184 = CARTESIAN_POINT('',(-124.9876196752,1.763133722915,
    208.20197691909));
#2185 = CARTESIAN_POINT('',(-124.9886644134,1.686480314086,
    208.21358744274));
#2186 = CARTESIAN_POINT('',(-124.9896569175,1.609826224489,
    208.22474206239));
#2187 = CARTESIAN_POINT('',(-124.992477726,1.379862033524,
    208.25675363334));
#2188 = CARTESIAN_POINT('',(-124.9941493267,1.226550009982,
    208.27615977124));
#2189 = CARTESIAN_POINT('',(-124.9956119852,1.073235743887,
    208.29344505449));
#2190 = CARTESIAN_POINT('',(-124.9968656981,0.919919555594,
    208.30846384164));
#2191 = CARTESIAN_POINT('',(-124.9979104626,0.766601765459,
    208.3211058875));
#2192 = CARTESIAN_POINT('',(-124.9987462764,0.613282693848,
    208.33129143552));
#2193 = CARTESIAN_POINT('',(-124.9993731379,0.459962661126,
    208.33896631029));
#2194 = CARTESIAN_POINT('',(-124.9997910459,0.306641987665,
    208.34409700992));
#2195 = CARTESIAN_POINT('',(-125.,0.153320993832,208.34666579848));
#2196 = CARTESIAN_POINT('',(-125.,7.082E-14,208.34666579848));
#2197 = CARTESIAN_POINT('',(-124.9623901627,3.066112330337,215.));
#2198 = CARTESIAN_POINT('',(-124.9642386151,2.990776851542,
    214.76216143714));
#2199 = CARTESIAN_POINT('',(-124.9660660461,2.914227130318,
    214.61686188726));
#2200 = CARTESIAN_POINT('',(-124.9678316023,2.838064483278,
    214.47714291733));
#2201 = CARTESIAN_POINT('',(-124.9695685861,2.760928421971,
    214.38453813167));
#2202 = CARTESIAN_POINT('',(-124.9712328734,2.684619910645,
    214.28040456975));
#2203 = CARTESIAN_POINT('',(-124.9728664855,2.607391553402,
    214.20866091215));
#2204 = CARTESIAN_POINT('',(-124.9744351124,2.530678095786,
    214.13341051853));
#2205 = CARTESIAN_POINT('',(-124.9759581492,2.453655936315,
    214.07110268041));
#2206 = CARTESIAN_POINT('',(-124.9774271475,2.376685644377,
    214.01366046338));
#2207 = CARTESIAN_POINT('',(-124.9802479269,2.223387378691,
    213.91048742875));
#2208 = CARTESIAN_POINT('',(-124.9816025485,2.146953814755,
    213.86436603519));
#2209 = CARTESIAN_POINT('',(-124.9829070524,2.070414406382,
    213.82267412194));
#2210 = CARTESIAN_POINT('',(-124.9841607797,1.993794079159,
    213.78478587177));
#2211 = CARTESIAN_POINT('',(-124.9853632323,1.917112241059,
    213.75021573466));
#2212 = CARTESIAN_POINT('',(-124.9865140602,1.840383049847,
    213.71858795971));
#2213 = CARTESIAN_POINT('',(-124.9876130308,1.763616448266,
    213.68960811697));
#2214 = CARTESIAN_POINT('',(-124.9886599834,1.68681996331,
    213.66303614693));
#2215 = CARTESIAN_POINT('',(-124.9896547703,1.61000126662,
    213.63866059132));
#2216 = CARTESIAN_POINT('',(-124.992469196,1.380557438149,
    213.57180466697));
#2217 = CARTESIAN_POINT('',(-124.9941383335,1.227581980526,
    213.53510383249));
#2218 = CARTESIAN_POINT('',(-124.9956020378,1.074348288182,
    213.50490063593));
#2219 = CARTESIAN_POINT('',(-124.9968583423,0.920942650946,
    213.48024250056));
#2220 = CARTESIAN_POINT('',(-124.9979059034,0.767434045062,
    213.46043917163));
#2221 = CARTESIAN_POINT('',(-124.9987439607,0.613876082093,
    213.44501278168));
#2222 = CARTESIAN_POINT('',(-124.9993722438,0.460311385977,
    213.4336519996));
#2223 = CARTESIAN_POINT('',(-124.9997908349,0.306778444879,
    213.42616905971));
#2224 = CARTESIAN_POINT('',(-125.,0.153320993832,213.42245876914));
#2225 = CARTESIAN_POINT('',(-125.,5.906E-14,213.42245876914));
#2226 = CARTESIAN_POINT('',(-117.9644963136,2.89441003984,215.));
#2227 = CARTESIAN_POINT('',(-118.2081475158,2.827999044741,215.));
#2228 = CARTESIAN_POINT('',(-118.3711477263,2.759280292533,215.));
#2229 = CARTESIAN_POINT('',(-118.5313113518,2.690339357139,215.));
#2230 = CARTESIAN_POINT('',(-118.6476692911,2.620127769146,215.));
#2231 = CARTESIAN_POINT('',(-118.7762295075,2.550126663133,215.));
#2232 = CARTESIAN_POINT('',(-118.8733333261,2.479209647137,215.));
#2233 = CARTESIAN_POINT('',(-118.9742256555,2.408307775412,215.));
#2234 = CARTESIAN_POINT('',(-119.0621361857,2.336992965221,215.));
#2235 = CARTESIAN_POINT('',(-119.1450089713,2.2654807597,215.));
#2236 = CARTESIAN_POINT('',(-119.298797708,2.12202728628,215.));
#2237 = CARTESIAN_POINT('',(-119.3699312437,2.050091744906,215.));
#2238 = CARTESIAN_POINT('',(-119.4360117416,1.977973129347,215.));
#2239 = CARTESIAN_POINT('',(-119.4975947069,1.905692493117,
    214.99999999999));
#2240 = CARTESIAN_POINT('',(-119.5551092421,1.833266993858,215.));
#2241 = CARTESIAN_POINT('',(-119.6088839329,1.760710674434,
    214.99999999999));
#2242 = CARTESIAN_POINT('',(-119.6591727351,1.688035244035,215.));
#2243 = CARTESIAN_POINT('',(-119.706180861,1.615250859264,215.));
#2244 = CARTESIAN_POINT('',(-119.7500906657,1.542366905242,215.));
#2245 = CARTESIAN_POINT('',(-119.8730812691,1.323444519608,215.));
#2246 = CARTESIAN_POINT('',(-119.9434126864,1.177135250477,215.));
#2247 = CARTESIAN_POINT('',(-120.0032382023,1.030530609858,215.));
#2248 = CARTESIAN_POINT('',(-120.0534265234,0.883686640347,215.));
#2249 = CARTESIAN_POINT('',(-120.0946023268,0.736651667703,215.));
#2250 = CARTESIAN_POINT('',(-120.1271899412,0.589468181949,215.));
#2251 = CARTESIAN_POINT('',(-120.1514570274,0.442174718491,215.));
#2252 = CARTESIAN_POINT('',(-120.1675582592,0.294807739227,215.));
#2253 = CARTESIAN_POINT('',(-120.175579004,0.147403513658,215.));
#2254 = CARTESIAN_POINT('',(-120.175579004,1.565E-14,215.));
#2255 = ADVANCED_FACE('',(#2256),#2294,.F.);
#2256 = FACE_BOUND('',#2257,.F.);
#2257 = EDGE_LOOP('',(#2258,#2285,#2286,#2287));
#2258 = ORIENTED_EDGE('',*,*,#2259,.F.);
#2259 = EDGE_CURVE('',#1245,#2260,#2262,.T.);
#2260 = VERTEX_POINT('',#2261);
#2261 = CARTESIAN_POINT('',(-117.6562790504,9.,215.));
#2262 = B_SPLINE_CURVE_WITH_KNOTS('',6,(#2263,#2264,#2265,#2266,#2267,
    #2268,#2269,#2270,#2271,#2272,#2273,#2274,#2275,#2276,#2277,#2278,
    #2279,#2280,#2281,#2282,#2283,#2284),.UNSPECIFIED.,.F.,.F.,(7,5,5,5,
    7),(0.,0.354227820894,0.529183149985,0.701265538275,1.),
  .UNSPECIFIED.);
#2263 = CARTESIAN_POINT('',(-124.675579004,9.,208.));
#2264 = CARTESIAN_POINT('',(-124.675579004,9.,208.65002146465));
#2265 = CARTESIAN_POINT('',(-124.6029566965,9.,209.3001991102));
#2266 = CARTESIAN_POINT('',(-124.4576508803,9.,209.94003720732));
#2267 = CARTESIAN_POINT('',(-124.2417543721,9.,210.55962494546));
#2268 = CARTESIAN_POINT('',(-123.9588213129,9.,211.14949129305));
#2269 = CARTESIAN_POINT('',(-123.4444407435,9.,211.97315007376));
#2270 = CARTESIAN_POINT('',(-123.2593814829,9.,212.23610294827));
#2271 = CARTESIAN_POINT('',(-123.0599812963,9.,212.48866021676));
#2272 = CARTESIAN_POINT('',(-122.8469829749,9.,212.72985998803));
#2273 = CARTESIAN_POINT('',(-122.6212136755,9.,212.95881401164));
#2274 = CARTESIAN_POINT('',(-122.1498553295,9.,213.38705641405));
#2275 = CARTESIAN_POINT('',(-121.9046466523,9.,213.58677564942));
#2276 = CARTESIAN_POINT('',(-121.6488234916,9.,213.77309167729));
#2277 = CARTESIAN_POINT('',(-121.3833098964,9.,213.9453174085));
#2278 = CARTESIAN_POINT('',(-121.1090865532,9.,214.10285218916));
#2279 = CARTESIAN_POINT('',(-120.3378170245,9.,214.49226468346));
#2280 = CARTESIAN_POINT('',(-119.8252558017,9.,214.69355566202));
#2281 = CARTESIAN_POINT('',(-119.2949969094,9.,214.8463074671));
#2282 = CARTESIAN_POINT('',(-118.7527749876,9.,214.948777999));
#2283 = CARTESIAN_POINT('',(-118.2044969819,9.,215.));
#2284 = CARTESIAN_POINT('',(-117.6562790504,9.,215.));
#2285 = ORIENTED_EDGE('',*,*,#1252,.T.);
#2286 = ORIENTED_EDGE('',*,*,#2125,.T.);
#2287 = ORIENTED_EDGE('',*,*,#2288,.F.);
#2288 = EDGE_CURVE('',#2260,#2126,#2289,.T.);
#2289 = CIRCLE('',#2290,118.);
#2290 = AXIS2_PLACEMENT_3D('',#2291,#2292,#2293);
#2291 = CARTESIAN_POINT('',(0.,0.,215.));
#2292 = DIRECTION('',(0.,0.,1.));
#2293 = DIRECTION('',(-0.997404632033,7.2E-02,0.));
#2294 = TOROIDAL_SURFACE('',#2295,118.,7.);
#2295 = AXIS2_PLACEMENT_3D('',#2296,#2297,#2298);
#2296 = CARTESIAN_POINT('',(0.,0.,208.));
#2297 = DIRECTION('',(0.,0.,1.));
#2298 = DIRECTION('',(-0.997404632033,7.2E-02,0.));
#2299 = ADVANCED_FACE('',(#2300),#2326,.F.);
#2300 = FACE_BOUND('',#2301,.F.);
#2301 = EDGE_LOOP('',(#2302,#2312,#2318,#2319,#2320));
#2302 = ORIENTED_EDGE('',*,*,#2303,.F.);
#2303 = EDGE_CURVE('',#2304,#2306,#2308,.T.);
#2304 = VERTEX_POINT('',#2305);
#2305 = CARTESIAN_POINT('',(-117.175579004,9.,224.));
#2306 = VERTEX_POINT('',#2307);
#2307 = CARTESIAN_POINT('',(-117.175579004,9.,215.));
#2308 = LINE('',#2309,#2310);
#2309 = CARTESIAN_POINT('',(-117.175579004,9.,225.));
#2310 = VECTOR('',#2311,1.);
#2311 = DIRECTION('',(-0.,-0.,-1.));
#2312 = ORIENTED_EDGE('',*,*,#2313,.T.);
#2313 = EDGE_CURVE('',#2304,#1236,#2314,.T.);
#2314 = LINE('',#2315,#2316);
#2315 = CARTESIAN_POINT('',(-117.175579004,9.,224.));
#2316 = VECTOR('',#2317,1.);
#2317 = DIRECTION('',(-1.,-0.,-0.));
#2318 = ORIENTED_EDGE('',*,*,#1244,.T.);
#2319 = ORIENTED_EDGE('',*,*,#2259,.T.);
#2320 = ORIENTED_EDGE('',*,*,#2321,.T.);
#2321 = EDGE_CURVE('',#2260,#2306,#2322,.T.);
#2322 = LINE('',#2323,#2324);
#2323 = CARTESIAN_POINT('',(-124.675579004,9.,215.));
#2324 = VECTOR('',#2325,1.);
#2325 = DIRECTION('',(1.,0.,0.));
#2326 = PLANE('',#2327);
#2327 = AXIS2_PLACEMENT_3D('',#2328,#2329,#2330);
#2328 = CARTESIAN_POINT('',(-124.675579004,9.,225.));
#2329 = DIRECTION('',(0.,-1.,0.));
#2330 = DIRECTION('',(1.,0.,0.));
#2331 = ADVANCED_FACE('',(#2332),#2343,.F.);
#2332 = FACE_BOUND('',#2333,.F.);
#2333 = EDGE_LOOP('',(#2334,#2340,#2341,#2342));
#2334 = ORIENTED_EDGE('',*,*,#2335,.F.);
#2335 = EDGE_CURVE('',#1835,#2304,#2336,.T.);
#2336 = LINE('',#2337,#2338);
#2337 = CARTESIAN_POINT('',(-117.175579004,9.,224.));
#2338 = VECTOR('',#2339,1.);
#2339 = DIRECTION('',(7.1E-16,0.707106781187,-0.707106781187));
#2340 = ORIENTED_EDGE('',*,*,#1843,.T.);
#2341 = ORIENTED_EDGE('',*,*,#1235,.T.);
#2342 = ORIENTED_EDGE('',*,*,#2313,.F.);
#2343 = PLANE('',#2344);
#2344 = AXIS2_PLACEMENT_3D('',#2345,#2346,#2347);
#2345 = CARTESIAN_POINT('',(-117.175579004,8.5,224.5));
#2346 = DIRECTION('',(0.,-0.707106781187,-0.707106781187));
#2347 = DIRECTION('',(-1.,0.,0.));
#2348 = ADVANCED_FACE('',(#2349),#2367,.T.);
#2349 = FACE_BOUND('',#2350,.F.);
#2350 = EDGE_LOOP('',(#2351,#2352,#2353,#2361));
#2351 = ORIENTED_EDGE('',*,*,#1199,.F.);
#2352 = ORIENTED_EDGE('',*,*,#1807,.T.);
#2353 = ORIENTED_EDGE('',*,*,#2354,.T.);
#2354 = EDGE_CURVE('',#1808,#2355,#2357,.T.);
#2355 = VERTEX_POINT('',#2356);
#2356 = CARTESIAN_POINT('',(117.17557900407,9.,224.));
#2357 = LINE('',#2358,#2359);
#2358 = CARTESIAN_POINT('',(117.17557900407,8.5,224.5));
#2359 = VECTOR('',#2360,1.);
#2360 = DIRECTION('',(0.,0.707106781187,-0.707106781187));
#2361 = ORIENTED_EDGE('',*,*,#2362,.F.);
#2362 = EDGE_CURVE('',#1192,#2355,#2363,.T.);
#2363 = LINE('',#2364,#2365);
#2364 = CARTESIAN_POINT('',(124.67557900407,9.,224.));
#2365 = VECTOR('',#2366,1.);
#2366 = DIRECTION('',(-1.,0.,0.));
#2367 = PLANE('',#2368);
#2368 = AXIS2_PLACEMENT_3D('',#2369,#2370,#2371);
#2369 = CARTESIAN_POINT('',(124.67557900407,8.5,224.5));
#2370 = DIRECTION('',(0.,0.707106781187,0.707106781187));
#2371 = DIRECTION('',(1.,0.,0.));
#2372 = ADVANCED_FACE('',(#2373),#2418,.T.);
#2373 = FACE_BOUND('',#2374,.T.);
#2374 = EDGE_LOOP('',(#2375,#2383,#2384,#2385,#2412));
#2375 = ORIENTED_EDGE('',*,*,#2376,.F.);
#2376 = EDGE_CURVE('',#2355,#2377,#2379,.T.);
#2377 = VERTEX_POINT('',#2378);
#2378 = CARTESIAN_POINT('',(117.17557900407,9.,215.));
#2379 = LINE('',#2380,#2381);
#2380 = CARTESIAN_POINT('',(117.17557900407,9.,225.));
#2381 = VECTOR('',#2382,1.);
#2382 = DIRECTION('',(-0.,-0.,-1.));
#2383 = ORIENTED_EDGE('',*,*,#2362,.F.);
#2384 = ORIENTED_EDGE('',*,*,#1191,.T.);
#2385 = ORIENTED_EDGE('',*,*,#2386,.T.);
#2386 = EDGE_CURVE('',#1183,#2387,#2389,.T.);
#2387 = VERTEX_POINT('',#2388);
#2388 = CARTESIAN_POINT('',(117.65627905046,9.,215.));
#2389 = B_SPLINE_CURVE_WITH_KNOTS('',6,(#2390,#2391,#2392,#2393,#2394,
    #2395,#2396,#2397,#2398,#2399,#2400,#2401,#2402,#2403,#2404,#2405,
    #2406,#2407,#2408,#2409,#2410,#2411),.UNSPECIFIED.,.F.,.F.,(7,5,5,5,
    7),(0.,0.354227820795,0.529183149886,0.701265538176,1.),
  .UNSPECIFIED.);
#2390 = CARTESIAN_POINT('',(124.67557900407,9.,208.));
#2391 = CARTESIAN_POINT('',(124.67557900407,9.,208.65002146447));
#2392 = CARTESIAN_POINT('',(124.60295669656,9.,209.30019910984));
#2393 = CARTESIAN_POINT('',(124.45765088049,9.,209.94003720678));
#2394 = CARTESIAN_POINT('',(124.24175437236,9.,210.55962494477));
#2395 = CARTESIAN_POINT('',(123.95882131333,9.,211.14949129223));
#2396 = CARTESIAN_POINT('',(123.44444074413,9.,211.97315007287));
#2397 = CARTESIAN_POINT('',(123.25938148357,9.,212.23610294741));
#2398 = CARTESIAN_POINT('',(123.05998129703,9.,212.48866021592));
#2399 = CARTESIAN_POINT('',(122.84698297569,9.,212.72985998723));
#2400 = CARTESIAN_POINT('',(122.62121367634,9.,212.95881401088));
#2401 = CARTESIAN_POINT('',(122.14985533042,9.,213.38705641336));
#2402 = CARTESIAN_POINT('',(121.90464665317,9.,213.58677564876));
#2403 = CARTESIAN_POINT('',(121.64882349249,9.,213.77309167667));
#2404 = CARTESIAN_POINT('',(121.38330989736,9.,213.94531740792));
#2405 = CARTESIAN_POINT('',(121.10908655418,9.,214.10285218863));
#2406 = CARTESIAN_POINT('',(120.33781702543,9.,214.49226468313));
#2407 = CARTESIAN_POINT('',(119.82525580249,9.,214.69355566182));
#2408 = CARTESIAN_POINT('',(119.29499690997,9.,214.846307467));
#2409 = CARTESIAN_POINT('',(118.75277498805,9.,214.94877799896));
#2410 = CARTESIAN_POINT('',(118.20449698216,9.,215.));
#2411 = CARTESIAN_POINT('',(117.65627905046,9.,215.));
#2412 = ORIENTED_EDGE('',*,*,#2413,.T.);
#2413 = EDGE_CURVE('',#2387,#2377,#2414,.T.);
#2414 = LINE('',#2415,#2416);
#2415 = CARTESIAN_POINT('',(124.67557900407,9.,215.));
#2416 = VECTOR('',#2417,1.);
#2417 = DIRECTION('',(-1.,0.,0.));
#2418 = PLANE('',#2419);
#2419 = AXIS2_PLACEMENT_3D('',#2420,#2421,#2422);
#2420 = CARTESIAN_POINT('',(124.67557900407,9.,225.));
#2421 = DIRECTION('',(0.,1.,0.));
#2422 = DIRECTION('',(-1.,0.,0.));
#2423 = ADVANCED_FACE('',(#2424),#2443,.F.);
#2424 = FACE_BOUND('',#2425,.F.);
#2425 = EDGE_LOOP('',(#2426,#2434,#2435,#2436));
#2426 = ORIENTED_EDGE('',*,*,#2427,.F.);
#2427 = EDGE_CURVE('',#1149,#2428,#2430,.T.);
#2428 = VERTEX_POINT('',#2429);
#2429 = CARTESIAN_POINT('',(117.96449639859,2.894410016674,215.));
#2430 = ( BOUNDED_CURVE() B_SPLINE_CURVE(2,(#2431,#2432,#2433),
.UNSPECIFIED.,.F.,.F.) B_SPLINE_CURVE_WITH_KNOTS((3,3),(0.,
3.066419876619),.PIECEWISE_BEZIER_KNOTS.) CURVE() 
GEOMETRIC_REPRESENTATION_ITEM() RATIONAL_B_SPLINE_CURVE((1.,
0.707106785449,1.)) REPRESENTATION_ITEM('') );
#2431 = CARTESIAN_POINT('',(124.96239016505,3.066112234669,208.));
#2432 = CARTESIAN_POINT('',(124.96239016271,3.066112330339,
    214.9999999156));
#2433 = CARTESIAN_POINT('',(117.96449639859,2.894410016674,215.));
#2434 = ORIENTED_EDGE('',*,*,#1182,.T.);
#2435 = ORIENTED_EDGE('',*,*,#2386,.T.);
#2436 = ORIENTED_EDGE('',*,*,#2437,.F.);
#2437 = EDGE_CURVE('',#2428,#2387,#2438,.T.);
#2438 = CIRCLE('',#2439,118.);
#2439 = AXIS2_PLACEMENT_3D('',#2440,#2441,#2442);
#2440 = CARTESIAN_POINT('',(0.,0.,215.));
#2441 = DIRECTION('',(0.,-0.,1.));
#2442 = DIRECTION('',(1.,1.219E-14,0.));
#2443 = TOROIDAL_SURFACE('',#2444,118.,7.);
#2444 = AXIS2_PLACEMENT_3D('',#2445,#2446,#2447);
#2445 = CARTESIAN_POINT('',(0.,0.,208.));
#2446 = DIRECTION('',(0.,0.,1.));
#2447 = DIRECTION('',(1.,1.219E-14,0.));
#2448 = ADVANCED_FACE('',(#2449),#2493,.T.);
#2449 = FACE_BOUND('',#2450,.T.);
#2450 = EDGE_LOOP('',(#2451,#2459,#2491,#2492));
#2451 = ORIENTED_EDGE('',*,*,#2452,.T.);
#2452 = EDGE_CURVE('',#1099,#2453,#2455,.T.);
#2453 = VERTEX_POINT('',#2454);
#2454 = CARTESIAN_POINT('',(120.17557900407,2.4658E-11,215.));
#2455 = ( BOUNDED_CURVE() B_SPLINE_CURVE(2,(#2456,#2457,#2458),
.UNSPECIFIED.,.F.,.F.) B_SPLINE_CURVE_WITH_KNOTS((3,3),(0.,
3.066419876673),.PIECEWISE_BEZIER_KNOTS.) CURVE() 
GEOMETRIC_REPRESENTATION_ITEM() RATIONAL_B_SPLINE_CURVE((1.,
0.809566859679,1.)) REPRESENTATION_ITEM('') );
#2456 = CARTESIAN_POINT('',(125.,-3.062E-14,208.34666579848));
#2457 = CARTESIAN_POINT('',(125.,2.271294E-11,213.42245876914));
#2458 = CARTESIAN_POINT('',(120.17557900407,2.465799E-11,215.));
#2459 = ORIENTED_EDGE('',*,*,#2460,.T.);
#2460 = EDGE_CURVE('',#2453,#2428,#2461,.T.);
#2461 = ( BOUNDED_CURVE() B_SPLINE_CURVE(10,(#2462,#2463,#2464,#2465,
    #2466,#2467,#2468,#2469,#2470,#2471,#2472,#2473,#2474,#2475,#2476,
    #2477,#2478,#2479,#2480,#2481,#2482,#2483,#2484,#2485,#2486,#2487,
#2488,#2489,#2490),.UNSPECIFIED.,.F.,.F.) B_SPLINE_CURVE_WITH_KNOTS((11,
    9,9,11),(9.007794196055,10.541004134364,11.307609103519,
12.074214072673),.UNSPECIFIED.) CURVE() GEOMETRIC_REPRESENTATION_ITEM() 
RATIONAL_B_SPLINE_CURVE((1.,1.,1.,1.,1.,1.,1.,1.,1.,1.,1.,1.,1.,1.,1.,1.
    ,1.,1.,1.,1.,1.,1.,0.999999999999,1.000000000001,0.999999999999,1.,
1.,1.,1.)) REPRESENTATION_ITEM('') );
#2462 = CARTESIAN_POINT('',(120.17557900407,2.46873E-11,215.));
#2463 = CARTESIAN_POINT('',(120.17557900406,0.147403513685,215.));
#2464 = CARTESIAN_POINT('',(120.16755825922,0.294807739277,215.));
#2465 = CARTESIAN_POINT('',(120.15145702746,0.442174718587,215.));
#2466 = CARTESIAN_POINT('',(120.12718994125,0.589468182127,215.));
#2467 = CARTESIAN_POINT('',(120.0946023268,0.736651668018,215.));
#2468 = CARTESIAN_POINT('',(120.0534265233,0.883686640876,215.));
#2469 = CARTESIAN_POINT('',(120.00323820211,1.030530610688,215.));
#2470 = CARTESIAN_POINT('',(119.94341268599,1.177135251697,215.));
#2471 = CARTESIAN_POINT('',(119.87308126833,1.323444521281,215.));
#2472 = CARTESIAN_POINT('',(119.75009066435,1.542366907617,215.));
#2473 = CARTESIAN_POINT('',(119.70618085944,1.615250861876,215.));
#2474 = CARTESIAN_POINT('',(119.65917273326,1.688035246876,215.));
#2475 = CARTESIAN_POINT('',(119.60888393073,1.760710677487,215.));
#2476 = CARTESIAN_POINT('',(119.55510923966,1.83326699709,215.));
#2477 = CARTESIAN_POINT('',(119.49759470426,1.905692496476,215.));
#2478 = CARTESIAN_POINT('',(119.4360117387,1.977973132753,215.));
#2479 = CARTESIAN_POINT('',(119.36993124066,2.050091748242,215.));
#2480 = CARTESIAN_POINT('',(119.29879770492,2.122027289385,215.));
#2481 = CARTESIAN_POINT('',(119.14500896881,2.265480761894,215.));
#2482 = CARTESIAN_POINT('',(119.06213618402,2.336992966744,215.));
#2483 = CARTESIAN_POINT('',(118.97422565297,2.408307775935,215.));
#2484 = CARTESIAN_POINT('',(118.87333333114,2.479209646466,215.));
#2485 = CARTESIAN_POINT('',(118.77622950322,2.550126660431,215.));
#2486 = CARTESIAN_POINT('',(118.64766930772,2.620127764468,215.));
#2487 = CARTESIAN_POINT('',(118.53131135666,2.690339349029,215.));
#2488 = CARTESIAN_POINT('',(118.37114775647,2.759280280795,215.));
#2489 = CARTESIAN_POINT('',(118.20814755019,2.827999027703,215.));
#2490 = CARTESIAN_POINT('',(117.96449639859,2.894410016674,215.));
#2491 = ORIENTED_EDGE('',*,*,#2427,.F.);
#2492 = ORIENTED_EDGE('',*,*,#1148,.F.);
#2493 = ( BOUNDED_SURFACE() B_SPLINE_SURFACE(2,10,(
    (#2494,#2495,#2496,#2497,#2498,#2499,#2500,#2501,#2502,#2503,#2504
      ,#2505,#2506,#2507,#2508,#2509,#2510,#2511,#2512,#2513,#2514,#2515
      ,#2516,#2517,#2518,#2519,#2520,#2521,#2522)
    ,(#2523,#2524,#2525,#2526,#2527,#2528,#2529,#2530,#2531,#2532,#2533
      ,#2534,#2535,#2536,#2537,#2538,#2539,#2540,#2541,#2542,#2543,#2544
      ,#2545,#2546,#2547,#2548,#2549,#2550,#2551)
    ,(#2552,#2553,#2554,#2555,#2556,#2557,#2558,#2559,#2560,#2561,#2562
      ,#2563,#2564,#2565,#2566,#2567,#2568,#2569,#2570,#2571,#2572,#2573
      ,#2574,#2575,#2576,#2577,#2578,#2579,#2580
)),.UNSPECIFIED.,.F.,.F.,.F.) B_SPLINE_SURFACE_WITH_KNOTS((3,3),(11,9,9,
    11),(0.,3.066419876619),(9.007794196055,10.541004134364,
    11.307609103519,12.074214072673),.UNSPECIFIED.) 
GEOMETRIC_REPRESENTATION_ITEM() RATIONAL_B_SPLINE_SURFACE((
    (1.,1.,1.,1.,1.,1.,1.,1.,1.,1.,1.,1.,1.,1.,1.,1.,1.,1.,1.,1.,1.,1.
      ,0.999999999999,1.000000000001,0.999999999999,1.,1.,1.,1.)
    ,(0.809566859679,0.809566859679,0.809222122863,0.808529478769
      ,0.807484516478,0.806079269874,0.804299902889,0.802124394755
      ,0.799520225261,0.796442059999,0.79102312343,0.78908334162
      ,0.787000350771,0.78476459359,0.782365311739,0.779789162662
      ,0.777018836413,0.774031672481,0.770798276618,0.763763998713
      ,0.759951393741,0.755894689519,0.751166433425,0.746671552323
      ,0.740511336271,0.735040535385,0.727242202299,0.719327047889
      ,0.707106785449)
    ,(1.,1.,1.,1.,1.,1.,1.,1.,1.,1.,1.,1.,1.,1.,1.,1.,1.,1.,1.,1.,1.,1.
      ,0.999999999999,1.000000000001,0.999999999999,1.,1.,1.,1.
))) REPRESENTATION_ITEM('') SURFACE() );
#2494 = CARTESIAN_POINT('',(125.,0.,208.34666579848));
#2495 = CARTESIAN_POINT('',(125.,0.153320993841,208.34666579848));
#2496 = CARTESIAN_POINT('',(124.99979104598,0.306641987792,
    208.34409700991));
#2497 = CARTESIAN_POINT('',(124.99937313794,0.459962661483,
    208.33896631029));
#2498 = CARTESIAN_POINT('',(124.99874627644,0.613282694611,
    208.33129143552));
#2499 = CARTESIAN_POINT('',(124.99791046261,0.766601766909,
    208.32110588748));
#2500 = CARTESIAN_POINT('',(124.99686569812,0.919919558107,
    208.3084638416));
#2501 = CARTESIAN_POINT('',(124.99561198521,1.073235747903,
    208.29344505441));
#2502 = CARTESIAN_POINT('',(124.9941493267,1.226550015927,208.2761597711
    ));
#2503 = CARTESIAN_POINT('',(124.99247772595,1.379862041708,
    208.25675363312));
#2504 = CARTESIAN_POINT('',(124.98965691736,1.609826236106,
    208.22474206203));
#2505 = CARTESIAN_POINT('',(124.98866441326,1.686480326854,
    208.21358744233));
#2506 = CARTESIAN_POINT('',(124.98761967507,1.763133736797,
    208.20197691863));
#2507 = CARTESIAN_POINT('',(124.98652270332,1.839786425839,
    208.18993859602));
#2508 = CARTESIAN_POINT('',(124.98537349857,1.916438353864,
    208.17750363441));
#2509 = CARTESIAN_POINT('',(124.98417206143,1.993089480735,
    208.16470939017));
#2510 = CARTESIAN_POINT('',(124.98291839252,2.069739766285,
    208.15160255784));
#2511 = CARTESIAN_POINT('',(124.98161249253,2.146389170312,
    208.13824231183));
#2512 = CARTESIAN_POINT('',(124.98025436214,2.223037652575,
    208.12470344805));
#2513 = CARTESIAN_POINT('',(124.97743364209,2.376332692993,
    208.09745560319));
#2514 = CARTESIAN_POINT('',(124.97597105242,2.452979251147,
    208.08377358253));
#2515 = CARTESIAN_POINT('',(124.97445623385,2.52962480695,208.06992251)
  );
#2516 = CARTESIAN_POINT('',(124.97288918717,2.606269320082,
    208.05689310884));
#2517 = CARTESIAN_POINT('',(124.97126991318,2.682912750084,
    208.04261065429));
#2518 = CARTESIAN_POINT('',(124.96959841275,2.759555056593,
    208.03145054145));
#2519 = CARTESIAN_POINT('',(124.96787468677,2.836196198914,
    208.01800213575));
#2520 = CARTESIAN_POINT('',(124.96609873617,2.912836136577,
    208.00921213865));
#2521 = CARTESIAN_POINT('',(124.96427056193,2.989474828694,
    208.00000000291));
#2522 = CARTESIAN_POINT('',(124.96239016505,3.066112234669,208.));
#2523 = CARTESIAN_POINT('',(125.,2.274225E-11,213.42245876914));
#2524 = CARTESIAN_POINT('',(125.,0.153320993856,213.42245876914));
#2525 = CARTESIAN_POINT('',(124.9997908349,0.306778444927,
    213.42616905971));
#2526 = CARTESIAN_POINT('',(124.99937224387,0.460311386078,
    213.43365199961));
#2527 = CARTESIAN_POINT('',(124.99874396077,0.613876082292,
    213.44501278169));
#2528 = CARTESIAN_POINT('',(124.99790590344,0.767434045422,
    213.46043917165));
#2529 = CARTESIAN_POINT('',(124.99685834239,0.92094265155,
    213.48024250062));
#2530 = CARTESIAN_POINT('',(124.99560203784,1.074348289113,
    213.50490063605));
#2531 = CARTESIAN_POINT('',(124.99413833354,1.227581981853,
    213.53510383272));
#2532 = CARTESIAN_POINT('',(124.99246919598,1.3805574399,213.57180466738
    ));
#2533 = CARTESIAN_POINT('',(124.98965477036,1.610001268931,
    213.6386605921));
#2534 = CARTESIAN_POINT('',(124.9886599834,1.686819965797,
    213.66303614786));
#2535 = CARTESIAN_POINT('',(124.98761303083,1.763616450907,
    213.68960811806));
#2536 = CARTESIAN_POINT('',(124.98651406025,1.840383052609,
    213.71858796098));
#2537 = CARTESIAN_POINT('',(124.98536323235,1.91711224389,
    213.75021573611));
#2538 = CARTESIAN_POINT('',(124.98416077972,1.993794081988,
    213.78478587342));
#2539 = CARTESIAN_POINT('',(124.98290705244,2.070414409121,
    213.82267412379));
#2540 = CARTESIAN_POINT('',(124.98160254846,2.146953817299,
    213.86436603718));
#2541 = CARTESIAN_POINT('',(124.98024792692,2.223387380925,
    213.9104874308));
#2542 = CARTESIAN_POINT('',(124.97742714755,2.376685645742,
    214.01366046514));
#2543 = CARTESIAN_POINT('',(124.97595814924,2.453655937135,
    214.07110268154));
#2544 = CARTESIAN_POINT('',(124.97443511242,2.530678095782,
    214.13341052082));
#2545 = CARTESIAN_POINT('',(124.97286648554,2.607391552959,
    214.20866090741));
#2546 = CARTESIAN_POINT('',(124.97123287352,2.684619908569,
    214.28040457499));
#2547 = CARTESIAN_POINT('',(124.9695685862,2.760928419904,
    214.38453811653));
#2548 = CARTESIAN_POINT('',(124.96783160241,2.838064479452,
    214.47714291536));
#2549 = CARTESIAN_POINT('',(124.96606604621,2.914227126796,
    214.61686186014));
#2550 = CARTESIAN_POINT('',(124.96423861528,2.990776847888,
    214.76216140723));
#2551 = CARTESIAN_POINT('',(124.96239016271,3.066112330339,
    214.9999999156));
#2552 = CARTESIAN_POINT('',(120.17557900407,2.46873E-11,215.));
#2553 = CARTESIAN_POINT('',(120.17557900406,0.147403513685,215.));
#2554 = CARTESIAN_POINT('',(120.16755825922,0.294807739277,215.));
#2555 = CARTESIAN_POINT('',(120.15145702746,0.442174718587,215.));
#2556 = CARTESIAN_POINT('',(120.12718994125,0.589468182127,215.));
#2557 = CARTESIAN_POINT('',(120.0946023268,0.736651668018,215.));
#2558 = CARTESIAN_POINT('',(120.0534265233,0.883686640876,215.));
#2559 = CARTESIAN_POINT('',(120.00323820211,1.030530610688,215.));
#2560 = CARTESIAN_POINT('',(119.94341268599,1.177135251697,215.));
#2561 = CARTESIAN_POINT('',(119.87308126833,1.323444521281,215.));
#2562 = CARTESIAN_POINT('',(119.75009066435,1.542366907617,215.));
#2563 = CARTESIAN_POINT('',(119.70618085944,1.615250861876,215.));
#2564 = CARTESIAN_POINT('',(119.65917273326,1.688035246876,215.));
#2565 = CARTESIAN_POINT('',(119.60888393073,1.760710677487,215.));
#2566 = CARTESIAN_POINT('',(119.55510923966,1.83326699709,215.));
#2567 = CARTESIAN_POINT('',(119.49759470426,1.905692496476,215.));
#2568 = CARTESIAN_POINT('',(119.4360117387,1.977973132753,215.));
#2569 = CARTESIAN_POINT('',(119.36993124066,2.050091748242,215.));
#2570 = CARTESIAN_POINT('',(119.29879770492,2.122027289385,215.));
#2571 = CARTESIAN_POINT('',(119.14500896881,2.265480761894,215.));
#2572 = CARTESIAN_POINT('',(119.06213618402,2.336992966744,215.));
#2573 = CARTESIAN_POINT('',(118.97422565297,2.408307775935,215.));
#2574 = CARTESIAN_POINT('',(118.87333333114,2.479209646466,215.));
#2575 = CARTESIAN_POINT('',(118.77622950322,2.550126660431,215.));
#2576 = CARTESIAN_POINT('',(118.64766930772,2.620127764468,215.));
#2577 = CARTESIAN_POINT('',(118.53131135666,2.690339349029,215.));
#2578 = CARTESIAN_POINT('',(118.37114775647,2.759280280795,215.));
#2579 = CARTESIAN_POINT('',(118.20814755019,2.827999027703,215.));
#2580 = CARTESIAN_POINT('',(117.96449639859,2.894410016674,215.));
#2581 = ADVANCED_FACE('',(#2582,#2585,#2623),#2673,.T.);
#2582 = FACE_BOUND('',#2583,.T.);
#2583 = EDGE_LOOP('',(#2584));
#2584 = ORIENTED_EDGE('',*,*,#1140,.F.);
#2585 = FACE_BOUND('',#2586,.T.);
#2586 = EDGE_LOOP('',(#2587,#2598,#2607,#2616));
#2587 = ORIENTED_EDGE('',*,*,#2588,.T.);
#2588 = EDGE_CURVE('',#2589,#2591,#2593,.T.);
#2589 = VERTEX_POINT('',#2590);
#2590 = CARTESIAN_POINT('',(40.769230769231,-33.86546651805,10.));
#2591 = VERTEX_POINT('',#2592);
#2592 = CARTESIAN_POINT('',(59.230769230769,-49.20077211113,10.));
#2593 = CIRCLE('',#2594,12.);
#2594 = AXIS2_PLACEMENT_3D('',#2595,#2596,#2597);
#2595 = CARTESIAN_POINT('',(50.,-41.53311931459,10.));
#2596 = DIRECTION('',(0.,0.,-1.));
#2597 = DIRECTION('',(1.,0.,0.));
#2598 = ORIENTED_EDGE('',*,*,#2599,.T.);
#2599 = EDGE_CURVE('',#2591,#2600,#2602,.T.);
#2600 = VERTEX_POINT('',#2601);
#2601 = CARTESIAN_POINT('',(-59.23076923076,-49.20077211113,10.));
#2602 = CIRCLE('',#2603,77.);
#2603 = AXIS2_PLACEMENT_3D('',#2604,#2605,#2606);
#2604 = CARTESIAN_POINT('',(0.,0.,10.));
#2605 = DIRECTION('',(0.,0.,-1.));
#2606 = DIRECTION('',(1.,0.,0.));
#2607 = ORIENTED_EDGE('',*,*,#2608,.T.);
#2608 = EDGE_CURVE('',#2600,#2609,#2611,.T.);
#2609 = VERTEX_POINT('',#2610);
#2610 = CARTESIAN_POINT('',(-40.76923076923,-33.86546651805,10.));
#2611 = CIRCLE('',#2612,12.);
#2612 = AXIS2_PLACEMENT_3D('',#2613,#2614,#2615);
#2613 = CARTESIAN_POINT('',(-50.,-41.53311931459,10.));
#2614 = DIRECTION('',(0.,0.,-1.));
#2615 = DIRECTION('',(1.,0.,0.));
#2616 = ORIENTED_EDGE('',*,*,#2617,.F.);
#2617 = EDGE_CURVE('',#2589,#2609,#2618,.T.);
#2618 = CIRCLE('',#2619,53.);
#2619 = AXIS2_PLACEMENT_3D('',#2620,#2621,#2622);
#2620 = CARTESIAN_POINT('',(0.,0.,10.));
#2621 = DIRECTION('',(0.,0.,-1.));
#2622 = DIRECTION('',(1.,0.,0.));
#2623 = FACE_BOUND('',#2624,.T.);
#2624 = EDGE_LOOP('',(#2625,#2635,#2643,#2651,#2659,#2667));
#2625 = ORIENTED_EDGE('',*,*,#2626,.T.);
#2626 = EDGE_CURVE('',#2627,#2629,#2631,.T.);
#2627 = VERTEX_POINT('',#2628);
#2628 = CARTESIAN_POINT('',(10.,0.,10.));
#2629 = VERTEX_POINT('',#2630);
#2630 = CARTESIAN_POINT('',(5.,-8.660254037844,10.));
#2631 = LINE('',#2632,#2633);
#2632 = CARTESIAN_POINT('',(10.,0.,10.));
#2633 = VECTOR('',#2634,1.);
#2634 = DIRECTION('',(-0.5,-0.866025403784,0.));
#2635 = ORIENTED_EDGE('',*,*,#2636,.T.);
#2636 = EDGE_CURVE('',#2629,#2637,#2639,.T.);
#2637 = VERTEX_POINT('',#2638);
#2638 = CARTESIAN_POINT('',(-5.,-8.660254037844,10.));
#2639 = LINE('',#2640,#2641);
#2640 = CARTESIAN_POINT('',(5.,-8.660254037844,10.));
#2641 = VECTOR('',#2642,1.);
#2642 = DIRECTION('',(-1.,0.,0.));
#2643 = ORIENTED_EDGE('',*,*,#2644,.T.);
#2644 = EDGE_CURVE('',#2637,#2645,#2647,.T.);
#2645 = VERTEX_POINT('',#2646);
#2646 = CARTESIAN_POINT('',(-10.,-2.E-15,10.));
#2647 = LINE('',#2648,#2649);
#2648 = CARTESIAN_POINT('',(-5.,-8.660254037844,10.));
#2649 = VECTOR('',#2650,1.);
#2650 = DIRECTION('',(-0.5,0.866025403784,-0.));
#2651 = ORIENTED_EDGE('',*,*,#2652,.T.);
#2652 = EDGE_CURVE('',#2645,#2653,#2655,.T.);
#2653 = VERTEX_POINT('',#2654);
#2654 = CARTESIAN_POINT('',(-5.,8.660254037844,10.));
#2655 = LINE('',#2656,#2657);
#2656 = CARTESIAN_POINT('',(-10.,-1.8E-15,10.));
#2657 = VECTOR('',#2658,1.);
#2658 = DIRECTION('',(0.5,0.866025403784,0.));
#2659 = ORIENTED_EDGE('',*,*,#2660,.T.);
#2660 = EDGE_CURVE('',#2653,#2661,#2663,.T.);
#2661 = VERTEX_POINT('',#2662);
#2662 = CARTESIAN_POINT('',(5.,8.660254037844,10.));
#2663 = LINE('',#2664,#2665);
#2664 = CARTESIAN_POINT('',(-5.,8.660254037844,10.));
#2665 = VECTOR('',#2666,1.);
#2666 = DIRECTION('',(1.,1.8E-16,0.));
#2667 = ORIENTED_EDGE('',*,*,#2668,.T.);
#2668 = EDGE_CURVE('',#2661,#2627,#2669,.T.);
#2669 = LINE('',#2670,#2671);
#2670 = CARTESIAN_POINT('',(5.,8.660254037844,10.));
#2671 = VECTOR('',#2672,1.);
#2672 = DIRECTION('',(0.5,-0.866025403784,0.));
#2673 = PLANE('',#2674);
#2674 = AXIS2_PLACEMENT_3D('',#2675,#2676,#2677);
#2675 = CARTESIAN_POINT('',(0.,-5.58E-15,10.));
#2676 = DIRECTION('',(0.,0.,1.));
#2677 = DIRECTION('',(1.,0.,0.));
#2678 = ADVANCED_FACE('',(#2679),#2724,.T.);
#2679 = FACE_BOUND('',#2680,.T.);
#2680 = EDGE_LOOP('',(#2681,#2690,#2722,#2723));
#2681 = ORIENTED_EDGE('',*,*,#2682,.T.);
#2682 = EDGE_CURVE('',#1090,#2683,#2685,.T.);
#2683 = VERTEX_POINT('',#2684);
#2684 = CARTESIAN_POINT('',(117.9644963136,-2.894410039839,215.));
#2685 = CIRCLE('',#2686,7.);
#2686 = AXIS2_PLACEMENT_3D('',#2687,#2688,#2689);
#2687 = CARTESIAN_POINT('',(117.9644963136,-2.894410039839,208.));
#2688 = DIRECTION('',(-2.452889864271E-02,-0.999699121302,0.));
#2689 = DIRECTION('',(0.999699121302,-2.452889864271E-02,0.));
#2690 = ORIENTED_EDGE('',*,*,#2691,.T.);
#2691 = EDGE_CURVE('',#2683,#2453,#2692,.T.);
#2692 = ( BOUNDED_CURVE() B_SPLINE_CURVE(10,(#2693,#2694,#2695,#2696,
    #2697,#2698,#2699,#2700,#2701,#2702,#2703,#2704,#2705,#2706,#2707,
    #2708,#2709,#2710,#2711,#2712,#2713,#2714,#2715,#2716,#2717,#2718,
#2719,#2720,#2721),.UNSPECIFIED.,.F.,.F.) B_SPLINE_CURVE_WITH_KNOTS((11,
    9,9,11),(5.941374319382,6.70797928855,7.474584257719,9.007794196055)
,.UNSPECIFIED.) CURVE() GEOMETRIC_REPRESENTATION_ITEM() 
RATIONAL_B_SPLINE_CURVE((1.,1.,1.,1.,1.,1.,1.,1.,1.,1.,1.,1.,1.,1.,1.,1.
,1.,1.,1.,1.,1.,1.,1.,1.,1.,1.,1.,1.,1.)) REPRESENTATION_ITEM('') );
#2693 = CARTESIAN_POINT('',(117.9644963136,-2.894410039839,215.));
#2694 = CARTESIAN_POINT('',(118.2081475159,-2.827999044734,215.));
#2695 = CARTESIAN_POINT('',(118.37114772633,-2.759280292525,215.));
#2696 = CARTESIAN_POINT('',(118.53131135186,-2.690339357129,215.));
#2697 = CARTESIAN_POINT('',(118.64766929116,-2.620127769143,215.));
#2698 = CARTESIAN_POINT('',(118.77622950758,-2.550126663121,215.));
#2699 = CARTESIAN_POINT('',(118.87333332615,-2.479209647128,215.));
#2700 = CARTESIAN_POINT('',(118.97422565553,-2.408307775397,215.));
#2701 = CARTESIAN_POINT('',(119.06213618573,-2.336992965199,215.));
#2702 = CARTESIAN_POINT('',(119.14500897139,-2.265480759672,215.));
#2703 = CARTESIAN_POINT('',(119.29879770809,-2.122027286236,215.));
#2704 = CARTESIAN_POINT('',(119.36993124384,-2.050091744853,215.));
#2705 = CARTESIAN_POINT('',(119.43601174172,-1.977973129284,215.));
#2706 = CARTESIAN_POINT('',(119.49759470705,-1.905692493045,215.));
#2707 = CARTESIAN_POINT('',(119.55510924218,-1.833266993776,215.));
#2708 = CARTESIAN_POINT('',(119.60888393297,-1.760710674343,215.));
#2709 = CARTESIAN_POINT('',(119.65917273523,-1.688035243936,215.));
#2710 = CARTESIAN_POINT('',(119.70618086116,-1.615250859158,215.));
#2711 = CARTESIAN_POINT('',(119.75009066583,-1.54236690513,215.));
#2712 = CARTESIAN_POINT('',(119.87308126918,-1.323444519482,215.));
#2713 = CARTESIAN_POINT('',(119.94341268651,-1.177135250348,215.));
#2714 = CARTESIAN_POINT('',(120.00323820241,-1.030530609732,215.));
#2715 = CARTESIAN_POINT('',(120.05342652345,-0.883686640231,215.));
#2716 = CARTESIAN_POINT('',(120.09460232688,-0.736651667602,
    214.99999999999));
#2717 = CARTESIAN_POINT('',(120.12718994128,-0.589468181869,215.));
#2718 = CARTESIAN_POINT('',(120.15145702748,-0.442174718435,215.));
#2719 = CARTESIAN_POINT('',(120.16755825923,-0.294807739193,215.));
#2720 = CARTESIAN_POINT('',(120.17557900407,-0.147403513638,215.));
#2721 = CARTESIAN_POINT('',(120.17557900407,2.465799E-11,215.));
#2722 = ORIENTED_EDGE('',*,*,#2452,.F.);
#2723 = ORIENTED_EDGE('',*,*,#1098,.F.);
#2724 = ( BOUNDED_SURFACE() B_SPLINE_SURFACE(2,10,(
    (#2725,#2726,#2727,#2728,#2729,#2730,#2731,#2732,#2733,#2734,#2735
      ,#2736,#2737,#2738,#2739,#2740,#2741,#2742,#2743,#2744,#2745,#2746
      ,#2747,#2748,#2749,#2750,#2751,#2752,#2753)
    ,(#2754,#2755,#2756,#2757,#2758,#2759,#2760,#2761,#2762,#2763,#2764
      ,#2765,#2766,#2767,#2768,#2769,#2770,#2771,#2772,#2773,#2774,#2775
      ,#2776,#2777,#2778,#2779,#2780,#2781,#2782)
    ,(#2783,#2784,#2785,#2786,#2787,#2788,#2789,#2790,#2791,#2792,#2793
      ,#2794,#2795,#2796,#2797,#2798,#2799,#2800,#2801,#2802,#2803,#2804
      ,#2805,#2806,#2807,#2808,#2809,#2810,#2811
)),.UNSPECIFIED.,.F.,.F.,.F.) B_SPLINE_SURFACE_WITH_KNOTS((3,3),(11,9,9,
    11),(0.,3.066419876673),(5.941374319382,6.70797928855,7.474584257719
,9.007794196055),.UNSPECIFIED.) GEOMETRIC_REPRESENTATION_ITEM() 
RATIONAL_B_SPLINE_SURFACE((
    (1.,1.,1.,1.,1.,1.,1.,1.,1.,1.,1.,1.,1.,1.,1.,1.,1.,1.,1.,1.,1.,1.
      ,1.,1.,1.,1.,1.,1.,1.)
    ,(0.707106781187,0.719327046252,0.727242200814,0.735040535213
      ,0.74051133543,0.746671552583,0.751166433162,0.755894689651
      ,0.759951393819,0.763763998832,0.770798276762,0.774031672625
      ,0.77701883655,0.779789162787,0.782365311851,0.784764593689
      ,0.787000350859,0.789083341696,0.791023123495,0.796442060036
      ,0.799520225284,0.802124394768,0.804299902895,0.806079269877
      ,0.80748451648,0.808529478769,0.809222122864,0.809566859679
      ,0.809566859679)
    ,(1.,1.,1.,1.,1.,1.,1.,1.,1.,1.,1.,1.,1.,1.,1.,1.,1.,1.,1.,1.,1.,1.
,1.,1.,1.,1.,1.,1.,1.))) REPRESENTATION_ITEM('') SURFACE() );
#2725 = CARTESIAN_POINT('',(124.96239016271,-3.066112330368,208.));
#2726 = CARTESIAN_POINT('',(124.96427056027,-2.989474898921,208.));
#2727 = CARTESIAN_POINT('',(124.96609873504,-2.912836186151,
    208.00921213754));
#2728 = CARTESIAN_POINT('',(124.96787468604,-2.836196232079,
    208.01800213328));
#2729 = CARTESIAN_POINT('',(124.96959841233,-2.759555076713,
    208.03145054167));
#2730 = CARTESIAN_POINT('',(124.97126991298,-2.682912760115,
    208.04261065287));
#2731 = CARTESIAN_POINT('',(124.97288918713,-2.606269322276,
    208.05689310921));
#2732 = CARTESIAN_POINT('',(124.97445623393,-2.529624803275,
    208.06992250992));
#2733 = CARTESIAN_POINT('',(124.97597105258,-2.452979243118,
    208.08377358286));
#2734 = CARTESIAN_POINT('',(124.9774336423,-2.376332681863,
    208.09745560361));
#2735 = CARTESIAN_POINT('',(124.98025436242,-2.223037637227,
    208.12470344864));
#2736 = CARTESIAN_POINT('',(124.98161249281,-2.146389153847,
    208.13824231246));
#2737 = CARTESIAN_POINT('',(124.9829183928,-2.069739749446,
    208.15160255848));
#2738 = CARTESIAN_POINT('',(124.98417206169,-1.993089464067,
    208.16470939078));
#2739 = CARTESIAN_POINT('',(124.98537349882,-1.916438337752,
    208.17750363498));
#2740 = CARTESIAN_POINT('',(124.98652270354,-1.839786410543,
    208.18993859655));
#2741 = CARTESIAN_POINT('',(124.98761967527,-1.763133722486,
    208.20197691911));
#2742 = CARTESIAN_POINT('',(124.98866441344,-1.686480313623,
    208.21358744276));
#2743 = CARTESIAN_POINT('',(124.98965691752,-1.609826223998,
    208.2247420624));
#2744 = CARTESIAN_POINT('',(124.99247772605,-1.379862032969,
    208.25675363336));
#2745 = CARTESIAN_POINT('',(124.99414932676,-1.226550009413,
    208.27615977125));
#2746 = CARTESIAN_POINT('',(124.99561198525,-1.073235743335,
    208.2934450545));
#2747 = CARTESIAN_POINT('',(124.99686569813,-0.919919555092,
    208.30846384165));
#2748 = CARTESIAN_POINT('',(124.99791046261,-0.766601765041,
    208.3211058875));
#2749 = CARTESIAN_POINT('',(124.99874627644,-0.613282693541,
    208.33129143553));
#2750 = CARTESIAN_POINT('',(124.99937313794,-0.459962660945,
    208.33896631029));
#2751 = CARTESIAN_POINT('',(124.99979104598,-0.3066419876,
    208.34409700992));
#2752 = CARTESIAN_POINT('',(125.,-0.153320993844,208.34666579848));
#2753 = CARTESIAN_POINT('',(125.,-3.062E-14,208.34666579848));
#2754 = CARTESIAN_POINT('',(124.96239016271,-3.066112330334,215.));
#2755 = CARTESIAN_POINT('',(124.96423861519,-2.990776851539,
    214.76216143712));
#2756 = CARTESIAN_POINT('',(124.96606604613,-2.914227130312,
    214.61686188725));
#2757 = CARTESIAN_POINT('',(124.96783160232,-2.838064483269,
    214.47714291731));
#2758 = CARTESIAN_POINT('',(124.96956858615,-2.760928421967,
    214.38453813167));
#2759 = CARTESIAN_POINT('',(124.97123287348,-2.684619910635,
    214.28040456972));
#2760 = CARTESIAN_POINT('',(124.97286648553,-2.607391553394,
    214.20866091214));
#2761 = CARTESIAN_POINT('',(124.97443511243,-2.530678095775,
    214.13341051851));
#2762 = CARTESIAN_POINT('',(124.97595814926,-2.453655936299,
    214.07110268039));
#2763 = CARTESIAN_POINT('',(124.97742714758,-2.376685644355,
    214.01366046336));
#2764 = CARTESIAN_POINT('',(124.98024792697,-2.223387378655,
    213.91048742872));
#2765 = CARTESIAN_POINT('',(124.98160254851,-2.146953814711,
    213.86436603515));
#2766 = CARTESIAN_POINT('',(124.98290705249,-2.070414406329,
    213.82267412191));
#2767 = CARTESIAN_POINT('',(124.98416077977,-1.993794079096,
    213.78478587173));
#2768 = CARTESIAN_POINT('',(124.98536323239,-1.917112240986,
    213.75021573462));
#2769 = CARTESIAN_POINT('',(124.98651406029,-1.840383049763,
    213.71858795967));
#2770 = CARTESIAN_POINT('',(124.98761303086,-1.763616448172,
    213.68960811693));
#2771 = CARTESIAN_POINT('',(124.98865998344,-1.686819963206,
    213.66303614689));
#2772 = CARTESIAN_POINT('',(124.9896547704,-1.610001266507,
    213.63866059128));
#2773 = CARTESIAN_POINT('',(124.992469196,-1.380557438017,
    213.57180466694));
#2774 = CARTESIAN_POINT('',(124.99413833355,-1.227581980385,
    213.53510383246));
#2775 = CARTESIAN_POINT('',(124.99560203784,-1.074348288041,
    213.50490063591));
#2776 = CARTESIAN_POINT('',(124.9968583424,-0.920942650813,
    213.48024250055));
#2777 = CARTESIAN_POINT('',(124.99790590344,-0.767434044944,
    213.46043917162));
#2778 = CARTESIAN_POINT('',(124.99874396077,-0.613876082,213.44501278168
    ));
#2779 = CARTESIAN_POINT('',(124.99937224387,-0.460311385912,
    213.4336519996));
#2780 = CARTESIAN_POINT('',(124.9997908349,-0.306778444842,
    213.42616905971));
#2781 = CARTESIAN_POINT('',(125.,-0.153320993813,213.42245876914));
#2782 = CARTESIAN_POINT('',(125.,2.271294E-11,213.42245876914));
#2783 = CARTESIAN_POINT('',(117.9644963136,-2.894410039839,215.));
#2784 = CARTESIAN_POINT('',(118.2081475159,-2.827999044734,215.));
#2785 = CARTESIAN_POINT('',(118.37114772633,-2.759280292525,215.));
#2786 = CARTESIAN_POINT('',(118.53131135186,-2.690339357129,215.));
#2787 = CARTESIAN_POINT('',(118.64766929116,-2.620127769143,215.));
#2788 = CARTESIAN_POINT('',(118.77622950758,-2.550126663121,215.));
#2789 = CARTESIAN_POINT('',(118.87333332615,-2.479209647128,215.));
#2790 = CARTESIAN_POINT('',(118.97422565553,-2.408307775397,215.));
#2791 = CARTESIAN_POINT('',(119.06213618573,-2.336992965199,215.));
#2792 = CARTESIAN_POINT('',(119.14500897139,-2.265480759672,215.));
#2793 = CARTESIAN_POINT('',(119.29879770809,-2.122027286236,215.));
#2794 = CARTESIAN_POINT('',(119.36993124384,-2.050091744853,215.));
#2795 = CARTESIAN_POINT('',(119.43601174172,-1.977973129284,215.));
#2796 = CARTESIAN_POINT('',(119.49759470705,-1.905692493045,215.));
#2797 = CARTESIAN_POINT('',(119.55510924218,-1.833266993776,215.));
#2798 = CARTESIAN_POINT('',(119.60888393297,-1.760710674343,215.));
#2799 = CARTESIAN_POINT('',(119.65917273523,-1.688035243936,215.));
#2800 = CARTESIAN_POINT('',(119.70618086116,-1.615250859158,215.));
#2801 = CARTESIAN_POINT('',(119.75009066583,-1.54236690513,215.));
#2802 = CARTESIAN_POINT('',(119.87308126918,-1.323444519482,215.));
#2803 = CARTESIAN_POINT('',(119.94341268651,-1.177135250348,215.));
#2804 = CARTESIAN_POINT('',(120.00323820241,-1.030530609732,215.));
#2805 = CARTESIAN_POINT('',(120.05342652345,-0.883686640231,215.));
#2806 = CARTESIAN_POINT('',(120.09460232688,-0.736651667602,
    214.99999999999));
#2807 = CARTESIAN_POINT('',(120.12718994128,-0.589468181869,215.));
#2808 = CARTESIAN_POINT('',(120.15145702748,-0.442174718435,215.));
#2809 = CARTESIAN_POINT('',(120.16755825923,-0.294807739193,215.));
#2810 = CARTESIAN_POINT('',(120.17557900407,-0.147403513638,215.));
#2811 = CARTESIAN_POINT('',(120.17557900407,2.465799E-11,215.));
#2812 = ADVANCED_FACE('',(#2813),#2851,.F.);
#2813 = FACE_BOUND('',#2814,.F.);
#2814 = EDGE_LOOP('',(#2815,#2842,#2843,#2844));
#2815 = ORIENTED_EDGE('',*,*,#2816,.F.);
#2816 = EDGE_CURVE('',#1082,#2817,#2819,.T.);
#2817 = VERTEX_POINT('',#2818);
#2818 = CARTESIAN_POINT('',(117.65627905046,-9.,215.));
#2819 = B_SPLINE_CURVE_WITH_KNOTS('',6,(#2820,#2821,#2822,#2823,#2824,
    #2825,#2826,#2827,#2828,#2829,#2830,#2831,#2832,#2833,#2834,#2835,
    #2836,#2837,#2838,#2839,#2840,#2841),.UNSPECIFIED.,.F.,.F.,(7,5,5,5,
    7),(0.,0.354227820893,0.529183149985,0.701265538275,1.),
  .UNSPECIFIED.);
#2820 = CARTESIAN_POINT('',(124.67557900407,-9.,208.));
#2821 = CARTESIAN_POINT('',(124.67557900407,-9.,208.65002146465));
#2822 = CARTESIAN_POINT('',(124.60295669652,-9.,209.3001991102));
#2823 = CARTESIAN_POINT('',(124.45765088037,-9.,209.94003720732));
#2824 = CARTESIAN_POINT('',(124.24175437212,-9.,210.55962494546));
#2825 = CARTESIAN_POINT('',(123.95882131294,-9.,211.14949129305));
#2826 = CARTESIAN_POINT('',(123.44444074351,-9.,211.97315007376));
#2827 = CARTESIAN_POINT('',(123.25938148291,-9.,212.23610294827));
#2828 = CARTESIAN_POINT('',(123.05998129633,-9.,212.48866021676));
#2829 = CARTESIAN_POINT('',(122.84698297496,-9.,212.72985998803));
#2830 = CARTESIAN_POINT('',(122.62121367557,-9.,212.95881401164));
#2831 = CARTESIAN_POINT('',(122.14985532958,-9.,213.38705641405));
#2832 = CARTESIAN_POINT('',(121.9046466523,-9.,213.58677564942));
#2833 = CARTESIAN_POINT('',(121.6488234916,-9.,213.77309167729));
#2834 = CARTESIAN_POINT('',(121.38330989644,-9.,213.9453174085));
#2835 = CARTESIAN_POINT('',(121.10908655323,-9.,214.10285218916));
#2836 = CARTESIAN_POINT('',(120.33781702458,-9.,214.49226468346));
#2837 = CARTESIAN_POINT('',(119.82525580179,-9.,214.69355566202));
#2838 = CARTESIAN_POINT('',(119.29499690943,-9.,214.8463074671));
#2839 = CARTESIAN_POINT('',(118.75277498769,-9.,214.948777999));
#2840 = CARTESIAN_POINT('',(118.20449698198,-9.,215.));
#2841 = CARTESIAN_POINT('',(117.65627905046,-9.,215.));
#2842 = ORIENTED_EDGE('',*,*,#1089,.T.);
#2843 = ORIENTED_EDGE('',*,*,#2682,.T.);
#2844 = ORIENTED_EDGE('',*,*,#2845,.F.);
#2845 = EDGE_CURVE('',#2817,#2683,#2846,.T.);
#2846 = CIRCLE('',#2847,118.);
#2847 = AXIS2_PLACEMENT_3D('',#2848,#2849,#2850);
#2848 = CARTESIAN_POINT('',(0.,0.,215.));
#2849 = DIRECTION('',(-0.,0.,1.));
#2850 = DIRECTION('',(0.997404632033,-7.2E-02,0.));
#2851 = TOROIDAL_SURFACE('',#2852,118.,7.);
#2852 = AXIS2_PLACEMENT_3D('',#2853,#2854,#2855);
#2853 = CARTESIAN_POINT('',(0.,0.,208.));
#2854 = DIRECTION('',(0.,0.,1.));
#2855 = DIRECTION('',(0.997404632033,-7.2E-02,0.));
#2856 = ADVANCED_FACE('',(#2857),#2876,.T.);
#2857 = FACE_BOUND('',#2858,.T.);
#2858 = EDGE_LOOP('',(#2859,#2867,#2873,#2874,#2875));
#2859 = ORIENTED_EDGE('',*,*,#2860,.T.);
#2860 = EDGE_CURVE('',#1778,#2861,#2863,.T.);
#2861 = VERTEX_POINT('',#2862);
#2862 = CARTESIAN_POINT('',(117.17557900407,-9.,215.));
#2863 = LINE('',#2864,#2865);
#2864 = CARTESIAN_POINT('',(117.17557900407,-9.,225.));
#2865 = VECTOR('',#2866,1.);
#2866 = DIRECTION('',(-0.,-0.,-1.));
#2867 = ORIENTED_EDGE('',*,*,#2868,.T.);
#2868 = EDGE_CURVE('',#2861,#2817,#2869,.T.);
#2869 = LINE('',#2870,#2871);
#2870 = CARTESIAN_POINT('',(117.17557900407,-9.,215.));
#2871 = VECTOR('',#2872,1.);
#2872 = DIRECTION('',(1.,0.,0.));
#2873 = ORIENTED_EDGE('',*,*,#2816,.F.);
#2874 = ORIENTED_EDGE('',*,*,#1081,.F.);
#2875 = ORIENTED_EDGE('',*,*,#1792,.F.);
#2876 = PLANE('',#2877);
#2877 = AXIS2_PLACEMENT_3D('',#2878,#2879,#2880);
#2878 = CARTESIAN_POINT('',(117.17557900407,-9.,225.));
#2879 = DIRECTION('',(0.,-1.,0.));
#2880 = DIRECTION('',(1.,0.,0.));
#2881 = ADVANCED_FACE('',(#2882),#2986,.F.);
#2882 = FACE_BOUND('',#2883,.F.);
#2883 = EDGE_LOOP('',(#2884,#2885,#2893,#2936,#2979,#2985));
#2884 = ORIENTED_EDGE('',*,*,#1382,.F.);
#2885 = ORIENTED_EDGE('',*,*,#2886,.T.);
#2886 = EDGE_CURVE('',#1383,#2887,#2889,.T.);
#2887 = VERTEX_POINT('',#2888);
#2888 = CARTESIAN_POINT('',(70.,109.54451150103,135.));
#2889 = LINE('',#2890,#2891);
#2890 = CARTESIAN_POINT('',(70.,2.998E-14,135.));
#2891 = VECTOR('',#2892,1.);
#2892 = DIRECTION('',(0.,1.,-2.2E-16));
#2893 = ORIENTED_EDGE('',*,*,#2894,.T.);
#2894 = EDGE_CURVE('',#2887,#2895,#2897,.T.);
#2895 = VERTEX_POINT('',#2896);
#2896 = CARTESIAN_POINT('',(107.5,73.100957586067,172.5));
#2897 = B_SPLINE_CURVE_WITH_KNOTS('',7,(#2898,#2899,#2900,#2901,#2902,
    #2903,#2904,#2905,#2906,#2907,#2908,#2909,#2910,#2911,#2912,#2913,
    #2914,#2915,#2916,#2917,#2918,#2919,#2920,#2921,#2922,#2923,#2924,
    #2925,#2926,#2927,#2928,#2929,#2930,#2931,#2932,#2933,#2934,#2935),
  .UNSPECIFIED.,.F.,.F.,(8,6,6,6,6,6,8),(0.,0.137398046925,
    0.229557907803,0.446782019381,0.705266761151,0.797472342181,1.),
  .UNSPECIFIED.);
#2898 = CARTESIAN_POINT('',(70.,109.54451150103,135.));
#2899 = CARTESIAN_POINT('',(71.317083563693,108.70288239342,135.));
#2900 = CARTESIAN_POINT('',(72.6149722669,107.84749997137,
    135.05396848161));
#2901 = CARTESIAN_POINT('',(73.891669233553,106.9801663492,
    135.15907500563));
#2902 = CARTESIAN_POINT('',(75.145405854267,106.10276937605,
    135.31254660865));
#2903 = CARTESIAN_POINT('',(76.374623195743,105.21726786627,
    135.511660355));
#2904 = CARTESIAN_POINT('',(77.577953410164,104.32567682982,
    135.75373588863));
#2905 = CARTESIAN_POINT('',(79.543170347504,102.82931203127,
    136.22554273227));
#2906 = CARTESIAN_POINT('',(80.320212412759,102.22656086947,
    136.4331579346));
#2907 = CARTESIAN_POINT('',(81.08521493796,101.62221795009,
    136.65826021191));
#2908 = CARTESIAN_POINT('',(81.838091959469,101.01669582865,
    136.90018045208));
#2909 = CARTESIAN_POINT('',(82.57878220328,100.41039952832,
    137.15829309203));
#2910 = CARTESIAN_POINT('',(83.307247335889,99.803725184805,
    137.43201539867));
#2911 = CARTESIAN_POINT('',(85.711633339115,97.767123914636,
    138.40149836682));
#2912 = CARTESIAN_POINT('',(87.331633561585,96.33735900251,
    139.16584872395));
#2913 = CARTESIAN_POINT('',(88.884153165012,94.91207158961,
    140.00711028167));
#2914 = CARTESIAN_POINT('',(90.370262790031,93.495287801004,
    140.9201200778));
#2915 = CARTESIAN_POINT('',(91.791028089777,92.091005836586,
    141.90108085199));
#2916 = CARTESIAN_POINT('',(93.147216559103,90.70352824656,
    142.94737670598));
#2917 = CARTESIAN_POINT('',(95.976380158665,87.712818167294,
    145.37831767506));
#2918 = CARTESIAN_POINT('',(97.421329025276,86.120014754019,
    146.7883834671));
#2919 = CARTESIAN_POINT('',(98.776570701047,84.565827555762,
    148.2863042228));
#2920 = CARTESIAN_POINT('',(100.04236291724,83.058949653823,
    149.87295548981));
#2921 = CARTESIAN_POINT('',(101.21607954027,81.611896798491,
    151.55017533716));
#2922 = CARTESIAN_POINT('',(102.29237513582,80.242274575439,
    153.320041422));
#2923 = CARTESIAN_POINT('',(103.60917536664,78.520466079933,
    155.84960831865));
#2924 = CARTESIAN_POINT('',(103.94206096508,78.080396705233,
    156.52695994648));
#2925 = CARTESIAN_POINT('',(104.26116320101,77.654100569673,
    157.21657297723));
#2926 = CARTESIAN_POINT('',(104.56600479883,77.242785283077,
    157.91844438352));
#2927 = CARTESIAN_POINT('',(104.85607563521,76.847729912491,
    158.63256957263));
#2928 = CARTESIAN_POINT('',(105.13082913787,76.470283334785,
    159.35894236526));
#2929 = CARTESIAN_POINT('',(105.95823637677,75.324598810948,
    161.7199023425));
#2930 = CARTESIAN_POINT('',(106.45434046908,74.623204575504,
    163.41350136047));
#2931 = CARTESIAN_POINT('',(106.86428781604,74.032653383814,
    165.16445221904));
#2932 = CARTESIAN_POINT('',(107.17890919995,73.573141275186,
    166.95988189598));
#2933 = CARTESIAN_POINT('',(107.3921726771,73.259525661223,
    168.78809571696));
#2934 = CARTESIAN_POINT('',(107.5,73.100957586067,170.63831201975));
#2935 = CARTESIAN_POINT('',(107.5,73.100957586067,172.5));
#2936 = ORIENTED_EDGE('',*,*,#2937,.T.);
#2937 = EDGE_CURVE('',#2895,#2938,#2940,.T.);
#2938 = VERTEX_POINT('',#2939);
#2939 = CARTESIAN_POINT('',(70.,109.54451150103,210.));
#2940 = B_SPLINE_CURVE_WITH_KNOTS('',7,(#2941,#2942,#2943,#2944,#2945,
    #2946,#2947,#2948,#2949,#2950,#2951,#2952,#2953,#2954,#2955,#2956,
    #2957,#2958,#2959,#2960,#2961,#2962,#2963,#2964,#2965,#2966,#2967,
    #2968,#2969,#2970,#2971,#2972,#2973,#2974,#2975,#2976,#2977,#2978),
  .UNSPECIFIED.,.F.,.F.,(8,6,6,6,6,6,8),(0.,0.202290954906,0.29491727489
    ,0.555113980296,0.770445890262,0.862604226343,1.),.UNSPECIFIED.);
#2941 = CARTESIAN_POINT('',(107.5,73.100957586067,172.5));
#2942 = CARTESIAN_POINT('',(107.5,73.100957586067,174.3594443239));
#2943 = CARTESIAN_POINT('',(107.39243242198,73.259143686195,
    176.20743281016));
#2944 = CARTESIAN_POINT('',(107.17968225328,73.572004461884,
    178.03347546818));
#2945 = CARTESIAN_POINT('',(106.86581244411,74.030426511036,
    179.82683294145));
#2946 = CARTESIAN_POINT('',(106.45682885344,74.619619666354,
    181.5758587065));
#2947 = CARTESIAN_POINT('',(105.96185524746,75.319482125175,
    183.26773455273));
#2948 = CARTESIAN_POINT('',(105.13474548958,76.464908253637,
    185.63080258648));
#2949 = CARTESIAN_POINT('',(104.8589128086,76.843878080753,
    186.36063360817));
#2950 = CARTESIAN_POINT('',(104.56761756244,77.240630072216,
    187.07810555143));
#2951 = CARTESIAN_POINT('',(104.26141408362,77.653796316406,
    187.78321195523));
#2952 = CARTESIAN_POINT('',(103.9408196038,78.082079942545,
    188.4759479665));
#2953 = CARTESIAN_POINT('',(103.60631794301,78.524256808631,
    189.15631031889));
#2954 = CARTESIAN_POINT('',(102.28092311372,80.257094570872,
    191.70074036541));
#2955 = CARTESIAN_POINT('',(101.19638093293,81.636802676844,
    193.48133758206));
#2956 = CARTESIAN_POINT('',(100.01318865004,83.094763519031,
    195.16808669454));
#2957 = CARTESIAN_POINT('',(98.736773373504,84.61306628383,
    196.7630985792));
#2958 = CARTESIAN_POINT('',(97.369777465465,86.179013916233,
    198.26823159529));
#2959 = CARTESIAN_POINT('',(95.911889684553,87.783808132821,
    199.68434347827));
#2960 = CARTESIAN_POINT('',(93.076416550469,90.775905587441,
    202.10711422611));
#2961 = CARTESIAN_POINT('',(91.729237176876,92.152040346232,
    203.14149659644));
#2962 = CARTESIAN_POINT('',(90.318568484479,93.544545786122,
    204.11158803437));
#2963 = CARTESIAN_POINT('',(88.843656085741,94.949237026682,
    205.01480854323));
#2964 = CARTESIAN_POINT('',(87.303464020956,96.362216304499,
    205.84743391279));
#2965 = CARTESIAN_POINT('',(85.696955730577,97.779556376042,
    206.60441985573));
#2966 = CARTESIAN_POINT('',(83.307247335893,99.803725184802,
    207.56798460132));
#2967 = CARTESIAN_POINT('',(82.578782203284,100.41039952832,
    207.84170690796));
#2968 = CARTESIAN_POINT('',(81.838091959473,101.01669582865,
    208.09981954791));
#2969 = CARTESIAN_POINT('',(81.085214937964,101.62221795008,
    208.34173978808));
#2970 = CARTESIAN_POINT('',(80.320212412763,102.22656086947,
    208.56684206539));
#2971 = CARTESIAN_POINT('',(79.543170347508,102.82931203127,
    208.77445726772));
#2972 = CARTESIAN_POINT('',(77.577953410167,104.32567682981,
    209.24626411136));
#2973 = CARTESIAN_POINT('',(76.374623195746,105.21726786627,
    209.48833964499));
#2974 = CARTESIAN_POINT('',(75.14540585427,106.10276937605,
    209.68745339134));
#2975 = CARTESIAN_POINT('',(73.891669233555,106.9801663492,
    209.84092499436));
#2976 = CARTESIAN_POINT('',(72.614972266901,107.84749997137,
    209.94603151838));
#2977 = CARTESIAN_POINT('',(71.317083563693,108.70288239342,210.));
#2978 = CARTESIAN_POINT('',(70.,109.54451150103,210.));
#2979 = ORIENTED_EDGE('',*,*,#2980,.F.);
#2980 = EDGE_CURVE('',#1534,#2938,#2981,.T.);
#2981 = LINE('',#2982,#2983);
#2982 = CARTESIAN_POINT('',(70.,4.663E-14,210.));
#2983 = VECTOR('',#2984,1.);
#2984 = DIRECTION('',(0.,1.,-2.2E-16));
#2985 = ORIENTED_EDGE('',*,*,#1542,.F.);
#2986 = CYLINDRICAL_SURFACE('',#2987,37.5);
#2987 = AXIS2_PLACEMENT_3D('',#2988,#2989,#2990);
#2988 = CARTESIAN_POINT('',(70.,3.83E-14,172.5));
#2989 = DIRECTION('',(0.,-1.,2.2E-16));
#2990 = DIRECTION('',(1.,0.,0.));
#2991 = ADVANCED_FACE('',(#2992),#3011,.T.);
#2992 = FACE_BOUND('',#2993,.T.);
#2993 = EDGE_LOOP('',(#2994,#2995,#2996,#3005));
#2994 = ORIENTED_EDGE('',*,*,#1427,.T.);
#2995 = ORIENTED_EDGE('',*,*,#2886,.T.);
#2996 = ORIENTED_EDGE('',*,*,#2997,.F.);
#2997 = EDGE_CURVE('',#2998,#2887,#3000,.T.);
#2998 = VERTEX_POINT('',#2999);
#2999 = CARTESIAN_POINT('',(-70.,109.54451150103,135.));
#3000 = CIRCLE('',#3001,130.);
#3001 = AXIS2_PLACEMENT_3D('',#3002,#3003,#3004);
#3002 = CARTESIAN_POINT('',(0.,0.,135.));
#3003 = DIRECTION('',(0.,0.,-1.));
#3004 = DIRECTION('',(1.,0.,0.));
#3005 = ORIENTED_EDGE('',*,*,#3006,.F.);
#3006 = EDGE_CURVE('',#1428,#2998,#3007,.T.);
#3007 = LINE('',#3008,#3009);
#3008 = CARTESIAN_POINT('',(-70.,2.998E-14,135.));
#3009 = VECTOR('',#3010,1.);
#3010 = DIRECTION('',(0.,1.,-2.2E-16));
#3011 = PLANE('',#3012);
#3012 = AXIS2_PLACEMENT_3D('',#3013,#3014,#3015);
#3013 = CARTESIAN_POINT('',(70.,2.998E-14,135.));
#3014 = DIRECTION('',(0.,2.2E-16,1.));
#3015 = DIRECTION('',(-1.,0.,0.));
#3016 = ADVANCED_FACE('',(#3017),#3124,.F.);
#3017 = FACE_BOUND('',#3018,.F.);
#3018 = EDGE_LOOP('',(#3019,#3020,#3028,#3123));
#3019 = ORIENTED_EDGE('',*,*,#1436,.F.);
#3020 = ORIENTED_EDGE('',*,*,#3021,.T.);
#3021 = EDGE_CURVE('',#1437,#3022,#3024,.T.);
#3022 = VERTEX_POINT('',#3023);
#3023 = CARTESIAN_POINT('',(-70.,109.54451150103,210.));
#3024 = LINE('',#3025,#3026);
#3025 = CARTESIAN_POINT('',(-70.,4.663E-14,210.));
#3026 = VECTOR('',#3027,1.);
#3027 = DIRECTION('',(0.,1.,-2.2E-16));
#3028 = ORIENTED_EDGE('',*,*,#3029,.T.);
#3029 = EDGE_CURVE('',#3022,#2998,#3030,.T.);
#3030 = B_SPLINE_CURVE_WITH_KNOTS('',7,(#3031,#3032,#3033,#3034,#3035,
    #3036,#3037,#3038,#3039,#3040,#3041,#3042,#3043,#3044,#3045,#3046,
    #3047,#3048,#3049,#3050,#3051,#3052,#3053,#3054,#3055,#3056,#3057,
    #3058,#3059,#3060,#3061,#3062,#3063,#3064,#3065,#3066,#3067,#3068,
    #3069,#3070,#3071,#3072,#3073,#3074,#3075,#3076,#3077,#3078,#3079,
    #3080,#3081,#3082,#3083,#3084,#3085,#3086,#3087,#3088,#3089,#3090,
    #3091,#3092,#3093,#3094,#3095,#3096,#3097,#3098,#3099,#3100,#3101,
    #3102,#3103,#3104,#3105,#3106,#3107,#3108,#3109,#3110,#3111,#3112,
    #3113,#3114,#3115,#3116,#3117,#3118,#3119,#3120,#3121,#3122),
  .UNSPECIFIED.,.F.,.F.,(8,6,6,6,6,6,6,6,6,6,6,6,6,6,6,8),(0.,
    6.861006749904E-02,0.11463033065,0.223101748491,0.352176767955,
    0.39821986158,0.436370640423,0.457015099945,0.499563534099,
    0.563024263195,0.601190621533,0.647498539602,0.77758216721,
    0.885235936095,0.931309888696,1.),.UNSPECIFIED.);
#3031 = CARTESIAN_POINT('',(-70.,109.54451150103,210.));
#3032 = CARTESIAN_POINT('',(-71.31708356376,108.70288239337,210.));
#3033 = CARTESIAN_POINT('',(-72.6149722669,107.84749997136,
    209.94603151837));
#3034 = CARTESIAN_POINT('',(-73.89166923349,106.98016634923,
    209.84092499436));
#3035 = CARTESIAN_POINT('',(-75.14540585421,106.10276937609,
    209.68745339135));
#3036 = CARTESIAN_POINT('',(-76.37462319575,105.21726786626,
    209.488339645));
#3037 = CARTESIAN_POINT('',(-77.57795341022,104.32567682977,
    209.24626411135));
#3038 = CARTESIAN_POINT('',(-79.5431703475,102.82931203127,
    208.77445726772));
#3039 = CARTESIAN_POINT('',(-80.32021241275,102.22656086947,
    208.56684206539));
#3040 = CARTESIAN_POINT('',(-81.08521493796,101.62221795009,
    208.34173978808));
#3041 = CARTESIAN_POINT('',(-81.83809195946,101.01669582865,
    208.09981954791));
#3042 = CARTESIAN_POINT('',(-82.57878220327,100.41039952832,
    207.84170690796));
#3043 = CARTESIAN_POINT('',(-83.30724733588,99.803725184806,
    207.56798460132));
#3044 = CARTESIAN_POINT('',(-85.71163333911,97.767123914636,
    206.59850163317));
#3045 = CARTESIAN_POINT('',(-87.33163356158,96.337359002511,
    205.83415127605));
#3046 = CARTESIAN_POINT('',(-88.88415316501,94.912071589608,
    204.99288971832));
#3047 = CARTESIAN_POINT('',(-90.37026279003,93.495287801003,
    204.07987992219));
#3048 = CARTESIAN_POINT('',(-91.79102808977,92.091005836588,
    203.098919148));
#3049 = CARTESIAN_POINT('',(-93.1472165591,90.703528246561,
    202.05262329402));
#3050 = CARTESIAN_POINT('',(-95.97638015866,87.712818167299,
    199.62168232494));
#3051 = CARTESIAN_POINT('',(-97.42132902528,86.120014754016,
    198.21161653288));
#3052 = CARTESIAN_POINT('',(-98.77657070104,84.56582755576,
    196.7136957772));
#3053 = CARTESIAN_POINT('',(-100.0423629172,83.058949653826,
    195.12704451017));
#3054 = CARTESIAN_POINT('',(-101.2160795402,81.611896798493,
    193.44982466284));
#3055 = CARTESIAN_POINT('',(-102.2923751358,80.242274575437,
    191.67995857799));
#3056 = CARTESIAN_POINT('',(-103.6091753666,78.520466079939,
    189.15039168135));
#3057 = CARTESIAN_POINT('',(-103.942060965,78.080396705233,
    188.47304005352));
#3058 = CARTESIAN_POINT('',(-104.261163201,77.654100569668,
    187.78342702275));
#3059 = CARTESIAN_POINT('',(-104.5660047988,77.242785283073,
    187.08155561647));
#3060 = CARTESIAN_POINT('',(-104.8560756352,76.847729912492,
    186.36743042736));
#3061 = CARTESIAN_POINT('',(-105.1308291378,76.470283334791,
    185.64105763475));
#3062 = CARTESIAN_POINT('',(-105.6041584472,75.814879273886,
    184.29043909664));
#3063 = CARTESIAN_POINT('',(-105.8077466901,75.530920047854,
    183.66995108509));
#3064 = CARTESIAN_POINT('',(-106.0000010556,75.260939705865,
    183.04127669614));
#3065 = CARTESIAN_POINT('',(-106.1805032045,75.005870892081,
    182.40470125863));
#3066 = CARTESIAN_POINT('',(-106.3488531683,74.766621911969,
    181.76049974054));
#3067 = CARTESIAN_POINT('',(-106.5046637015,74.544074544144,
    181.1089367643));
#3068 = CARTESIAN_POINT('',(-106.7248769364,74.228154540643,
    180.09384168129));
#3069 = CARTESIAN_POINT('',(-106.7984075526,74.122379872893,
    179.7353751622));
#3070 = CARTESIAN_POINT('',(-106.8680750524,74.021909200071,
    179.37496682966));
#3071 = CARTESIAN_POINT('',(-106.9338130183,73.926885270331,
    179.01271474338));
#3072 = CARTESIAN_POINT('',(-106.9955596891,73.83744210172,
    178.64871526106));
#3073 = CARTESIAN_POINT('',(-107.053257603,73.753704855022,
    178.28306304164));
#3074 = CARTESIAN_POINT('',(-107.2173143768,73.515205819304,
    177.15902351837));
#3075 = CARTESIAN_POINT('',(-107.3103831863,73.379304640489,
    176.39534327413));
#3076 = CARTESIAN_POINT('',(-107.3854890655,73.269251088286,
    175.62618765286));
#3077 = CARTESIAN_POINT('',(-107.4422163763,73.185930864394,
    174.85289468323));
#3078 = CARTESIAN_POINT('',(-107.4802875265,73.129946112289,
    174.07677438675));
#3079 = CARTESIAN_POINT('',(-107.4995538086,73.101613741095,
    173.29912012381));
#3080 = CARTESIAN_POINT('',(-107.5006505331,73.100000932398,
    171.36098668797));
#3081 = CARTESIAN_POINT('',(-107.459426325,73.16062373266,
    170.20211562748));
#3082 = CARTESIAN_POINT('',(-107.3764993746,73.282579153918,
    169.04832365079));
#3083 = CARTESIAN_POINT('',(-107.2525576238,73.464380035043,
    167.90336880326));
#3084 = CARTESIAN_POINT('',(-107.088815933,73.703301782248,
    166.77111472205));
#3085 = CARTESIAN_POINT('',(-106.887102079,73.995400715445,
    165.65559367768));
#3086 = CARTESIAN_POINT('',(-106.5074216415,74.540132267001,
    163.90280212257));
#3087 = CARTESIAN_POINT('',(-106.3519265957,74.762246733961,
    163.25162628674));
#3088 = CARTESIAN_POINT('',(-106.1839058808,75.001049240827,
    162.60779548707));
#3089 = CARTESIAN_POINT('',(-106.0037459097,75.255660059649,
    161.97157479224));
#3090 = CARTESIAN_POINT('',(-105.8118458998,75.525172772314,
    161.34323962431));
#3091 = CARTESIAN_POINT('',(-105.6086235108,75.808656453792,
    160.72307577526));
#3092 = CARTESIAN_POINT('',(-105.1347454895,76.464908253637,
    159.36919741351));
#3093 = CARTESIAN_POINT('',(-104.8589128086,76.843878080754,
    158.63936639182));
#3094 = CARTESIAN_POINT('',(-104.5676175624,77.240630072216,
    157.92189444856));
#3095 = CARTESIAN_POINT('',(-104.2614140836,77.653796316406,
    157.21678804476));
#3096 = CARTESIAN_POINT('',(-103.9408196038,78.082079942545,
    156.52405203349));
#3097 = CARTESIAN_POINT('',(-103.606317943,78.524256808631,
    155.8436896811));
#3098 = CARTESIAN_POINT('',(-102.2809231137,80.25709457087,
    153.29925963458));
#3099 = CARTESIAN_POINT('',(-101.1963809329,81.636802676851,
    151.51866241792));
#3100 = CARTESIAN_POINT('',(-100.01318865,83.094763519023,
    149.83191330546));
#3101 = CARTESIAN_POINT('',(-98.73677337348,84.613066283843,
    148.23690142078));
#3102 = CARTESIAN_POINT('',(-97.36977746547,86.179013916228,
    146.7317684047));
#3103 = CARTESIAN_POINT('',(-95.91188968455,87.783808132823,
    145.31565652172));
#3104 = CARTESIAN_POINT('',(-93.07641655046,90.775905587443,
    142.89288577388));
#3105 = CARTESIAN_POINT('',(-91.72923717687,92.152040346233,
    141.85850340355));
#3106 = CARTESIAN_POINT('',(-90.31856848447,93.544545786124,
    140.88841196562));
#3107 = CARTESIAN_POINT('',(-88.84365608573,94.949237026684,
    139.98519145676));
#3108 = CARTESIAN_POINT('',(-87.30346402095,96.362216304501,
    139.1525660872));
#3109 = CARTESIAN_POINT('',(-85.69695573057,97.779556376044,
    138.39558014426));
#3110 = CARTESIAN_POINT('',(-83.30724733589,99.803725184804,
    137.43201539867));
#3111 = CARTESIAN_POINT('',(-82.57878220328,100.41039952832,
    137.15829309203));
#3112 = CARTESIAN_POINT('',(-81.83809195947,101.01669582865,
    136.90018045208));
#3113 = CARTESIAN_POINT('',(-81.08521493796,101.62221795008,
    136.65826021191));
#3114 = CARTESIAN_POINT('',(-80.32021241276,102.22656086947,
    136.4331579346));
#3115 = CARTESIAN_POINT('',(-79.5431703475,102.82931203127,
    136.22554273227));
#3116 = CARTESIAN_POINT('',(-77.57795341016,104.32567682982,
    135.75373588863));
#3117 = CARTESIAN_POINT('',(-76.37462319574,105.21726786627,
    135.511660355));
#3118 = CARTESIAN_POINT('',(-75.14540585426,106.10276937605,
    135.31254660865));
#3119 = CARTESIAN_POINT('',(-73.89166923355,106.9801663492,
    135.15907500563));
#3120 = CARTESIAN_POINT('',(-72.6149722669,107.84749997137,
    135.05396848161));
#3121 = CARTESIAN_POINT('',(-71.31708356369,108.70288239342,135.));
#3122 = CARTESIAN_POINT('',(-70.,109.54451150103,135.));
#3123 = ORIENTED_EDGE('',*,*,#3006,.F.);
#3124 = CYLINDRICAL_SURFACE('',#3125,37.5);
#3125 = AXIS2_PLACEMENT_3D('',#3126,#3127,#3128);
#3126 = CARTESIAN_POINT('',(-70.,3.83E-14,172.5));
#3127 = DIRECTION('',(0.,-1.,2.2E-16));
#3128 = DIRECTION('',(1.,0.,0.));
#3129 = ADVANCED_FACE('',(#3130),#3142,.F.);
#3130 = FACE_BOUND('',#3131,.F.);
#3131 = EDGE_LOOP('',(#3132,#3133,#3134,#3141));
#3132 = ORIENTED_EDGE('',*,*,#1533,.T.);
#3133 = ORIENTED_EDGE('',*,*,#2980,.T.);
#3134 = ORIENTED_EDGE('',*,*,#3135,.F.);
#3135 = EDGE_CURVE('',#3022,#2938,#3136,.T.);
#3136 = CIRCLE('',#3137,130.);
#3137 = AXIS2_PLACEMENT_3D('',#3138,#3139,#3140);
#3138 = CARTESIAN_POINT('',(0.,0.,210.));
#3139 = DIRECTION('',(0.,0.,-1.));
#3140 = DIRECTION('',(1.,0.,0.));
#3141 = ORIENTED_EDGE('',*,*,#3021,.F.);
#3142 = PLANE('',#3143);
#3143 = AXIS2_PLACEMENT_3D('',#3144,#3145,#3146);
#3144 = CARTESIAN_POINT('',(70.,4.663E-14,210.));
#3145 = DIRECTION('',(0.,2.2E-16,1.));
#3146 = DIRECTION('',(-1.,0.,0.));
#3147 = ADVANCED_FACE('',(#3148),#3202,.F.);
#3148 = FACE_BOUND('',#3149,.F.);
#3149 = EDGE_LOOP('',(#3150,#3151,#3159,#3196));
#3150 = ORIENTED_EDGE('',*,*,#1585,.F.);
#3151 = ORIENTED_EDGE('',*,*,#3152,.T.);
#3152 = EDGE_CURVE('',#1586,#3153,#3155,.T.);
#3153 = VERTEX_POINT('',#3154);
#3154 = CARTESIAN_POINT('',(100.,83.066238629181,82.));
#3155 = LINE('',#3156,#3157);
#3156 = CARTESIAN_POINT('',(100.,1.821E-14,82.));
#3157 = VECTOR('',#3158,1.);
#3158 = DIRECTION('',(0.,1.,-2.2E-16));
#3159 = ORIENTED_EDGE('',*,*,#3160,.T.);
#3160 = EDGE_CURVE('',#3153,#3161,#3163,.T.);
#3161 = VERTEX_POINT('',#3162);
#3162 = CARTESIAN_POINT('',(92.,91.84770002564,90.));
#3163 = B_SPLINE_CURVE_WITH_KNOTS('',6,(#3164,#3165,#3166,#3167,#3168,
    #3169,#3170,#3171,#3172,#3173,#3174,#3175,#3176,#3177,#3178,#3179,
    #3180,#3181,#3182,#3183,#3184,#3185,#3186,#3187,#3188,#3189,#3190,
    #3191,#3192,#3193,#3194,#3195),.UNSPECIFIED.,.F.,.F.,(7,5,5,5,5,5,7)
  ,(0.,0.176010083973,0.282621937308,0.417312850414,0.517346904019,
    0.800919450428,1.),.UNSPECIFIED.);
#3164 = CARTESIAN_POINT('',(100.,83.066238629181,82.));
#3165 = CARTESIAN_POINT('',(100.,83.066238629181,82.425379217977));
#3166 = CARTESIAN_POINT('',(99.972857862366,83.098913851361,
    82.850087763632));
#3167 = CARTESIAN_POINT('',(99.91873416857,83.164071459203,
    83.270565621598));
#3168 = CARTESIAN_POINT('',(99.838612320135,83.260363081581,
    83.683281546262));
#3169 = CARTESIAN_POINT('',(99.734289704317,83.385309301411,
    84.084847725279));
#3170 = CARTESIAN_POINT('',(99.532230491943,83.626246858109,
    84.706722036736));
#3171 = CARTESIAN_POINT('',(99.448038883411,83.726435715414,
    84.93630453824));
#3172 = CARTESIAN_POINT('',(99.356312163528,83.835329100919,
    85.160576332888));
#3173 = CARTESIAN_POINT('',(99.25749957182,83.952308046287,
    85.379256579012));
#3174 = CARTESIAN_POINT('',(99.152068187155,84.076733029846,
    85.592090825763));
#3175 = CARTESIAN_POINT('',(98.899561825748,84.373716381412,
    86.060067220311));
#3176 = CARTESIAN_POINT('',(98.748812157966,84.550344812595,
    86.311626591575));
#3177 = CARTESIAN_POINT('',(98.589049095119,84.736729169779,
    86.55341079458));
#3178 = CARTESIAN_POINT('',(98.421009900709,84.931842146273,
    86.785335185696));
#3179 = CARTESIAN_POINT('',(98.245380378175,85.134731944035,
    87.007348614427));
#3180 = CARTESIAN_POINT('',(97.92719502596,85.50033414825,
    87.376946888267));
#3181 = CARTESIAN_POINT('',(97.787733626082,85.659978516084,
    87.529010900177));
#3182 = CARTESIAN_POINT('',(97.644641965693,85.823135237038,
    87.675648748511));
#3183 = CARTESIAN_POINT('',(97.498129411094,85.989509632502,
    87.816884457703));
#3184 = CARTESIAN_POINT('',(97.34838638902,86.158833621101,
    87.952742485869));
#3185 = CARTESIAN_POINT('',(96.762427363114,86.818535449357,
    88.453198772368));
#3186 = CARTESIAN_POINT('',(96.304565934914,87.328105127367,
    88.780240157172));
#3187 = CARTESIAN_POINT('',(95.825914553668,87.854051676952,
    89.064852572952));
#3188 = CARTESIAN_POINT('',(95.329440254372,88.392237762913,
    89.307314688654));
#3189 = CARTESIAN_POINT('',(94.817497901144,88.939442120834,
    89.50748474161));
#3190 = CARTESIAN_POINT('',(93.923411401837,89.881476253414,
    89.77487330302));
#3191 = CARTESIAN_POINT('',(93.548098141416,90.273068354492,
    89.863918195962));
#3192 = CARTESIAN_POINT('',(93.167173679397,90.666544779115,
    89.931405940095));
#3193 = CARTESIAN_POINT('',(92.781542408792,91.060836637206,
    89.976933498993));
#3194 = CARTESIAN_POINT('',(92.392143779331,91.454906001529,90.));
#3195 = CARTESIAN_POINT('',(92.,91.84770002564,90.));
#3196 = ORIENTED_EDGE('',*,*,#3197,.F.);
#3197 = EDGE_CURVE('',#1588,#3161,#3198,.T.);
#3198 = LINE('',#3199,#3200);
#3199 = CARTESIAN_POINT('',(92.,1.998E-14,90.));
#3200 = VECTOR('',#3201,1.);
#3201 = DIRECTION('',(0.,1.,-2.2E-16));
#3202 = CYLINDRICAL_SURFACE('',#3203,8.);
#3203 = AXIS2_PLACEMENT_3D('',#3204,#3205,#3206);
#3204 = CARTESIAN_POINT('',(92.,1.821E-14,82.));
#3205 = DIRECTION('',(0.,-1.,2.2E-16));
#3206 = DIRECTION('',(1.,0.,0.));
#3207 = ADVANCED_FACE('',(#3208),#3226,.F.);
#3208 = FACE_BOUND('',#3209,.F.);
#3209 = EDGE_LOOP('',(#3210,#3211,#3219,#3225));
#3210 = ORIENTED_EDGE('',*,*,#1624,.T.);
#3211 = ORIENTED_EDGE('',*,*,#3212,.T.);
#3212 = EDGE_CURVE('',#1625,#3213,#3215,.T.);
#3213 = VERTEX_POINT('',#3214);
#3214 = CARTESIAN_POINT('',(100.,83.066238629181,33.));
#3215 = LINE('',#3216,#3217);
#3216 = CARTESIAN_POINT('',(100.,7.33E-15,33.));
#3217 = VECTOR('',#3218,1.);
#3218 = DIRECTION('',(0.,1.,-2.2E-16));
#3219 = ORIENTED_EDGE('',*,*,#3220,.F.);
#3220 = EDGE_CURVE('',#3153,#3213,#3221,.T.);
#3221 = LINE('',#3222,#3223);
#3222 = CARTESIAN_POINT('',(100.,83.066238629181,0.));
#3223 = VECTOR('',#3224,1.);
#3224 = DIRECTION('',(-0.,-0.,-1.));
#3225 = ORIENTED_EDGE('',*,*,#3152,.F.);
#3226 = PLANE('',#3227);
#3227 = AXIS2_PLACEMENT_3D('',#3228,#3229,#3230);
#3228 = CARTESIAN_POINT('',(100.,7.33E-15,33.));
#3229 = DIRECTION('',(1.,0.,0.));
#3230 = DIRECTION('',(0.,2.2E-16,1.));
#3231 = ADVANCED_FACE('',(#3232),#3251,.F.);
#3232 = FACE_BOUND('',#3233,.F.);
#3233 = EDGE_LOOP('',(#3234,#3235,#3236,#3245));
#3234 = ORIENTED_EDGE('',*,*,#1760,.T.);
#3235 = ORIENTED_EDGE('',*,*,#3197,.T.);
#3236 = ORIENTED_EDGE('',*,*,#3237,.F.);
#3237 = EDGE_CURVE('',#3238,#3161,#3240,.T.);
#3238 = VERTEX_POINT('',#3239);
#3239 = CARTESIAN_POINT('',(-92.,91.84770002564,90.));
#3240 = CIRCLE('',#3241,130.);
#3241 = AXIS2_PLACEMENT_3D('',#3242,#3243,#3244);
#3242 = CARTESIAN_POINT('',(0.,0.,90.));
#3243 = DIRECTION('',(0.,0.,-1.));
#3244 = DIRECTION('',(1.,0.,0.));
#3245 = ORIENTED_EDGE('',*,*,#3246,.F.);
#3246 = EDGE_CURVE('',#1724,#3238,#3247,.T.);
#3247 = LINE('',#3248,#3249);
#3248 = CARTESIAN_POINT('',(-92.,1.998E-14,90.));
#3249 = VECTOR('',#3250,1.);
#3250 = DIRECTION('',(0.,1.,-2.2E-16));
#3251 = PLANE('',#3252);
#3252 = AXIS2_PLACEMENT_3D('',#3253,#3254,#3255);
#3253 = CARTESIAN_POINT('',(92.,1.998E-14,90.));
#3254 = DIRECTION('',(0.,2.2E-16,1.));
#3255 = DIRECTION('',(-1.,0.,0.));
#3256 = ADVANCED_FACE('',(#3257),#3304,.F.);
#3257 = FACE_BOUND('',#3258,.F.);
#3258 = EDGE_LOOP('',(#3259,#3260,#3268,#3303));
#3259 = ORIENTED_EDGE('',*,*,#1632,.F.);
#3260 = ORIENTED_EDGE('',*,*,#3261,.T.);
#3261 = EDGE_CURVE('',#1633,#3262,#3264,.T.);
#3262 = VERTEX_POINT('',#3263);
#3263 = CARTESIAN_POINT('',(92.,91.84770002564,25.));
#3264 = LINE('',#3265,#3266);
#3265 = CARTESIAN_POINT('',(92.,5.55E-15,25.));
#3266 = VECTOR('',#3267,1.);
#3267 = DIRECTION('',(0.,1.,-2.2E-16));
#3268 = ORIENTED_EDGE('',*,*,#3269,.T.);
#3269 = EDGE_CURVE('',#3262,#3213,#3270,.T.);
#3270 = B_SPLINE_CURVE_WITH_KNOTS('',6,(#3271,#3272,#3273,#3274,#3275,
    #3276,#3277,#3278,#3279,#3280,#3281,#3282,#3283,#3284,#3285,#3286,
    #3287,#3288,#3289,#3290,#3291,#3292,#3293,#3294,#3295,#3296,#3297,
    #3298,#3299,#3300,#3301,#3302),.UNSPECIFIED.,.F.,.F.,(7,5,5,5,5,5,7)
  ,(0.,0.199080459511,0.482652901217,0.582686919916,0.715001165333,
    0.823990700871,1.),.UNSPECIFIED.);
#3271 = CARTESIAN_POINT('',(92.,91.84770002564,25.));
#3272 = CARTESIAN_POINT('',(92.392143689176,91.454906091833,25.));
#3273 = CARTESIAN_POINT('',(92.781542301745,91.060836746309,
    25.02306649039));
#3274 = CARTESIAN_POINT('',(93.167173610679,90.666544850661,
    25.068594044426));
#3275 = CARTESIAN_POINT('',(93.548098133044,90.273068363981,
    25.136081797686));
#3276 = CARTESIAN_POINT('',(93.923411432506,89.881476221101,
    25.225126706151));
#3277 = CARTESIAN_POINT('',(94.817497901144,88.939442120833,
    25.49251525839));
#3278 = CARTESIAN_POINT('',(95.329440254372,88.392237762913,
    25.692685311346));
#3279 = CARTESIAN_POINT('',(95.825914553669,87.854051676951,
    25.935147427049));
#3280 = CARTESIAN_POINT('',(96.304565934915,87.328105127367,
    26.219759842828));
#3281 = CARTESIAN_POINT('',(96.762427363115,86.818535449356,
    26.546801227633));
#3282 = CARTESIAN_POINT('',(97.34838639212,86.158833617611,
    27.047257516779));
#3283 = CARTESIAN_POINT('',(97.498129410443,85.98950963327,
    27.183115541286));
#3284 = CARTESIAN_POINT('',(97.644641962756,85.823135240377,
    27.324351248555));
#3285 = CARTESIAN_POINT('',(97.787733625164,85.659978517101,
    27.470989099265));
#3286 = CARTESIAN_POINT('',(97.927195028726,85.500334145072,
    27.623053114946));
#3287 = CARTESIAN_POINT('',(98.242158705491,85.1384337192,
    27.988909149626));
#3288 = CARTESIAN_POINT('',(98.414807464962,84.939006918496,
    28.206830389612));
#3289 = CARTESIAN_POINT('',(98.580141818483,84.74707057416,
    28.434314858356));
#3290 = CARTESIAN_POINT('',(98.737513771072,84.563524125666,
    28.671316257316));
#3291 = CARTESIAN_POINT('',(98.88622698032,84.389337868577,
    28.917757459447));
#3292 = CARTESIAN_POINT('',(99.140283759009,84.090638630418,
    29.384214708526));
#3293 = CARTESIAN_POINT('',(99.248668130462,83.962762208418,
    29.601261999372));
#3294 = CARTESIAN_POINT('',(99.350166330022,83.842624759633,
    29.824432948308));
#3295 = CARTESIAN_POINT('',(99.444280148536,83.730908554533,
    30.05345953988));
#3296 = CARTESIAN_POINT('',(99.530530207563,83.628274295311,
    30.28804502602));
#3297 = CARTESIAN_POINT('',(99.734289743585,83.385309254586,
    30.915152395578));
#3298 = CARTESIAN_POINT('',(99.838612310822,83.260363092328,
    31.316718475259));
#3299 = CARTESIAN_POINT('',(99.918734114368,83.164071524407,
    31.729434188742));
#3300 = CARTESIAN_POINT('',(99.972857814606,83.09891390887,
    32.149911859306));
#3301 = CARTESIAN_POINT('',(100.,83.066238629181,32.574620407894));
#3302 = CARTESIAN_POINT('',(100.,83.066238629181,33.));
#3303 = ORIENTED_EDGE('',*,*,#3212,.F.);
#3304 = CYLINDRICAL_SURFACE('',#3305,8.);
#3305 = AXIS2_PLACEMENT_3D('',#3306,#3307,#3308);
#3306 = CARTESIAN_POINT('',(92.,7.33E-15,33.));
#3307 = DIRECTION('',(0.,-1.,2.2E-16));
#3308 = DIRECTION('',(1.,0.,0.));
#3309 = ADVANCED_FACE('',(#3310),#3357,.F.);
#3310 = FACE_BOUND('',#3311,.F.);
#3311 = EDGE_LOOP('',(#3312,#3313,#3314,#3351));
#3312 = ORIENTED_EDGE('',*,*,#1723,.F.);
#3313 = ORIENTED_EDGE('',*,*,#3246,.T.);
#3314 = ORIENTED_EDGE('',*,*,#3315,.T.);
#3315 = EDGE_CURVE('',#3238,#3316,#3318,.T.);
#3316 = VERTEX_POINT('',#3317);
#3317 = CARTESIAN_POINT('',(-100.,83.066238629181,82.));
#3318 = B_SPLINE_CURVE_WITH_KNOTS('',6,(#3319,#3320,#3321,#3322,#3323,
    #3324,#3325,#3326,#3327,#3328,#3329,#3330,#3331,#3332,#3333,#3334,
    #3335,#3336,#3337,#3338,#3339,#3340,#3341,#3342,#3343,#3344,#3345,
    #3346,#3347,#3348,#3349,#3350),.UNSPECIFIED.,.F.,.F.,(7,5,5,5,5,5,7)
  ,(0.,0.19908046633,0.482652912368,0.582686930566,0.715001172612,
    0.823990705367,1.),.UNSPECIFIED.);
#3319 = CARTESIAN_POINT('',(-92.,91.84770002564,90.));
#3320 = CARTESIAN_POINT('',(-92.39214369663,91.454906084358,90.));
#3321 = CARTESIAN_POINT('',(-92.78154229007,91.060836758256,
    89.976933511065));
#3322 = CARTESIAN_POINT('',(-93.16717361046,90.666544850708,
    89.931405954602));
#3323 = CARTESIAN_POINT('',(-93.54809814461,90.273068352057,
    89.863918200402));
#3324 = CARTESIAN_POINT('',(-93.9234114255,89.881476228477,
    89.774873295942));
#3325 = CARTESIAN_POINT('',(-94.81749790114,88.939442120833,
    89.50748474161));
#3326 = CARTESIAN_POINT('',(-95.32944025437,88.392237762913,
    89.307314688654));
#3327 = CARTESIAN_POINT('',(-95.82591455367,87.854051676951,
    89.064852572951));
#3328 = CARTESIAN_POINT('',(-96.30456593491,87.328105127367,
    88.780240157172));
#3329 = CARTESIAN_POINT('',(-96.76242736311,86.818535449357,
    88.453198772367));
#3330 = CARTESIAN_POINT('',(-97.34838638902,86.158833621101,
    87.952742485868));
#3331 = CARTESIAN_POINT('',(-97.49812941109,85.989509632502,
    87.816884457703));
#3332 = CARTESIAN_POINT('',(-97.64464196569,85.823135237037,
    87.675648748511));
#3333 = CARTESIAN_POINT('',(-97.78773362608,85.659978516084,
    87.529010900177));
#3334 = CARTESIAN_POINT('',(-97.92719502596,85.50033414825,
    87.376946888267));
#3335 = CARTESIAN_POINT('',(-98.24215870547,85.138433719215,
    87.01109085039));
#3336 = CARTESIAN_POINT('',(-98.41480746496,84.93900691849,
    86.793169610385));
#3337 = CARTESIAN_POINT('',(-98.58014181849,84.747070574146,
    86.565685141626));
#3338 = CARTESIAN_POINT('',(-98.73751377107,84.563524125664,
    86.328683742678));
#3339 = CARTESIAN_POINT('',(-98.88622698031,84.38933786859,
    86.082242540572));
#3340 = CARTESIAN_POINT('',(-99.14028375901,84.090638630416,
    85.61578529147));
#3341 = CARTESIAN_POINT('',(-99.24866813046,83.962762208419,
    85.398738000629));
#3342 = CARTESIAN_POINT('',(-99.35016633002,83.842624759635,
    85.175567051695));
#3343 = CARTESIAN_POINT('',(-99.44428014853,83.730908554533,
    84.946540460121));
#3344 = CARTESIAN_POINT('',(-99.53053020756,83.628274295309,
    84.711954973976));
#3345 = CARTESIAN_POINT('',(-99.73428974358,83.38530925459,
    84.08484760443));
#3346 = CARTESIAN_POINT('',(-99.83861231082,83.260363092321,
    83.683281524728));
#3347 = CARTESIAN_POINT('',(-99.91873411436,83.164071524412,
    83.270565811257));
#3348 = CARTESIAN_POINT('',(-99.9728578146,83.098913908869,
    82.850088140708));
#3349 = CARTESIAN_POINT('',(-100.,83.066238629181,82.425379592097));
#3350 = CARTESIAN_POINT('',(-100.,83.066238629181,82.));
#3351 = ORIENTED_EDGE('',*,*,#3352,.F.);
#3352 = EDGE_CURVE('',#1716,#3316,#3353,.T.);
#3353 = LINE('',#3354,#3355);
#3354 = CARTESIAN_POINT('',(-100.,1.821E-14,82.));
#3355 = VECTOR('',#3356,1.);
#3356 = DIRECTION('',(0.,1.,-2.2E-16));
#3357 = CYLINDRICAL_SURFACE('',#3358,8.);
#3358 = AXIS2_PLACEMENT_3D('',#3359,#3360,#3361);
#3359 = CARTESIAN_POINT('',(-92.,1.821E-14,82.));
#3360 = DIRECTION('',(0.,-1.,2.2E-16));
#3361 = DIRECTION('',(1.,0.,0.));
#3362 = ADVANCED_FACE('',(#3363),#3382,.F.);
#3363 = FACE_BOUND('',#3364,.F.);
#3364 = EDGE_LOOP('',(#3365,#3366,#3374,#3381));
#3365 = ORIENTED_EDGE('',*,*,#1669,.F.);
#3366 = ORIENTED_EDGE('',*,*,#3367,.T.);
#3367 = EDGE_CURVE('',#1670,#3368,#3370,.T.);
#3368 = VERTEX_POINT('',#3369);
#3369 = CARTESIAN_POINT('',(-92.,91.84770002564,25.));
#3370 = LINE('',#3371,#3372);
#3371 = CARTESIAN_POINT('',(-92.,5.55E-15,25.));
#3372 = VECTOR('',#3373,1.);
#3373 = DIRECTION('',(0.,1.,-2.2E-16));
#3374 = ORIENTED_EDGE('',*,*,#3375,.T.);
#3375 = EDGE_CURVE('',#3368,#3262,#3376,.T.);
#3376 = CIRCLE('',#3377,130.);
#3377 = AXIS2_PLACEMENT_3D('',#3378,#3379,#3380);
#3378 = CARTESIAN_POINT('',(0.,0.,25.));
#3379 = DIRECTION('',(0.,0.,-1.));
#3380 = DIRECTION('',(1.,0.,0.));
#3381 = ORIENTED_EDGE('',*,*,#3261,.F.);
#3382 = PLANE('',#3383);
#3383 = AXIS2_PLACEMENT_3D('',#3384,#3385,#3386);
#3384 = CARTESIAN_POINT('',(-92.,5.55E-15,25.));
#3385 = DIRECTION('',(0.,-2.2E-16,-1.));
#3386 = DIRECTION('',(1.,0.,0.));
#3387 = ADVANCED_FACE('',(#3388),#3406,.F.);
#3388 = FACE_BOUND('',#3389,.F.);
#3389 = EDGE_LOOP('',(#3390,#3391,#3392,#3400));
#3390 = ORIENTED_EDGE('',*,*,#1715,.F.);
#3391 = ORIENTED_EDGE('',*,*,#3352,.T.);
#3392 = ORIENTED_EDGE('',*,*,#3393,.T.);
#3393 = EDGE_CURVE('',#3316,#3394,#3396,.T.);
#3394 = VERTEX_POINT('',#3395);
#3395 = CARTESIAN_POINT('',(-100.,83.066238629181,33.));
#3396 = LINE('',#3397,#3398);
#3397 = CARTESIAN_POINT('',(-100.,83.066238629181,0.));
#3398 = VECTOR('',#3399,1.);
#3399 = DIRECTION('',(-0.,-0.,-1.));
#3400 = ORIENTED_EDGE('',*,*,#3401,.F.);
#3401 = EDGE_CURVE('',#1679,#3394,#3402,.T.);
#3402 = LINE('',#3403,#3404);
#3403 = CARTESIAN_POINT('',(-100.,7.33E-15,33.));
#3404 = VECTOR('',#3405,1.);
#3405 = DIRECTION('',(0.,1.,-2.2E-16));
#3406 = PLANE('',#3407);
#3407 = AXIS2_PLACEMENT_3D('',#3408,#3409,#3410);
#3408 = CARTESIAN_POINT('',(-100.,1.821E-14,82.));
#3409 = DIRECTION('',(-1.,0.,0.));
#3410 = DIRECTION('',(-0.,-2.2E-16,-1.));
#3411 = ADVANCED_FACE('',(#3412),#3452,.F.);
#3412 = FACE_BOUND('',#3413,.F.);
#3413 = EDGE_LOOP('',(#3414,#3415,#3416,#3451));
#3414 = ORIENTED_EDGE('',*,*,#1678,.F.);
#3415 = ORIENTED_EDGE('',*,*,#3401,.T.);
#3416 = ORIENTED_EDGE('',*,*,#3417,.T.);
#3417 = EDGE_CURVE('',#3394,#3368,#3418,.T.);
#3418 = B_SPLINE_CURVE_WITH_KNOTS('',6,(#3419,#3420,#3421,#3422,#3423,
    #3424,#3425,#3426,#3427,#3428,#3429,#3430,#3431,#3432,#3433,#3434,
    #3435,#3436,#3437,#3438,#3439,#3440,#3441,#3442,#3443,#3444,#3445,
    #3446,#3447,#3448,#3449,#3450),.UNSPECIFIED.,.F.,.F.,(7,5,5,5,5,5,7)
  ,(0.,0.176010998878,0.282623493131,0.414795820202,0.517348341493,
    0.800920041127,1.),.UNSPECIFIED.);
#3419 = CARTESIAN_POINT('',(-100.,83.066238629181,33.));
#3420 = CARTESIAN_POINT('',(-100.,83.066238629181,32.574620664515));
#3421 = CARTESIAN_POINT('',(-99.97285784736,83.098913869423,
    32.149912020094));
#3422 = CARTESIAN_POINT('',(-99.91873412814,83.164071507874,
    31.729434104309));
#3423 = CARTESIAN_POINT('',(-99.83861225727,83.260363157064,
    31.316718183509));
#3424 = CARTESIAN_POINT('',(-99.73428964433,83.38530937293,
    30.915152090127));
#3425 = CARTESIAN_POINT('',(-99.53223046625,83.626246888742,
    30.293277884199));
#3426 = CARTESIAN_POINT('',(-99.44803883727,83.726435770296,
    30.063695339652));
#3427 = CARTESIAN_POINT('',(-99.35631210645,83.835329168586,
    29.839423534755));
#3428 = CARTESIAN_POINT('',(-99.25749951696,83.952308111082,
    29.620743307888));
#3429 = CARTESIAN_POINT('',(-99.15206815059,84.07673307285,
    29.407909106474));
#3430 = CARTESIAN_POINT('',(-98.90219822556,84.370615600705,
    28.944818885821));
#3431 = CARTESIAN_POINT('',(-98.75444685994,84.543742596691,
    28.697785026208));
#3432 = CARTESIAN_POINT('',(-98.59800096974,84.72628486461,
    28.460161214074));
#3433 = CARTESIAN_POINT('',(-98.43355911277,84.917269222121,
    28.232029684562));
#3434 = CARTESIAN_POINT('',(-98.26177249229,85.115792050739,
    28.013441259923));
#3435 = CARTESIAN_POINT('',(-97.94473034052,85.480257029938,
    27.642232594078));
#3436 = CARTESIAN_POINT('',(-97.80213300617,85.643557383004,
    27.485779244574));
#3437 = CARTESIAN_POINT('',(-97.65570345383,85.810572847231,
    27.335030485457));
#3438 = CARTESIAN_POINT('',(-97.50566845404,85.980984285138,
    27.189960658581));
#3439 = CARTESIAN_POINT('',(-97.35223381581,86.15450199657,
    27.050543527046));
#3440 = CARTESIAN_POINT('',(-96.76242736311,86.818535449357,
    26.546801227633));
#3441 = CARTESIAN_POINT('',(-96.30456593491,87.328105127367,
    26.219759842828));
#3442 = CARTESIAN_POINT('',(-95.82591455366,87.854051676952,
    25.935147427048));
#3443 = CARTESIAN_POINT('',(-95.32944025437,88.392237762913,
    25.692685311346));
#3444 = CARTESIAN_POINT('',(-94.81749790114,88.939442120834,
    25.49251525839));
#3445 = CARTESIAN_POINT('',(-93.92341139484,89.88147626078,
    25.225126694889));
#3446 = CARTESIAN_POINT('',(-93.54809815298,90.273068342576,
    25.136081805947));
#3447 = CARTESIAN_POINT('',(-93.16717367917,90.666544779173,
    25.068594060875));
#3448 = CARTESIAN_POINT('',(-92.78154239712,91.06083664915,
    25.023066499554));
#3449 = CARTESIAN_POINT('',(-92.3921437868,91.454905994039,25.));
#3450 = CARTESIAN_POINT('',(-92.,91.84770002564,25.));
#3451 = ORIENTED_EDGE('',*,*,#3367,.F.);
#3452 = CYLINDRICAL_SURFACE('',#3453,8.);
#3453 = AXIS2_PLACEMENT_3D('',#3454,#3455,#3456);
#3454 = CARTESIAN_POINT('',(-92.,7.33E-15,33.));
#3455 = DIRECTION('',(0.,-1.,2.2E-16));
#3456 = DIRECTION('',(1.,0.,0.));
#3457 = ADVANCED_FACE('',(#3458),#3470,.T.);
#3458 = FACE_BOUND('',#3459,.F.);
#3459 = EDGE_LOOP('',(#3460,#3461,#3462,#3463));
#3460 = ORIENTED_EDGE('',*,*,#2354,.F.);
#3461 = ORIENTED_EDGE('',*,*,#1815,.T.);
#3462 = ORIENTED_EDGE('',*,*,#1775,.T.);
#3463 = ORIENTED_EDGE('',*,*,#3464,.F.);
#3464 = EDGE_CURVE('',#2355,#1778,#3465,.T.);
#3465 = CIRCLE('',#3466,9.);
#3466 = AXIS2_PLACEMENT_3D('',#3467,#3468,#3469);
#3467 = CARTESIAN_POINT('',(117.17557900407,2.4E-14,224.));
#3468 = DIRECTION('',(0.,-0.,1.));
#3469 = DIRECTION('',(0.,1.,0.));
#3470 = CONICAL_SURFACE('',#3471,9.,0.785398163397);
#3471 = AXIS2_PLACEMENT_3D('',#3472,#3473,#3474);
#3472 = CARTESIAN_POINT('',(117.17557900407,2.4E-14,224.));
#3473 = DIRECTION('',(-0.,-0.,-1.));
#3474 = DIRECTION('',(0.,1.,0.));
#3475 = ADVANCED_FACE('',(#3476),#3488,.T.);
#3476 = FACE_BOUND('',#3477,.F.);
#3477 = EDGE_LOOP('',(#3478,#3479,#3480,#3481));
#3478 = ORIENTED_EDGE('',*,*,#1894,.F.);
#3479 = ORIENTED_EDGE('',*,*,#1834,.T.);
#3480 = ORIENTED_EDGE('',*,*,#2335,.T.);
#3481 = ORIENTED_EDGE('',*,*,#3482,.F.);
#3482 = EDGE_CURVE('',#1895,#2304,#3483,.T.);
#3483 = CIRCLE('',#3484,9.);
#3484 = AXIS2_PLACEMENT_3D('',#3485,#3486,#3487);
#3485 = CARTESIAN_POINT('',(-117.175579004,1.565E-14,224.));
#3486 = DIRECTION('',(-0.,0.,1.));
#3487 = DIRECTION('',(0.,-1.,0.));
#3488 = CONICAL_SURFACE('',#3489,9.,0.785398163397);
#3489 = AXIS2_PLACEMENT_3D('',#3490,#3491,#3492);
#3490 = CARTESIAN_POINT('',(-117.175579004,1.565E-14,224.));
#3491 = DIRECTION('',(-0.,-0.,-1.));
#3492 = DIRECTION('',(0.,-1.,0.));
#3493 = ADVANCED_FACE('',(#3494,#3513,#3520),#3530,.T.);
#3494 = FACE_BOUND('',#3495,.F.);
#3495 = EDGE_LOOP('',(#3496,#3505,#3511,#3512));
#3496 = ORIENTED_EDGE('',*,*,#3497,.F.);
#3497 = EDGE_CURVE('',#3498,#3498,#3500,.T.);
#3498 = VERTEX_POINT('',#3499);
#3499 = CARTESIAN_POINT('',(130.,0.,0.));
#3500 = CIRCLE('',#3501,130.);
#3501 = AXIS2_PLACEMENT_3D('',#3502,#3503,#3504);
#3502 = CARTESIAN_POINT('',(0.,0.,0.));
#3503 = DIRECTION('',(0.,0.,1.));
#3504 = DIRECTION('',(1.,0.,0.));
#3505 = ORIENTED_EDGE('',*,*,#3506,.T.);
#3506 = EDGE_CURVE('',#3498,#1854,#3507,.T.);
#3507 = LINE('',#3508,#3509);
#3508 = CARTESIAN_POINT('',(130.,0.,0.));
#3509 = VECTOR('',#3510,1.);
#3510 = DIRECTION('',(0.,0.,1.));
#3511 = ORIENTED_EDGE('',*,*,#1853,.T.);
#3512 = ORIENTED_EDGE('',*,*,#3506,.F.);
#3513 = FACE_BOUND('',#3514,.F.);
#3514 = EDGE_LOOP('',(#3515,#3516,#3517,#3518,#3519));
#3515 = ORIENTED_EDGE('',*,*,#2894,.F.);
#3516 = ORIENTED_EDGE('',*,*,#2997,.F.);
#3517 = ORIENTED_EDGE('',*,*,#3029,.F.);
#3518 = ORIENTED_EDGE('',*,*,#3135,.T.);
#3519 = ORIENTED_EDGE('',*,*,#2937,.F.);
#3520 = FACE_BOUND('',#3521,.F.);
#3521 = EDGE_LOOP('',(#3522,#3523,#3524,#3525,#3526,#3527,#3528,#3529));
#3522 = ORIENTED_EDGE('',*,*,#3160,.F.);
#3523 = ORIENTED_EDGE('',*,*,#3220,.T.);
#3524 = ORIENTED_EDGE('',*,*,#3269,.F.);
#3525 = ORIENTED_EDGE('',*,*,#3375,.F.);
#3526 = ORIENTED_EDGE('',*,*,#3417,.F.);
#3527 = ORIENTED_EDGE('',*,*,#3393,.F.);
#3528 = ORIENTED_EDGE('',*,*,#3315,.F.);
#3529 = ORIENTED_EDGE('',*,*,#3237,.T.);
#3530 = CYLINDRICAL_SURFACE('',#3531,130.);
#3531 = AXIS2_PLACEMENT_3D('',#3532,#3533,#3534);
#3532 = CARTESIAN_POINT('',(0.,0.,0.));
#3533 = DIRECTION('',(-0.,-0.,-1.));
#3534 = DIRECTION('',(1.,0.,0.));
#3535 = ADVANCED_FACE('',(#3536),#3555,.F.);
#3536 = FACE_BOUND('',#3537,.T.);
#3537 = EDGE_LOOP('',(#3538,#3546,#3553,#3554));
#3538 = ORIENTED_EDGE('',*,*,#3539,.F.);
#3539 = EDGE_CURVE('',#3540,#1865,#3542,.T.);
#3540 = VERTEX_POINT('',#3541);
#3541 = CARTESIAN_POINT('',(-118.875579004,1.6E-14,218.4));
#3542 = LINE('',#3543,#3544);
#3543 = CARTESIAN_POINT('',(-118.875579004,1.6E-14,218.4));
#3544 = VECTOR('',#3545,1.);
#3545 = DIRECTION('',(6.E-17,0.,1.));
#3546 = ORIENTED_EDGE('',*,*,#3547,.T.);
#3547 = EDGE_CURVE('',#3540,#3540,#3548,.T.);
#3548 = CIRCLE('',#3549,1.7);
#3549 = AXIS2_PLACEMENT_3D('',#3550,#3551,#3552);
#3550 = CARTESIAN_POINT('',(-117.175579004,1.6E-14,218.4));
#3551 = DIRECTION('',(0.,0.,-1.));
#3552 = DIRECTION('',(-1.,0.,0.));
#3553 = ORIENTED_EDGE('',*,*,#3539,.T.);
#3554 = ORIENTED_EDGE('',*,*,#1864,.T.);
#3555 = CYLINDRICAL_SURFACE('',#3556,1.7);
#3556 = AXIS2_PLACEMENT_3D('',#3557,#3558,#3559);
#3557 = CARTESIAN_POINT('',(-117.175579004,1.6E-14,218.4));
#3558 = DIRECTION('',(0.,0.,1.));
#3559 = DIRECTION('',(-1.,0.,0.));
#3560 = ADVANCED_FACE('',(#3561),#3580,.F.);
#3561 = FACE_BOUND('',#3562,.T.);
#3562 = EDGE_LOOP('',(#3563,#3571,#3578,#3579));
#3563 = ORIENTED_EDGE('',*,*,#3564,.F.);
#3564 = EDGE_CURVE('',#3565,#1876,#3567,.T.);
#3565 = VERTEX_POINT('',#3566);
#3566 = CARTESIAN_POINT('',(115.47557900407,2.4E-14,218.4));
#3567 = LINE('',#3568,#3569);
#3568 = CARTESIAN_POINT('',(115.47557900407,2.4E-14,218.4));
#3569 = VECTOR('',#3570,1.);
#3570 = DIRECTION('',(6.E-17,0.,1.));
#3571 = ORIENTED_EDGE('',*,*,#3572,.T.);
#3572 = EDGE_CURVE('',#3565,#3565,#3573,.T.);
#3573 = CIRCLE('',#3574,1.7);
#3574 = AXIS2_PLACEMENT_3D('',#3575,#3576,#3577);
#3575 = CARTESIAN_POINT('',(117.17557900407,2.4E-14,218.4));
#3576 = DIRECTION('',(0.,0.,-1.));
#3577 = DIRECTION('',(-1.,0.,0.));
#3578 = ORIENTED_EDGE('',*,*,#3564,.T.);
#3579 = ORIENTED_EDGE('',*,*,#1875,.T.);
#3580 = CYLINDRICAL_SURFACE('',#3581,1.7);
#3581 = AXIS2_PLACEMENT_3D('',#3582,#3583,#3584);
#3582 = CARTESIAN_POINT('',(117.17557900407,2.4E-14,218.4));
#3583 = DIRECTION('',(0.,0.,1.));
#3584 = DIRECTION('',(-1.,0.,0.));
#3585 = ADVANCED_FACE('',(#3586),#3598,.T.);
#3586 = FACE_BOUND('',#3587,.T.);
#3587 = EDGE_LOOP('',(#3588,#3589,#3596,#3597));
#3588 = ORIENTED_EDGE('',*,*,#1916,.T.);
#3589 = ORIENTED_EDGE('',*,*,#3590,.T.);
#3590 = EDGE_CURVE('',#1917,#2306,#3591,.T.);
#3591 = CIRCLE('',#3592,9.);
#3592 = AXIS2_PLACEMENT_3D('',#3593,#3594,#3595);
#3593 = CARTESIAN_POINT('',(-117.175579004,1.565E-14,215.));
#3594 = DIRECTION('',(0.,0.,1.));
#3595 = DIRECTION('',(1.,0.,0.));
#3596 = ORIENTED_EDGE('',*,*,#2303,.F.);
#3597 = ORIENTED_EDGE('',*,*,#3482,.F.);
#3598 = CYLINDRICAL_SURFACE('',#3599,9.);
#3599 = AXIS2_PLACEMENT_3D('',#3600,#3601,#3602);
#3600 = CARTESIAN_POINT('',(-117.175579004,1.565E-14,225.));
#3601 = DIRECTION('',(0.,0.,1.));
#3602 = DIRECTION('',(1.,0.,0.));
#3603 = ADVANCED_FACE('',(#3604),#3618,.F.);
#3604 = FACE_BOUND('',#3605,.F.);
#3605 = EDGE_LOOP('',(#3606,#3607,#3608,#3615,#3616,#3617));
#3606 = ORIENTED_EDGE('',*,*,#2321,.F.);
#3607 = ORIENTED_EDGE('',*,*,#2288,.T.);
#3608 = ORIENTED_EDGE('',*,*,#3609,.T.);
#3609 = EDGE_CURVE('',#2126,#1968,#3610,.T.);
#3610 = CIRCLE('',#3611,3.);
#3611 = AXIS2_PLACEMENT_3D('',#3612,#3613,#3614);
#3612 = CARTESIAN_POINT('',(-117.175579004,1.6E-14,215.));
#3613 = DIRECTION('',(0.,0.,-1.));
#3614 = DIRECTION('',(-1.,0.,0.));
#3615 = ORIENTED_EDGE('',*,*,#1977,.T.);
#3616 = ORIENTED_EDGE('',*,*,#1924,.F.);
#3617 = ORIENTED_EDGE('',*,*,#3590,.T.);
#3618 = PLANE('',#3619);
#3619 = AXIS2_PLACEMENT_3D('',#3620,#3621,#3622);
#3620 = CARTESIAN_POINT('',(-2.747E-14,2.072E-14,215.));
#3621 = DIRECTION('',(0.,0.,1.));
#3622 = DIRECTION('',(1.,0.,0.));
#3623 = ADVANCED_FACE('',(#3624),#3645,.F.);
#3624 = FACE_BOUND('',#3625,.T.);
#3625 = EDGE_LOOP('',(#3626,#3627,#3628,#3636,#3643,#3644));
#3626 = ORIENTED_EDGE('',*,*,#3609,.T.);
#3627 = ORIENTED_EDGE('',*,*,#2000,.F.);
#3628 = ORIENTED_EDGE('',*,*,#3629,.T.);
#3629 = EDGE_CURVE('',#1993,#3630,#3632,.T.);
#3630 = VERTEX_POINT('',#3631);
#3631 = CARTESIAN_POINT('',(-120.175579004,1.6E-14,218.4));
#3632 = LINE('',#3633,#3634);
#3633 = CARTESIAN_POINT('',(-120.175579004,1.6E-14,215.));
#3634 = VECTOR('',#3635,1.);
#3635 = DIRECTION('',(0.,0.,1.));
#3636 = ORIENTED_EDGE('',*,*,#3637,.F.);
#3637 = EDGE_CURVE('',#3630,#3630,#3638,.T.);
#3638 = CIRCLE('',#3639,3.);
#3639 = AXIS2_PLACEMENT_3D('',#3640,#3641,#3642);
#3640 = CARTESIAN_POINT('',(-117.175579004,1.6E-14,218.4));
#3641 = DIRECTION('',(0.,0.,-1.));
#3642 = DIRECTION('',(-1.,0.,0.));
#3643 = ORIENTED_EDGE('',*,*,#3629,.F.);
#3644 = ORIENTED_EDGE('',*,*,#2134,.F.);
#3645 = CYLINDRICAL_SURFACE('',#3646,3.);
#3646 = AXIS2_PLACEMENT_3D('',#3647,#3648,#3649);
#3647 = CARTESIAN_POINT('',(-117.175579004,1.6E-14,215.));
#3648 = DIRECTION('',(0.,0.,1.));
#3649 = DIRECTION('',(-1.,0.,0.));
#3650 = ADVANCED_FACE('',(#3651),#3663,.T.);
#3651 = FACE_BOUND('',#3652,.T.);
#3652 = EDGE_LOOP('',(#3653,#3654,#3661,#3662));
#3653 = ORIENTED_EDGE('',*,*,#2376,.T.);
#3654 = ORIENTED_EDGE('',*,*,#3655,.T.);
#3655 = EDGE_CURVE('',#2377,#2861,#3656,.T.);
#3656 = CIRCLE('',#3657,9.);
#3657 = AXIS2_PLACEMENT_3D('',#3658,#3659,#3660);
#3658 = CARTESIAN_POINT('',(117.17557900407,2.4E-14,215.));
#3659 = DIRECTION('',(0.,0.,1.));
#3660 = DIRECTION('',(1.,0.,0.));
#3661 = ORIENTED_EDGE('',*,*,#2860,.F.);
#3662 = ORIENTED_EDGE('',*,*,#3464,.F.);
#3663 = CYLINDRICAL_SURFACE('',#3664,9.);
#3664 = AXIS2_PLACEMENT_3D('',#3665,#3666,#3667);
#3665 = CARTESIAN_POINT('',(117.17557900407,2.4E-14,225.));
#3666 = DIRECTION('',(0.,0.,1.));
#3667 = DIRECTION('',(1.,0.,0.));
#3668 = ADVANCED_FACE('',(#3669),#3692,.F.);
#3669 = FACE_BOUND('',#3670,.F.);
#3670 = EDGE_LOOP('',(#3671,#3672,#3673,#3682,#3689,#3690,#3691));
#3671 = ORIENTED_EDGE('',*,*,#2868,.T.);
#3672 = ORIENTED_EDGE('',*,*,#2845,.T.);
#3673 = ORIENTED_EDGE('',*,*,#3674,.T.);
#3674 = EDGE_CURVE('',#2683,#3675,#3677,.T.);
#3675 = VERTEX_POINT('',#3676);
#3676 = CARTESIAN_POINT('',(114.17557900407,2.4E-14,215.));
#3677 = CIRCLE('',#3678,3.);
#3678 = AXIS2_PLACEMENT_3D('',#3679,#3680,#3681);
#3679 = CARTESIAN_POINT('',(117.17557900407,2.4E-14,215.));
#3680 = DIRECTION('',(0.,0.,-1.));
#3681 = DIRECTION('',(-1.,0.,0.));
#3682 = ORIENTED_EDGE('',*,*,#3683,.T.);
#3683 = EDGE_CURVE('',#3675,#2428,#3684,.T.);
#3684 = CIRCLE('',#3685,3.);
#3685 = AXIS2_PLACEMENT_3D('',#3686,#3687,#3688);
#3686 = CARTESIAN_POINT('',(117.17557900407,2.4E-14,215.));
#3687 = DIRECTION('',(0.,0.,-1.));
#3688 = DIRECTION('',(-1.,0.,0.));
#3689 = ORIENTED_EDGE('',*,*,#2437,.T.);
#3690 = ORIENTED_EDGE('',*,*,#2413,.T.);
#3691 = ORIENTED_EDGE('',*,*,#3655,.T.);
#3692 = PLANE('',#3693);
#3693 = AXIS2_PLACEMENT_3D('',#3694,#3695,#3696);
#3694 = CARTESIAN_POINT('',(-2.747E-14,2.072E-14,215.));
#3695 = DIRECTION('',(0.,0.,1.));
#3696 = DIRECTION('',(1.,0.,0.));
#3697 = ADVANCED_FACE('',(#3698),#3720,.F.);
#3698 = FACE_BOUND('',#3699,.T.);
#3699 = EDGE_LOOP('',(#3700,#3701,#3702,#3703,#3704,#3712,#3719));
#3700 = ORIENTED_EDGE('',*,*,#3683,.T.);
#3701 = ORIENTED_EDGE('',*,*,#2460,.F.);
#3702 = ORIENTED_EDGE('',*,*,#2691,.F.);
#3703 = ORIENTED_EDGE('',*,*,#3674,.T.);
#3704 = ORIENTED_EDGE('',*,*,#3705,.T.);
#3705 = EDGE_CURVE('',#3675,#3706,#3708,.T.);
#3706 = VERTEX_POINT('',#3707);
#3707 = CARTESIAN_POINT('',(114.17557900407,2.4E-14,218.4));
#3708 = LINE('',#3709,#3710);
#3709 = CARTESIAN_POINT('',(114.17557900407,2.4E-14,215.));
#3710 = VECTOR('',#3711,1.);
#3711 = DIRECTION('',(0.,0.,1.));
#3712 = ORIENTED_EDGE('',*,*,#3713,.F.);
#3713 = EDGE_CURVE('',#3706,#3706,#3714,.T.);
#3714 = CIRCLE('',#3715,3.);
#3715 = AXIS2_PLACEMENT_3D('',#3716,#3717,#3718);
#3716 = CARTESIAN_POINT('',(117.17557900407,2.4E-14,218.4));
#3717 = DIRECTION('',(0.,0.,-1.));
#3718 = DIRECTION('',(-1.,0.,0.));
#3719 = ORIENTED_EDGE('',*,*,#3705,.F.);
#3720 = CYLINDRICAL_SURFACE('',#3721,3.);
#3721 = AXIS2_PLACEMENT_3D('',#3722,#3723,#3724);
#3722 = CARTESIAN_POINT('',(117.17557900407,2.4E-14,215.));
#3723 = DIRECTION('',(0.,0.,1.));
#3724 = DIRECTION('',(-1.,0.,0.));
#3725 = ADVANCED_FACE('',(#3726),#3752,.F.);
#3726 = FACE_BOUND('',#3727,.F.);
#3727 = EDGE_LOOP('',(#3728,#3739,#3745,#3746));
#3728 = ORIENTED_EDGE('',*,*,#3729,.F.);
#3729 = EDGE_CURVE('',#3730,#3732,#3734,.T.);
#3730 = VERTEX_POINT('',#3731);
#3731 = CARTESIAN_POINT('',(40.769230769231,-33.86546651805,0.));
#3732 = VERTEX_POINT('',#3733);
#3733 = CARTESIAN_POINT('',(59.230769230769,-49.20077211113,0.));
#3734 = CIRCLE('',#3735,12.);
#3735 = AXIS2_PLACEMENT_3D('',#3736,#3737,#3738);
#3736 = CARTESIAN_POINT('',(50.,-41.53311931459,0.));
#3737 = DIRECTION('',(0.,0.,-1.));
#3738 = DIRECTION('',(1.,0.,0.));
#3739 = ORIENTED_EDGE('',*,*,#3740,.T.);
#3740 = EDGE_CURVE('',#3730,#2589,#3741,.T.);
#3741 = LINE('',#3742,#3743);
#3742 = CARTESIAN_POINT('',(40.769230769231,-33.86546651805,0.));
#3743 = VECTOR('',#3744,1.);
#3744 = DIRECTION('',(0.,0.,1.));
#3745 = ORIENTED_EDGE('',*,*,#2588,.T.);
#3746 = ORIENTED_EDGE('',*,*,#3747,.F.);
#3747 = EDGE_CURVE('',#3732,#2591,#3748,.T.);
#3748 = LINE('',#3749,#3750);
#3749 = CARTESIAN_POINT('',(59.230769230769,-49.20077211113,0.));
#3750 = VECTOR('',#3751,1.);
#3751 = DIRECTION('',(0.,0.,1.));
#3752 = CYLINDRICAL_SURFACE('',#3753,12.);
#3753 = AXIS2_PLACEMENT_3D('',#3754,#3755,#3756);
#3754 = CARTESIAN_POINT('',(50.,-41.53311931459,0.));
#3755 = DIRECTION('',(0.,0.,-1.));
#3756 = DIRECTION('',(1.,0.,0.));
#3757 = ADVANCED_FACE('',(#3758),#3777,.T.);
#3758 = FACE_BOUND('',#3759,.T.);
#3759 = EDGE_LOOP('',(#3760,#3769,#3770,#3771));
#3760 = ORIENTED_EDGE('',*,*,#3761,.F.);
#3761 = EDGE_CURVE('',#3730,#3762,#3764,.T.);
#3762 = VERTEX_POINT('',#3763);
#3763 = CARTESIAN_POINT('',(-40.76923076923,-33.86546651805,0.));
#3764 = CIRCLE('',#3765,53.);
#3765 = AXIS2_PLACEMENT_3D('',#3766,#3767,#3768);
#3766 = CARTESIAN_POINT('',(0.,0.,0.));
#3767 = DIRECTION('',(0.,0.,-1.));
#3768 = DIRECTION('',(1.,0.,0.));
#3769 = ORIENTED_EDGE('',*,*,#3740,.T.);
#3770 = ORIENTED_EDGE('',*,*,#2617,.T.);
#3771 = ORIENTED_EDGE('',*,*,#3772,.F.);
#3772 = EDGE_CURVE('',#3762,#2609,#3773,.T.);
#3773 = LINE('',#3774,#3775);
#3774 = CARTESIAN_POINT('',(-40.76923076923,-33.86546651805,0.));
#3775 = VECTOR('',#3776,1.);
#3776 = DIRECTION('',(0.,0.,1.));
#3777 = CYLINDRICAL_SURFACE('',#3778,53.);
#3778 = AXIS2_PLACEMENT_3D('',#3779,#3780,#3781);
#3779 = CARTESIAN_POINT('',(0.,0.,0.));
#3780 = DIRECTION('',(0.,0.,-1.));
#3781 = DIRECTION('',(1.,0.,0.));
#3782 = ADVANCED_FACE('',(#3783),#3802,.F.);
#3783 = FACE_BOUND('',#3784,.F.);
#3784 = EDGE_LOOP('',(#3785,#3794,#3800,#3801));
#3785 = ORIENTED_EDGE('',*,*,#3786,.F.);
#3786 = EDGE_CURVE('',#3787,#3762,#3789,.T.);
#3787 = VERTEX_POINT('',#3788);
#3788 = CARTESIAN_POINT('',(-59.23076923076,-49.20077211113,0.));
#3789 = CIRCLE('',#3790,12.);
#3790 = AXIS2_PLACEMENT_3D('',#3791,#3792,#3793);
#3791 = CARTESIAN_POINT('',(-50.,-41.53311931459,0.));
#3792 = DIRECTION('',(0.,0.,-1.));
#3793 = DIRECTION('',(1.,0.,0.));
#3794 = ORIENTED_EDGE('',*,*,#3795,.T.);
#3795 = EDGE_CURVE('',#3787,#2600,#3796,.T.);
#3796 = LINE('',#3797,#3798);
#3797 = CARTESIAN_POINT('',(-59.23076923076,-49.20077211113,0.));
#3798 = VECTOR('',#3799,1.);
#3799 = DIRECTION('',(0.,0.,1.));
#3800 = ORIENTED_EDGE('',*,*,#2608,.T.);
#3801 = ORIENTED_EDGE('',*,*,#3772,.F.);
#3802 = CYLINDRICAL_SURFACE('',#3803,12.);
#3803 = AXIS2_PLACEMENT_3D('',#3804,#3805,#3806);
#3804 = CARTESIAN_POINT('',(-50.,-41.53311931459,0.));
#3805 = DIRECTION('',(0.,0.,-1.));
#3806 = DIRECTION('',(1.,0.,0.));
#3807 = ADVANCED_FACE('',(#3808),#3820,.F.);
#3808 = FACE_BOUND('',#3809,.F.);
#3809 = EDGE_LOOP('',(#3810,#3817,#3818,#3819));
#3810 = ORIENTED_EDGE('',*,*,#3811,.F.);
#3811 = EDGE_CURVE('',#3732,#3787,#3812,.T.);
#3812 = CIRCLE('',#3813,77.);
#3813 = AXIS2_PLACEMENT_3D('',#3814,#3815,#3816);
#3814 = CARTESIAN_POINT('',(0.,0.,0.));
#3815 = DIRECTION('',(0.,0.,-1.));
#3816 = DIRECTION('',(1.,0.,0.));
#3817 = ORIENTED_EDGE('',*,*,#3747,.T.);
#3818 = ORIENTED_EDGE('',*,*,#2599,.T.);
#3819 = ORIENTED_EDGE('',*,*,#3795,.F.);
#3820 = CYLINDRICAL_SURFACE('',#3821,77.);
#3821 = AXIS2_PLACEMENT_3D('',#3822,#3823,#3824);
#3822 = CARTESIAN_POINT('',(0.,0.,0.));
#3823 = DIRECTION('',(0.,0.,-1.));
#3824 = DIRECTION('',(1.,0.,0.));
#3825 = ADVANCED_FACE('',(#3826),#3851,.F.);
#3826 = FACE_BOUND('',#3827,.F.);
#3827 = EDGE_LOOP('',(#3828,#3836,#3837,#3845));
#3828 = ORIENTED_EDGE('',*,*,#3829,.T.);
#3829 = EDGE_CURVE('',#3830,#2627,#3832,.T.);
#3830 = VERTEX_POINT('',#3831);
#3831 = CARTESIAN_POINT('',(10.,0.,0.));
#3832 = LINE('',#3833,#3834);
#3833 = CARTESIAN_POINT('',(10.,0.,0.));
#3834 = VECTOR('',#3835,1.);
#3835 = DIRECTION('',(0.,0.,1.));
#3836 = ORIENTED_EDGE('',*,*,#2626,.T.);
#3837 = ORIENTED_EDGE('',*,*,#3838,.F.);
#3838 = EDGE_CURVE('',#3839,#2629,#3841,.T.);
#3839 = VERTEX_POINT('',#3840);
#3840 = CARTESIAN_POINT('',(5.,-8.660254037844,0.));
#3841 = LINE('',#3842,#3843);
#3842 = CARTESIAN_POINT('',(5.,-8.660254037844,0.));
#3843 = VECTOR('',#3844,1.);
#3844 = DIRECTION('',(0.,0.,1.));
#3845 = ORIENTED_EDGE('',*,*,#3846,.F.);
#3846 = EDGE_CURVE('',#3830,#3839,#3847,.T.);
#3847 = LINE('',#3848,#3849);
#3848 = CARTESIAN_POINT('',(10.,0.,0.));
#3849 = VECTOR('',#3850,1.);
#3850 = DIRECTION('',(-0.5,-0.866025403784,0.));
#3851 = PLANE('',#3852);
#3852 = AXIS2_PLACEMENT_3D('',#3853,#3854,#3855);
#3853 = CARTESIAN_POINT('',(10.,0.,0.));
#3854 = DIRECTION('',(0.866025403784,-0.5,0.));
#3855 = DIRECTION('',(-0.5,-0.866025403784,0.));
#3856 = ADVANCED_FACE('',(#3857),#3875,.F.);
#3857 = FACE_BOUND('',#3858,.F.);
#3858 = EDGE_LOOP('',(#3859,#3867,#3868,#3869));
#3859 = ORIENTED_EDGE('',*,*,#3860,.T.);
#3860 = EDGE_CURVE('',#3861,#2661,#3863,.T.);
#3861 = VERTEX_POINT('',#3862);
#3862 = CARTESIAN_POINT('',(5.,8.660254037844,0.));
#3863 = LINE('',#3864,#3865);
#3864 = CARTESIAN_POINT('',(5.,8.660254037844,0.));
#3865 = VECTOR('',#3866,1.);
#3866 = DIRECTION('',(0.,0.,1.));
#3867 = ORIENTED_EDGE('',*,*,#2668,.T.);
#3868 = ORIENTED_EDGE('',*,*,#3829,.F.);
#3869 = ORIENTED_EDGE('',*,*,#3870,.F.);
#3870 = EDGE_CURVE('',#3861,#3830,#3871,.T.);
#3871 = LINE('',#3872,#3873);
#3872 = CARTESIAN_POINT('',(5.,8.660254037844,0.));
#3873 = VECTOR('',#3874,1.);
#3874 = DIRECTION('',(0.5,-0.866025403784,0.));
#3875 = PLANE('',#3876);
#3876 = AXIS2_PLACEMENT_3D('',#3877,#3878,#3879);
#3877 = CARTESIAN_POINT('',(5.,8.660254037844,0.));
#3878 = DIRECTION('',(0.866025403784,0.5,0.));
#3879 = DIRECTION('',(0.5,-0.866025403784,0.));
#3880 = ADVANCED_FACE('',(#3881),#3899,.F.);
#3881 = FACE_BOUND('',#3882,.F.);
#3882 = EDGE_LOOP('',(#3883,#3884,#3885,#3893));
#3883 = ORIENTED_EDGE('',*,*,#3838,.T.);
#3884 = ORIENTED_EDGE('',*,*,#2636,.T.);
#3885 = ORIENTED_EDGE('',*,*,#3886,.F.);
#3886 = EDGE_CURVE('',#3887,#2637,#3889,.T.);
#3887 = VERTEX_POINT('',#3888);
#3888 = CARTESIAN_POINT('',(-5.,-8.660254037844,0.));
#3889 = LINE('',#3890,#3891);
#3890 = CARTESIAN_POINT('',(-5.,-8.660254037844,0.));
#3891 = VECTOR('',#3892,1.);
#3892 = DIRECTION('',(0.,0.,1.));
#3893 = ORIENTED_EDGE('',*,*,#3894,.F.);
#3894 = EDGE_CURVE('',#3839,#3887,#3895,.T.);
#3895 = LINE('',#3896,#3897);
#3896 = CARTESIAN_POINT('',(5.,-8.660254037844,0.));
#3897 = VECTOR('',#3898,1.);
#3898 = DIRECTION('',(-1.,0.,0.));
#3899 = PLANE('',#3900);
#3900 = AXIS2_PLACEMENT_3D('',#3901,#3902,#3903);
#3901 = CARTESIAN_POINT('',(5.,-8.660254037844,0.));
#3902 = DIRECTION('',(-0.,-1.,-0.));
#3903 = DIRECTION('',(-1.,0.,0.));
#3904 = ADVANCED_FACE('',(#3905),#3923,.F.);
#3905 = FACE_BOUND('',#3906,.F.);
#3906 = EDGE_LOOP('',(#3907,#3915,#3916,#3917));
#3907 = ORIENTED_EDGE('',*,*,#3908,.T.);
#3908 = EDGE_CURVE('',#3909,#2653,#3911,.T.);
#3909 = VERTEX_POINT('',#3910);
#3910 = CARTESIAN_POINT('',(-5.,8.660254037844,0.));
#3911 = LINE('',#3912,#3913);
#3912 = CARTESIAN_POINT('',(-5.,8.660254037844,0.));
#3913 = VECTOR('',#3914,1.);
#3914 = DIRECTION('',(0.,0.,1.));
#3915 = ORIENTED_EDGE('',*,*,#2660,.T.);
#3916 = ORIENTED_EDGE('',*,*,#3860,.F.);
#3917 = ORIENTED_EDGE('',*,*,#3918,.F.);
#3918 = EDGE_CURVE('',#3909,#3861,#3919,.T.);
#3919 = LINE('',#3920,#3921);
#3920 = CARTESIAN_POINT('',(-5.,8.660254037844,0.));
#3921 = VECTOR('',#3922,1.);
#3922 = DIRECTION('',(1.,1.8E-16,0.));
#3923 = PLANE('',#3924);
#3924 = AXIS2_PLACEMENT_3D('',#3925,#3926,#3927);
#3925 = CARTESIAN_POINT('',(-5.,8.660254037844,0.));
#3926 = DIRECTION('',(-1.8E-16,1.,0.));
#3927 = DIRECTION('',(1.,1.8E-16,0.));
#3928 = ADVANCED_FACE('',(#3929),#3947,.F.);
#3929 = FACE_BOUND('',#3930,.F.);
#3930 = EDGE_LOOP('',(#3931,#3932,#3933,#3941));
#3931 = ORIENTED_EDGE('',*,*,#3886,.T.);
#3932 = ORIENTED_EDGE('',*,*,#2644,.T.);
#3933 = ORIENTED_EDGE('',*,*,#3934,.F.);
#3934 = EDGE_CURVE('',#3935,#2645,#3937,.T.);
#3935 = VERTEX_POINT('',#3936);
#3936 = CARTESIAN_POINT('',(-10.,-2.E-15,0.));
#3937 = LINE('',#3938,#3939);
#3938 = CARTESIAN_POINT('',(-10.,-1.79E-15,0.));
#3939 = VECTOR('',#3940,1.);
#3940 = DIRECTION('',(0.,0.,1.));
#3941 = ORIENTED_EDGE('',*,*,#3942,.F.);
#3942 = EDGE_CURVE('',#3887,#3935,#3943,.T.);
#3943 = LINE('',#3944,#3945);
#3944 = CARTESIAN_POINT('',(-5.,-8.660254037844,0.));
#3945 = VECTOR('',#3946,1.);
#3946 = DIRECTION('',(-0.5,0.866025403784,-0.));
#3947 = PLANE('',#3948);
#3948 = AXIS2_PLACEMENT_3D('',#3949,#3950,#3951);
#3949 = CARTESIAN_POINT('',(-5.,-8.660254037844,0.));
#3950 = DIRECTION('',(-0.866025403784,-0.5,-0.));
#3951 = DIRECTION('',(-0.5,0.866025403784,0.));
#3952 = ADVANCED_FACE('',(#3953),#3964,.F.);
#3953 = FACE_BOUND('',#3954,.F.);
#3954 = EDGE_LOOP('',(#3955,#3956,#3957,#3958));
#3955 = ORIENTED_EDGE('',*,*,#3934,.T.);
#3956 = ORIENTED_EDGE('',*,*,#2652,.T.);
#3957 = ORIENTED_EDGE('',*,*,#3908,.F.);
#3958 = ORIENTED_EDGE('',*,*,#3959,.F.);
#3959 = EDGE_CURVE('',#3935,#3909,#3960,.T.);
#3960 = LINE('',#3961,#3962);
#3961 = CARTESIAN_POINT('',(-10.,-1.8E-15,0.));
#3962 = VECTOR('',#3963,1.);
#3963 = DIRECTION('',(0.5,0.866025403784,0.));
#3964 = PLANE('',#3965);
#3965 = AXIS2_PLACEMENT_3D('',#3966,#3967,#3968);
#3966 = CARTESIAN_POINT('',(-10.,-1.8E-15,0.));
#3967 = DIRECTION('',(-0.866025403784,0.5,0.));
#3968 = DIRECTION('',(0.5,0.866025403784,0.));
#3969 = ADVANCED_FACE('',(#3970,#3973,#3979),#3987,.T.);
#3970 = FACE_BOUND('',#3971,.T.);
#3971 = EDGE_LOOP('',(#3972));
#3972 = ORIENTED_EDGE('',*,*,#3497,.F.);
#3973 = FACE_BOUND('',#3974,.T.);
#3974 = EDGE_LOOP('',(#3975,#3976,#3977,#3978));
#3975 = ORIENTED_EDGE('',*,*,#3811,.F.);
#3976 = ORIENTED_EDGE('',*,*,#3729,.F.);
#3977 = ORIENTED_EDGE('',*,*,#3761,.T.);
#3978 = ORIENTED_EDGE('',*,*,#3786,.F.);
#3979 = FACE_BOUND('',#3980,.T.);
#3980 = EDGE_LOOP('',(#3981,#3982,#3983,#3984,#3985,#3986));
#3981 = ORIENTED_EDGE('',*,*,#3846,.F.);
#3982 = ORIENTED_EDGE('',*,*,#3870,.F.);
#3983 = ORIENTED_EDGE('',*,*,#3918,.F.);
#3984 = ORIENTED_EDGE('',*,*,#3959,.F.);
#3985 = ORIENTED_EDGE('',*,*,#3942,.F.);
#3986 = ORIENTED_EDGE('',*,*,#3894,.F.);
#3987 = PLANE('',#3988);
#3988 = AXIS2_PLACEMENT_3D('',#3989,#3990,#3991);
#3989 = CARTESIAN_POINT('',(-8.08E-15,5.46E-15,0.));
#3990 = DIRECTION('',(-0.,-0.,-1.));
#3991 = DIRECTION('',(-1.,0.,0.));
#3992 = ADVANCED_FACE('',(#3993,#3996),#3999,.T.);
#3993 = FACE_BOUND('',#3994,.T.);
#3994 = EDGE_LOOP('',(#3995));
#3995 = ORIENTED_EDGE('',*,*,#3637,.T.);
#3996 = FACE_BOUND('',#3997,.T.);
#3997 = EDGE_LOOP('',(#3998));
#3998 = ORIENTED_EDGE('',*,*,#3547,.F.);
#3999 = PLANE('',#4000);
#4000 = AXIS2_PLACEMENT_3D('',#4001,#4002,#4003);
#4001 = CARTESIAN_POINT('',(-117.175579004,1.6E-14,218.4));
#4002 = DIRECTION('',(-0.,-0.,-1.));
#4003 = DIRECTION('',(-1.,0.,0.));
#4004 = ADVANCED_FACE('',(#4005,#4008),#4011,.T.);
#4005 = FACE_BOUND('',#4006,.T.);
#4006 = EDGE_LOOP('',(#4007));
#4007 = ORIENTED_EDGE('',*,*,#3713,.T.);
#4008 = FACE_BOUND('',#4009,.T.);
#4009 = EDGE_LOOP('',(#4010));
#4010 = ORIENTED_EDGE('',*,*,#3572,.F.);
#4011 = PLANE('',#4012);
#4012 = AXIS2_PLACEMENT_3D('',#4013,#4014,#4015);
#4013 = CARTESIAN_POINT('',(117.17557900407,2.4E-14,218.4));
#4014 = DIRECTION('',(-0.,-0.,-1.));
#4015 = DIRECTION('',(-1.,0.,0.));
#4016 = ( GEOMETRIC_REPRESENTATION_CONTEXT(3) 
GLOBAL_UNCERTAINTY_ASSIGNED_CONTEXT((#4020)) 
GLOBAL_UNIT_ASSIGNED_CONTEXT((#4017,#4018,#4019)) REPRESENTATION_CONTEXT
('Context #1','3D Context with UNIT and UNCERTAINTY') );
#4017 = ( LENGTH_UNIT() NAMED_UNIT(*) SI_UNIT(.MILLI.,.METRE.) );
#4018 = ( NAMED_UNIT(*) PLANE_ANGLE_UNIT() SI_UNIT($,.RADIAN.) );
#4019 = ( NAMED_UNIT(*) SI_UNIT($,.STERADIAN.) SOLID_ANGLE_UNIT() );
#4020 = UNCERTAINTY_MEASURE_WITH_UNIT(LENGTH_MEASURE(5.E-06),#4017,
  'distance_accuracy_value','confusion accuracy');
#4021 = CONTEXT_DEPENDENT_SHAPE_REPRESENTATION(#4022,#4024);
#4022 = ( REPRESENTATION_RELATIONSHIP('','',#1063,#10) 
REPRESENTATION_RELATIONSHIP_WITH_TRANSFORMATION(#4023) 
SHAPE_REPRESENTATION_RELATIONSHIP() );
#4023 = ITEM_DEFINED_TRANSFORMATION('','',#11,#19);
#4024 = PRODUCT_DEFINITION_SHAPE('Placement','Placement of an item',
  #4025);
#4025 = NEXT_ASSEMBLY_USAGE_OCCURRENCE('2','Mid','',#5,#1058,$);
#4026 = PRODUCT_RELATED_PRODUCT_CATEGORY('part',$,(#1060));
#4027 = MECHANICAL_DESIGN_GEOMETRIC_PRESENTATION_REPRESENTATION('',(
    #4028),#4016);
#4028 = STYLED_ITEM('color',(#4029),#1064);
#4029 = PRESENTATION_STYLE_ASSIGNMENT((#4030,#4036));
#4030 = SURFACE_STYLE_USAGE(.BOTH.,#4031);
#4031 = SURFACE_SIDE_STYLE('',(#4032));
#4032 = SURFACE_STYLE_FILL_AREA(#4033);
#4033 = FILL_AREA_STYLE('',(#4034));
#4034 = FILL_AREA_STYLE_COLOUR('',#4035);
#4035 = COLOUR_RGB('',0.72156863771,0.764705913506,0.780392170416);
#4036 = CURVE_STYLE('',#4037,POSITIVE_LENGTH_MEASURE(0.1),#4038);
#4037 = DRAUGHTING_PRE_DEFINED_CURVE_FONT('continuous');
#4038 = COLOUR_RGB('',9.803921802644E-02,9.803921802644E-02,
  9.803921802644E-02);
#4039 = MECHANICAL_DESIGN_GEOMETRIC_PRESENTATION_REPRESENTATION('',(
    #4040,#4050),#1045);
#4040 = STYLED_ITEM('color',(#4041),#37);
#4041 = PRESENTATION_STYLE_ASSIGNMENT((#4042,#4048));
#4042 = SURFACE_STYLE_USAGE(.BOTH.,#4043);
#4043 = SURFACE_SIDE_STYLE('',(#4044));
#4044 = SURFACE_STYLE_FILL_AREA(#4045);
#4045 = FILL_AREA_STYLE('',(#4046));
#4046 = FILL_AREA_STYLE_COLOUR('',#4047);
#4047 = COLOUR_RGB('',0.447058818107,0.474509808674,0.501960817233);
#4048 = CURVE_STYLE('',#4049,POSITIVE_LENGTH_MEASURE(0.1),#4038);
#4049 = DRAUGHTING_PRE_DEFINED_CURVE_FONT('continuous');
#4050 = STYLED_ITEM('color',(#4051),#527);
#4051 = PRESENTATION_STYLE_ASSIGNMENT((#4052,#4057));
#4052 = SURFACE_STYLE_USAGE(.BOTH.,#4053);
#4053 = SURFACE_SIDE_STYLE('',(#4054));
#4054 = SURFACE_STYLE_FILL_AREA(#4055);
#4055 = FILL_AREA_STYLE('',(#4056));
#4056 = FILL_AREA_STYLE_COLOUR('',#4047);
#4057 = CURVE_STYLE('',#4058,POSITIVE_LENGTH_MEASURE(0.1),#4038);
#4058 = DRAUGHTING_PRE_DEFINED_CURVE_FONT('continuous');
ENDSEC;
END-ISO-10303-21;
