ISO-10303-21;
HEADER;
/* Generated by software containing ST-Developer
 * from STEP Tools, Inc. (www.steptools.com) 
 */

FILE_DESCRIPTION(
/* description */ (''),
/* implementation_level */ '2;1');

FILE_NAME(
/* name */ 'Speaker.step',
/* time_stamp */ '2026-04-11T04:25:43+06:00',
/* author */ (''),
/* organization */ (''),
/* preprocessor_version */ 'ST-DEVELOPER v20.1',
/* originating_system */ 'Autodesk Translation Framework v14.24.0.0',
/* authorisation */ '');

FILE_SCHEMA (('AUTOMOTIVE_DESIGN { 1 0 10303 214 3 1 1 }'));
ENDSEC;

DATA;
#10=MECHANICAL_DESIGN_GEOMETRIC_PRESENTATION_REPRESENTATION('',(#83,#84,
#85,#86,#87,#88,#89),#2910);
#11=SHAPE_REPRESENTATION_RELATIONSHIP('SRR','None',#2928,#12);
#12=ADVANCED_BREP_SHAPE_REPRESENTATION('',(#90,#91,#92,#93,#94,#95),#2908);
#13=ITEM_DEFINED_TRANSFORMATION($,$,#1298,#1455);
#14=ITEM_DEFINED_TRANSFORMATION($,$,#1297,#1456);
#15=ITEM_DEFINED_TRANSFORMATION($,$,#1296,#1457);
#16=(
REPRESENTATION_RELATIONSHIP($,$,#2929,#2928)
REPRESENTATION_RELATIONSHIP_WITH_TRANSFORMATION(#13)
SHAPE_REPRESENTATION_RELATIONSHIP()
);
#17=(
REPRESENTATION_RELATIONSHIP($,$,#2928,#2927)
REPRESENTATION_RELATIONSHIP_WITH_TRANSFORMATION(#14)
SHAPE_REPRESENTATION_RELATIONSHIP()
);
#18=(
REPRESENTATION_RELATIONSHIP($,$,#2927,#2926)
REPRESENTATION_RELATIONSHIP_WITH_TRANSFORMATION(#15)
SHAPE_REPRESENTATION_RELATIONSHIP()
);
#19=CONTEXT_DEPENDENT_SHAPE_REPRESENTATION(#16,#2923);
#20=CONTEXT_DEPENDENT_SHAPE_REPRESENTATION(#17,#2924);
#21=CONTEXT_DEPENDENT_SHAPE_REPRESENTATION(#18,#2925);
#22=NEXT_ASSEMBLY_USAGE_OCCURRENCE('Updatined Casing:1',
'Updatined Casing:1','Updatined Casing:1',#2933,#2934,
'Updatined Casing:1');
#23=NEXT_ASSEMBLY_USAGE_OCCURRENCE('Speaker v16:1','Speaker v16:1',
'Speaker v16:1',#2932,#2933,'Speaker v16:1');
#24=NEXT_ASSEMBLY_USAGE_OCCURRENCE('pepper v30:1','pepper v30:1',
'pepper v30:1',#2931,#2932,'pepper v30:1');
#25=CONICAL_SURFACE('',#1377,21.6617649874502,0.422853926132941);
#26=CONICAL_SURFACE('',#1389,14.0627967182312,1.08922235142851);
#27=CONICAL_SURFACE('',#1407,14.2480666026785,1.08922235142851);
#28=CONICAL_SURFACE('',#1419,22.0265335895202,0.422853926132941);
#29=CONICAL_SURFACE('',#1436,17.0980152646296,1.26190082030248);
#30=CONICAL_SURFACE('',#1440,13.7369721332381,1.26190082030248);
#31=CONICAL_SURFACE('',#1454,10.1857473135133,1.51798543115239);
#32=TOROIDAL_SURFACE('',#1368,25.65,0.199999999999996);
#33=TOROIDAL_SURFACE('',#1373,24.5732928049865,0.899999999999983);
#34=TOROIDAL_SURFACE('',#1380,19.2973900730189,0.300000000000004);
#35=TOROIDAL_SURFACE('',#1385,16.9218856866968,1.10000000000004);
#36=TOROIDAL_SURFACE('',#1392,12.0050000000002,0.630000000000013);
#37=TOROIDAL_SURFACE('',#1403,12.0050000000002,0.230000000000012);
#38=TOROIDAL_SURFACE('',#1410,16.9218856866968,0.700000000000034);
#39=TOROIDAL_SURFACE('',#1415,19.2973900730189,0.700000000000005);
#40=TOROIDAL_SURFACE('',#1422,24.5732928049865,0.499999999999983);
#41=TOROIDAL_SURFACE('',#1427,25.95,0.300000000000002);
#42=FACE_BOUND('',#353,.T.);
#43=FACE_BOUND('',#354,.T.);
#44=FACE_BOUND('',#355,.T.);
#45=FACE_BOUND('',#356,.T.);
#46=FACE_BOUND('',#357,.T.);
#47=FACE_BOUND('',#367,.T.);
#48=FACE_BOUND('',#368,.T.);
#49=FACE_BOUND('',#369,.T.);
#50=FACE_BOUND('',#370,.T.);
#51=FACE_BOUND('',#371,.T.);
#52=FACE_BOUND('',#391,.T.);
#53=FACE_BOUND('',#396,.T.);
#54=FACE_BOUND('',#402,.T.);
#55=FACE_BOUND('',#408,.T.);
#56=FACE_BOUND('',#413,.T.);
#57=FACE_BOUND('',#421,.T.);
#58=FACE_BOUND('',#424,.T.);
#59=(
BOUNDED_CURVE()
B_SPLINE_CURVE(5,(#1963,#1964,#1965,#1966,#1967,#1968,#1969,#1970,#1971,
#1972,#1973,#1974,#1975,#1976,#1977),.UNSPECIFIED.,.F.,.F.)
B_SPLINE_CURVE_WITH_KNOTS((6,1,1,1,1,1,1,1,1,1,6),(0.0372084259490091,0.1,
0.2,0.3,0.4,0.5,0.6,0.7,0.8,0.9,0.962791574051413),.UNSPECIFIED.)
CURVE()
GEOMETRIC_REPRESENTATION_ITEM()
RATIONAL_B_SPLINE_CURVE((1.,1.,1.,1.,1.,1.,1.,1.,1.,1.,1.,1.,1.,1.,1.))
REPRESENTATION_ITEM('')
);
#60=(
BOUNDED_CURVE()
B_SPLINE_CURVE(5,(#1985,#1986,#1987,#1988,#1989,#1990,#1991,#1992,#1993,
#1994,#1995,#1996,#1997,#1998,#1999),.UNSPECIFIED.,.F.,.F.)
B_SPLINE_CURVE_WITH_KNOTS((6,1,1,1,1,1,1,1,1,1,6),(-0.962791574051004,-0.9,
-0.8,-0.7,-0.6,-0.5,-0.4,-0.3,-0.2,-0.1,-0.0372084259490155),
 .UNSPECIFIED.)
CURVE()
GEOMETRIC_REPRESENTATION_ITEM()
RATIONAL_B_SPLINE_CURVE((1.,1.,1.,1.,1.,1.,1.,1.,1.,1.,1.,1.,1.,1.,1.))
REPRESENTATION_ITEM('')
);
#61=(
BOUNDED_CURVE()
B_SPLINE_CURVE(5,(#2002,#2003,#2004,#2005,#2006,#2007,#2008,#2009,#2010,
#2011,#2012,#2013,#2014,#2015,#2016),.UNSPECIFIED.,.F.,.F.)
B_SPLINE_CURVE_WITH_KNOTS((6,1,1,1,1,1,1,1,1,1,6),(0.0375439815952173,0.1,
0.2,0.3,0.4,0.5,0.6,0.7,0.8,0.9,0.962456018405205),.UNSPECIFIED.)
CURVE()
GEOMETRIC_REPRESENTATION_ITEM()
RATIONAL_B_SPLINE_CURVE((1.,1.,1.,1.,1.,1.,1.,1.,1.,1.,1.,1.,1.,1.,1.))
REPRESENTATION_ITEM('')
);
#62=(
BOUNDED_CURVE()
B_SPLINE_CURVE(5,(#2024,#2025,#2026,#2027,#2028,#2029,#2030,#2031,#2032,
#2033,#2034,#2035,#2036,#2037,#2038),.UNSPECIFIED.,.F.,.F.)
B_SPLINE_CURVE_WITH_KNOTS((6,1,1,1,1,1,1,1,1,1,6),(0.0372084259490099,0.1,
0.2,0.3,0.4,0.5,0.6,0.7,0.8,0.9,0.962791574051414),.UNSPECIFIED.)
CURVE()
GEOMETRIC_REPRESENTATION_ITEM()
RATIONAL_B_SPLINE_CURVE((1.,1.,1.,1.,1.,1.,1.,1.,1.,1.,1.,1.,1.,1.,1.))
REPRESENTATION_ITEM('')
);
#63=(
BOUNDED_CURVE()
B_SPLINE_CURVE(5,(#2046,#2047,#2048,#2049,#2050,#2051,#2052,#2053,#2054,
#2055,#2056,#2057,#2058,#2059,#2060),.UNSPECIFIED.,.F.,.F.)
B_SPLINE_CURVE_WITH_KNOTS((6,1,1,1,1,1,1,1,1,1,6),(0.0375439815952173,0.1,
0.2,0.3,0.4,0.5,0.6,0.7,0.8,0.9,0.962456018405205),.UNSPECIFIED.)
CURVE()
GEOMETRIC_REPRESENTATION_ITEM()
RATIONAL_B_SPLINE_CURVE((1.,1.,1.,1.,1.,1.,1.,1.,1.,1.,1.,1.,1.,1.,1.))
REPRESENTATION_ITEM('')
);
#64=(
BOUNDED_CURVE()
B_SPLINE_CURVE(5,(#2162,#2163,#2164,#2165,#2166,#2167,#2168,#2169,#2170,
#2171,#2172,#2173,#2174,#2175,#2176),.UNSPECIFIED.,.F.,.F.)
B_SPLINE_CURVE_WITH_KNOTS((6,1,1,1,1,1,1,1,1,1,6),(-0.962456018404814,-0.9,
-0.8,-0.7,-0.6,-0.5,-0.4,-0.3,-0.2,-0.1,-0.0375439815952241),
 .UNSPECIFIED.)
CURVE()
GEOMETRIC_REPRESENTATION_ITEM()
RATIONAL_B_SPLINE_CURVE((1.,1.,1.,1.,1.,1.,1.,1.,1.,1.,1.,1.,1.,1.,1.))
REPRESENTATION_ITEM('')
);
#65=(
BOUNDED_CURVE()
B_SPLINE_CURVE(5,(#2185,#2186,#2187,#2188,#2189,#2190,#2191,#2192,#2193,
#2194,#2195,#2196,#2197,#2198,#2199),.UNSPECIFIED.,.F.,.F.)
B_SPLINE_CURVE_WITH_KNOTS((6,1,1,1,1,1,1,1,1,1,6),(0.0372084259490162,0.1,
0.2,0.3,0.4,0.5,0.6,0.7,0.8,0.9,0.962791574051005),.UNSPECIFIED.)
CURVE()
GEOMETRIC_REPRESENTATION_ITEM()
RATIONAL_B_SPLINE_CURVE((1.,1.,1.,1.,1.,1.,1.,1.,1.,1.,1.,1.,1.,1.,1.))
REPRESENTATION_ITEM('')
);
#66=(
BOUNDED_CURVE()
B_SPLINE_CURVE(5,(#2206,#2207,#2208,#2209,#2210,#2211,#2212,#2213,#2214,
#2215,#2216,#2217,#2218,#2219,#2220),.UNSPECIFIED.,.F.,.F.)
B_SPLINE_CURVE_WITH_KNOTS((6,1,1,1,1,1,1,1,1,1,6),(0.0375439815952241,0.1,
0.2,0.3,0.4,0.5,0.6,0.7,0.8,0.9,0.962456018404814),.UNSPECIFIED.)
CURVE()
GEOMETRIC_REPRESENTATION_ITEM()
RATIONAL_B_SPLINE_CURVE((1.,1.,1.,1.,1.,1.,1.,1.,1.,1.,1.,1.,1.,1.,1.))
REPRESENTATION_ITEM('')
);
#67=(
BOUNDED_CURVE()
B_SPLINE_CURVE(5,(#2634,#2635,#2636,#2637,#2638,#2639,#2640,#2641,#2642,
#2643,#2644,#2645,#2646,#2647,#2648,#2649,#2650,#2651,#2652,#2653),
 .UNSPECIFIED.,.F.,.F.)
B_SPLINE_CURVE_WITH_KNOTS((6,1,1,1,1,1,1,1,1,1,1,1,1,1,1,6),(0.,0.0666666666666667,
0.133333333333333,0.2,0.266666666666667,0.333333333333333,0.4,0.466666666666667,
0.533333333333333,0.6,0.666666666666667,0.733333333333333,0.8,0.866666666666667,
0.933333333333333,1.),.UNSPECIFIED.)
CURVE()
GEOMETRIC_REPRESENTATION_ITEM()
RATIONAL_B_SPLINE_CURVE((1.,1.,1.,1.,1.,1.,1.,1.,1.,1.,1.,1.,1.,1.,1.,1.,
1.,1.,1.,1.))
REPRESENTATION_ITEM('')
);
#68=(
BOUNDED_CURVE()
B_SPLINE_CURVE(5,(#2878,#2879,#2880,#2881,#2882,#2883,#2884,#2885,#2886,
#2887,#2888,#2889,#2890,#2891,#2892,#2893,#2894,#2895,#2896,#2897),
 .UNSPECIFIED.,.F.,.F.)
B_SPLINE_CURVE_WITH_KNOTS((6,1,1,1,1,1,1,1,1,1,1,1,1,1,1,6),(0.,0.0666666666666667,
0.133333333333333,0.2,0.266666666666667,0.333333333333333,0.4,0.466666666666667,
0.533333333333333,0.6,0.666666666666667,0.733333333333333,0.8,0.866666666666667,
0.933333333333333,1.),.UNSPECIFIED.)
CURVE()
GEOMETRIC_REPRESENTATION_ITEM()
RATIONAL_B_SPLINE_CURVE((1.,1.,1.,1.,1.,1.,1.,1.,1.,1.,1.,1.,1.,1.,1.,1.,
1.,1.,1.,1.))
REPRESENTATION_ITEM('')
);
#69=(
BOUNDED_SURFACE()
B_SPLINE_SURFACE(5,1,((#1932,#1933),(#1934,#1935),(#1936,#1937),(#1938,
#1939),(#1940,#1941),(#1942,#1943),(#1944,#1945),(#1946,#1947),(#1948,#1949),
(#1950,#1951),(#1952,#1953),(#1954,#1955),(#1956,#1957),(#1958,#1959),(#1960,
#1961)),.UNSPECIFIED.,.F.,.F.,.F.)
B_SPLINE_SURFACE_WITH_KNOTS((6,1,1,1,1,1,1,1,1,1,6),(2,2),(-1.,-0.9,-0.8,
-0.7,-0.6,-0.5,-0.4,-0.3,-0.2,-0.1,0.),(0.,0.04),.UNSPECIFIED.)
GEOMETRIC_REPRESENTATION_ITEM()
RATIONAL_B_SPLINE_SURFACE(((1.,1.),(1.,1.),(1.,1.),(1.,1.),(1.,1.),(1.,
1.),(1.,1.),(1.,1.),(1.,1.),(1.,1.),(1.,1.),(1.,1.),(1.,1.),(1.,1.),(1.,
1.)))
REPRESENTATION_ITEM('')
SURFACE()
);
#70=(
BOUNDED_SURFACE()
B_SPLINE_SURFACE(5,1,((#2125,#2126),(#2127,#2128),(#2129,#2130),(#2131,
#2132),(#2133,#2134),(#2135,#2136),(#2137,#2138),(#2139,#2140),(#2141,#2142),
(#2143,#2144),(#2145,#2146),(#2147,#2148),(#2149,#2150),(#2151,#2152),(#2153,
#2154)),.UNSPECIFIED.,.F.,.F.,.F.)
B_SPLINE_SURFACE_WITH_KNOTS((6,1,1,1,1,1,1,1,1,1,6),(2,2),(-1.,-0.9,-0.8,
-0.7,-0.6,-0.5,-0.4,-0.3,-0.2,-0.1,0.),(0.,0.04),.UNSPECIFIED.)
GEOMETRIC_REPRESENTATION_ITEM()
RATIONAL_B_SPLINE_SURFACE(((1.,1.),(1.,1.),(1.,1.),(1.,1.),(1.,1.),(1.,
1.),(1.,1.),(1.,1.),(1.,1.),(1.,1.),(1.,1.),(1.,1.),(1.,1.),(1.,1.),(1.,
1.)))
REPRESENTATION_ITEM('')
SURFACE()
);
#71=(
BOUNDED_SURFACE()
B_SPLINE_SURFACE(5,1,((#2283,#2284),(#2285,#2286),(#2287,#2288),(#2289,
#2290),(#2291,#2292),(#2293,#2294),(#2295,#2296),(#2297,#2298),(#2299,#2300),
(#2301,#2302),(#2303,#2304),(#2305,#2306),(#2307,#2308),(#2309,#2310),(#2311,
#2312)),.UNSPECIFIED.,.F.,.F.,.F.)
B_SPLINE_SURFACE_WITH_KNOTS((6,1,1,1,1,1,1,1,1,1,6),(2,2),(0.,0.1,0.2,0.3,
0.4,0.5,0.6,0.7,0.8,0.9,1.),(0.,0.04),.UNSPECIFIED.)
GEOMETRIC_REPRESENTATION_ITEM()
RATIONAL_B_SPLINE_SURFACE(((1.,1.),(1.,1.),(1.,1.),(1.,1.),(1.,1.),(1.,
1.),(1.,1.),(1.,1.),(1.,1.),(1.,1.),(1.,1.),(1.,1.),(1.,1.),(1.,1.),(1.,
1.)))
REPRESENTATION_ITEM('')
SURFACE()
);
#72=(
BOUNDED_SURFACE()
B_SPLINE_SURFACE(5,1,((#2313,#2314),(#2315,#2316),(#2317,#2318),(#2319,
#2320),(#2321,#2322),(#2323,#2324),(#2325,#2326),(#2327,#2328),(#2329,#2330),
(#2331,#2332),(#2333,#2334),(#2335,#2336),(#2337,#2338),(#2339,#2340),(#2341,
#2342)),.UNSPECIFIED.,.F.,.F.,.F.)
B_SPLINE_SURFACE_WITH_KNOTS((6,1,1,1,1,1,1,1,1,1,6),(2,2),(0.,0.1,0.2,0.3,
0.4,0.5,0.6,0.7,0.8,0.9,1.),(0.,0.04),.UNSPECIFIED.)
GEOMETRIC_REPRESENTATION_ITEM()
RATIONAL_B_SPLINE_SURFACE(((1.,1.),(1.,1.),(1.,1.),(1.,1.),(1.,1.),(1.,
1.),(1.,1.),(1.,1.),(1.,1.),(1.,1.),(1.,1.),(1.,1.),(1.,1.),(1.,1.),(1.,
1.)))
REPRESENTATION_ITEM('')
SURFACE()
);
#73=(
BOUNDED_SURFACE()
B_SPLINE_SURFACE(5,2,((#2452,#2453,#2454,#2455,#2456,#2457,#2458,#2459,
#2460),(#2461,#2462,#2463,#2464,#2465,#2466,#2467,#2468,#2469),(#2470,#2471,
#2472,#2473,#2474,#2475,#2476,#2477,#2478),(#2479,#2480,#2481,#2482,#2483,
#2484,#2485,#2486,#2487),(#2488,#2489,#2490,#2491,#2492,#2493,#2494,#2495,
#2496),(#2497,#2498,#2499,#2500,#2501,#2502,#2503,#2504,#2505),(#2506,#2507,
#2508,#2509,#2510,#2511,#2512,#2513,#2514),(#2515,#2516,#2517,#2518,#2519,
#2520,#2521,#2522,#2523),(#2524,#2525,#2526,#2527,#2528,#2529,#2530,#2531,
#2532),(#2533,#2534,#2535,#2536,#2537,#2538,#2539,#2540,#2541),(#2542,#2543,
#2544,#2545,#2546,#2547,#2548,#2549,#2550),(#2551,#2552,#2553,#2554,#2555,
#2556,#2557,#2558,#2559),(#2560,#2561,#2562,#2563,#2564,#2565,#2566,#2567,
#2568),(#2569,#2570,#2571,#2572,#2573,#2574,#2575,#2576,#2577),(#2578,#2579,
#2580,#2581,#2582,#2583,#2584,#2585,#2586),(#2587,#2588,#2589,#2590,#2591,
#2592,#2593,#2594,#2595),(#2596,#2597,#2598,#2599,#2600,#2601,#2602,#2603,
#2604),(#2605,#2606,#2607,#2608,#2609,#2610,#2611,#2612,#2613),(#2614,#2615,
#2616,#2617,#2618,#2619,#2620,#2621,#2622),(#2623,#2624,#2625,#2626,#2627,
#2628,#2629,#2630,#2631)),.UNSPECIFIED.,.F.,.T.,.F.)
B_SPLINE_SURFACE_WITH_KNOTS((6,1,1,1,1,1,1,1,1,1,1,1,1,1,1,6),(3,2,2,2,
3),(0.,0.0666666666666667,0.133333333333333,0.2,0.266666666666667,0.333333333333333,
0.4,0.466666666666667,0.533333333333333,0.6,0.666666666666667,0.733333333333333,
0.8,0.866666666666667,0.933333333333333,1.),(0.,1.5707963267949,3.14159265358979,
4.71238898038469,6.28318530717959),.UNSPECIFIED.)
GEOMETRIC_REPRESENTATION_ITEM()
RATIONAL_B_SPLINE_SURFACE(((1.,0.707106781186548,1.,0.707106781186548,1.,
0.707106781186548,1.,0.707106781186548,1.),(1.,0.707106781186548,1.,0.707106781186548,
1.,0.707106781186548,1.,0.707106781186548,1.),(1.,0.707106781186548,1.,
0.707106781186548,1.,0.707106781186548,1.,0.707106781186548,1.),(1.,0.707106781186548,
1.,0.707106781186548,1.,0.707106781186548,1.,0.707106781186548,1.),(1.,
0.707106781186548,1.,0.707106781186548,1.,0.707106781186548,1.,0.707106781186548,
1.),(1.,0.707106781186548,1.,0.707106781186548,1.,0.707106781186548,1.,
0.707106781186548,1.),(1.,0.707106781186548,1.,0.707106781186548,1.,0.707106781186548,
1.,0.707106781186548,1.),(1.,0.707106781186548,1.,0.707106781186548,1.,
0.707106781186548,1.,0.707106781186548,1.),(1.,0.707106781186548,1.,0.707106781186548,
1.,0.707106781186548,1.,0.707106781186548,1.),(1.,0.707106781186548,1.,
0.707106781186548,1.,0.707106781186548,1.,0.707106781186548,1.),(1.,0.707106781186548,
1.,0.707106781186548,1.,0.707106781186548,1.,0.707106781186548,1.),(1.,
0.707106781186548,1.,0.707106781186548,1.,0.707106781186548,1.,0.707106781186548,
1.),(1.,0.707106781186548,1.,0.707106781186548,1.,0.707106781186548,1.,
0.707106781186548,1.),(1.,0.707106781186548,1.,0.707106781186548,1.,0.707106781186548,
1.,0.707106781186548,1.),(1.,0.707106781186548,1.,0.707106781186548,1.,
0.707106781186548,1.,0.707106781186548,1.),(1.,0.707106781186548,1.,0.707106781186548,
1.,0.707106781186548,1.,0.707106781186548,1.),(1.,0.707106781186548,1.,
0.707106781186548,1.,0.707106781186548,1.,0.707106781186548,1.),(1.,0.707106781186548,
1.,0.707106781186548,1.,0.707106781186548,1.,0.707106781186548,1.),(1.,
0.707106781186548,1.,0.707106781186548,1.,0.707106781186548,1.,0.707106781186548,
1.),(1.,0.707106781186548,1.,0.707106781186548,1.,0.707106781186548,1.,
0.707106781186548,1.)))
REPRESENTATION_ITEM('')
SURFACE()
);
#74=(
BOUNDED_SURFACE()
B_SPLINE_SURFACE(5,2,((#2697,#2698,#2699,#2700,#2701,#2702,#2703,#2704,
#2705),(#2706,#2707,#2708,#2709,#2710,#2711,#2712,#2713,#2714),(#2715,#2716,
#2717,#2718,#2719,#2720,#2721,#2722,#2723),(#2724,#2725,#2726,#2727,#2728,
#2729,#2730,#2731,#2732),(#2733,#2734,#2735,#2736,#2737,#2738,#2739,#2740,
#2741),(#2742,#2743,#2744,#2745,#2746,#2747,#2748,#2749,#2750),(#2751,#2752,
#2753,#2754,#2755,#2756,#2757,#2758,#2759),(#2760,#2761,#2762,#2763,#2764,
#2765,#2766,#2767,#2768),(#2769,#2770,#2771,#2772,#2773,#2774,#2775,#2776,
#2777),(#2778,#2779,#2780,#2781,#2782,#2783,#2784,#2785,#2786),(#2787,#2788,
#2789,#2790,#2791,#2792,#2793,#2794,#2795),(#2796,#2797,#2798,#2799,#2800,
#2801,#2802,#2803,#2804),(#2805,#2806,#2807,#2808,#2809,#2810,#2811,#2812,
#2813),(#2814,#2815,#2816,#2817,#2818,#2819,#2820,#2821,#2822),(#2823,#2824,
#2825,#2826,#2827,#2828,#2829,#2830,#2831),(#2832,#2833,#2834,#2835,#2836,
#2837,#2838,#2839,#2840),(#2841,#2842,#2843,#2844,#2845,#2846,#2847,#2848,
#2849),(#2850,#2851,#2852,#2853,#2854,#2855,#2856,#2857,#2858),(#2859,#2860,
#2861,#2862,#2863,#2864,#2865,#2866,#2867),(#2868,#2869,#2870,#2871,#2872,
#2873,#2874,#2875,#2876)),.UNSPECIFIED.,.F.,.T.,.F.)
B_SPLINE_SURFACE_WITH_KNOTS((6,1,1,1,1,1,1,1,1,1,1,1,1,1,1,6),(3,2,2,2,
3),(0.,0.0666666666666667,0.133333333333333,0.2,0.266666666666667,0.333333333333333,
0.4,0.466666666666667,0.533333333333333,0.6,0.666666666666667,0.733333333333333,
0.8,0.866666666666667,0.933333333333333,1.),(0.,1.5707963267949,3.14159265358979,
4.71238898038469,6.28318530717959),.UNSPECIFIED.)
GEOMETRIC_REPRESENTATION_ITEM()
RATIONAL_B_SPLINE_SURFACE(((1.,0.707106781186548,1.,0.707106781186548,1.,
0.707106781186548,1.,0.707106781186548,1.),(1.,0.707106781186548,1.,0.707106781186548,
1.,0.707106781186548,1.,0.707106781186548,1.),(1.,0.707106781186548,1.,
0.707106781186548,1.,0.707106781186548,1.,0.707106781186548,1.),(1.,0.707106781186548,
1.,0.707106781186548,1.,0.707106781186548,1.,0.707106781186548,1.),(1.,
0.707106781186548,1.,0.707106781186548,1.,0.707106781186548,1.,0.707106781186548,
1.),(1.,0.707106781186548,1.,0.707106781186548,1.,0.707106781186548,1.,
0.707106781186548,1.),(1.,0.707106781186548,1.,0.707106781186548,1.,0.707106781186548,
1.,0.707106781186548,1.),(1.,0.707106781186548,1.,0.707106781186548,1.,
0.707106781186548,1.,0.707106781186548,1.),(1.,0.707106781186548,1.,0.707106781186548,
1.,0.707106781186548,1.,0.707106781186548,1.),(1.,0.707106781186548,1.,
0.707106781186548,1.,0.707106781186548,1.,0.707106781186548,1.),(1.,0.707106781186548,
1.,0.707106781186548,1.,0.707106781186548,1.,0.707106781186548,1.),(1.,
0.707106781186548,1.,0.707106781186548,1.,0.707106781186548,1.,0.707106781186548,
1.),(1.,0.707106781186548,1.,0.707106781186548,1.,0.707106781186548,1.,
0.707106781186548,1.),(1.,0.707106781186548,1.,0.707106781186548,1.,0.707106781186548,
1.,0.707106781186548,1.),(1.,0.707106781186548,1.,0.707106781186548,1.,
0.707106781186548,1.,0.707106781186548,1.),(1.,0.707106781186548,1.,0.707106781186548,
1.,0.707106781186548,1.,0.707106781186548,1.),(1.,0.707106781186548,1.,
0.707106781186548,1.,0.707106781186548,1.,0.707106781186548,1.),(1.,0.707106781186548,
1.,0.707106781186548,1.,0.707106781186548,1.,0.707106781186548,1.),(1.,
0.707106781186548,1.,0.707106781186548,1.,0.707106781186548,1.,0.707106781186548,
1.),(1.,0.707106781186548,1.,0.707106781186548,1.,0.707106781186548,1.,
0.707106781186548,1.)))
REPRESENTATION_ITEM('')
SURFACE()
);
#75=B_SPLINE_CURVE_WITH_KNOTS('',3,(#1885,#1886,#1887,#1888,#1889,#1890),
 .UNSPECIFIED.,.F.,.F.,(4,2,4),(-0.04,-0.02,0.),.UNSPECIFIED.);
#76=B_SPLINE_CURVE_WITH_KNOTS('',3,(#1896,#1897,#1898,#1899,#1900,#1901),
 .UNSPECIFIED.,.F.,.F.,(4,2,4),(-0.04,-0.02,0.),.UNSPECIFIED.);
#77=B_SPLINE_CURVE_WITH_KNOTS('',3,(#1979,#1980,#1981,#1982,#1983,#1984),
 .UNSPECIFIED.,.F.,.F.,(4,2,4),(-0.04,-0.02,0.),.UNSPECIFIED.);
#78=B_SPLINE_CURVE_WITH_KNOTS('',3,(#2103,#2104,#2105,#2106,#2107,#2108),
 .UNSPECIFIED.,.F.,.F.,(4,2,4),(-0.04,-0.02,0.),.UNSPECIFIED.);
#79=B_SPLINE_CURVE_WITH_KNOTS('',3,(#2156,#2157,#2158,#2159,#2160,#2161),
 .UNSPECIFIED.,.F.,.F.,(4,2,4),(-0.04,-0.02,0.),.UNSPECIFIED.);
#80=B_SPLINE_CURVE_WITH_KNOTS('',3,(#2241,#2242,#2243,#2244,#2245,#2246),
 .UNSPECIFIED.,.F.,.F.,(4,2,4),(-0.04,-0.02,0.),.UNSPECIFIED.);
#81=B_SPLINE_CURVE_WITH_KNOTS('',3,(#2250,#2251,#2252,#2253,#2254,#2255),
 .UNSPECIFIED.,.F.,.F.,(4,2,4),(-0.04,-0.02,0.),.UNSPECIFIED.);
#82=B_SPLINE_CURVE_WITH_KNOTS('',3,(#2266,#2267,#2268,#2269,#2270,#2271),
 .UNSPECIFIED.,.F.,.F.,(4,2,4),(-0.04,-0.02,0.),.UNSPECIFIED.);
#83=STYLED_ITEM('',(#2972),#90);
#84=STYLED_ITEM('',(#2973),#91);
#85=STYLED_ITEM('',(#2974),#92);
#86=STYLED_ITEM('',(#2976),#1269);
#87=STYLED_ITEM('',(#2975),#93);
#88=STYLED_ITEM('',(#2975),#94);
#89=STYLED_ITEM('',(#2977),#95);
#90=MANIFOLD_SOLID_BREP('Top Plate',#1277);
#91=MANIFOLD_SOLID_BREP('Magnet',#1278);
#92=MANIFOLD_SOLID_BREP('Casing',#1279);
#93=MANIFOLD_SOLID_BREP('Diaphragm',#1280);
#94=MANIFOLD_SOLID_BREP('Diaphragm',#1281);
#95=MANIFOLD_SOLID_BREP('Dust Cap',#1282);
#96=LINE('',#1868,#169);
#97=LINE('',#1875,#170);
#98=LINE('',#1880,#171);
#99=LINE('',#1882,#172);
#100=LINE('',#1884,#173);
#101=LINE('',#1894,#174);
#102=LINE('',#1903,#175);
#103=LINE('',#1904,#176);
#104=LINE('',#1911,#177);
#105=LINE('',#1913,#178);
#106=LINE('',#1915,#179);
#107=LINE('',#1916,#180);
#108=LINE('',#1922,#181);
#109=LINE('',#1925,#182);
#110=LINE('',#1927,#183);
#111=LINE('',#1928,#184);
#112=LINE('',#2018,#185);
#113=LINE('',#2022,#186);
#114=LINE('',#2040,#187);
#115=LINE('',#2044,#188);
#116=LINE('',#2062,#189);
#117=LINE('',#2065,#190);
#118=LINE('',#2068,#191);
#119=LINE('',#2072,#192);
#120=LINE('',#2078,#193);
#121=LINE('',#2082,#194);
#122=LINE('',#2086,#195);
#123=LINE('',#2090,#196);
#124=LINE('',#2094,#197);
#125=LINE('',#2095,#198);
#126=LINE('',#2099,#199);
#127=LINE('',#2102,#200);
#128=LINE('',#2112,#201);
#129=LINE('',#2113,#202);
#130=LINE('',#2114,#203);
#131=LINE('',#2118,#204);
#132=LINE('',#2121,#205);
#133=LINE('',#2122,#206);
#134=LINE('',#2179,#207);
#135=LINE('',#2183,#208);
#136=LINE('',#2201,#209);
#137=LINE('',#2205,#210);
#138=LINE('',#2225,#211);
#139=LINE('',#2229,#212);
#140=LINE('',#2233,#213);
#141=LINE('',#2237,#214);
#142=LINE('',#2240,#215);
#143=LINE('',#2248,#216);
#144=LINE('',#2257,#217);
#145=LINE('',#2258,#218);
#146=LINE('',#2260,#219);
#147=LINE('',#2262,#220);
#148=LINE('',#2265,#221);
#149=LINE('',#2273,#222);
#150=LINE('',#2276,#223);
#151=LINE('',#2277,#224);
#152=LINE('',#2279,#225);
#153=LINE('',#2281,#226);
#154=LINE('',#2345,#227);
#155=LINE('',#2364,#228);
#156=LINE('',#2383,#229);
#157=LINE('',#2395,#230);
#158=LINE('',#2404,#231);
#159=LINE('',#2416,#232);
#160=LINE('',#2435,#233);
#161=LINE('',#2451,#234);
#162=LINE('',#2663,#235);
#163=LINE('',#2666,#236);
#164=LINE('',#2669,#237);
#165=LINE('',#2679,#238);
#166=LINE('',#2685,#239);
#167=LINE('',#2690,#240);
#168=LINE('',#2696,#241);
#169=VECTOR('',#1476,11.7750000000001);
#170=VECTOR('',#1485,17.5);
#171=VECTOR('',#1490,10.);
#172=VECTOR('',#1491,10.);
#173=VECTOR('',#1492,10.);
#174=VECTOR('',#1495,10.);
#175=VECTOR('',#1496,10.);
#176=VECTOR('',#1497,10.);
#177=VECTOR('',#1506,10.);
#178=VECTOR('',#1507,10.);
#179=VECTOR('',#1508,10.);
#180=VECTOR('',#1509,10.);
#181=VECTOR('',#1516,10.);
#182=VECTOR('',#1519,10.);
#183=VECTOR('',#1520,10.);
#184=VECTOR('',#1521,10.);
#185=VECTOR('',#1530,10.);
#186=VECTOR('',#1533,10.);
#187=VECTOR('',#1534,10.);
#188=VECTOR('',#1537,10.);
#189=VECTOR('',#1538,10.);
#190=VECTOR('',#1541,10.);
#191=VECTOR('',#1542,10.);
#192=VECTOR('',#1545,10.);
#193=VECTOR('',#1550,10.);
#194=VECTOR('',#1553,10.);
#195=VECTOR('',#1556,10.);
#196=VECTOR('',#1559,10.);
#197=VECTOR('',#1564,10.);
#198=VECTOR('',#1565,10.);
#199=VECTOR('',#1570,10.);
#200=VECTOR('',#1573,10.);
#201=VECTOR('',#1576,10.);
#202=VECTOR('',#1577,10.);
#203=VECTOR('',#1578,10.);
#204=VECTOR('',#1583,10.);
#205=VECTOR('',#1586,10.);
#206=VECTOR('',#1587,10.);
#207=VECTOR('',#1594,10.);
#208=VECTOR('',#1597,10.);
#209=VECTOR('',#1598,10.);
#210=VECTOR('',#1601,10.);
#211=VECTOR('',#1604,10.);
#212=VECTOR('',#1607,10.);
#213=VECTOR('',#1610,10.);
#214=VECTOR('',#1613,10.);
#215=VECTOR('',#1618,10.);
#216=VECTOR('',#1621,10.);
#217=VECTOR('',#1626,10.);
#218=VECTOR('',#1627,10.);
#219=VECTOR('',#1630,10.);
#220=VECTOR('',#1633,10.);
#221=VECTOR('',#1638,10.);
#222=VECTOR('',#1641,10.);
#223=VECTOR('',#1646,10.);
#224=VECTOR('',#1647,10.);
#225=VECTOR('',#1650,10.);
#226=VECTOR('',#1653,10.);
#227=VECTOR('',#1658,25.85);
#228=VECTOR('',#1683,21.6617649874502);
#229=VECTOR('',#1708,14.0627967182312);
#230=VECTOR('',#1723,11.3750000000001);
#231=VECTOR('',#1734,11.7750000000001);
#232=VECTOR('',#1749,14.2480666026785);
#233=VECTOR('',#1774,22.0265335895202);
#234=VECTOR('',#1797,26.25);
#235=VECTOR('',#1810,17.0980152646296);
#236=VECTOR('',#1813,10.1857473135133);
#237=VECTOR('',#1818,13.7369721332381);
#238=VECTOR('',#1829,24.010283215746);
#239=VECTOR('',#1838,25.85);
#240=VECTOR('',#1843,10.1857473135133);
#241=VECTOR('',#1850,10.1857473135133);
#242=CYLINDRICAL_SURFACE('',#1303,11.7750000000001);
#243=CYLINDRICAL_SURFACE('',#1306,17.5);
#244=CYLINDRICAL_SURFACE('',#1311,2.23500000002125);
#245=CYLINDRICAL_SURFACE('',#1315,2.10000000000437);
#246=CYLINDRICAL_SURFACE('',#1319,2.10000000000751);
#247=CYLINDRICAL_SURFACE('',#1334,2.23500000002125);
#248=CYLINDRICAL_SURFACE('',#1338,2.10000000000751);
#249=CYLINDRICAL_SURFACE('',#1341,2.10000000000437);
#250=CYLINDRICAL_SURFACE('',#1352,2.23500000002125);
#251=CYLINDRICAL_SURFACE('',#1355,2.10000000000751);
#252=CYLINDRICAL_SURFACE('',#1357,2.10000000000437);
#253=CYLINDRICAL_SURFACE('',#1360,2.23500000002125);
#254=CYLINDRICAL_SURFACE('',#1362,2.10000000000437);
#255=CYLINDRICAL_SURFACE('',#1364,2.10000000000751);
#256=CYLINDRICAL_SURFACE('',#1365,25.85);
#257=CYLINDRICAL_SURFACE('',#1396,11.3750000000001);
#258=CYLINDRICAL_SURFACE('',#1400,11.7750000000001);
#259=CYLINDRICAL_SURFACE('',#1431,26.25);
#260=CYLINDRICAL_SURFACE('',#1438,10.1857473135133);
#261=CYLINDRICAL_SURFACE('',#1444,24.010283215746);
#262=CYLINDRICAL_SURFACE('',#1449,25.85);
#263=CYLINDRICAL_SURFACE('',#1450,10.1857473135133);
#264=FACE_OUTER_BOUND('',#338,.T.);
#265=FACE_OUTER_BOUND('',#339,.T.);
#266=FACE_OUTER_BOUND('',#340,.T.);
#267=FACE_OUTER_BOUND('',#341,.T.);
#268=FACE_OUTER_BOUND('',#342,.T.);
#269=FACE_OUTER_BOUND('',#343,.T.);
#270=FACE_OUTER_BOUND('',#344,.T.);
#271=FACE_OUTER_BOUND('',#345,.T.);
#272=FACE_OUTER_BOUND('',#346,.T.);
#273=FACE_OUTER_BOUND('',#347,.T.);
#274=FACE_OUTER_BOUND('',#348,.T.);
#275=FACE_OUTER_BOUND('',#349,.T.);
#276=FACE_OUTER_BOUND('',#350,.T.);
#277=FACE_OUTER_BOUND('',#351,.T.);
#278=FACE_OUTER_BOUND('',#352,.T.);
#279=FACE_OUTER_BOUND('',#358,.T.);
#280=FACE_OUTER_BOUND('',#359,.T.);
#281=FACE_OUTER_BOUND('',#360,.T.);
#282=FACE_OUTER_BOUND('',#361,.T.);
#283=FACE_OUTER_BOUND('',#362,.T.);
#284=FACE_OUTER_BOUND('',#363,.T.);
#285=FACE_OUTER_BOUND('',#364,.T.);
#286=FACE_OUTER_BOUND('',#365,.T.);
#287=FACE_OUTER_BOUND('',#366,.T.);
#288=FACE_OUTER_BOUND('',#372,.T.);
#289=FACE_OUTER_BOUND('',#373,.T.);
#290=FACE_OUTER_BOUND('',#374,.T.);
#291=FACE_OUTER_BOUND('',#375,.T.);
#292=FACE_OUTER_BOUND('',#376,.T.);
#293=FACE_OUTER_BOUND('',#377,.T.);
#294=FACE_OUTER_BOUND('',#378,.T.);
#295=FACE_OUTER_BOUND('',#379,.T.);
#296=FACE_OUTER_BOUND('',#380,.T.);
#297=FACE_OUTER_BOUND('',#381,.T.);
#298=FACE_OUTER_BOUND('',#382,.T.);
#299=FACE_OUTER_BOUND('',#383,.T.);
#300=FACE_OUTER_BOUND('',#384,.T.);
#301=FACE_OUTER_BOUND('',#385,.T.);
#302=FACE_OUTER_BOUND('',#386,.T.);
#303=FACE_OUTER_BOUND('',#387,.T.);
#304=FACE_OUTER_BOUND('',#388,.T.);
#305=FACE_OUTER_BOUND('',#389,.T.);
#306=FACE_OUTER_BOUND('',#390,.T.);
#307=FACE_OUTER_BOUND('',#392,.T.);
#308=FACE_OUTER_BOUND('',#393,.T.);
#309=FACE_OUTER_BOUND('',#394,.T.);
#310=FACE_OUTER_BOUND('',#395,.T.);
#311=FACE_OUTER_BOUND('',#397,.T.);
#312=FACE_OUTER_BOUND('',#398,.T.);
#313=FACE_OUTER_BOUND('',#399,.T.);
#314=FACE_OUTER_BOUND('',#400,.T.);
#315=FACE_OUTER_BOUND('',#401,.T.);
#316=FACE_OUTER_BOUND('',#403,.T.);
#317=FACE_OUTER_BOUND('',#404,.T.);
#318=FACE_OUTER_BOUND('',#405,.T.);
#319=FACE_OUTER_BOUND('',#406,.T.);
#320=FACE_OUTER_BOUND('',#407,.T.);
#321=FACE_OUTER_BOUND('',#409,.T.);
#322=FACE_OUTER_BOUND('',#410,.T.);
#323=FACE_OUTER_BOUND('',#411,.T.);
#324=FACE_OUTER_BOUND('',#412,.T.);
#325=FACE_OUTER_BOUND('',#414,.T.);
#326=FACE_OUTER_BOUND('',#415,.T.);
#327=FACE_OUTER_BOUND('',#416,.T.);
#328=FACE_OUTER_BOUND('',#417,.T.);
#329=FACE_OUTER_BOUND('',#418,.T.);
#330=FACE_OUTER_BOUND('',#419,.T.);
#331=FACE_OUTER_BOUND('',#420,.T.);
#332=FACE_OUTER_BOUND('',#422,.T.);
#333=FACE_OUTER_BOUND('',#423,.T.);
#334=FACE_OUTER_BOUND('',#425,.T.);
#335=FACE_OUTER_BOUND('',#426,.T.);
#336=FACE_OUTER_BOUND('',#427,.T.);
#337=FACE_OUTER_BOUND('',#428,.T.);
#338=EDGE_LOOP('',(#816));
#339=EDGE_LOOP('',(#817));
#340=EDGE_LOOP('',(#818,#819,#820,#821));
#341=EDGE_LOOP('',(#822));
#342=EDGE_LOOP('',(#823,#824,#825,#826));
#343=EDGE_LOOP('',(#827));
#344=EDGE_LOOP('',(#828,#829,#830,#831));
#345=EDGE_LOOP('',(#832,#833,#834,#835));
#346=EDGE_LOOP('',(#836,#837,#838,#839));
#347=EDGE_LOOP('',(#840,#841,#842,#843));
#348=EDGE_LOOP('',(#844,#845,#846,#847));
#349=EDGE_LOOP('',(#848,#849,#850,#851));
#350=EDGE_LOOP('',(#852,#853,#854,#855));
#351=EDGE_LOOP('',(#856,#857,#858,#859));
#352=EDGE_LOOP('',(#860,#861,#862,#863,#864,#865,#866,#867,#868,#869,#870,
#871,#872,#873,#874,#875));
#353=EDGE_LOOP('',(#876,#877,#878,#879));
#354=EDGE_LOOP('',(#880));
#355=EDGE_LOOP('',(#881,#882,#883,#884));
#356=EDGE_LOOP('',(#885,#886,#887,#888));
#357=EDGE_LOOP('',(#889,#890,#891,#892));
#358=EDGE_LOOP('',(#893,#894,#895,#896));
#359=EDGE_LOOP('',(#897,#898,#899,#900));
#360=EDGE_LOOP('',(#901,#902,#903,#904));
#361=EDGE_LOOP('',(#905,#906,#907,#908));
#362=EDGE_LOOP('',(#909,#910,#911,#912));
#363=EDGE_LOOP('',(#913,#914,#915,#916));
#364=EDGE_LOOP('',(#917,#918,#919,#920));
#365=EDGE_LOOP('',(#921,#922,#923,#924));
#366=EDGE_LOOP('',(#925,#926,#927,#928,#929,#930,#931,#932,#933,#934,#935,
#936,#937,#938,#939,#940));
#367=EDGE_LOOP('',(#941,#942,#943,#944));
#368=EDGE_LOOP('',(#945));
#369=EDGE_LOOP('',(#946,#947,#948,#949));
#370=EDGE_LOOP('',(#950,#951,#952,#953));
#371=EDGE_LOOP('',(#954,#955,#956,#957));
#372=EDGE_LOOP('',(#958,#959,#960,#961));
#373=EDGE_LOOP('',(#962,#963,#964,#965));
#374=EDGE_LOOP('',(#966,#967,#968,#969));
#375=EDGE_LOOP('',(#970,#971,#972,#973));
#376=EDGE_LOOP('',(#974,#975,#976,#977));
#377=EDGE_LOOP('',(#978,#979,#980,#981));
#378=EDGE_LOOP('',(#982,#983,#984,#985));
#379=EDGE_LOOP('',(#986,#987,#988,#989));
#380=EDGE_LOOP('',(#990,#991,#992,#993));
#381=EDGE_LOOP('',(#994,#995,#996,#997));
#382=EDGE_LOOP('',(#998,#999,#1000,#1001));
#383=EDGE_LOOP('',(#1002,#1003,#1004,#1005));
#384=EDGE_LOOP('',(#1006,#1007,#1008,#1009));
#385=EDGE_LOOP('',(#1010,#1011,#1012,#1013));
#386=EDGE_LOOP('',(#1014,#1015,#1016,#1017));
#387=EDGE_LOOP('',(#1018,#1019,#1020,#1021));
#388=EDGE_LOOP('',(#1022,#1023,#1024,#1025,#1026));
#389=EDGE_LOOP('',(#1027,#1028,#1029,#1030,#1031));
#390=EDGE_LOOP('',(#1032));
#391=EDGE_LOOP('',(#1033));
#392=EDGE_LOOP('',(#1034,#1035,#1036,#1037,#1038));
#393=EDGE_LOOP('',(#1039,#1040,#1041,#1042,#1043,#1044));
#394=EDGE_LOOP('',(#1045,#1046,#1047,#1048,#1049));
#395=EDGE_LOOP('',(#1050));
#396=EDGE_LOOP('',(#1051));
#397=EDGE_LOOP('',(#1052,#1053,#1054,#1055,#1056));
#398=EDGE_LOOP('',(#1057,#1058,#1059,#1060,#1061,#1062));
#399=EDGE_LOOP('',(#1063,#1064,#1065,#1066,#1067,#1068));
#400=EDGE_LOOP('',(#1069,#1070,#1071,#1072,#1073));
#401=EDGE_LOOP('',(#1074));
#402=EDGE_LOOP('',(#1075));
#403=EDGE_LOOP('',(#1076,#1077,#1078,#1079,#1080));
#404=EDGE_LOOP('',(#1081,#1082,#1083,#1084,#1085,#1086));
#405=EDGE_LOOP('',(#1087,#1088,#1089,#1090,#1091,#1092));
#406=EDGE_LOOP('',(#1093,#1094,#1095,#1096,#1097));
#407=EDGE_LOOP('',(#1098));
#408=EDGE_LOOP('',(#1099));
#409=EDGE_LOOP('',(#1100,#1101,#1102,#1103,#1104));
#410=EDGE_LOOP('',(#1105,#1106,#1107,#1108,#1109,#1110));
#411=EDGE_LOOP('',(#1111,#1112,#1113,#1114,#1115));
#412=EDGE_LOOP('',(#1116));
#413=EDGE_LOOP('',(#1117));
#414=EDGE_LOOP('',(#1118,#1119,#1120,#1121,#1122));
#415=EDGE_LOOP('',(#1123,#1124,#1125,#1126,#1127));
#416=EDGE_LOOP('',(#1128,#1129,#1130,#1131,#1132,#1133));
#417=EDGE_LOOP('',(#1134,#1135,#1136,#1137,#1138));
#418=EDGE_LOOP('',(#1139,#1140,#1141,#1142));
#419=EDGE_LOOP('',(#1143,#1144,#1145,#1146,#1147));
#420=EDGE_LOOP('',(#1148));
#421=EDGE_LOOP('',(#1149));
#422=EDGE_LOOP('',(#1150,#1151,#1152,#1153,#1154));
#423=EDGE_LOOP('',(#1155));
#424=EDGE_LOOP('',(#1156,#1157));
#425=EDGE_LOOP('',(#1158,#1159,#1160,#1161));
#426=EDGE_LOOP('',(#1162,#1163,#1164,#1165,#1166));
#427=EDGE_LOOP('',(#1167,#1168,#1169));
#428=EDGE_LOOP('',(#1170,#1171,#1172,#1173));
#429=CIRCLE('',#1300,11.7750000000001);
#430=CIRCLE('',#1302,11.7750000000001);
#431=CIRCLE('',#1305,17.5);
#432=CIRCLE('',#1307,17.5);
#433=CIRCLE('',#1312,2.23500000002125);
#434=CIRCLE('',#1313,2.23500000002125);
#435=CIRCLE('',#1316,2.10000000000437);
#436=CIRCLE('',#1317,2.10000000000437);
#437=CIRCLE('',#1320,2.10000000000751);
#438=CIRCLE('',#1321,2.10000000000751);
#439=CIRCLE('',#1323,2.23500000002125);
#440=CIRCLE('',#1324,2.23500000002125);
#441=CIRCLE('',#1325,2.23500000002125);
#442=CIRCLE('',#1326,2.10000000000751);
#443=CIRCLE('',#1327,2.10000000000437);
#444=CIRCLE('',#1328,26.25);
#445=CIRCLE('',#1329,2.10000000000437);
#446=CIRCLE('',#1330,2.10000000000751);
#447=CIRCLE('',#1331,2.10000000000751);
#448=CIRCLE('',#1332,2.10000000000437);
#449=CIRCLE('',#1335,2.23500000002125);
#450=CIRCLE('',#1339,2.10000000000751);
#451=CIRCLE('',#1342,2.10000000000437);
#452=CIRCLE('',#1344,2.23500000002125);
#453=CIRCLE('',#1345,2.23500000002125);
#454=CIRCLE('',#1346,25.85);
#455=CIRCLE('',#1347,2.10000000000751);
#456=CIRCLE('',#1348,2.10000000000437);
#457=CIRCLE('',#1349,2.10000000000437);
#458=CIRCLE('',#1350,2.10000000000751);
#459=CIRCLE('',#1366,25.85);
#460=CIRCLE('',#1367,25.85);
#461=CIRCLE('',#1369,0.199999999999996);
#462=CIRCLE('',#1370,25.65);
#463=CIRCLE('',#1372,24.5732928049865);
#464=CIRCLE('',#1374,23.7525634503289);
#465=CIRCLE('',#1375,23.7525634503289);
#466=CIRCLE('',#1376,0.899999999999983);
#467=CIRCLE('',#1378,19.5709665245714);
#468=CIRCLE('',#1379,19.5709665245714);
#469=CIRCLE('',#1381,0.300000000000004);
#470=CIRCLE('',#1382,19.2973900730189);
#471=CIRCLE('',#1384,16.9218856866967);
#472=CIRCLE('',#1386,16.4123935044667);
#473=CIRCLE('',#1387,16.4123935044667);
#474=CIRCLE('',#1388,1.10000000000004);
#475=CIRCLE('',#1390,11.7131999319957);
#476=CIRCLE('',#1391,11.7131999319957);
#477=CIRCLE('',#1393,11.3750000000002);
#478=CIRCLE('',#1394,11.3750000000002);
#479=CIRCLE('',#1395,0.630000000000013);
#480=CIRCLE('',#1397,11.3750000000001);
#481=CIRCLE('',#1399,11.7750000000001);
#482=CIRCLE('',#1401,11.7750000000002);
#483=CIRCLE('',#1402,11.7750000000002);
#484=CIRCLE('',#1404,0.230000000000012);
#485=CIRCLE('',#1405,11.898469816443);
#486=CIRCLE('',#1406,11.898469816443);
#487=CIRCLE('',#1408,16.597663388914);
#488=CIRCLE('',#1409,16.597663388914);
#489=CIRCLE('',#1411,0.700000000000034);
#490=CIRCLE('',#1412,16.9218856866968);
#491=CIRCLE('',#1414,19.2973900730189);
#492=CIRCLE('',#1416,19.9357351266414);
#493=CIRCLE('',#1417,19.9357351266414);
#494=CIRCLE('',#1418,0.700000000000005);
#495=CIRCLE('',#1420,24.117332052399);
#496=CIRCLE('',#1421,24.117332052399);
#497=CIRCLE('',#1423,0.499999999999983);
#498=CIRCLE('',#1424,24.5732928049865);
#499=CIRCLE('',#1426,25.95);
#500=CIRCLE('',#1428,26.25);
#501=CIRCLE('',#1429,26.25);
#502=CIRCLE('',#1430,0.300000000000002);
#503=CIRCLE('',#1432,17.2881969529629);
#504=CIRCLE('',#1433,17.2881969529629);
#505=CIRCLE('',#1434,24.010283215746);
#506=CIRCLE('',#1435,24.010283215746);
#507=CIRCLE('',#1437,10.1857473135133);
#508=CIRCLE('',#1439,10.1857473135133);
#509=CIRCLE('',#1442,25.85);
#510=CIRCLE('',#1443,24.010283215746);
#511=CIRCLE('',#1445,24.010283215746);
#512=CIRCLE('',#1446,24.010283215746);
#513=CIRCLE('',#1448,25.85);
#514=CIRCLE('',#1451,10.1857473135133);
#515=CIRCLE('',#1452,10.1857473135133);
#516=CIRCLE('',#1453,10.1857473135133);
#517=VERTEX_POINT('',#1862);
#518=VERTEX_POINT('',#1865);
#519=VERTEX_POINT('',#1870);
#520=VERTEX_POINT('',#1873);
#521=VERTEX_POINT('',#1878);
#522=VERTEX_POINT('',#1879);
#523=VERTEX_POINT('',#1881);
#524=VERTEX_POINT('',#1883);
#525=VERTEX_POINT('',#1892);
#526=VERTEX_POINT('',#1893);
#527=VERTEX_POINT('',#1895);
#528=VERTEX_POINT('',#1902);
#529=VERTEX_POINT('',#1909);
#530=VERTEX_POINT('',#1910);
#531=VERTEX_POINT('',#1912);
#532=VERTEX_POINT('',#1914);
#533=VERTEX_POINT('',#1918);
#534=VERTEX_POINT('',#1920);
#535=VERTEX_POINT('',#1924);
#536=VERTEX_POINT('',#1926);
#537=VERTEX_POINT('',#1962);
#538=VERTEX_POINT('',#1978);
#539=VERTEX_POINT('',#2001);
#540=VERTEX_POINT('',#2017);
#541=VERTEX_POINT('',#2019);
#542=VERTEX_POINT('',#2021);
#543=VERTEX_POINT('',#2023);
#544=VERTEX_POINT('',#2039);
#545=VERTEX_POINT('',#2041);
#546=VERTEX_POINT('',#2043);
#547=VERTEX_POINT('',#2045);
#548=VERTEX_POINT('',#2061);
#549=VERTEX_POINT('',#2063);
#550=VERTEX_POINT('',#2066);
#551=VERTEX_POINT('',#2067);
#552=VERTEX_POINT('',#2069);
#553=VERTEX_POINT('',#2071);
#554=VERTEX_POINT('',#2074);
#555=VERTEX_POINT('',#2076);
#556=VERTEX_POINT('',#2077);
#557=VERTEX_POINT('',#2079);
#558=VERTEX_POINT('',#2081);
#559=VERTEX_POINT('',#2084);
#560=VERTEX_POINT('',#2085);
#561=VERTEX_POINT('',#2087);
#562=VERTEX_POINT('',#2089);
#563=VERTEX_POINT('',#2093);
#564=VERTEX_POINT('',#2097);
#565=VERTEX_POINT('',#2101);
#566=VERTEX_POINT('',#2110);
#567=VERTEX_POINT('',#2111);
#568=VERTEX_POINT('',#2116);
#569=VERTEX_POINT('',#2120);
#570=VERTEX_POINT('',#2155);
#571=VERTEX_POINT('',#2178);
#572=VERTEX_POINT('',#2180);
#573=VERTEX_POINT('',#2182);
#574=VERTEX_POINT('',#2184);
#575=VERTEX_POINT('',#2200);
#576=VERTEX_POINT('',#2202);
#577=VERTEX_POINT('',#2204);
#578=VERTEX_POINT('',#2221);
#579=VERTEX_POINT('',#2223);
#580=VERTEX_POINT('',#2224);
#581=VERTEX_POINT('',#2226);
#582=VERTEX_POINT('',#2228);
#583=VERTEX_POINT('',#2231);
#584=VERTEX_POINT('',#2232);
#585=VERTEX_POINT('',#2234);
#586=VERTEX_POINT('',#2236);
#587=VERTEX_POINT('',#2344);
#588=VERTEX_POINT('',#2346);
#589=VERTEX_POINT('',#2350);
#590=VERTEX_POINT('',#2354);
#591=VERTEX_POINT('',#2357);
#592=VERTEX_POINT('',#2358);
#593=VERTEX_POINT('',#2363);
#594=VERTEX_POINT('',#2365);
#595=VERTEX_POINT('',#2369);
#596=VERTEX_POINT('',#2373);
#597=VERTEX_POINT('',#2376);
#598=VERTEX_POINT('',#2377);
#599=VERTEX_POINT('',#2382);
#600=VERTEX_POINT('',#2384);
#601=VERTEX_POINT('',#2388);
#602=VERTEX_POINT('',#2389);
#603=VERTEX_POINT('',#2394);
#604=VERTEX_POINT('',#2398);
#605=VERTEX_POINT('',#2401);
#606=VERTEX_POINT('',#2402);
#607=VERTEX_POINT('',#2407);
#608=VERTEX_POINT('',#2409);
#609=VERTEX_POINT('',#2413);
#610=VERTEX_POINT('',#2414);
#611=VERTEX_POINT('',#2419);
#612=VERTEX_POINT('',#2423);
#613=VERTEX_POINT('',#2426);
#614=VERTEX_POINT('',#2427);
#615=VERTEX_POINT('',#2432);
#616=VERTEX_POINT('',#2433);
#617=VERTEX_POINT('',#2438);
#618=VERTEX_POINT('',#2442);
#619=VERTEX_POINT('',#2445);
#620=VERTEX_POINT('',#2446);
#621=VERTEX_POINT('',#2632);
#622=VERTEX_POINT('',#2633);
#623=VERTEX_POINT('',#2654);
#624=VERTEX_POINT('',#2657);
#625=VERTEX_POINT('',#2661);
#626=VERTEX_POINT('',#2665);
#627=VERTEX_POINT('',#2671);
#628=VERTEX_POINT('',#2673);
#629=VERTEX_POINT('',#2676);
#630=VERTEX_POINT('',#2677);
#631=VERTEX_POINT('',#2682);
#632=VERTEX_POINT('',#2687);
#633=VERTEX_POINT('',#2689);
#634=VERTEX_POINT('',#2691);
#635=VERTEX_POINT('',#2695);
#636=VERTEX_POINT('',#2877);
#637=EDGE_CURVE('',#517,#517,#429,.T.);
#638=EDGE_CURVE('',#518,#518,#430,.T.);
#639=EDGE_CURVE('',#517,#518,#96,.T.);
#640=EDGE_CURVE('',#519,#519,#431,.T.);
#641=EDGE_CURVE('',#520,#520,#432,.T.);
#642=EDGE_CURVE('',#520,#519,#97,.T.);
#643=EDGE_CURVE('',#521,#522,#98,.T.);
#644=EDGE_CURVE('',#523,#521,#99,.T.);
#645=EDGE_CURVE('',#524,#523,#100,.T.);
#646=EDGE_CURVE('',#522,#524,#75,.T.);
#647=EDGE_CURVE('',#525,#526,#101,.T.);
#648=EDGE_CURVE('',#527,#525,#76,.T.);
#649=EDGE_CURVE('',#528,#527,#102,.T.);
#650=EDGE_CURVE('',#528,#526,#103,.T.);
#651=EDGE_CURVE('',#526,#521,#433,.T.);
#652=EDGE_CURVE('',#523,#528,#434,.T.);
#653=EDGE_CURVE('',#529,#530,#104,.T.);
#654=EDGE_CURVE('',#531,#529,#105,.T.);
#655=EDGE_CURVE('',#532,#531,#106,.T.);
#656=EDGE_CURVE('',#532,#530,#107,.T.);
#657=EDGE_CURVE('',#530,#533,#435,.T.);
#658=EDGE_CURVE('',#534,#532,#436,.T.);
#659=EDGE_CURVE('',#534,#533,#108,.T.);
#660=EDGE_CURVE('',#533,#535,#109,.T.);
#661=EDGE_CURVE('',#536,#534,#110,.T.);
#662=EDGE_CURVE('',#536,#535,#111,.T.);
#663=EDGE_CURVE('',#535,#529,#437,.T.);
#664=EDGE_CURVE('',#531,#536,#438,.T.);
#665=EDGE_CURVE('',#537,#524,#59,.T.);
#666=EDGE_CURVE('',#537,#538,#77,.T.);
#667=EDGE_CURVE('',#522,#538,#60,.T.);
#668=EDGE_CURVE('',#539,#527,#61,.T.);
#669=EDGE_CURVE('',#539,#540,#112,.T.);
#670=EDGE_CURVE('',#540,#541,#439,.T.);
#671=EDGE_CURVE('',#541,#542,#113,.T.);
#672=EDGE_CURVE('',#543,#542,#62,.T.);
#673=EDGE_CURVE('',#543,#544,#114,.T.);
#674=EDGE_CURVE('',#544,#545,#440,.T.);
#675=EDGE_CURVE('',#545,#546,#115,.T.);
#676=EDGE_CURVE('',#546,#547,#63,.T.);
#677=EDGE_CURVE('',#547,#548,#116,.T.);
#678=EDGE_CURVE('',#548,#549,#441,.T.);
#679=EDGE_CURVE('',#549,#537,#117,.T.);
#680=EDGE_CURVE('',#550,#551,#118,.T.);
#681=EDGE_CURVE('',#551,#552,#442,.T.);
#682=EDGE_CURVE('',#552,#553,#119,.T.);
#683=EDGE_CURVE('',#553,#550,#443,.T.);
#684=EDGE_CURVE('',#554,#554,#444,.T.);
#685=EDGE_CURVE('',#555,#556,#120,.T.);
#686=EDGE_CURVE('',#556,#557,#445,.T.);
#687=EDGE_CURVE('',#557,#558,#121,.T.);
#688=EDGE_CURVE('',#558,#555,#446,.T.);
#689=EDGE_CURVE('',#559,#560,#122,.T.);
#690=EDGE_CURVE('',#560,#561,#447,.T.);
#691=EDGE_CURVE('',#561,#562,#123,.T.);
#692=EDGE_CURVE('',#562,#559,#448,.T.);
#693=EDGE_CURVE('',#538,#563,#124,.T.);
#694=EDGE_CURVE('',#549,#563,#125,.T.);
#695=EDGE_CURVE('',#563,#564,#449,.T.);
#696=EDGE_CURVE('',#548,#564,#126,.T.);
#697=EDGE_CURVE('',#564,#565,#127,.T.);
#698=EDGE_CURVE('',#565,#547,#78,.T.);
#699=EDGE_CURVE('',#566,#567,#128,.T.);
#700=EDGE_CURVE('',#562,#566,#129,.T.);
#701=EDGE_CURVE('',#561,#567,#130,.T.);
#702=EDGE_CURVE('',#567,#568,#450,.T.);
#703=EDGE_CURVE('',#560,#568,#131,.T.);
#704=EDGE_CURVE('',#568,#569,#132,.T.);
#705=EDGE_CURVE('',#559,#569,#133,.T.);
#706=EDGE_CURVE('',#569,#566,#451,.T.);
#707=EDGE_CURVE('',#546,#570,#79,.T.);
#708=EDGE_CURVE('',#565,#570,#64,.T.);
#709=EDGE_CURVE('',#570,#571,#134,.T.);
#710=EDGE_CURVE('',#571,#572,#452,.T.);
#711=EDGE_CURVE('',#572,#573,#135,.T.);
#712=EDGE_CURVE('',#573,#574,#65,.T.);
#713=EDGE_CURVE('',#574,#575,#136,.T.);
#714=EDGE_CURVE('',#575,#576,#453,.T.);
#715=EDGE_CURVE('',#576,#577,#137,.T.);
#716=EDGE_CURVE('',#577,#525,#66,.T.);
#717=EDGE_CURVE('',#578,#578,#454,.T.);
#718=EDGE_CURVE('',#579,#580,#138,.T.);
#719=EDGE_CURVE('',#580,#581,#455,.T.);
#720=EDGE_CURVE('',#581,#582,#139,.T.);
#721=EDGE_CURVE('',#582,#579,#456,.T.);
#722=EDGE_CURVE('',#583,#584,#140,.T.);
#723=EDGE_CURVE('',#584,#585,#457,.T.);
#724=EDGE_CURVE('',#585,#586,#141,.T.);
#725=EDGE_CURVE('',#586,#583,#458,.T.);
#726=EDGE_CURVE('',#540,#576,#142,.T.);
#727=EDGE_CURVE('',#577,#539,#80,.T.);
#728=EDGE_CURVE('',#541,#575,#143,.T.);
#729=EDGE_CURVE('',#542,#574,#81,.T.);
#730=EDGE_CURVE('',#553,#585,#144,.T.);
#731=EDGE_CURVE('',#552,#586,#145,.T.);
#732=EDGE_CURVE('',#551,#583,#146,.T.);
#733=EDGE_CURVE('',#550,#584,#147,.T.);
#734=EDGE_CURVE('',#544,#572,#148,.T.);
#735=EDGE_CURVE('',#573,#543,#82,.T.);
#736=EDGE_CURVE('',#545,#571,#149,.T.);
#737=EDGE_CURVE('',#558,#581,#150,.T.);
#738=EDGE_CURVE('',#557,#582,#151,.T.);
#739=EDGE_CURVE('',#556,#579,#152,.T.);
#740=EDGE_CURVE('',#555,#580,#153,.T.);
#741=EDGE_CURVE('',#578,#587,#154,.T.);
#742=EDGE_CURVE('',#588,#587,#459,.T.);
#743=EDGE_CURVE('',#587,#588,#460,.T.);
#744=EDGE_CURVE('',#588,#589,#461,.T.);
#745=EDGE_CURVE('',#589,#589,#462,.T.);
#746=EDGE_CURVE('',#590,#590,#463,.T.);
#747=EDGE_CURVE('',#591,#592,#464,.T.);
#748=EDGE_CURVE('',#592,#591,#465,.T.);
#749=EDGE_CURVE('',#592,#590,#466,.T.);
#750=EDGE_CURVE('',#591,#593,#155,.T.);
#751=EDGE_CURVE('',#594,#593,#467,.T.);
#752=EDGE_CURVE('',#593,#594,#468,.T.);
#753=EDGE_CURVE('',#594,#595,#469,.T.);
#754=EDGE_CURVE('',#595,#595,#470,.T.);
#755=EDGE_CURVE('',#596,#596,#471,.T.);
#756=EDGE_CURVE('',#597,#598,#472,.T.);
#757=EDGE_CURVE('',#598,#597,#473,.T.);
#758=EDGE_CURVE('',#598,#596,#474,.T.);
#759=EDGE_CURVE('',#597,#599,#156,.T.);
#760=EDGE_CURVE('',#600,#599,#475,.T.);
#761=EDGE_CURVE('',#599,#600,#476,.T.);
#762=EDGE_CURVE('',#601,#602,#477,.T.);
#763=EDGE_CURVE('',#602,#601,#478,.T.);
#764=EDGE_CURVE('',#602,#600,#479,.T.);
#765=EDGE_CURVE('',#601,#603,#157,.T.);
#766=EDGE_CURVE('',#603,#603,#480,.T.);
#767=EDGE_CURVE('',#604,#604,#481,.T.);
#768=EDGE_CURVE('',#605,#606,#482,.T.);
#769=EDGE_CURVE('',#605,#604,#158,.T.);
#770=EDGE_CURVE('',#606,#605,#483,.T.);
#771=EDGE_CURVE('',#606,#607,#484,.T.);
#772=EDGE_CURVE('',#608,#607,#485,.T.);
#773=EDGE_CURVE('',#607,#608,#486,.T.);
#774=EDGE_CURVE('',#609,#610,#487,.T.);
#775=EDGE_CURVE('',#609,#608,#159,.T.);
#776=EDGE_CURVE('',#610,#609,#488,.T.);
#777=EDGE_CURVE('',#610,#611,#489,.T.);
#778=EDGE_CURVE('',#611,#611,#490,.T.);
#779=EDGE_CURVE('',#612,#612,#491,.T.);
#780=EDGE_CURVE('',#613,#614,#492,.T.);
#781=EDGE_CURVE('',#614,#613,#493,.T.);
#782=EDGE_CURVE('',#614,#612,#494,.T.);
#783=EDGE_CURVE('',#615,#616,#495,.T.);
#784=EDGE_CURVE('',#615,#613,#160,.T.);
#785=EDGE_CURVE('',#616,#615,#496,.T.);
#786=EDGE_CURVE('',#616,#617,#497,.T.);
#787=EDGE_CURVE('',#617,#617,#498,.T.);
#788=EDGE_CURVE('',#618,#618,#499,.T.);
#789=EDGE_CURVE('',#619,#620,#500,.T.);
#790=EDGE_CURVE('',#620,#619,#501,.T.);
#791=EDGE_CURVE('',#620,#618,#502,.T.);
#792=EDGE_CURVE('',#554,#619,#161,.T.);
#793=EDGE_CURVE('',#621,#622,#67,.T.);
#794=EDGE_CURVE('',#622,#623,#503,.T.);
#795=EDGE_CURVE('',#623,#622,#504,.T.);
#796=EDGE_CURVE('',#624,#621,#505,.T.);
#797=EDGE_CURVE('',#621,#624,#506,.T.);
#798=EDGE_CURVE('',#625,#625,#507,.T.);
#799=EDGE_CURVE('',#625,#624,#162,.T.);
#800=EDGE_CURVE('',#625,#626,#163,.T.);
#801=EDGE_CURVE('',#626,#626,#508,.T.);
#802=EDGE_CURVE('',#626,#623,#164,.T.);
#803=EDGE_CURVE('',#627,#627,#509,.T.);
#804=EDGE_CURVE('',#628,#628,#510,.T.);
#805=EDGE_CURVE('',#629,#630,#511,.T.);
#806=EDGE_CURVE('',#630,#628,#165,.T.);
#807=EDGE_CURVE('',#630,#629,#512,.T.);
#808=EDGE_CURVE('',#631,#631,#513,.T.);
#809=EDGE_CURVE('',#631,#627,#166,.T.);
#810=EDGE_CURVE('',#632,#632,#514,.T.);
#811=EDGE_CURVE('',#632,#633,#167,.T.);
#812=EDGE_CURVE('',#633,#634,#515,.T.);
#813=EDGE_CURVE('',#634,#633,#516,.T.);
#814=EDGE_CURVE('',#632,#635,#168,.T.);
#815=EDGE_CURVE('',#634,#636,#68,.T.);
#816=ORIENTED_EDGE('',*,*,#637,.T.);
#817=ORIENTED_EDGE('',*,*,#638,.F.);
#818=ORIENTED_EDGE('',*,*,#637,.F.);
#819=ORIENTED_EDGE('',*,*,#639,.T.);
#820=ORIENTED_EDGE('',*,*,#638,.T.);
#821=ORIENTED_EDGE('',*,*,#639,.F.);
#822=ORIENTED_EDGE('',*,*,#640,.F.);
#823=ORIENTED_EDGE('',*,*,#641,.F.);
#824=ORIENTED_EDGE('',*,*,#642,.T.);
#825=ORIENTED_EDGE('',*,*,#640,.T.);
#826=ORIENTED_EDGE('',*,*,#642,.F.);
#827=ORIENTED_EDGE('',*,*,#641,.T.);
#828=ORIENTED_EDGE('',*,*,#643,.F.);
#829=ORIENTED_EDGE('',*,*,#644,.F.);
#830=ORIENTED_EDGE('',*,*,#645,.F.);
#831=ORIENTED_EDGE('',*,*,#646,.F.);
#832=ORIENTED_EDGE('',*,*,#647,.F.);
#833=ORIENTED_EDGE('',*,*,#648,.F.);
#834=ORIENTED_EDGE('',*,*,#649,.F.);
#835=ORIENTED_EDGE('',*,*,#650,.T.);
#836=ORIENTED_EDGE('',*,*,#651,.F.);
#837=ORIENTED_EDGE('',*,*,#650,.F.);
#838=ORIENTED_EDGE('',*,*,#652,.F.);
#839=ORIENTED_EDGE('',*,*,#644,.T.);
#840=ORIENTED_EDGE('',*,*,#653,.F.);
#841=ORIENTED_EDGE('',*,*,#654,.F.);
#842=ORIENTED_EDGE('',*,*,#655,.F.);
#843=ORIENTED_EDGE('',*,*,#656,.T.);
#844=ORIENTED_EDGE('',*,*,#657,.F.);
#845=ORIENTED_EDGE('',*,*,#656,.F.);
#846=ORIENTED_EDGE('',*,*,#658,.F.);
#847=ORIENTED_EDGE('',*,*,#659,.T.);
#848=ORIENTED_EDGE('',*,*,#660,.F.);
#849=ORIENTED_EDGE('',*,*,#659,.F.);
#850=ORIENTED_EDGE('',*,*,#661,.F.);
#851=ORIENTED_EDGE('',*,*,#662,.T.);
#852=ORIENTED_EDGE('',*,*,#663,.F.);
#853=ORIENTED_EDGE('',*,*,#662,.F.);
#854=ORIENTED_EDGE('',*,*,#664,.F.);
#855=ORIENTED_EDGE('',*,*,#654,.T.);
#856=ORIENTED_EDGE('',*,*,#646,.T.);
#857=ORIENTED_EDGE('',*,*,#665,.F.);
#858=ORIENTED_EDGE('',*,*,#666,.T.);
#859=ORIENTED_EDGE('',*,*,#667,.F.);
#860=ORIENTED_EDGE('',*,*,#645,.T.);
#861=ORIENTED_EDGE('',*,*,#652,.T.);
#862=ORIENTED_EDGE('',*,*,#649,.T.);
#863=ORIENTED_EDGE('',*,*,#668,.F.);
#864=ORIENTED_EDGE('',*,*,#669,.T.);
#865=ORIENTED_EDGE('',*,*,#670,.T.);
#866=ORIENTED_EDGE('',*,*,#671,.T.);
#867=ORIENTED_EDGE('',*,*,#672,.F.);
#868=ORIENTED_EDGE('',*,*,#673,.T.);
#869=ORIENTED_EDGE('',*,*,#674,.T.);
#870=ORIENTED_EDGE('',*,*,#675,.T.);
#871=ORIENTED_EDGE('',*,*,#676,.T.);
#872=ORIENTED_EDGE('',*,*,#677,.T.);
#873=ORIENTED_EDGE('',*,*,#678,.T.);
#874=ORIENTED_EDGE('',*,*,#679,.T.);
#875=ORIENTED_EDGE('',*,*,#665,.T.);
#876=ORIENTED_EDGE('',*,*,#680,.T.);
#877=ORIENTED_EDGE('',*,*,#681,.T.);
#878=ORIENTED_EDGE('',*,*,#682,.T.);
#879=ORIENTED_EDGE('',*,*,#683,.T.);
#880=ORIENTED_EDGE('',*,*,#684,.T.);
#881=ORIENTED_EDGE('',*,*,#685,.T.);
#882=ORIENTED_EDGE('',*,*,#686,.T.);
#883=ORIENTED_EDGE('',*,*,#687,.T.);
#884=ORIENTED_EDGE('',*,*,#688,.T.);
#885=ORIENTED_EDGE('',*,*,#689,.T.);
#886=ORIENTED_EDGE('',*,*,#690,.T.);
#887=ORIENTED_EDGE('',*,*,#691,.T.);
#888=ORIENTED_EDGE('',*,*,#692,.T.);
#889=ORIENTED_EDGE('',*,*,#661,.T.);
#890=ORIENTED_EDGE('',*,*,#658,.T.);
#891=ORIENTED_EDGE('',*,*,#655,.T.);
#892=ORIENTED_EDGE('',*,*,#664,.T.);
#893=ORIENTED_EDGE('',*,*,#693,.F.);
#894=ORIENTED_EDGE('',*,*,#666,.F.);
#895=ORIENTED_EDGE('',*,*,#679,.F.);
#896=ORIENTED_EDGE('',*,*,#694,.T.);
#897=ORIENTED_EDGE('',*,*,#695,.F.);
#898=ORIENTED_EDGE('',*,*,#694,.F.);
#899=ORIENTED_EDGE('',*,*,#678,.F.);
#900=ORIENTED_EDGE('',*,*,#696,.T.);
#901=ORIENTED_EDGE('',*,*,#697,.F.);
#902=ORIENTED_EDGE('',*,*,#696,.F.);
#903=ORIENTED_EDGE('',*,*,#677,.F.);
#904=ORIENTED_EDGE('',*,*,#698,.F.);
#905=ORIENTED_EDGE('',*,*,#699,.F.);
#906=ORIENTED_EDGE('',*,*,#700,.F.);
#907=ORIENTED_EDGE('',*,*,#691,.F.);
#908=ORIENTED_EDGE('',*,*,#701,.T.);
#909=ORIENTED_EDGE('',*,*,#702,.F.);
#910=ORIENTED_EDGE('',*,*,#701,.F.);
#911=ORIENTED_EDGE('',*,*,#690,.F.);
#912=ORIENTED_EDGE('',*,*,#703,.T.);
#913=ORIENTED_EDGE('',*,*,#704,.F.);
#914=ORIENTED_EDGE('',*,*,#703,.F.);
#915=ORIENTED_EDGE('',*,*,#689,.F.);
#916=ORIENTED_EDGE('',*,*,#705,.T.);
#917=ORIENTED_EDGE('',*,*,#706,.F.);
#918=ORIENTED_EDGE('',*,*,#705,.F.);
#919=ORIENTED_EDGE('',*,*,#692,.F.);
#920=ORIENTED_EDGE('',*,*,#700,.T.);
#921=ORIENTED_EDGE('',*,*,#698,.T.);
#922=ORIENTED_EDGE('',*,*,#676,.F.);
#923=ORIENTED_EDGE('',*,*,#707,.T.);
#924=ORIENTED_EDGE('',*,*,#708,.F.);
#925=ORIENTED_EDGE('',*,*,#643,.T.);
#926=ORIENTED_EDGE('',*,*,#667,.T.);
#927=ORIENTED_EDGE('',*,*,#693,.T.);
#928=ORIENTED_EDGE('',*,*,#695,.T.);
#929=ORIENTED_EDGE('',*,*,#697,.T.);
#930=ORIENTED_EDGE('',*,*,#708,.T.);
#931=ORIENTED_EDGE('',*,*,#709,.T.);
#932=ORIENTED_EDGE('',*,*,#710,.T.);
#933=ORIENTED_EDGE('',*,*,#711,.T.);
#934=ORIENTED_EDGE('',*,*,#712,.T.);
#935=ORIENTED_EDGE('',*,*,#713,.T.);
#936=ORIENTED_EDGE('',*,*,#714,.T.);
#937=ORIENTED_EDGE('',*,*,#715,.T.);
#938=ORIENTED_EDGE('',*,*,#716,.T.);
#939=ORIENTED_EDGE('',*,*,#647,.T.);
#940=ORIENTED_EDGE('',*,*,#651,.T.);
#941=ORIENTED_EDGE('',*,*,#660,.T.);
#942=ORIENTED_EDGE('',*,*,#663,.T.);
#943=ORIENTED_EDGE('',*,*,#653,.T.);
#944=ORIENTED_EDGE('',*,*,#657,.T.);
#945=ORIENTED_EDGE('',*,*,#717,.T.);
#946=ORIENTED_EDGE('',*,*,#718,.T.);
#947=ORIENTED_EDGE('',*,*,#719,.T.);
#948=ORIENTED_EDGE('',*,*,#720,.T.);
#949=ORIENTED_EDGE('',*,*,#721,.T.);
#950=ORIENTED_EDGE('',*,*,#722,.T.);
#951=ORIENTED_EDGE('',*,*,#723,.T.);
#952=ORIENTED_EDGE('',*,*,#724,.T.);
#953=ORIENTED_EDGE('',*,*,#725,.T.);
#954=ORIENTED_EDGE('',*,*,#704,.T.);
#955=ORIENTED_EDGE('',*,*,#706,.T.);
#956=ORIENTED_EDGE('',*,*,#699,.T.);
#957=ORIENTED_EDGE('',*,*,#702,.T.);
#958=ORIENTED_EDGE('',*,*,#715,.F.);
#959=ORIENTED_EDGE('',*,*,#726,.F.);
#960=ORIENTED_EDGE('',*,*,#669,.F.);
#961=ORIENTED_EDGE('',*,*,#727,.F.);
#962=ORIENTED_EDGE('',*,*,#714,.F.);
#963=ORIENTED_EDGE('',*,*,#728,.F.);
#964=ORIENTED_EDGE('',*,*,#670,.F.);
#965=ORIENTED_EDGE('',*,*,#726,.T.);
#966=ORIENTED_EDGE('',*,*,#713,.F.);
#967=ORIENTED_EDGE('',*,*,#729,.F.);
#968=ORIENTED_EDGE('',*,*,#671,.F.);
#969=ORIENTED_EDGE('',*,*,#728,.T.);
#970=ORIENTED_EDGE('',*,*,#724,.F.);
#971=ORIENTED_EDGE('',*,*,#730,.F.);
#972=ORIENTED_EDGE('',*,*,#682,.F.);
#973=ORIENTED_EDGE('',*,*,#731,.T.);
#974=ORIENTED_EDGE('',*,*,#725,.F.);
#975=ORIENTED_EDGE('',*,*,#731,.F.);
#976=ORIENTED_EDGE('',*,*,#681,.F.);
#977=ORIENTED_EDGE('',*,*,#732,.T.);
#978=ORIENTED_EDGE('',*,*,#722,.F.);
#979=ORIENTED_EDGE('',*,*,#732,.F.);
#980=ORIENTED_EDGE('',*,*,#680,.F.);
#981=ORIENTED_EDGE('',*,*,#733,.T.);
#982=ORIENTED_EDGE('',*,*,#723,.F.);
#983=ORIENTED_EDGE('',*,*,#733,.F.);
#984=ORIENTED_EDGE('',*,*,#683,.F.);
#985=ORIENTED_EDGE('',*,*,#730,.T.);
#986=ORIENTED_EDGE('',*,*,#711,.F.);
#987=ORIENTED_EDGE('',*,*,#734,.F.);
#988=ORIENTED_EDGE('',*,*,#673,.F.);
#989=ORIENTED_EDGE('',*,*,#735,.F.);
#990=ORIENTED_EDGE('',*,*,#709,.F.);
#991=ORIENTED_EDGE('',*,*,#707,.F.);
#992=ORIENTED_EDGE('',*,*,#675,.F.);
#993=ORIENTED_EDGE('',*,*,#736,.T.);
#994=ORIENTED_EDGE('',*,*,#710,.F.);
#995=ORIENTED_EDGE('',*,*,#736,.F.);
#996=ORIENTED_EDGE('',*,*,#674,.F.);
#997=ORIENTED_EDGE('',*,*,#734,.T.);
#998=ORIENTED_EDGE('',*,*,#720,.F.);
#999=ORIENTED_EDGE('',*,*,#737,.F.);
#1000=ORIENTED_EDGE('',*,*,#687,.F.);
#1001=ORIENTED_EDGE('',*,*,#738,.T.);
#1002=ORIENTED_EDGE('',*,*,#721,.F.);
#1003=ORIENTED_EDGE('',*,*,#738,.F.);
#1004=ORIENTED_EDGE('',*,*,#686,.F.);
#1005=ORIENTED_EDGE('',*,*,#739,.T.);
#1006=ORIENTED_EDGE('',*,*,#718,.F.);
#1007=ORIENTED_EDGE('',*,*,#739,.F.);
#1008=ORIENTED_EDGE('',*,*,#685,.F.);
#1009=ORIENTED_EDGE('',*,*,#740,.T.);
#1010=ORIENTED_EDGE('',*,*,#719,.F.);
#1011=ORIENTED_EDGE('',*,*,#740,.F.);
#1012=ORIENTED_EDGE('',*,*,#688,.F.);
#1013=ORIENTED_EDGE('',*,*,#737,.T.);
#1014=ORIENTED_EDGE('',*,*,#729,.T.);
#1015=ORIENTED_EDGE('',*,*,#712,.F.);
#1016=ORIENTED_EDGE('',*,*,#735,.T.);
#1017=ORIENTED_EDGE('',*,*,#672,.T.);
#1018=ORIENTED_EDGE('',*,*,#648,.T.);
#1019=ORIENTED_EDGE('',*,*,#716,.F.);
#1020=ORIENTED_EDGE('',*,*,#727,.T.);
#1021=ORIENTED_EDGE('',*,*,#668,.T.);
#1022=ORIENTED_EDGE('',*,*,#717,.F.);
#1023=ORIENTED_EDGE('',*,*,#741,.T.);
#1024=ORIENTED_EDGE('',*,*,#742,.F.);
#1025=ORIENTED_EDGE('',*,*,#743,.F.);
#1026=ORIENTED_EDGE('',*,*,#741,.F.);
#1027=ORIENTED_EDGE('',*,*,#743,.T.);
#1028=ORIENTED_EDGE('',*,*,#744,.T.);
#1029=ORIENTED_EDGE('',*,*,#745,.F.);
#1030=ORIENTED_EDGE('',*,*,#744,.F.);
#1031=ORIENTED_EDGE('',*,*,#742,.T.);
#1032=ORIENTED_EDGE('',*,*,#745,.T.);
#1033=ORIENTED_EDGE('',*,*,#746,.F.);
#1034=ORIENTED_EDGE('',*,*,#747,.F.);
#1035=ORIENTED_EDGE('',*,*,#748,.F.);
#1036=ORIENTED_EDGE('',*,*,#749,.T.);
#1037=ORIENTED_EDGE('',*,*,#746,.T.);
#1038=ORIENTED_EDGE('',*,*,#749,.F.);
#1039=ORIENTED_EDGE('',*,*,#747,.T.);
#1040=ORIENTED_EDGE('',*,*,#748,.T.);
#1041=ORIENTED_EDGE('',*,*,#750,.T.);
#1042=ORIENTED_EDGE('',*,*,#751,.F.);
#1043=ORIENTED_EDGE('',*,*,#752,.F.);
#1044=ORIENTED_EDGE('',*,*,#750,.F.);
#1045=ORIENTED_EDGE('',*,*,#752,.T.);
#1046=ORIENTED_EDGE('',*,*,#753,.T.);
#1047=ORIENTED_EDGE('',*,*,#754,.F.);
#1048=ORIENTED_EDGE('',*,*,#753,.F.);
#1049=ORIENTED_EDGE('',*,*,#751,.T.);
#1050=ORIENTED_EDGE('',*,*,#754,.T.);
#1051=ORIENTED_EDGE('',*,*,#755,.F.);
#1052=ORIENTED_EDGE('',*,*,#756,.F.);
#1053=ORIENTED_EDGE('',*,*,#757,.F.);
#1054=ORIENTED_EDGE('',*,*,#758,.T.);
#1055=ORIENTED_EDGE('',*,*,#755,.T.);
#1056=ORIENTED_EDGE('',*,*,#758,.F.);
#1057=ORIENTED_EDGE('',*,*,#756,.T.);
#1058=ORIENTED_EDGE('',*,*,#757,.T.);
#1059=ORIENTED_EDGE('',*,*,#759,.T.);
#1060=ORIENTED_EDGE('',*,*,#760,.F.);
#1061=ORIENTED_EDGE('',*,*,#761,.F.);
#1062=ORIENTED_EDGE('',*,*,#759,.F.);
#1063=ORIENTED_EDGE('',*,*,#762,.F.);
#1064=ORIENTED_EDGE('',*,*,#763,.F.);
#1065=ORIENTED_EDGE('',*,*,#764,.T.);
#1066=ORIENTED_EDGE('',*,*,#760,.T.);
#1067=ORIENTED_EDGE('',*,*,#761,.T.);
#1068=ORIENTED_EDGE('',*,*,#764,.F.);
#1069=ORIENTED_EDGE('',*,*,#762,.T.);
#1070=ORIENTED_EDGE('',*,*,#763,.T.);
#1071=ORIENTED_EDGE('',*,*,#765,.T.);
#1072=ORIENTED_EDGE('',*,*,#766,.F.);
#1073=ORIENTED_EDGE('',*,*,#765,.F.);
#1074=ORIENTED_EDGE('',*,*,#767,.F.);
#1075=ORIENTED_EDGE('',*,*,#766,.T.);
#1076=ORIENTED_EDGE('',*,*,#768,.F.);
#1077=ORIENTED_EDGE('',*,*,#769,.T.);
#1078=ORIENTED_EDGE('',*,*,#767,.T.);
#1079=ORIENTED_EDGE('',*,*,#769,.F.);
#1080=ORIENTED_EDGE('',*,*,#770,.F.);
#1081=ORIENTED_EDGE('',*,*,#768,.T.);
#1082=ORIENTED_EDGE('',*,*,#771,.T.);
#1083=ORIENTED_EDGE('',*,*,#772,.F.);
#1084=ORIENTED_EDGE('',*,*,#773,.F.);
#1085=ORIENTED_EDGE('',*,*,#771,.F.);
#1086=ORIENTED_EDGE('',*,*,#770,.T.);
#1087=ORIENTED_EDGE('',*,*,#774,.F.);
#1088=ORIENTED_EDGE('',*,*,#775,.T.);
#1089=ORIENTED_EDGE('',*,*,#772,.T.);
#1090=ORIENTED_EDGE('',*,*,#773,.T.);
#1091=ORIENTED_EDGE('',*,*,#775,.F.);
#1092=ORIENTED_EDGE('',*,*,#776,.F.);
#1093=ORIENTED_EDGE('',*,*,#774,.T.);
#1094=ORIENTED_EDGE('',*,*,#777,.T.);
#1095=ORIENTED_EDGE('',*,*,#778,.F.);
#1096=ORIENTED_EDGE('',*,*,#777,.F.);
#1097=ORIENTED_EDGE('',*,*,#776,.T.);
#1098=ORIENTED_EDGE('',*,*,#779,.F.);
#1099=ORIENTED_EDGE('',*,*,#778,.T.);
#1100=ORIENTED_EDGE('',*,*,#780,.F.);
#1101=ORIENTED_EDGE('',*,*,#781,.F.);
#1102=ORIENTED_EDGE('',*,*,#782,.T.);
#1103=ORIENTED_EDGE('',*,*,#779,.T.);
#1104=ORIENTED_EDGE('',*,*,#782,.F.);
#1105=ORIENTED_EDGE('',*,*,#783,.F.);
#1106=ORIENTED_EDGE('',*,*,#784,.T.);
#1107=ORIENTED_EDGE('',*,*,#780,.T.);
#1108=ORIENTED_EDGE('',*,*,#781,.T.);
#1109=ORIENTED_EDGE('',*,*,#784,.F.);
#1110=ORIENTED_EDGE('',*,*,#785,.F.);
#1111=ORIENTED_EDGE('',*,*,#783,.T.);
#1112=ORIENTED_EDGE('',*,*,#786,.T.);
#1113=ORIENTED_EDGE('',*,*,#787,.F.);
#1114=ORIENTED_EDGE('',*,*,#786,.F.);
#1115=ORIENTED_EDGE('',*,*,#785,.T.);
#1116=ORIENTED_EDGE('',*,*,#788,.F.);
#1117=ORIENTED_EDGE('',*,*,#787,.T.);
#1118=ORIENTED_EDGE('',*,*,#789,.F.);
#1119=ORIENTED_EDGE('',*,*,#790,.F.);
#1120=ORIENTED_EDGE('',*,*,#791,.T.);
#1121=ORIENTED_EDGE('',*,*,#788,.T.);
#1122=ORIENTED_EDGE('',*,*,#791,.F.);
#1123=ORIENTED_EDGE('',*,*,#684,.F.);
#1124=ORIENTED_EDGE('',*,*,#792,.T.);
#1125=ORIENTED_EDGE('',*,*,#789,.T.);
#1126=ORIENTED_EDGE('',*,*,#790,.T.);
#1127=ORIENTED_EDGE('',*,*,#792,.F.);
#1128=ORIENTED_EDGE('',*,*,#793,.T.);
#1129=ORIENTED_EDGE('',*,*,#794,.T.);
#1130=ORIENTED_EDGE('',*,*,#795,.T.);
#1131=ORIENTED_EDGE('',*,*,#793,.F.);
#1132=ORIENTED_EDGE('',*,*,#796,.F.);
#1133=ORIENTED_EDGE('',*,*,#797,.F.);
#1134=ORIENTED_EDGE('',*,*,#798,.F.);
#1135=ORIENTED_EDGE('',*,*,#799,.T.);
#1136=ORIENTED_EDGE('',*,*,#796,.T.);
#1137=ORIENTED_EDGE('',*,*,#797,.T.);
#1138=ORIENTED_EDGE('',*,*,#799,.F.);
#1139=ORIENTED_EDGE('',*,*,#798,.T.);
#1140=ORIENTED_EDGE('',*,*,#800,.T.);
#1141=ORIENTED_EDGE('',*,*,#801,.F.);
#1142=ORIENTED_EDGE('',*,*,#800,.F.);
#1143=ORIENTED_EDGE('',*,*,#801,.T.);
#1144=ORIENTED_EDGE('',*,*,#802,.T.);
#1145=ORIENTED_EDGE('',*,*,#794,.F.);
#1146=ORIENTED_EDGE('',*,*,#795,.F.);
#1147=ORIENTED_EDGE('',*,*,#802,.F.);
#1148=ORIENTED_EDGE('',*,*,#803,.F.);
#1149=ORIENTED_EDGE('',*,*,#804,.T.);
#1150=ORIENTED_EDGE('',*,*,#805,.T.);
#1151=ORIENTED_EDGE('',*,*,#806,.T.);
#1152=ORIENTED_EDGE('',*,*,#804,.F.);
#1153=ORIENTED_EDGE('',*,*,#806,.F.);
#1154=ORIENTED_EDGE('',*,*,#807,.T.);
#1155=ORIENTED_EDGE('',*,*,#808,.T.);
#1156=ORIENTED_EDGE('',*,*,#805,.F.);
#1157=ORIENTED_EDGE('',*,*,#807,.F.);
#1158=ORIENTED_EDGE('',*,*,#808,.F.);
#1159=ORIENTED_EDGE('',*,*,#809,.T.);
#1160=ORIENTED_EDGE('',*,*,#803,.T.);
#1161=ORIENTED_EDGE('',*,*,#809,.F.);
#1162=ORIENTED_EDGE('',*,*,#810,.F.);
#1163=ORIENTED_EDGE('',*,*,#811,.T.);
#1164=ORIENTED_EDGE('',*,*,#812,.T.);
#1165=ORIENTED_EDGE('',*,*,#813,.T.);
#1166=ORIENTED_EDGE('',*,*,#811,.F.);
#1167=ORIENTED_EDGE('',*,*,#810,.T.);
#1168=ORIENTED_EDGE('',*,*,#814,.T.);
#1169=ORIENTED_EDGE('',*,*,#814,.F.);
#1170=ORIENTED_EDGE('',*,*,#815,.T.);
#1171=ORIENTED_EDGE('',*,*,#815,.F.);
#1172=ORIENTED_EDGE('',*,*,#812,.F.);
#1173=ORIENTED_EDGE('',*,*,#813,.F.);
#1174=PLANE('',#1299);
#1175=PLANE('',#1301);
#1176=PLANE('',#1304);
#1177=PLANE('',#1308);
#1178=PLANE('',#1309);
#1179=PLANE('',#1310);
#1180=PLANE('',#1314);
#1181=PLANE('',#1318);
#1182=PLANE('',#1322);
#1183=PLANE('',#1333);
#1184=PLANE('',#1336);
#1185=PLANE('',#1337);
#1186=PLANE('',#1340);
#1187=PLANE('',#1343);
#1188=PLANE('',#1351);
#1189=PLANE('',#1353);
#1190=PLANE('',#1354);
#1191=PLANE('',#1356);
#1192=PLANE('',#1358);
#1193=PLANE('',#1359);
#1194=PLANE('',#1361);
#1195=PLANE('',#1363);
#1196=PLANE('',#1371);
#1197=PLANE('',#1383);
#1198=PLANE('',#1398);
#1199=PLANE('',#1413);
#1200=PLANE('',#1425);
#1201=PLANE('',#1441);
#1202=PLANE('',#1447);
#1203=ADVANCED_FACE('',(#264),#1174,.T.);
#1204=ADVANCED_FACE('',(#265),#1175,.T.);
#1205=ADVANCED_FACE('',(#266),#242,.T.);
#1206=ADVANCED_FACE('',(#267),#1176,.T.);
#1207=ADVANCED_FACE('',(#268),#243,.T.);
#1208=ADVANCED_FACE('',(#269),#1177,.T.);
#1209=ADVANCED_FACE('',(#270),#1178,.F.);
#1210=ADVANCED_FACE('',(#271),#1179,.F.);
#1211=ADVANCED_FACE('',(#272),#244,.T.);
#1212=ADVANCED_FACE('',(#273),#1180,.F.);
#1213=ADVANCED_FACE('',(#274),#245,.F.);
#1214=ADVANCED_FACE('',(#275),#1181,.F.);
#1215=ADVANCED_FACE('',(#276),#246,.F.);
#1216=ADVANCED_FACE('',(#277),#69,.T.);
#1217=ADVANCED_FACE('',(#278,#42,#43,#44,#45,#46),#1182,.F.);
#1218=ADVANCED_FACE('',(#279),#1183,.T.);
#1219=ADVANCED_FACE('',(#280),#247,.T.);
#1220=ADVANCED_FACE('',(#281),#1184,.T.);
#1221=ADVANCED_FACE('',(#282),#1185,.T.);
#1222=ADVANCED_FACE('',(#283),#248,.F.);
#1223=ADVANCED_FACE('',(#284),#1186,.T.);
#1224=ADVANCED_FACE('',(#285),#249,.F.);
#1225=ADVANCED_FACE('',(#286),#70,.T.);
#1226=ADVANCED_FACE('',(#287,#47,#48,#49,#50,#51),#1187,.T.);
#1227=ADVANCED_FACE('',(#288),#1188,.T.);
#1228=ADVANCED_FACE('',(#289),#250,.T.);
#1229=ADVANCED_FACE('',(#290),#1189,.T.);
#1230=ADVANCED_FACE('',(#291),#1190,.T.);
#1231=ADVANCED_FACE('',(#292),#251,.F.);
#1232=ADVANCED_FACE('',(#293),#1191,.T.);
#1233=ADVANCED_FACE('',(#294),#252,.F.);
#1234=ADVANCED_FACE('',(#295),#1192,.F.);
#1235=ADVANCED_FACE('',(#296),#1193,.F.);
#1236=ADVANCED_FACE('',(#297),#253,.T.);
#1237=ADVANCED_FACE('',(#298),#1194,.F.);
#1238=ADVANCED_FACE('',(#299),#254,.F.);
#1239=ADVANCED_FACE('',(#300),#1195,.F.);
#1240=ADVANCED_FACE('',(#301),#255,.F.);
#1241=ADVANCED_FACE('',(#302),#71,.T.);
#1242=ADVANCED_FACE('',(#303),#72,.T.);
#1243=ADVANCED_FACE('',(#304),#256,.F.);
#1244=ADVANCED_FACE('',(#305),#32,.F.);
#1245=ADVANCED_FACE('',(#306,#52),#1196,.T.);
#1246=ADVANCED_FACE('',(#307),#33,.T.);
#1247=ADVANCED_FACE('',(#308),#25,.F.);
#1248=ADVANCED_FACE('',(#309),#34,.F.);
#1249=ADVANCED_FACE('',(#310,#53),#1197,.T.);
#1250=ADVANCED_FACE('',(#311),#35,.T.);
#1251=ADVANCED_FACE('',(#312),#26,.F.);
#1252=ADVANCED_FACE('',(#313),#36,.T.);
#1253=ADVANCED_FACE('',(#314),#257,.F.);
#1254=ADVANCED_FACE('',(#315,#54),#1198,.T.);
#1255=ADVANCED_FACE('',(#316),#258,.T.);
#1256=ADVANCED_FACE('',(#317),#37,.F.);
#1257=ADVANCED_FACE('',(#318),#27,.T.);
#1258=ADVANCED_FACE('',(#319),#38,.F.);
#1259=ADVANCED_FACE('',(#320,#55),#1199,.T.);
#1260=ADVANCED_FACE('',(#321),#39,.T.);
#1261=ADVANCED_FACE('',(#322),#28,.T.);
#1262=ADVANCED_FACE('',(#323),#40,.F.);
#1263=ADVANCED_FACE('',(#324,#56),#1200,.T.);
#1264=ADVANCED_FACE('',(#325),#41,.T.);
#1265=ADVANCED_FACE('',(#326),#259,.T.);
#1266=ADVANCED_FACE('',(#327),#73,.T.);
#1267=ADVANCED_FACE('',(#328),#29,.T.);
#1268=ADVANCED_FACE('',(#329),#260,.F.);
#1269=ADVANCED_FACE('',(#330),#30,.F.);
#1270=ADVANCED_FACE('',(#331,#57),#1201,.T.);
#1271=ADVANCED_FACE('',(#332),#261,.F.);
#1272=ADVANCED_FACE('',(#333,#58),#1202,.T.);
#1273=ADVANCED_FACE('',(#334),#262,.T.);
#1274=ADVANCED_FACE('',(#335),#263,.T.);
#1275=ADVANCED_FACE('',(#336),#31,.F.);
#1276=ADVANCED_FACE('',(#337),#74,.T.);
#1277=CLOSED_SHELL('',(#1203,#1204,#1205));
#1278=CLOSED_SHELL('',(#1206,#1207,#1208));
#1279=CLOSED_SHELL('',(#1209,#1210,#1211,#1212,#1213,#1214,#1215,#1216,
#1217,#1218,#1219,#1220,#1221,#1222,#1223,#1224,#1225,#1226,#1227,#1228,
#1229,#1230,#1231,#1232,#1233,#1234,#1235,#1236,#1237,#1238,#1239,#1240,
#1241,#1242,#1243,#1244,#1245,#1246,#1247,#1248,#1249,#1250,#1251,#1252,
#1253,#1254,#1255,#1256,#1257,#1258,#1259,#1260,#1261,#1262,#1263,#1264,
#1265));
#1280=CLOSED_SHELL('',(#1266,#1267,#1268,#1269));
#1281=CLOSED_SHELL('',(#1270,#1271,#1272,#1273));
#1282=CLOSED_SHELL('',(#1274,#1275,#1276));
#1283=DERIVED_UNIT_ELEMENT(#1285,1.);
#1284=DERIVED_UNIT_ELEMENT(#2912,-3.);
#1285=(
MASS_UNIT()
NAMED_UNIT(*)
SI_UNIT(.KILO.,.GRAM.)
);
#1286=DERIVED_UNIT((#1283,#1284));
#1287=MEASURE_REPRESENTATION_ITEM('density measure',
POSITIVE_RATIO_MEASURE(8000.),#1286);
#1288=PROPERTY_DEFINITION_REPRESENTATION(#1293,#1290);
#1289=PROPERTY_DEFINITION_REPRESENTATION(#1294,#1291);
#1290=REPRESENTATION('material name',(#1292),#2909);
#1291=REPRESENTATION('density',(#1287),#2909);
#1292=DESCRIPTIVE_REPRESENTATION_ITEM('Stainless Steel, Austenitic',
'Stainless Steel, Austenitic');
#1293=PROPERTY_DEFINITION('material property','material name',#2934);
#1294=PROPERTY_DEFINITION('material property','density of part',#2934);
#1295=AXIS2_PLACEMENT_3D('',#1857,#1458,#1459);
#1296=AXIS2_PLACEMENT_3D('',#1858,#1460,#1461);
#1297=AXIS2_PLACEMENT_3D('',#1859,#1462,#1463);
#1298=AXIS2_PLACEMENT_3D('',#1860,#1464,#1465);
#1299=AXIS2_PLACEMENT_3D('',#1861,#1466,#1467);
#1300=AXIS2_PLACEMENT_3D('',#1863,#1468,#1469);
#1301=AXIS2_PLACEMENT_3D('',#1864,#1470,#1471);
#1302=AXIS2_PLACEMENT_3D('',#1866,#1472,#1473);
#1303=AXIS2_PLACEMENT_3D('',#1867,#1474,#1475);
#1304=AXIS2_PLACEMENT_3D('',#1869,#1477,#1478);
#1305=AXIS2_PLACEMENT_3D('',#1871,#1479,#1480);
#1306=AXIS2_PLACEMENT_3D('',#1872,#1481,#1482);
#1307=AXIS2_PLACEMENT_3D('',#1874,#1483,#1484);
#1308=AXIS2_PLACEMENT_3D('',#1876,#1486,#1487);
#1309=AXIS2_PLACEMENT_3D('',#1877,#1488,#1489);
#1310=AXIS2_PLACEMENT_3D('',#1891,#1493,#1494);
#1311=AXIS2_PLACEMENT_3D('',#1905,#1498,#1499);
#1312=AXIS2_PLACEMENT_3D('',#1906,#1500,#1501);
#1313=AXIS2_PLACEMENT_3D('',#1907,#1502,#1503);
#1314=AXIS2_PLACEMENT_3D('',#1908,#1504,#1505);
#1315=AXIS2_PLACEMENT_3D('',#1917,#1510,#1511);
#1316=AXIS2_PLACEMENT_3D('',#1919,#1512,#1513);
#1317=AXIS2_PLACEMENT_3D('',#1921,#1514,#1515);
#1318=AXIS2_PLACEMENT_3D('',#1923,#1517,#1518);
#1319=AXIS2_PLACEMENT_3D('',#1929,#1522,#1523);
#1320=AXIS2_PLACEMENT_3D('',#1930,#1524,#1525);
#1321=AXIS2_PLACEMENT_3D('',#1931,#1526,#1527);
#1322=AXIS2_PLACEMENT_3D('',#2000,#1528,#1529);
#1323=AXIS2_PLACEMENT_3D('',#2020,#1531,#1532);
#1324=AXIS2_PLACEMENT_3D('',#2042,#1535,#1536);
#1325=AXIS2_PLACEMENT_3D('',#2064,#1539,#1540);
#1326=AXIS2_PLACEMENT_3D('',#2070,#1543,#1544);
#1327=AXIS2_PLACEMENT_3D('',#2073,#1546,#1547);
#1328=AXIS2_PLACEMENT_3D('',#2075,#1548,#1549);
#1329=AXIS2_PLACEMENT_3D('',#2080,#1551,#1552);
#1330=AXIS2_PLACEMENT_3D('',#2083,#1554,#1555);
#1331=AXIS2_PLACEMENT_3D('',#2088,#1557,#1558);
#1332=AXIS2_PLACEMENT_3D('',#2091,#1560,#1561);
#1333=AXIS2_PLACEMENT_3D('',#2092,#1562,#1563);
#1334=AXIS2_PLACEMENT_3D('',#2096,#1566,#1567);
#1335=AXIS2_PLACEMENT_3D('',#2098,#1568,#1569);
#1336=AXIS2_PLACEMENT_3D('',#2100,#1571,#1572);
#1337=AXIS2_PLACEMENT_3D('',#2109,#1574,#1575);
#1338=AXIS2_PLACEMENT_3D('',#2115,#1579,#1580);
#1339=AXIS2_PLACEMENT_3D('',#2117,#1581,#1582);
#1340=AXIS2_PLACEMENT_3D('',#2119,#1584,#1585);
#1341=AXIS2_PLACEMENT_3D('',#2123,#1588,#1589);
#1342=AXIS2_PLACEMENT_3D('',#2124,#1590,#1591);
#1343=AXIS2_PLACEMENT_3D('',#2177,#1592,#1593);
#1344=AXIS2_PLACEMENT_3D('',#2181,#1595,#1596);
#1345=AXIS2_PLACEMENT_3D('',#2203,#1599,#1600);
#1346=AXIS2_PLACEMENT_3D('',#2222,#1602,#1603);
#1347=AXIS2_PLACEMENT_3D('',#2227,#1605,#1606);
#1348=AXIS2_PLACEMENT_3D('',#2230,#1608,#1609);
#1349=AXIS2_PLACEMENT_3D('',#2235,#1611,#1612);
#1350=AXIS2_PLACEMENT_3D('',#2238,#1614,#1615);
#1351=AXIS2_PLACEMENT_3D('',#2239,#1616,#1617);
#1352=AXIS2_PLACEMENT_3D('',#2247,#1619,#1620);
#1353=AXIS2_PLACEMENT_3D('',#2249,#1622,#1623);
#1354=AXIS2_PLACEMENT_3D('',#2256,#1624,#1625);
#1355=AXIS2_PLACEMENT_3D('',#2259,#1628,#1629);
#1356=AXIS2_PLACEMENT_3D('',#2261,#1631,#1632);
#1357=AXIS2_PLACEMENT_3D('',#2263,#1634,#1635);
#1358=AXIS2_PLACEMENT_3D('',#2264,#1636,#1637);
#1359=AXIS2_PLACEMENT_3D('',#2272,#1639,#1640);
#1360=AXIS2_PLACEMENT_3D('',#2274,#1642,#1643);
#1361=AXIS2_PLACEMENT_3D('',#2275,#1644,#1645);
#1362=AXIS2_PLACEMENT_3D('',#2278,#1648,#1649);
#1363=AXIS2_PLACEMENT_3D('',#2280,#1651,#1652);
#1364=AXIS2_PLACEMENT_3D('',#2282,#1654,#1655);
#1365=AXIS2_PLACEMENT_3D('',#2343,#1656,#1657);
#1366=AXIS2_PLACEMENT_3D('',#2347,#1659,#1660);
#1367=AXIS2_PLACEMENT_3D('',#2348,#1661,#1662);
#1368=AXIS2_PLACEMENT_3D('',#2349,#1663,#1664);
#1369=AXIS2_PLACEMENT_3D('',#2351,#1665,#1666);
#1370=AXIS2_PLACEMENT_3D('',#2352,#1667,#1668);
#1371=AXIS2_PLACEMENT_3D('',#2353,#1669,#1670);
#1372=AXIS2_PLACEMENT_3D('',#2355,#1671,#1672);
#1373=AXIS2_PLACEMENT_3D('',#2356,#1673,#1674);
#1374=AXIS2_PLACEMENT_3D('',#2359,#1675,#1676);
#1375=AXIS2_PLACEMENT_3D('',#2360,#1677,#1678);
#1376=AXIS2_PLACEMENT_3D('',#2361,#1679,#1680);
#1377=AXIS2_PLACEMENT_3D('',#2362,#1681,#1682);
#1378=AXIS2_PLACEMENT_3D('',#2366,#1684,#1685);
#1379=AXIS2_PLACEMENT_3D('',#2367,#1686,#1687);
#1380=AXIS2_PLACEMENT_3D('',#2368,#1688,#1689);
#1381=AXIS2_PLACEMENT_3D('',#2370,#1690,#1691);
#1382=AXIS2_PLACEMENT_3D('',#2371,#1692,#1693);
#1383=AXIS2_PLACEMENT_3D('',#2372,#1694,#1695);
#1384=AXIS2_PLACEMENT_3D('',#2374,#1696,#1697);
#1385=AXIS2_PLACEMENT_3D('',#2375,#1698,#1699);
#1386=AXIS2_PLACEMENT_3D('',#2378,#1700,#1701);
#1387=AXIS2_PLACEMENT_3D('',#2379,#1702,#1703);
#1388=AXIS2_PLACEMENT_3D('',#2380,#1704,#1705);
#1389=AXIS2_PLACEMENT_3D('',#2381,#1706,#1707);
#1390=AXIS2_PLACEMENT_3D('',#2385,#1709,#1710);
#1391=AXIS2_PLACEMENT_3D('',#2386,#1711,#1712);
#1392=AXIS2_PLACEMENT_3D('',#2387,#1713,#1714);
#1393=AXIS2_PLACEMENT_3D('',#2390,#1715,#1716);
#1394=AXIS2_PLACEMENT_3D('',#2391,#1717,#1718);
#1395=AXIS2_PLACEMENT_3D('',#2392,#1719,#1720);
#1396=AXIS2_PLACEMENT_3D('',#2393,#1721,#1722);
#1397=AXIS2_PLACEMENT_3D('',#2396,#1724,#1725);
#1398=AXIS2_PLACEMENT_3D('',#2397,#1726,#1727);
#1399=AXIS2_PLACEMENT_3D('',#2399,#1728,#1729);
#1400=AXIS2_PLACEMENT_3D('',#2400,#1730,#1731);
#1401=AXIS2_PLACEMENT_3D('',#2403,#1732,#1733);
#1402=AXIS2_PLACEMENT_3D('',#2405,#1735,#1736);
#1403=AXIS2_PLACEMENT_3D('',#2406,#1737,#1738);
#1404=AXIS2_PLACEMENT_3D('',#2408,#1739,#1740);
#1405=AXIS2_PLACEMENT_3D('',#2410,#1741,#1742);
#1406=AXIS2_PLACEMENT_3D('',#2411,#1743,#1744);
#1407=AXIS2_PLACEMENT_3D('',#2412,#1745,#1746);
#1408=AXIS2_PLACEMENT_3D('',#2415,#1747,#1748);
#1409=AXIS2_PLACEMENT_3D('',#2417,#1750,#1751);
#1410=AXIS2_PLACEMENT_3D('',#2418,#1752,#1753);
#1411=AXIS2_PLACEMENT_3D('',#2420,#1754,#1755);
#1412=AXIS2_PLACEMENT_3D('',#2421,#1756,#1757);
#1413=AXIS2_PLACEMENT_3D('',#2422,#1758,#1759);
#1414=AXIS2_PLACEMENT_3D('',#2424,#1760,#1761);
#1415=AXIS2_PLACEMENT_3D('',#2425,#1762,#1763);
#1416=AXIS2_PLACEMENT_3D('',#2428,#1764,#1765);
#1417=AXIS2_PLACEMENT_3D('',#2429,#1766,#1767);
#1418=AXIS2_PLACEMENT_3D('',#2430,#1768,#1769);
#1419=AXIS2_PLACEMENT_3D('',#2431,#1770,#1771);
#1420=AXIS2_PLACEMENT_3D('',#2434,#1772,#1773);
#1421=AXIS2_PLACEMENT_3D('',#2436,#1775,#1776);
#1422=AXIS2_PLACEMENT_3D('',#2437,#1777,#1778);
#1423=AXIS2_PLACEMENT_3D('',#2439,#1779,#1780);
#1424=AXIS2_PLACEMENT_3D('',#2440,#1781,#1782);
#1425=AXIS2_PLACEMENT_3D('',#2441,#1783,#1784);
#1426=AXIS2_PLACEMENT_3D('',#2443,#1785,#1786);
#1427=AXIS2_PLACEMENT_3D('',#2444,#1787,#1788);
#1428=AXIS2_PLACEMENT_3D('',#2447,#1789,#1790);
#1429=AXIS2_PLACEMENT_3D('',#2448,#1791,#1792);
#1430=AXIS2_PLACEMENT_3D('',#2449,#1793,#1794);
#1431=AXIS2_PLACEMENT_3D('',#2450,#1795,#1796);
#1432=AXIS2_PLACEMENT_3D('',#2655,#1798,#1799);
#1433=AXIS2_PLACEMENT_3D('',#2656,#1800,#1801);
#1434=AXIS2_PLACEMENT_3D('',#2658,#1802,#1803);
#1435=AXIS2_PLACEMENT_3D('',#2659,#1804,#1805);
#1436=AXIS2_PLACEMENT_3D('',#2660,#1806,#1807);
#1437=AXIS2_PLACEMENT_3D('',#2662,#1808,#1809);
#1438=AXIS2_PLACEMENT_3D('',#2664,#1811,#1812);
#1439=AXIS2_PLACEMENT_3D('',#2667,#1814,#1815);
#1440=AXIS2_PLACEMENT_3D('',#2668,#1816,#1817);
#1441=AXIS2_PLACEMENT_3D('',#2670,#1819,#1820);
#1442=AXIS2_PLACEMENT_3D('',#2672,#1821,#1822);
#1443=AXIS2_PLACEMENT_3D('',#2674,#1823,#1824);
#1444=AXIS2_PLACEMENT_3D('',#2675,#1825,#1826);
#1445=AXIS2_PLACEMENT_3D('',#2678,#1827,#1828);
#1446=AXIS2_PLACEMENT_3D('',#2680,#1830,#1831);
#1447=AXIS2_PLACEMENT_3D('',#2681,#1832,#1833);
#1448=AXIS2_PLACEMENT_3D('',#2683,#1834,#1835);
#1449=AXIS2_PLACEMENT_3D('',#2684,#1836,#1837);
#1450=AXIS2_PLACEMENT_3D('',#2686,#1839,#1840);
#1451=AXIS2_PLACEMENT_3D('',#2688,#1841,#1842);
#1452=AXIS2_PLACEMENT_3D('',#2692,#1844,#1845);
#1453=AXIS2_PLACEMENT_3D('',#2693,#1846,#1847);
#1454=AXIS2_PLACEMENT_3D('',#2694,#1848,#1849);
#1455=AXIS2_PLACEMENT_3D('',#2898,#1851,#1852);
#1456=AXIS2_PLACEMENT_3D('',#2899,#1853,#1854);
#1457=AXIS2_PLACEMENT_3D('',#2900,#1855,#1856);
#1458=DIRECTION('axis',(0.,0.,1.));
#1459=DIRECTION('refdir',(1.,0.,0.));
#1460=DIRECTION('axis',(0.,0.,1.));
#1461=DIRECTION('refdir',(1.,0.,0.));
#1462=DIRECTION('axis',(0.,0.,1.));
#1463=DIRECTION('refdir',(1.,0.,0.));
#1464=DIRECTION('axis',(0.,0.,1.));
#1465=DIRECTION('refdir',(1.,0.,0.));
#1466=DIRECTION('center_axis',(0.,-1.,0.));
#1467=DIRECTION('ref_axis',(0.,0.,-1.));
#1468=DIRECTION('center_axis',(0.,-1.,0.));
#1469=DIRECTION('ref_axis',(1.,0.,0.));
#1470=DIRECTION('center_axis',(0.,1.,0.));
#1471=DIRECTION('ref_axis',(0.,0.,1.));
#1472=DIRECTION('center_axis',(0.,-1.,0.));
#1473=DIRECTION('ref_axis',(1.,0.,0.));
#1474=DIRECTION('center_axis',(0.,-1.,0.));
#1475=DIRECTION('ref_axis',(1.,0.,0.));
#1476=DIRECTION('',(0.,1.,0.));
#1477=DIRECTION('center_axis',(0.,1.,0.));
#1478=DIRECTION('ref_axis',(0.,0.,1.));
#1479=DIRECTION('center_axis',(0.,-1.,0.));
#1480=DIRECTION('ref_axis',(1.,0.,0.));
#1481=DIRECTION('center_axis',(0.,-1.,0.));
#1482=DIRECTION('ref_axis',(1.,0.,0.));
#1483=DIRECTION('center_axis',(0.,-1.,0.));
#1484=DIRECTION('ref_axis',(1.,0.,0.));
#1485=DIRECTION('',(0.,1.,0.));
#1486=DIRECTION('center_axis',(0.,-1.,0.));
#1487=DIRECTION('ref_axis',(0.,0.,-1.));
#1488=DIRECTION('center_axis',(0.,0.,1.));
#1489=DIRECTION('ref_axis',(-1.,0.,0.));
#1490=DIRECTION('',(1.,0.,0.));
#1491=DIRECTION('',(0.,-1.,0.));
#1492=DIRECTION('',(-1.,0.,0.));
#1493=DIRECTION('center_axis',(-1.,0.,0.));
#1494=DIRECTION('ref_axis',(0.,0.,-1.));
#1495=DIRECTION('',(0.,0.,1.));
#1496=DIRECTION('',(0.,0.,-1.));
#1497=DIRECTION('',(0.,-1.,0.));
#1498=DIRECTION('center_axis',(0.,-1.,0.));
#1499=DIRECTION('ref_axis',(0.707106834965225,0.,0.707106727407866));
#1500=DIRECTION('center_axis',(0.,-1.,0.));
#1501=DIRECTION('ref_axis',(0.707106834965225,0.,0.707106727407866));
#1502=DIRECTION('center_axis',(0.,1.,0.));
#1503=DIRECTION('ref_axis',(0.707106834965225,0.,0.707106727407866));
#1504=DIRECTION('center_axis',(-0.70710678116698,0.,-0.707106781206115));
#1505=DIRECTION('ref_axis',(0.707106781206115,0.,-0.70710678116698));
#1506=DIRECTION('',(-0.707106781206115,0.,0.70710678116698));
#1507=DIRECTION('',(0.,-1.,0.));
#1508=DIRECTION('',(0.707106781206115,0.,-0.70710678116698));
#1509=DIRECTION('',(0.,-1.,0.));
#1510=DIRECTION('center_axis',(0.,-1.,0.));
#1511=DIRECTION('ref_axis',(-0.70710678116322,0.,-0.707106781209875));
#1512=DIRECTION('center_axis',(0.,1.,0.));
#1513=DIRECTION('ref_axis',(-0.70710678116322,0.,-0.707106781209875));
#1514=DIRECTION('center_axis',(0.,-1.,0.));
#1515=DIRECTION('ref_axis',(-0.70710678116322,0.,-0.707106781209875));
#1516=DIRECTION('',(0.,-1.,0.));
#1517=DIRECTION('center_axis',(0.707106781166958,0.,0.707106781206137));
#1518=DIRECTION('ref_axis',(-0.707106781206137,0.,0.707106781166958));
#1519=DIRECTION('',(0.707106781206137,0.,-0.707106781166958));
#1520=DIRECTION('',(-0.707106781206137,0.,0.707106781166958));
#1521=DIRECTION('',(0.,-1.,0.));
#1522=DIRECTION('center_axis',(0.,-1.,0.));
#1523=DIRECTION('ref_axis',(0.707106781163184,0.,0.707106781209911));
#1524=DIRECTION('center_axis',(0.,1.,0.));
#1525=DIRECTION('ref_axis',(0.707106781163184,0.,0.707106781209911));
#1526=DIRECTION('center_axis',(0.,-1.,0.));
#1527=DIRECTION('ref_axis',(0.707106781163184,0.,0.707106781209911));
#1528=DIRECTION('center_axis',(0.,-1.,0.));
#1529=DIRECTION('ref_axis',(1.,0.,0.));
#1530=DIRECTION('',(0.,0.,1.));
#1531=DIRECTION('center_axis',(0.,1.,0.));
#1532=DIRECTION('ref_axis',(-0.707106834965225,0.,0.707106727407866));
#1533=DIRECTION('',(-1.,0.,0.));
#1534=DIRECTION('',(1.,0.,0.));
#1535=DIRECTION('center_axis',(0.,1.,0.));
#1536=DIRECTION('ref_axis',(-0.707106834965225,0.,-0.707106727407866));
#1537=DIRECTION('',(0.,0.,1.));
#1538=DIRECTION('',(0.,0.,-1.));
#1539=DIRECTION('center_axis',(0.,1.,0.));
#1540=DIRECTION('ref_axis',(0.707106834965225,0.,-0.707106727407866));
#1541=DIRECTION('',(1.,0.,0.));
#1542=DIRECTION('',(-0.707106781206137,0.,-0.707106781166958));
#1543=DIRECTION('center_axis',(0.,-1.,0.));
#1544=DIRECTION('ref_axis',(-0.707106781163184,0.,0.707106781209911));
#1545=DIRECTION('',(0.707106781206115,0.,0.70710678116698));
#1546=DIRECTION('center_axis',(0.,-1.,0.));
#1547=DIRECTION('ref_axis',(0.70710678116322,0.,-0.707106781209875));
#1548=DIRECTION('center_axis',(0.,-1.,0.));
#1549=DIRECTION('ref_axis',(1.,0.,0.));
#1550=DIRECTION('',(0.707106781206137,0.,-0.707106781166958));
#1551=DIRECTION('center_axis',(0.,-1.,0.));
#1552=DIRECTION('ref_axis',(0.70710678116322,0.,0.707106781209875));
#1553=DIRECTION('',(-0.707106781206115,0.,0.70710678116698));
#1554=DIRECTION('center_axis',(0.,-1.,0.));
#1555=DIRECTION('ref_axis',(-0.707106781163184,0.,-0.707106781209911));
#1556=DIRECTION('',(0.707106781206137,0.,0.707106781166958));
#1557=DIRECTION('center_axis',(0.,-1.,0.));
#1558=DIRECTION('ref_axis',(0.707106781163184,0.,-0.707106781209911));
#1559=DIRECTION('',(-0.707106781206115,0.,-0.70710678116698));
#1560=DIRECTION('center_axis',(0.,-1.,0.));
#1561=DIRECTION('ref_axis',(-0.70710678116322,0.,0.707106781209875));
#1562=DIRECTION('center_axis',(0.,0.,1.));
#1563=DIRECTION('ref_axis',(-1.,0.,0.));
#1564=DIRECTION('',(-1.,0.,0.));
#1565=DIRECTION('',(0.,-1.,0.));
#1566=DIRECTION('center_axis',(0.,1.,0.));
#1567=DIRECTION('ref_axis',(0.707106834965225,0.,-0.707106727407866));
#1568=DIRECTION('center_axis',(0.,-1.,0.));
#1569=DIRECTION('ref_axis',(0.707106834965225,0.,-0.707106727407866));
#1570=DIRECTION('',(0.,-1.,0.));
#1571=DIRECTION('center_axis',(1.,0.,0.));
#1572=DIRECTION('ref_axis',(0.,0.,1.));
#1573=DIRECTION('',(0.,0.,1.));
#1574=DIRECTION('center_axis',(0.70710678116698,0.,-0.707106781206115));
#1575=DIRECTION('ref_axis',(0.707106781206115,0.,0.70710678116698));
#1576=DIRECTION('',(0.707106781206115,0.,0.70710678116698));
#1577=DIRECTION('',(0.,-1.,0.));
#1578=DIRECTION('',(0.,-1.,0.));
#1579=DIRECTION('center_axis',(0.,1.,0.));
#1580=DIRECTION('ref_axis',(0.707106781163184,0.,-0.707106781209911));
#1581=DIRECTION('center_axis',(0.,1.,0.));
#1582=DIRECTION('ref_axis',(0.707106781163184,0.,-0.707106781209911));
#1583=DIRECTION('',(0.,-1.,0.));
#1584=DIRECTION('center_axis',(-0.707106781166958,0.,0.707106781206137));
#1585=DIRECTION('ref_axis',(-0.707106781206137,0.,-0.707106781166958));
#1586=DIRECTION('',(-0.707106781206137,0.,-0.707106781166958));
#1587=DIRECTION('',(0.,-1.,0.));
#1588=DIRECTION('center_axis',(0.,1.,0.));
#1589=DIRECTION('ref_axis',(-0.70710678116322,0.,0.707106781209875));
#1590=DIRECTION('center_axis',(0.,1.,0.));
#1591=DIRECTION('ref_axis',(-0.70710678116322,0.,0.707106781209875));
#1592=DIRECTION('center_axis',(0.,-1.,0.));
#1593=DIRECTION('ref_axis',(1.,0.,0.));
#1594=DIRECTION('',(0.,0.,-1.));
#1595=DIRECTION('center_axis',(0.,-1.,0.));
#1596=DIRECTION('ref_axis',(-0.707106834965225,0.,-0.707106727407866));
#1597=DIRECTION('',(-1.,0.,0.));
#1598=DIRECTION('',(1.,0.,0.));
#1599=DIRECTION('center_axis',(0.,-1.,0.));
#1600=DIRECTION('ref_axis',(-0.707106834965225,0.,0.707106727407866));
#1601=DIRECTION('',(0.,0.,-1.));
#1602=DIRECTION('center_axis',(0.,1.,0.));
#1603=DIRECTION('ref_axis',(1.,0.,0.));
#1604=DIRECTION('',(-0.707106781206137,0.,0.707106781166958));
#1605=DIRECTION('center_axis',(0.,1.,0.));
#1606=DIRECTION('ref_axis',(-0.707106781163184,0.,-0.707106781209911));
#1607=DIRECTION('',(0.707106781206115,0.,-0.70710678116698));
#1608=DIRECTION('center_axis',(0.,1.,0.));
#1609=DIRECTION('ref_axis',(0.70710678116322,0.,0.707106781209875));
#1610=DIRECTION('',(0.707106781206137,0.,0.707106781166958));
#1611=DIRECTION('center_axis',(0.,1.,0.));
#1612=DIRECTION('ref_axis',(0.70710678116322,0.,-0.707106781209875));
#1613=DIRECTION('',(-0.707106781206115,0.,-0.70710678116698));
#1614=DIRECTION('center_axis',(0.,1.,0.));
#1615=DIRECTION('ref_axis',(-0.707106781163184,0.,0.707106781209911));
#1616=DIRECTION('center_axis',(-1.,0.,0.));
#1617=DIRECTION('ref_axis',(0.,0.,-1.));
#1618=DIRECTION('',(0.,-1.,0.));
#1619=DIRECTION('center_axis',(0.,1.,0.));
#1620=DIRECTION('ref_axis',(-0.707106834965225,0.,0.707106727407866));
#1621=DIRECTION('',(0.,-1.,0.));
#1622=DIRECTION('center_axis',(0.,0.,-1.));
#1623=DIRECTION('ref_axis',(1.,0.,0.));
#1624=DIRECTION('center_axis',(-0.70710678116698,0.,0.707106781206115));
#1625=DIRECTION('ref_axis',(-0.707106781206115,0.,-0.70710678116698));
#1626=DIRECTION('',(0.,-1.,0.));
#1627=DIRECTION('',(0.,-1.,0.));
#1628=DIRECTION('center_axis',(0.,1.,0.));
#1629=DIRECTION('ref_axis',(-0.707106781163184,0.,0.707106781209911));
#1630=DIRECTION('',(0.,-1.,0.));
#1631=DIRECTION('center_axis',(0.707106781166958,0.,-0.707106781206137));
#1632=DIRECTION('ref_axis',(0.707106781206137,0.,0.707106781166958));
#1633=DIRECTION('',(0.,-1.,0.));
#1634=DIRECTION('center_axis',(0.,1.,0.));
#1635=DIRECTION('ref_axis',(0.70710678116322,0.,-0.707106781209875));
#1636=DIRECTION('center_axis',(0.,0.,-1.));
#1637=DIRECTION('ref_axis',(1.,0.,0.));
#1638=DIRECTION('',(0.,-1.,0.));
#1639=DIRECTION('center_axis',(1.,0.,0.));
#1640=DIRECTION('ref_axis',(0.,0.,1.));
#1641=DIRECTION('',(0.,-1.,0.));
#1642=DIRECTION('center_axis',(0.,-1.,0.));
#1643=DIRECTION('ref_axis',(-0.707106834965225,0.,-0.707106727407866));
#1644=DIRECTION('center_axis',(0.70710678116698,0.,0.707106781206115));
#1645=DIRECTION('ref_axis',(-0.707106781206115,0.,0.70710678116698));
#1646=DIRECTION('',(0.,-1.,0.));
#1647=DIRECTION('',(0.,-1.,0.));
#1648=DIRECTION('center_axis',(0.,-1.,0.));
#1649=DIRECTION('ref_axis',(0.70710678116322,0.,0.707106781209875));
#1650=DIRECTION('',(0.,-1.,0.));
#1651=DIRECTION('center_axis',(-0.707106781166958,0.,-0.707106781206137));
#1652=DIRECTION('ref_axis',(0.707106781206137,0.,-0.707106781166958));
#1653=DIRECTION('',(0.,-1.,0.));
#1654=DIRECTION('center_axis',(0.,-1.,0.));
#1655=DIRECTION('ref_axis',(-0.707106781163184,0.,-0.707106781209911));
#1656=DIRECTION('center_axis',(0.,-1.,0.));
#1657=DIRECTION('ref_axis',(1.,0.,0.));
#1658=DIRECTION('',(0.,1.,0.));
#1659=DIRECTION('center_axis',(0.,-1.,0.));
#1660=DIRECTION('ref_axis',(1.,0.,0.));
#1661=DIRECTION('center_axis',(0.,-1.,0.));
#1662=DIRECTION('ref_axis',(1.,0.,0.));
#1663=DIRECTION('center_axis',(0.,-1.,0.));
#1664=DIRECTION('ref_axis',(0.,0.,-1.));
#1665=DIRECTION('center_axis',(-1.,0.,-1.22464679914735E-16));
#1666=DIRECTION('ref_axis',(-1.22464679914735E-16,0.,1.));
#1667=DIRECTION('center_axis',(0.,-1.,0.));
#1668=DIRECTION('ref_axis',(1.,0.,0.));
#1669=DIRECTION('center_axis',(0.,-1.,0.));
#1670=DIRECTION('ref_axis',(0.,0.,-1.));
#1671=DIRECTION('center_axis',(0.,-1.,0.));
#1672=DIRECTION('ref_axis',(1.,0.,0.));
#1673=DIRECTION('center_axis',(0.,-1.,0.));
#1674=DIRECTION('ref_axis',(0.,0.,-1.));
#1675=DIRECTION('center_axis',(0.,-1.,0.));
#1676=DIRECTION('ref_axis',(1.,0.,0.));
#1677=DIRECTION('center_axis',(0.,-1.,0.));
#1678=DIRECTION('ref_axis',(1.,0.,0.));
#1679=DIRECTION('center_axis',(-1.,0.,-1.22464679914735E-16));
#1680=DIRECTION('ref_axis',(-1.22464679914735E-16,0.,1.));
#1681=DIRECTION('center_axis',(0.,-1.,0.));
#1682=DIRECTION('ref_axis',(1.,0.,0.));
#1683=DIRECTION('',(0.410364677328798,0.911921505175106,5.02551788573849E-17));
#1684=DIRECTION('center_axis',(0.,-1.,0.));
#1685=DIRECTION('ref_axis',(1.,0.,0.));
#1686=DIRECTION('center_axis',(0.,-1.,0.));
#1687=DIRECTION('ref_axis',(1.,0.,0.));
#1688=DIRECTION('center_axis',(0.,-1.,0.));
#1689=DIRECTION('ref_axis',(0.,0.,-1.));
#1690=DIRECTION('center_axis',(-1.,0.,-1.22464679914735E-16));
#1691=DIRECTION('ref_axis',(-1.22464679914735E-16,0.,1.));
#1692=DIRECTION('center_axis',(0.,-1.,0.));
#1693=DIRECTION('ref_axis',(1.,0.,0.));
#1694=DIRECTION('center_axis',(0.,-1.,0.));
#1695=DIRECTION('ref_axis',(0.,0.,-1.));
#1696=DIRECTION('center_axis',(0.,-1.,0.));
#1697=DIRECTION('ref_axis',(1.,0.,0.));
#1698=DIRECTION('center_axis',(0.,-1.,0.));
#1699=DIRECTION('ref_axis',(0.,0.,-1.));
#1700=DIRECTION('center_axis',(0.,-1.,0.));
#1701=DIRECTION('ref_axis',(1.,0.,0.));
#1702=DIRECTION('center_axis',(0.,-1.,0.));
#1703=DIRECTION('ref_axis',(1.,0.,0.));
#1704=DIRECTION('center_axis',(-1.,0.,-1.22464679914735E-16));
#1705=DIRECTION('ref_axis',(-1.22464679914735E-16,0.,1.));
#1706=DIRECTION('center_axis',(0.,-1.,0.));
#1707=DIRECTION('ref_axis',(1.,0.,0.));
#1708=DIRECTION('',(0.886266995312683,0.463174711118202,1.08536403899962E-16));
#1709=DIRECTION('center_axis',(0.,-1.,0.));
#1710=DIRECTION('ref_axis',(1.,0.,0.));
#1711=DIRECTION('center_axis',(0.,-1.,0.));
#1712=DIRECTION('ref_axis',(1.,0.,0.));
#1713=DIRECTION('center_axis',(0.,-1.,0.));
#1714=DIRECTION('ref_axis',(0.,0.,-1.));
#1715=DIRECTION('center_axis',(0.,-1.,0.));
#1716=DIRECTION('ref_axis',(1.,0.,0.));
#1717=DIRECTION('center_axis',(0.,-1.,0.));
#1718=DIRECTION('ref_axis',(1.,0.,0.));
#1719=DIRECTION('center_axis',(-1.,0.,-1.22464679914735E-16));
#1720=DIRECTION('ref_axis',(-1.22464679914735E-16,0.,1.));
#1721=DIRECTION('center_axis',(0.,-1.,0.));
#1722=DIRECTION('ref_axis',(1.,0.,0.));
#1723=DIRECTION('',(0.,1.,0.));
#1724=DIRECTION('center_axis',(0.,-1.,0.));
#1725=DIRECTION('ref_axis',(1.,0.,0.));
#1726=DIRECTION('center_axis',(0.,1.,0.));
#1727=DIRECTION('ref_axis',(0.,0.,1.));
#1728=DIRECTION('center_axis',(0.,-1.,0.));
#1729=DIRECTION('ref_axis',(1.,0.,0.));
#1730=DIRECTION('center_axis',(0.,-1.,0.));
#1731=DIRECTION('ref_axis',(1.,0.,0.));
#1732=DIRECTION('center_axis',(0.,-1.,0.));
#1733=DIRECTION('ref_axis',(1.,0.,0.));
#1734=DIRECTION('',(0.,1.,0.));
#1735=DIRECTION('center_axis',(0.,-1.,0.));
#1736=DIRECTION('ref_axis',(1.,0.,0.));
#1737=DIRECTION('center_axis',(0.,-1.,0.));
#1738=DIRECTION('ref_axis',(0.,0.,-1.));
#1739=DIRECTION('center_axis',(-1.,0.,-1.22464679914735E-16));
#1740=DIRECTION('ref_axis',(-1.22464679914735E-16,0.,1.));
#1741=DIRECTION('center_axis',(0.,-1.,0.));
#1742=DIRECTION('ref_axis',(1.,0.,0.));
#1743=DIRECTION('center_axis',(0.,-1.,0.));
#1744=DIRECTION('ref_axis',(1.,0.,0.));
#1745=DIRECTION('center_axis',(0.,-1.,0.));
#1746=DIRECTION('ref_axis',(1.,0.,0.));
#1747=DIRECTION('center_axis',(0.,-1.,0.));
#1748=DIRECTION('ref_axis',(1.,0.,0.));
#1749=DIRECTION('',(0.886266995312683,0.463174711118202,1.08536403899962E-16));
#1750=DIRECTION('center_axis',(0.,-1.,0.));
#1751=DIRECTION('ref_axis',(1.,0.,0.));
#1752=DIRECTION('center_axis',(0.,-1.,0.));
#1753=DIRECTION('ref_axis',(0.,0.,-1.));
#1754=DIRECTION('center_axis',(-1.,0.,-1.22464679914735E-16));
#1755=DIRECTION('ref_axis',(-1.22464679914735E-16,0.,1.));
#1756=DIRECTION('center_axis',(0.,-1.,0.));
#1757=DIRECTION('ref_axis',(1.,0.,0.));
#1758=DIRECTION('center_axis',(0.,1.,0.));
#1759=DIRECTION('ref_axis',(0.,0.,1.));
#1760=DIRECTION('center_axis',(0.,-1.,0.));
#1761=DIRECTION('ref_axis',(1.,0.,0.));
#1762=DIRECTION('center_axis',(0.,-1.,0.));
#1763=DIRECTION('ref_axis',(0.,0.,-1.));
#1764=DIRECTION('center_axis',(0.,-1.,0.));
#1765=DIRECTION('ref_axis',(1.,0.,0.));
#1766=DIRECTION('center_axis',(0.,-1.,0.));
#1767=DIRECTION('ref_axis',(1.,0.,0.));
#1768=DIRECTION('center_axis',(-1.,0.,-1.22464679914735E-16));
#1769=DIRECTION('ref_axis',(-1.22464679914735E-16,0.,1.));
#1770=DIRECTION('center_axis',(0.,-1.,0.));
#1771=DIRECTION('ref_axis',(1.,0.,0.));
#1772=DIRECTION('center_axis',(0.,-1.,0.));
#1773=DIRECTION('ref_axis',(1.,0.,0.));
#1774=DIRECTION('',(0.410364677328798,0.911921505175106,5.02551788573849E-17));
#1775=DIRECTION('center_axis',(0.,-1.,0.));
#1776=DIRECTION('ref_axis',(1.,0.,0.));
#1777=DIRECTION('center_axis',(0.,-1.,0.));
#1778=DIRECTION('ref_axis',(0.,0.,-1.));
#1779=DIRECTION('center_axis',(-1.,0.,-1.22464679914735E-16));
#1780=DIRECTION('ref_axis',(-1.22464679914735E-16,0.,1.));
#1781=DIRECTION('center_axis',(0.,-1.,0.));
#1782=DIRECTION('ref_axis',(1.,0.,0.));
#1783=DIRECTION('center_axis',(0.,1.,0.));
#1784=DIRECTION('ref_axis',(0.,0.,1.));
#1785=DIRECTION('center_axis',(0.,-1.,0.));
#1786=DIRECTION('ref_axis',(1.,0.,0.));
#1787=DIRECTION('center_axis',(0.,-1.,0.));
#1788=DIRECTION('ref_axis',(0.,0.,-1.));
#1789=DIRECTION('center_axis',(0.,-1.,0.));
#1790=DIRECTION('ref_axis',(1.,0.,0.));
#1791=DIRECTION('center_axis',(0.,-1.,0.));
#1792=DIRECTION('ref_axis',(1.,0.,0.));
#1793=DIRECTION('center_axis',(-1.,0.,-1.22464679914735E-16));
#1794=DIRECTION('ref_axis',(-1.22464679914735E-16,0.,1.));
#1795=DIRECTION('center_axis',(0.,-1.,0.));
#1796=DIRECTION('ref_axis',(1.,0.,0.));
#1797=DIRECTION('',(0.,1.,0.));
#1798=DIRECTION('center_axis',(0.,1.,0.));
#1799=DIRECTION('ref_axis',(1.,0.,0.));
#1800=DIRECTION('center_axis',(0.,1.,0.));
#1801=DIRECTION('ref_axis',(1.,0.,0.));
#1802=DIRECTION('center_axis',(0.,1.,0.));
#1803=DIRECTION('ref_axis',(1.,0.,0.));
#1804=DIRECTION('center_axis',(0.,1.,0.));
#1805=DIRECTION('ref_axis',(1.,0.,0.));
#1806=DIRECTION('center_axis',(0.,-1.,0.));
#1807=DIRECTION('ref_axis',(-1.,0.,0.));
#1808=DIRECTION('center_axis',(0.,1.,0.));
#1809=DIRECTION('ref_axis',(1.,0.,0.));
#1810=DIRECTION('',(0.952669924221977,-0.304006604340913,-1.1666841733424E-16));
#1811=DIRECTION('center_axis',(0.,1.,0.));
#1812=DIRECTION('ref_axis',(-1.,0.,0.));
#1813=DIRECTION('',(0.,-1.,0.));
#1814=DIRECTION('center_axis',(0.,1.,0.));
#1815=DIRECTION('ref_axis',(1.,0.,0.));
#1816=DIRECTION('center_axis',(0.,-1.,0.));
#1817=DIRECTION('ref_axis',(-1.,0.,0.));
#1818=DIRECTION('',(0.952669924221977,-0.304006604340913,-1.1666841733424E-16));
#1819=DIRECTION('center_axis',(0.,-1.,0.));
#1820=DIRECTION('ref_axis',(0.,0.,-1.));
#1821=DIRECTION('center_axis',(0.,1.,0.));
#1822=DIRECTION('ref_axis',(1.,0.,0.));
#1823=DIRECTION('center_axis',(0.,1.,0.));
#1824=DIRECTION('ref_axis',(1.,0.,0.));
#1825=DIRECTION('center_axis',(0.,1.,0.));
#1826=DIRECTION('ref_axis',(-1.,0.,0.));
#1827=DIRECTION('center_axis',(0.,1.,0.));
#1828=DIRECTION('ref_axis',(1.,0.,0.));
#1829=DIRECTION('',(0.,-1.,0.));
#1830=DIRECTION('center_axis',(0.,1.,0.));
#1831=DIRECTION('ref_axis',(1.,0.,0.));
#1832=DIRECTION('center_axis',(0.,1.,0.));
#1833=DIRECTION('ref_axis',(0.,0.,1.));
#1834=DIRECTION('center_axis',(0.,1.,0.));
#1835=DIRECTION('ref_axis',(1.,0.,0.));
#1836=DIRECTION('center_axis',(0.,1.,0.));
#1837=DIRECTION('ref_axis',(-1.,0.,0.));
#1838=DIRECTION('',(0.,-1.,0.));
#1839=DIRECTION('center_axis',(0.,1.,0.));
#1840=DIRECTION('ref_axis',(-1.,0.,0.));
#1841=DIRECTION('center_axis',(0.,1.,0.));
#1842=DIRECTION('ref_axis',(1.,0.,0.));
#1843=DIRECTION('',(0.,-1.,0.));
#1844=DIRECTION('center_axis',(0.,1.,0.));
#1845=DIRECTION('ref_axis',(1.,0.,0.));
#1846=DIRECTION('center_axis',(0.,1.,0.));
#1847=DIRECTION('ref_axis',(1.,0.,0.));
#1848=DIRECTION('center_axis',(0.,1.,0.));
#1849=DIRECTION('ref_axis',(-1.,0.,0.));
#1850=DIRECTION('',(-0.998605828723469,-0.052786350882727,1.22293943175609E-16));
#1851=DIRECTION('',(0.,0.,1.));
#1852=DIRECTION('',(1.,0.,0.));
#1853=DIRECTION('',(-4.34228082075845E-17,-1.,-8.42094937355221E-14));
#1854=DIRECTION('',(-1.0547118733939E-15,8.3932860661662E-14,-1.));
#1855=DIRECTION('',(-1.31746704488922E-30,0.999999999999998,-8.39606162372775E-14));
#1856=DIRECTION('',(1.,1.52655665885959E-16,-1.47451495458029E-17));
#1857=CARTESIAN_POINT('',(0.,0.,0.));
#1858=CARTESIAN_POINT('',(0.,0.,0.));
#1859=CARTESIAN_POINT('',(0.,0.,0.));
#1860=CARTESIAN_POINT('',(0.,0.,0.));
#1861=CARTESIAN_POINT('Origin',(0.,21.3,0.));
#1862=CARTESIAN_POINT('',(-11.7750000000001,21.3,-1.44202160599602E-15));
#1863=CARTESIAN_POINT('Origin',(0.,21.3,0.));
#1864=CARTESIAN_POINT('Origin',(11.7750000000001,22.1,0.));
#1865=CARTESIAN_POINT('',(-11.7750000000001,22.1,-1.44202160599602E-15));
#1866=CARTESIAN_POINT('Origin',(0.,22.1,0.));
#1867=CARTESIAN_POINT('Origin',(0.,21.7,0.));
#1868=CARTESIAN_POINT('',(-11.7750000000001,21.7,-1.44202160599602E-15));
#1869=CARTESIAN_POINT('Origin',(17.5,21.3,0.));
#1870=CARTESIAN_POINT('',(-17.5,21.3,-2.14313189850787E-15));
#1871=CARTESIAN_POINT('Origin',(0.,21.3,0.));
#1872=CARTESIAN_POINT('Origin',(0.,18.05,0.));
#1873=CARTESIAN_POINT('',(-17.5,14.8,-2.14313189850787E-15));
#1874=CARTESIAN_POINT('Origin',(0.,14.8,0.));
#1875=CARTESIAN_POINT('',(-17.5,18.05,-2.14313189850787E-15));
#1876=CARTESIAN_POINT('Origin',(0.,14.8,0.));
#1877=CARTESIAN_POINT('Origin',(25.3967598272933,0.,-23.3709744895809));
#1878=CARTESIAN_POINT('',(25.3792483890832,-0.4,-23.3709744895809));
#1879=CARTESIAN_POINT('',(25.3967598272933,-0.4,-23.3709744895809));
#1880=CARTESIAN_POINT('',(12.6983799136466,-0.4,-23.3709744895809));
#1881=CARTESIAN_POINT('',(25.3792483890832,0.,-23.3709744895809));
#1882=CARTESIAN_POINT('',(25.3792483890832,0.,-23.3709744895809));
#1883=CARTESIAN_POINT('',(25.3967598272933,0.,-23.3709744895809));
#1884=CARTESIAN_POINT('',(12.6983799136466,0.,-23.3709744895809));
#1885=CARTESIAN_POINT('Ctrl Pts',(25.3967598273085,-0.4,-23.3709744895809));
#1886=CARTESIAN_POINT('Ctrl Pts',(25.3967598273085,-0.333333333333333,-23.3709744895809));
#1887=CARTESIAN_POINT('Ctrl Pts',(25.3967598273085,-0.266666666666667,-23.3709744895809));
#1888=CARTESIAN_POINT('Ctrl Pts',(25.3967598273085,-0.133333333333333,-23.3709744895809));
#1889=CARTESIAN_POINT('Ctrl Pts',(25.3967598273085,-0.0666666666666667,
-23.3709744895809));
#1890=CARTESIAN_POINT('Ctrl Pts',(25.3967598273085,0.,-23.3709744895809));
#1891=CARTESIAN_POINT('Origin',(23.3540289294532,0.,-25.3808305281266));
#1892=CARTESIAN_POINT('',(23.3540289294532,-0.4,-25.3980384183467));
#1893=CARTESIAN_POINT('',(23.3540289294532,-0.4,-25.3808305281266));
#1894=CARTESIAN_POINT('',(23.3540289294532,-0.4,-12.6904152640633));
#1895=CARTESIAN_POINT('',(23.3540289294532,0.,-25.3980384183467));
#1896=CARTESIAN_POINT('Ctrl Pts',(23.3540289294532,0.,-25.3980384183612));
#1897=CARTESIAN_POINT('Ctrl Pts',(23.3540289294532,-0.0666666666666667,
-25.3980384183612));
#1898=CARTESIAN_POINT('Ctrl Pts',(23.3540289294532,-0.133333333333333,-25.3980384183612));
#1899=CARTESIAN_POINT('Ctrl Pts',(23.3540289294532,-0.266666666666667,-25.3980384183612));
#1900=CARTESIAN_POINT('Ctrl Pts',(23.3540289294532,-0.333333333333333,-25.3980384183612));
#1901=CARTESIAN_POINT('Ctrl Pts',(23.3540289294532,-0.4,-25.3980384183612));
#1902=CARTESIAN_POINT('',(23.3540289294532,0.,-25.3808305281266));
#1903=CARTESIAN_POINT('',(23.3540289294532,0.,-12.6904152640633));
#1904=CARTESIAN_POINT('',(23.3540289294532,0.,-25.3808305281266));
#1905=CARTESIAN_POINT('Origin',(23.1547338394917,0.,-23.1547338394917));
#1906=CARTESIAN_POINT('Origin',(23.1547338394917,-0.4,-23.1547338394917));
#1907=CARTESIAN_POINT('Origin',(23.1547338394917,0.,-23.1547338394917));
#1908=CARTESIAN_POINT('Origin',(21.0334134959637,0.,-24.0032619769819));
#1909=CARTESIAN_POINT('',(21.6698095990493,-0.4,-24.6396580800322));
#1910=CARTESIAN_POINT('',(21.0334134959637,-0.4,-24.0032619769819));
#1911=CARTESIAN_POINT('',(9.77424462743632,-0.4,-12.7440931090776));
#1912=CARTESIAN_POINT('',(21.6698095990493,0.,-24.6396580800322));
#1913=CARTESIAN_POINT('',(21.6698095990493,0.,-24.6396580800322));
#1914=CARTESIAN_POINT('',(21.0334134959637,0.,-24.0032619769819));
#1915=CARTESIAN_POINT('',(9.77424462743632,0.,-12.7440931090776));
#1916=CARTESIAN_POINT('',(21.0334134959637,0.,-24.0032619769819));
#1917=CARTESIAN_POINT('Origin',(22.5183377364096,0.,-22.5183377364381));
#1918=CARTESIAN_POINT('',(24.0032619768555,-0.4,-21.0334134958942));
#1919=CARTESIAN_POINT('Origin',(22.5183377364096,-0.4,-22.5183377364381));
#1920=CARTESIAN_POINT('',(24.0032619768555,0.,-21.0334134958942));
#1921=CARTESIAN_POINT('Origin',(22.5183377364096,0.,-22.5183377364381));
#1922=CARTESIAN_POINT('',(24.0032619768555,0.,-21.0334134958942));
#1923=CARTESIAN_POINT('Origin',(24.6396580799397,0.,-21.6698095989456));
#1924=CARTESIAN_POINT('',(24.6396580799397,-0.4,-21.6698095989456));
#1925=CARTESIAN_POINT('',(13.0622911598771,-0.4,-10.0924426795244));
#1926=CARTESIAN_POINT('',(24.6396580799397,0.,-21.6698095989456));
#1927=CARTESIAN_POINT('',(13.0622911598771,0.,-10.0924426795244));
#1928=CARTESIAN_POINT('',(24.6396580799397,0.,-21.6698095989456));
#1929=CARTESIAN_POINT('Origin',(23.1547338394917,0.,-23.1547338394917));
#1930=CARTESIAN_POINT('Origin',(23.1547338394917,-0.4,-23.1547338394917));
#1931=CARTESIAN_POINT('Origin',(23.1547338394917,0.,-23.1547338394917));
#1932=CARTESIAN_POINT('Ctrl Pts',(25.25,0.,-25.25));
#1933=CARTESIAN_POINT('Ctrl Pts',(25.25,-0.4,-25.25));
#1934=CARTESIAN_POINT('Ctrl Pts',(25.331536179888,0.,-24.2400000000031));
#1935=CARTESIAN_POINT('Ctrl Pts',(25.331536179888,-0.4,-24.2400000000031));
#1936=CARTESIAN_POINT('Ctrl Pts',(25.4874880239285,0.,-22.2200000000084));
#1937=CARTESIAN_POINT('Ctrl Pts',(25.4874880239285,-0.4,-22.2200000000084));
#1938=CARTESIAN_POINT('Ctrl Pts',(25.70005489743,0.,-19.1900000000142));
#1939=CARTESIAN_POINT('Ctrl Pts',(25.70005489743,-0.4,-19.1900000000142));
#1940=CARTESIAN_POINT('Ctrl Pts',(25.9400470969603,0.,-15.1500000000176));
#1941=CARTESIAN_POINT('Ctrl Pts',(25.9400470969603,-0.4,-15.1500000000176));
#1942=CARTESIAN_POINT('Ctrl Pts',(26.1627409936784,0.,-10.1000000000158));
#1943=CARTESIAN_POINT('Ctrl Pts',(26.1627409936784,-0.4,-10.1000000000158));
#1944=CARTESIAN_POINT('Ctrl Pts',(26.3012306362476,0.,-5.05000000000935));
#1945=CARTESIAN_POINT('Ctrl Pts',(26.3012306362476,-0.4,-5.05000000000935));
#1946=CARTESIAN_POINT('Ctrl Pts',(26.3486443170981,0.,-1.69254184478985E-13));
#1947=CARTESIAN_POINT('Ctrl Pts',(26.3486443170981,-0.4,-1.69254184478985E-13));
#1948=CARTESIAN_POINT('Ctrl Pts',(26.3012306362224,0.,5.05000000000956));
#1949=CARTESIAN_POINT('Ctrl Pts',(26.3012306362224,-0.4,5.05000000000956));
#1950=CARTESIAN_POINT('Ctrl Pts',(26.1627409936344,0.,10.1000000000173));
#1951=CARTESIAN_POINT('Ctrl Pts',(26.1627409936344,-0.4,10.1000000000173));
#1952=CARTESIAN_POINT('Ctrl Pts',(25.9400470969097,0.,15.1500000000202));
#1953=CARTESIAN_POINT('Ctrl Pts',(25.9400470969097,-0.4,15.1500000000202));
#1954=CARTESIAN_POINT('Ctrl Pts',(25.7000548973884,0.,19.1900000000167));
#1955=CARTESIAN_POINT('Ctrl Pts',(25.7000548973884,-0.4,19.1900000000167));
#1956=CARTESIAN_POINT('Ctrl Pts',(25.4874880239036,0.,22.2200000000101));
#1957=CARTESIAN_POINT('Ctrl Pts',(25.4874880239036,-0.4,22.2200000000101));
#1958=CARTESIAN_POINT('Ctrl Pts',(25.331536179879,0.,24.2400000000037));
#1959=CARTESIAN_POINT('Ctrl Pts',(25.331536179879,-0.4,24.2400000000037));
#1960=CARTESIAN_POINT('Ctrl Pts',(25.2500000000001,0.,25.25));
#1961=CARTESIAN_POINT('Ctrl Pts',(25.2500000000001,-0.4,25.25));
#1962=CARTESIAN_POINT('',(25.3967598272933,0.,23.3709744895809));
#1963=CARTESIAN_POINT('Ctrl Pts',(25.3967598272933,0.,23.3709744895812));
#1964=CARTESIAN_POINT('Ctrl Pts',(25.4446267028909,0.,22.7367795916681));
#1965=CARTESIAN_POINT('Ctrl Pts',(25.5650733985685,0.,21.0925846937574));
#1966=CARTESIAN_POINT('Ctrl Pts',(25.7441684860769,0.,18.4383897958474));
#1967=CARTESIAN_POINT('Ctrl Pts',(25.9566192756408,0.,14.774194897935));
#1968=CARTESIAN_POINT('Ctrl Pts',(26.1627409936344,0.,10.1000000000173));
#1969=CARTESIAN_POINT('Ctrl Pts',(26.3012306362224,0.,5.05000000000956));
#1970=CARTESIAN_POINT('Ctrl Pts',(26.3486443170981,0.,-1.69254184478985E-13));
#1971=CARTESIAN_POINT('Ctrl Pts',(26.3012306362476,0.,-5.05000000000935));
#1972=CARTESIAN_POINT('Ctrl Pts',(26.1627409936784,0.,-10.1000000000158));
#1973=CARTESIAN_POINT('Ctrl Pts',(25.9566192756908,0.,-14.7741948979367));
#1974=CARTESIAN_POINT('Ctrl Pts',(25.7441684861196,0.,-18.4383897958533));
#1975=CARTESIAN_POINT('Ctrl Pts',(25.5650733985982,0.,-21.0925846937682));
#1976=CARTESIAN_POINT('Ctrl Pts',(25.4446267029095,0.,-22.7367795916838));
#1977=CARTESIAN_POINT('Ctrl Pts',(25.3967598273069,0.,-23.3709744896015));
#1978=CARTESIAN_POINT('',(25.3967598272933,-0.4,23.3709744895809));
#1979=CARTESIAN_POINT('Ctrl Pts',(25.3967598272933,0.,23.3709744895809));
#1980=CARTESIAN_POINT('Ctrl Pts',(25.3967598272933,-0.0666666666666667,
23.3709744895809));
#1981=CARTESIAN_POINT('Ctrl Pts',(25.3967598272933,-0.133333333333333,23.3709744895809));
#1982=CARTESIAN_POINT('Ctrl Pts',(25.3967598272933,-0.266666666666667,23.3709744895809));
#1983=CARTESIAN_POINT('Ctrl Pts',(25.3967598272933,-0.333333333333333,23.3709744895809));
#1984=CARTESIAN_POINT('Ctrl Pts',(25.3967598272933,-0.4,23.3709744895809));
#1985=CARTESIAN_POINT('Ctrl Pts',(25.3967598273085,-0.4,-23.3709744895809));
#1986=CARTESIAN_POINT('Ctrl Pts',(25.4446267029107,-0.4,-22.7367795916673));
#1987=CARTESIAN_POINT('Ctrl Pts',(25.5650733985991,-0.4,-21.0925846937558));
#1988=CARTESIAN_POINT('Ctrl Pts',(25.74416848612,-0.4,-18.4383897958451));
#1989=CARTESIAN_POINT('Ctrl Pts',(25.956619275691,-0.4,-14.7741948979326));
#1990=CARTESIAN_POINT('Ctrl Pts',(26.1627409936784,-0.4,-10.1000000000158));
#1991=CARTESIAN_POINT('Ctrl Pts',(26.3012306362476,-0.4,-5.05000000000935));
#1992=CARTESIAN_POINT('Ctrl Pts',(26.3486443170981,-0.4,-1.69254184478985E-13));
#1993=CARTESIAN_POINT('Ctrl Pts',(26.3012306362224,-0.4,5.05000000000956));
#1994=CARTESIAN_POINT('Ctrl Pts',(26.1627409936344,-0.4,10.1000000000173));
#1995=CARTESIAN_POINT('Ctrl Pts',(25.9566192756408,-0.4,14.7741948979349));
#1996=CARTESIAN_POINT('Ctrl Pts',(25.7441684860769,-0.4,18.4383897958472));
#1997=CARTESIAN_POINT('Ctrl Pts',(25.5650733985685,-0.4,21.0925846937572));
#1998=CARTESIAN_POINT('Ctrl Pts',(25.4446267028909,-0.4,22.7367795916678));
#1999=CARTESIAN_POINT('Ctrl Pts',(25.3967598272933,-0.4,23.3709744895809));
#2000=CARTESIAN_POINT('Origin',(1.77635683940025E-14,0.,0.));
#2001=CARTESIAN_POINT('',(-23.3540289294532,0.,-25.3980384183467));
#2002=CARTESIAN_POINT('Ctrl Pts',(-23.3540289294535,0.,-25.3980384183467));
#2003=CARTESIAN_POINT('Ctrl Pts',(-22.7232231435688,0.,-25.4456195481249));
#2004=CARTESIAN_POINT('Ctrl Pts',(-21.0824173576888,0.,-25.5657593288756));
#2005=CARTESIAN_POINT('Ctrl Pts',(-18.4316115718099,0.,-25.7445614454146));
#2006=CARTESIAN_POINT('Ctrl Pts',(-14.7708057859266,0.,-25.9567687280306));
#2007=CARTESIAN_POINT('Ctrl Pts',(-10.1000000000331,0.,-26.1627409936353));
#2008=CARTESIAN_POINT('Ctrl Pts',(-5.05000000001843,0.,-26.301230636223));
#2009=CARTESIAN_POINT('Ctrl Pts',(2.27543678343878E-13,0.,-26.3486443170981));
#2010=CARTESIAN_POINT('Ctrl Pts',(5.05000000001795,0.,-26.3012306362468));
#2011=CARTESIAN_POINT('Ctrl Pts',(10.1000000000305,0.,-26.1627409936769));
#2012=CARTESIAN_POINT('Ctrl Pts',(14.7708057859264,0.,-25.9567687280778));
#2013=CARTESIAN_POINT('Ctrl Pts',(18.4316115718139,0.,-25.7445614454549));
#2014=CARTESIAN_POINT('Ctrl Pts',(21.082417357698,0.,-25.5657593289038));
#2015=CARTESIAN_POINT('Ctrl Pts',(22.7232231435834,0.,-25.4456195481425));
#2016=CARTESIAN_POINT('Ctrl Pts',(23.354028929473,0.,-25.3980384183597));
#2017=CARTESIAN_POINT('',(-23.3540289294532,0.,-25.3808305281266));
#2018=CARTESIAN_POINT('',(-23.3540289294532,0.,-12.6904152640633));
#2019=CARTESIAN_POINT('',(-25.3792483890832,0.,-23.3709744895809));
#2020=CARTESIAN_POINT('Origin',(-23.1547338394917,0.,-23.1547338394917));
#2021=CARTESIAN_POINT('',(-25.3967598272933,0.,-23.3709744895809));
#2022=CARTESIAN_POINT('',(-12.6983799136466,0.,-23.3709744895809));
#2023=CARTESIAN_POINT('',(-25.3967598272933,0.,23.3709744895809));
#2024=CARTESIAN_POINT('Ctrl Pts',(-25.3967598272932,0.,23.3709744895812));
#2025=CARTESIAN_POINT('Ctrl Pts',(-25.4446267028908,0.,22.7367795916681));
#2026=CARTESIAN_POINT('Ctrl Pts',(-25.5650733985684,0.,21.0925846937574));
#2027=CARTESIAN_POINT('Ctrl Pts',(-25.7441684860768,0.,18.4383897958474));
#2028=CARTESIAN_POINT('Ctrl Pts',(-25.9566192756408,0.,14.774194897935));
#2029=CARTESIAN_POINT('Ctrl Pts',(-26.1627409936343,0.,10.1000000000173));
#2030=CARTESIAN_POINT('Ctrl Pts',(-26.3012306362224,0.,5.0500000000096));
#2031=CARTESIAN_POINT('Ctrl Pts',(-26.348644317098,0.,-1.33695138293533E-13));
#2032=CARTESIAN_POINT('Ctrl Pts',(-26.3012306362475,0.,-5.05000000000932));
#2033=CARTESIAN_POINT('Ctrl Pts',(-26.1627409936784,0.,-10.1000000000157));
#2034=CARTESIAN_POINT('Ctrl Pts',(-25.9566192756908,0.,-14.7741948979367));
#2035=CARTESIAN_POINT('Ctrl Pts',(-25.7441684861196,0.,-18.4383897958533));
#2036=CARTESIAN_POINT('Ctrl Pts',(-25.5650733985982,0.,-21.0925846937682));
#2037=CARTESIAN_POINT('Ctrl Pts',(-25.4446267029095,0.,-22.7367795916838));
#2038=CARTESIAN_POINT('Ctrl Pts',(-25.3967598273069,0.,-23.3709744896015));
#2039=CARTESIAN_POINT('',(-25.3792483890832,0.,23.3709744895809));
#2040=CARTESIAN_POINT('',(-12.6983799136466,0.,23.3709744895809));
#2041=CARTESIAN_POINT('',(-23.3540289294532,0.,25.3808305281266));
#2042=CARTESIAN_POINT('Origin',(-23.1547338394917,0.,23.1547338394917));
#2043=CARTESIAN_POINT('',(-23.3540289294532,0.,25.3980384183467));
#2044=CARTESIAN_POINT('',(-23.3540289294532,0.,12.6904152640633));
#2045=CARTESIAN_POINT('',(23.3540289294532,0.,25.3980384183467));
#2046=CARTESIAN_POINT('Ctrl Pts',(-23.3540289294535,0.,25.3980384183467));
#2047=CARTESIAN_POINT('Ctrl Pts',(-22.7232231435688,0.,25.4456195481249));
#2048=CARTESIAN_POINT('Ctrl Pts',(-21.0824173576888,0.,25.5657593288756));
#2049=CARTESIAN_POINT('Ctrl Pts',(-18.4316115718099,0.,25.7445614454146));
#2050=CARTESIAN_POINT('Ctrl Pts',(-14.7708057859266,0.,25.9567687280306));
#2051=CARTESIAN_POINT('Ctrl Pts',(-10.1000000000331,0.,26.1627409936353));
#2052=CARTESIAN_POINT('Ctrl Pts',(-5.05000000001843,0.,26.301230636223));
#2053=CARTESIAN_POINT('Ctrl Pts',(2.27543678343878E-13,0.,26.3486443170981));
#2054=CARTESIAN_POINT('Ctrl Pts',(5.05000000001795,0.,26.3012306362468));
#2055=CARTESIAN_POINT('Ctrl Pts',(10.1000000000305,0.,26.1627409936769));
#2056=CARTESIAN_POINT('Ctrl Pts',(14.7708057859264,0.,25.9567687280778));
#2057=CARTESIAN_POINT('Ctrl Pts',(18.4316115718139,0.,25.7445614454549));
#2058=CARTESIAN_POINT('Ctrl Pts',(21.082417357698,0.,25.5657593289038));
#2059=CARTESIAN_POINT('Ctrl Pts',(22.7232231435834,0.,25.4456195481425));
#2060=CARTESIAN_POINT('Ctrl Pts',(23.354028929473,0.,25.3980384183597));
#2061=CARTESIAN_POINT('',(23.3540289294532,0.,25.3808305281266));
#2062=CARTESIAN_POINT('',(23.3540289294532,0.,12.6904152640633));
#2063=CARTESIAN_POINT('',(25.3792483890832,0.,23.3709744895809));
#2064=CARTESIAN_POINT('Origin',(23.1547338394917,0.,23.1547338394917));
#2065=CARTESIAN_POINT('',(12.6983799136466,0.,23.3709744895809));
#2066=CARTESIAN_POINT('',(-24.0032619768555,0.,-21.0334134958942));
#2067=CARTESIAN_POINT('',(-24.6396580799397,0.,-21.6698095989456));
#2068=CARTESIAN_POINT('',(-13.0622911598771,0.,-10.0924426795244));
#2069=CARTESIAN_POINT('',(-21.6698095990493,0.,-24.6396580800322));
#2070=CARTESIAN_POINT('Origin',(-23.1547338394917,0.,-23.1547338394917));
#2071=CARTESIAN_POINT('',(-21.0334134959637,0.,-24.0032619769819));
#2072=CARTESIAN_POINT('',(-9.77424462743631,0.,-12.7440931090776));
#2073=CARTESIAN_POINT('Origin',(-22.5183377364096,0.,-22.5183377364381));
#2074=CARTESIAN_POINT('',(-26.25,0.,-3.2146978477618E-15));
#2075=CARTESIAN_POINT('Origin',(0.,0.,0.));
#2076=CARTESIAN_POINT('',(-24.6396580799397,0.,21.6698095989456));
#2077=CARTESIAN_POINT('',(-24.0032619768555,0.,21.0334134958942));
#2078=CARTESIAN_POINT('',(-13.0622911598771,0.,10.0924426795244));
#2079=CARTESIAN_POINT('',(-21.0334134959637,0.,24.0032619769819));
#2080=CARTESIAN_POINT('Origin',(-22.5183377364096,0.,22.5183377364381));
#2081=CARTESIAN_POINT('',(-21.6698095990493,0.,24.6396580800322));
#2082=CARTESIAN_POINT('',(-9.77424462743631,0.,12.7440931090776));
#2083=CARTESIAN_POINT('Origin',(-23.1547338394917,0.,23.1547338394917));
#2084=CARTESIAN_POINT('',(24.0032619768555,0.,21.0334134958942));
#2085=CARTESIAN_POINT('',(24.6396580799397,0.,21.6698095989456));
#2086=CARTESIAN_POINT('',(13.0622911598771,0.,10.0924426795244));
#2087=CARTESIAN_POINT('',(21.6698095990493,0.,24.6396580800322));
#2088=CARTESIAN_POINT('Origin',(23.1547338394917,0.,23.1547338394917));
#2089=CARTESIAN_POINT('',(21.0334134959637,0.,24.0032619769819));
#2090=CARTESIAN_POINT('',(9.77424462743632,0.,12.7440931090776));
#2091=CARTESIAN_POINT('Origin',(22.5183377364096,0.,22.5183377364381));
#2092=CARTESIAN_POINT('Origin',(25.3967598272933,0.,23.3709744895809));
#2093=CARTESIAN_POINT('',(25.3792483890832,-0.4,23.3709744895809));
#2094=CARTESIAN_POINT('',(12.6983799136466,-0.4,23.3709744895809));
#2095=CARTESIAN_POINT('',(25.3792483890832,0.,23.3709744895809));
#2096=CARTESIAN_POINT('Origin',(23.1547338394917,0.,23.1547338394917));
#2097=CARTESIAN_POINT('',(23.3540289294532,-0.4,25.3808305281266));
#2098=CARTESIAN_POINT('Origin',(23.1547338394917,-0.4,23.1547338394917));
#2099=CARTESIAN_POINT('',(23.3540289294532,0.,25.3808305281266));
#2100=CARTESIAN_POINT('Origin',(23.3540289294532,0.,25.3808305281266));
#2101=CARTESIAN_POINT('',(23.3540289294532,-0.4,25.3980384183467));
#2102=CARTESIAN_POINT('',(23.3540289294532,-0.4,12.6904152640633));
#2103=CARTESIAN_POINT('Ctrl Pts',(23.3540289294532,-0.4,25.3980384183612));
#2104=CARTESIAN_POINT('Ctrl Pts',(23.3540289294532,-0.333333333333333,25.3980384183612));
#2105=CARTESIAN_POINT('Ctrl Pts',(23.3540289294532,-0.266666666666667,25.3980384183612));
#2106=CARTESIAN_POINT('Ctrl Pts',(23.3540289294532,-0.133333333333333,25.3980384183612));
#2107=CARTESIAN_POINT('Ctrl Pts',(23.3540289294532,-0.0666666666666667,
25.3980384183612));
#2108=CARTESIAN_POINT('Ctrl Pts',(23.3540289294532,0.,25.3980384183612));
#2109=CARTESIAN_POINT('Origin',(21.0334134959637,0.,24.0032619769819));
#2110=CARTESIAN_POINT('',(21.0334134959637,-0.4,24.0032619769819));
#2111=CARTESIAN_POINT('',(21.6698095990493,-0.4,24.6396580800322));
#2112=CARTESIAN_POINT('',(9.77424462743632,-0.4,12.7440931090776));
#2113=CARTESIAN_POINT('',(21.0334134959637,0.,24.0032619769819));
#2114=CARTESIAN_POINT('',(21.6698095990493,0.,24.6396580800322));
#2115=CARTESIAN_POINT('Origin',(23.1547338394917,0.,23.1547338394917));
#2116=CARTESIAN_POINT('',(24.6396580799397,-0.4,21.6698095989456));
#2117=CARTESIAN_POINT('Origin',(23.1547338394917,-0.4,23.1547338394917));
#2118=CARTESIAN_POINT('',(24.6396580799397,0.,21.6698095989456));
#2119=CARTESIAN_POINT('Origin',(24.6396580799397,0.,21.6698095989456));
#2120=CARTESIAN_POINT('',(24.0032619768555,-0.4,21.0334134958942));
#2121=CARTESIAN_POINT('',(13.0622911598771,-0.4,10.0924426795244));
#2122=CARTESIAN_POINT('',(24.0032619768555,0.,21.0334134958942));
#2123=CARTESIAN_POINT('Origin',(22.5183377364096,0.,22.5183377364381));
#2124=CARTESIAN_POINT('Origin',(22.5183377364096,-0.4,22.5183377364381));
#2125=CARTESIAN_POINT('Ctrl Pts',(25.25,0.,25.25));
#2126=CARTESIAN_POINT('Ctrl Pts',(25.25,-0.4,25.25));
#2127=CARTESIAN_POINT('Ctrl Pts',(24.2400000000059,0.,25.3315361798877));
#2128=CARTESIAN_POINT('Ctrl Pts',(24.2400000000059,-0.4,25.3315361798877));
#2129=CARTESIAN_POINT('Ctrl Pts',(22.2200000000163,0.,25.4874880239275));
#2130=CARTESIAN_POINT('Ctrl Pts',(22.2200000000163,-0.4,25.4874880239275));
#2131=CARTESIAN_POINT('Ctrl Pts',(19.1900000000276,0.,25.7000548974285));
#2132=CARTESIAN_POINT('Ctrl Pts',(19.1900000000276,-0.4,25.7000548974285));
#2133=CARTESIAN_POINT('Ctrl Pts',(15.1500000000341,0.,25.9400470969585));
#2134=CARTESIAN_POINT('Ctrl Pts',(15.1500000000341,-0.4,25.9400470969585));
#2135=CARTESIAN_POINT('Ctrl Pts',(10.1000000000305,0.,26.1627409936769));
#2136=CARTESIAN_POINT('Ctrl Pts',(10.1000000000305,-0.4,26.1627409936769));
#2137=CARTESIAN_POINT('Ctrl Pts',(5.05000000001795,0.,26.3012306362468));
#2138=CARTESIAN_POINT('Ctrl Pts',(5.05000000001795,-0.4,26.3012306362468));
#2139=CARTESIAN_POINT('Ctrl Pts',(2.27543678343878E-13,0.,26.3486443170981));
#2140=CARTESIAN_POINT('Ctrl Pts',(2.27543678343878E-13,-0.4,26.3486443170981));
#2141=CARTESIAN_POINT('Ctrl Pts',(-5.05000000001843,0.,26.301230636223));
#2142=CARTESIAN_POINT('Ctrl Pts',(-5.05000000001843,-0.4,26.301230636223));
#2143=CARTESIAN_POINT('Ctrl Pts',(-10.1000000000331,0.,26.1627409936353));
#2144=CARTESIAN_POINT('Ctrl Pts',(-10.1000000000331,-0.4,26.1627409936353));
#2145=CARTESIAN_POINT('Ctrl Pts',(-15.1500000000387,0.,25.9400470969106));
#2146=CARTESIAN_POINT('Ctrl Pts',(-15.1500000000387,-0.4,25.9400470969106));
#2147=CARTESIAN_POINT('Ctrl Pts',(-19.1900000000322,0.,25.7000548973891));
#2148=CARTESIAN_POINT('Ctrl Pts',(-19.1900000000322,-0.4,25.7000548973891));
#2149=CARTESIAN_POINT('Ctrl Pts',(-22.2200000000194,0.,25.487488023904));
#2150=CARTESIAN_POINT('Ctrl Pts',(-22.2200000000194,-0.4,25.487488023904));
#2151=CARTESIAN_POINT('Ctrl Pts',(-24.2400000000071,0.,25.3315361798791));
#2152=CARTESIAN_POINT('Ctrl Pts',(-24.2400000000071,-0.4,25.3315361798791));
#2153=CARTESIAN_POINT('Ctrl Pts',(-25.25,0.,25.25));
#2154=CARTESIAN_POINT('Ctrl Pts',(-25.25,-0.4,25.25));
#2155=CARTESIAN_POINT('',(-23.3540289294532,-0.4,25.3980384183467));
#2156=CARTESIAN_POINT('Ctrl Pts',(-23.3540289294532,0.,25.3980384183467));
#2157=CARTESIAN_POINT('Ctrl Pts',(-23.3540289294532,-0.0666666666666667,
25.3980384183467));
#2158=CARTESIAN_POINT('Ctrl Pts',(-23.3540289294532,-0.133333333333333,
25.3980384183467));
#2159=CARTESIAN_POINT('Ctrl Pts',(-23.3540289294532,-0.266666666666667,
25.3980384183467));
#2160=CARTESIAN_POINT('Ctrl Pts',(-23.3540289294532,-0.333333333333333,
25.3980384183467));
#2161=CARTESIAN_POINT('Ctrl Pts',(-23.3540289294532,-0.4,25.3980384183467));
#2162=CARTESIAN_POINT('Ctrl Pts',(23.3540289294532,-0.4,25.3980384183612));
#2163=CARTESIAN_POINT('Ctrl Pts',(22.7232231435676,-0.4,25.4456195481437));
#2164=CARTESIAN_POINT('Ctrl Pts',(21.0824173576861,-0.4,25.5657593289046));
#2165=CARTESIAN_POINT('Ctrl Pts',(18.4316115718059,-0.4,25.7445614454554));
#2166=CARTESIAN_POINT('Ctrl Pts',(14.7708057859225,-0.4,25.956768728078));
#2167=CARTESIAN_POINT('Ctrl Pts',(10.1000000000305,-0.4,26.1627409936769));
#2168=CARTESIAN_POINT('Ctrl Pts',(5.05000000001795,-0.4,26.3012306362468));
#2169=CARTESIAN_POINT('Ctrl Pts',(2.27543678343878E-13,-0.4,26.3486443170981));
#2170=CARTESIAN_POINT('Ctrl Pts',(-5.05000000001843,-0.4,26.301230636223));
#2171=CARTESIAN_POINT('Ctrl Pts',(-10.1000000000331,-0.4,26.1627409936353));
#2172=CARTESIAN_POINT('Ctrl Pts',(-14.7708057859265,-0.4,25.9567687280306));
#2173=CARTESIAN_POINT('Ctrl Pts',(-18.4316115718098,-0.4,25.7445614454146));
#2174=CARTESIAN_POINT('Ctrl Pts',(-21.0824173576886,-0.4,25.5657593288756));
#2175=CARTESIAN_POINT('Ctrl Pts',(-22.7232231435685,-0.4,25.4456195481249));
#2176=CARTESIAN_POINT('Ctrl Pts',(-23.3540289294532,-0.4,25.3980384183467));
#2177=CARTESIAN_POINT('Origin',(1.77635683940025E-14,-0.4,0.));
#2178=CARTESIAN_POINT('',(-23.3540289294532,-0.4,25.3808305281266));
#2179=CARTESIAN_POINT('',(-23.3540289294532,-0.4,12.6904152640633));
#2180=CARTESIAN_POINT('',(-25.3792483890832,-0.4,23.3709744895809));
#2181=CARTESIAN_POINT('Origin',(-23.1547338394917,-0.4,23.1547338394917));
#2182=CARTESIAN_POINT('',(-25.3967598272933,-0.4,23.3709744895809));
#2183=CARTESIAN_POINT('',(-12.6983799136466,-0.4,23.3709744895809));
#2184=CARTESIAN_POINT('',(-25.3967598272933,-0.4,-23.3709744895809));
#2185=CARTESIAN_POINT('Ctrl Pts',(-25.3967598272933,-0.4,23.3709744895809));
#2186=CARTESIAN_POINT('Ctrl Pts',(-25.4446267028908,-0.4,22.7367795916678));
#2187=CARTESIAN_POINT('Ctrl Pts',(-25.5650733985684,-0.4,21.0925846937572));
#2188=CARTESIAN_POINT('Ctrl Pts',(-25.7441684860769,-0.4,18.4383897958472));
#2189=CARTESIAN_POINT('Ctrl Pts',(-25.9566192756408,-0.4,14.7741948979349));
#2190=CARTESIAN_POINT('Ctrl Pts',(-26.1627409936343,-0.4,10.1000000000173));
#2191=CARTESIAN_POINT('Ctrl Pts',(-26.3012306362224,-0.4,5.0500000000096));
#2192=CARTESIAN_POINT('Ctrl Pts',(-26.348644317098,-0.4,-1.33695138293533E-13));
#2193=CARTESIAN_POINT('Ctrl Pts',(-26.3012306362475,-0.4,-5.05000000000932));
#2194=CARTESIAN_POINT('Ctrl Pts',(-26.1627409936784,-0.4,-10.1000000000157));
#2195=CARTESIAN_POINT('Ctrl Pts',(-25.9566192756909,-0.4,-14.7741948979326));
#2196=CARTESIAN_POINT('Ctrl Pts',(-25.74416848612,-0.4,-18.438389795845));
#2197=CARTESIAN_POINT('Ctrl Pts',(-25.5650733985991,-0.4,-21.0925846937558));
#2198=CARTESIAN_POINT('Ctrl Pts',(-25.4446267029107,-0.4,-22.7367795916673));
#2199=CARTESIAN_POINT('Ctrl Pts',(-25.3967598273085,-0.4,-23.3709744895809));
#2200=CARTESIAN_POINT('',(-25.3792483890832,-0.4,-23.3709744895809));
#2201=CARTESIAN_POINT('',(-12.6983799136466,-0.4,-23.3709744895809));
#2202=CARTESIAN_POINT('',(-23.3540289294532,-0.4,-25.3808305281266));
#2203=CARTESIAN_POINT('Origin',(-23.1547338394917,-0.4,-23.1547338394917));
#2204=CARTESIAN_POINT('',(-23.3540289294532,-0.4,-25.3980384183467));
#2205=CARTESIAN_POINT('',(-23.3540289294532,-0.4,-12.6904152640633));
#2206=CARTESIAN_POINT('Ctrl Pts',(-23.3540289294532,-0.4,-25.3980384183467));
#2207=CARTESIAN_POINT('Ctrl Pts',(-22.7232231435685,-0.4,-25.4456195481249));
#2208=CARTESIAN_POINT('Ctrl Pts',(-21.0824173576886,-0.4,-25.5657593288756));
#2209=CARTESIAN_POINT('Ctrl Pts',(-18.4316115718098,-0.4,-25.7445614454146));
#2210=CARTESIAN_POINT('Ctrl Pts',(-14.7708057859265,-0.4,-25.9567687280306));
#2211=CARTESIAN_POINT('Ctrl Pts',(-10.1000000000331,-0.4,-26.1627409936353));
#2212=CARTESIAN_POINT('Ctrl Pts',(-5.05000000001843,-0.4,-26.301230636223));
#2213=CARTESIAN_POINT('Ctrl Pts',(2.27543678343878E-13,-0.4,-26.3486443170981));
#2214=CARTESIAN_POINT('Ctrl Pts',(5.05000000001795,-0.4,-26.3012306362468));
#2215=CARTESIAN_POINT('Ctrl Pts',(10.1000000000305,-0.4,-26.1627409936769));
#2216=CARTESIAN_POINT('Ctrl Pts',(14.7708057859225,-0.4,-25.956768728078));
#2217=CARTESIAN_POINT('Ctrl Pts',(18.4316115718059,-0.4,-25.7445614454554));
#2218=CARTESIAN_POINT('Ctrl Pts',(21.0824173576861,-0.4,-25.5657593289046));
#2219=CARTESIAN_POINT('Ctrl Pts',(22.7232231435676,-0.4,-25.4456195481437));
#2220=CARTESIAN_POINT('Ctrl Pts',(23.3540289294532,-0.4,-25.3980384183612));
#2221=CARTESIAN_POINT('',(-25.85,-0.4,-3.16571197579591E-15));
#2222=CARTESIAN_POINT('Origin',(0.,-0.4,0.));
#2223=CARTESIAN_POINT('',(-24.0032619768555,-0.4,21.0334134958942));
#2224=CARTESIAN_POINT('',(-24.6396580799397,-0.4,21.6698095989456));
#2225=CARTESIAN_POINT('',(-13.0622911598771,-0.4,10.0924426795244));
#2226=CARTESIAN_POINT('',(-21.6698095990493,-0.4,24.6396580800322));
#2227=CARTESIAN_POINT('Origin',(-23.1547338394917,-0.4,23.1547338394917));
#2228=CARTESIAN_POINT('',(-21.0334134959637,-0.4,24.0032619769819));
#2229=CARTESIAN_POINT('',(-9.77424462743631,-0.4,12.7440931090776));
#2230=CARTESIAN_POINT('Origin',(-22.5183377364096,-0.4,22.5183377364381));
#2231=CARTESIAN_POINT('',(-24.6396580799397,-0.4,-21.6698095989456));
#2232=CARTESIAN_POINT('',(-24.0032619768555,-0.4,-21.0334134958942));
#2233=CARTESIAN_POINT('',(-13.0622911598771,-0.4,-10.0924426795244));
#2234=CARTESIAN_POINT('',(-21.0334134959637,-0.4,-24.0032619769819));
#2235=CARTESIAN_POINT('Origin',(-22.5183377364096,-0.4,-22.5183377364381));
#2236=CARTESIAN_POINT('',(-21.6698095990493,-0.4,-24.6396580800322));
#2237=CARTESIAN_POINT('',(-9.77424462743631,-0.4,-12.7440931090776));
#2238=CARTESIAN_POINT('Origin',(-23.1547338394917,-0.4,-23.1547338394917));
#2239=CARTESIAN_POINT('Origin',(-23.3540289294532,0.,-25.3808305281266));
#2240=CARTESIAN_POINT('',(-23.3540289294532,0.,-25.3808305281266));
#2241=CARTESIAN_POINT('Ctrl Pts',(-23.3540289294532,-0.4,-25.3980384183467));
#2242=CARTESIAN_POINT('Ctrl Pts',(-23.3540289294532,-0.333333333333333,
-25.3980384183467));
#2243=CARTESIAN_POINT('Ctrl Pts',(-23.3540289294532,-0.266666666666667,
-25.3980384183467));
#2244=CARTESIAN_POINT('Ctrl Pts',(-23.3540289294532,-0.133333333333333,
-25.3980384183467));
#2245=CARTESIAN_POINT('Ctrl Pts',(-23.3540289294532,-0.0666666666666667,
-25.3980384183467));
#2246=CARTESIAN_POINT('Ctrl Pts',(-23.3540289294532,0.,-25.3980384183467));
#2247=CARTESIAN_POINT('Origin',(-23.1547338394917,0.,-23.1547338394917));
#2248=CARTESIAN_POINT('',(-25.3792483890832,0.,-23.3709744895809));
#2249=CARTESIAN_POINT('Origin',(-25.3967598272933,0.,-23.3709744895809));
#2250=CARTESIAN_POINT('Ctrl Pts',(-25.3967598273085,0.,-23.3709744895809));
#2251=CARTESIAN_POINT('Ctrl Pts',(-25.3967598273085,-0.0666666666666667,
-23.3709744895809));
#2252=CARTESIAN_POINT('Ctrl Pts',(-25.3967598273085,-0.133333333333333,
-23.3709744895809));
#2253=CARTESIAN_POINT('Ctrl Pts',(-25.3967598273085,-0.266666666666667,
-23.3709744895809));
#2254=CARTESIAN_POINT('Ctrl Pts',(-25.3967598273085,-0.333333333333333,
-23.3709744895809));
#2255=CARTESIAN_POINT('Ctrl Pts',(-25.3967598273085,-0.4,-23.3709744895809));
#2256=CARTESIAN_POINT('Origin',(-21.0334134959637,0.,-24.0032619769819));
#2257=CARTESIAN_POINT('',(-21.0334134959637,0.,-24.0032619769819));
#2258=CARTESIAN_POINT('',(-21.6698095990493,0.,-24.6396580800322));
#2259=CARTESIAN_POINT('Origin',(-23.1547338394917,0.,-23.1547338394917));
#2260=CARTESIAN_POINT('',(-24.6396580799397,0.,-21.6698095989456));
#2261=CARTESIAN_POINT('Origin',(-24.6396580799397,0.,-21.6698095989456));
#2262=CARTESIAN_POINT('',(-24.0032619768555,0.,-21.0334134958942));
#2263=CARTESIAN_POINT('Origin',(-22.5183377364096,0.,-22.5183377364381));
#2264=CARTESIAN_POINT('Origin',(-25.3967598272933,0.,23.3709744895809));
#2265=CARTESIAN_POINT('',(-25.3792483890832,0.,23.3709744895809));
#2266=CARTESIAN_POINT('Ctrl Pts',(-25.3967598272933,-0.4,23.3709744895809));
#2267=CARTESIAN_POINT('Ctrl Pts',(-25.3967598272933,-0.333333333333333,
23.3709744895809));
#2268=CARTESIAN_POINT('Ctrl Pts',(-25.3967598272933,-0.266666666666667,
23.3709744895809));
#2269=CARTESIAN_POINT('Ctrl Pts',(-25.3967598272933,-0.133333333333333,
23.3709744895809));
#2270=CARTESIAN_POINT('Ctrl Pts',(-25.3967598272933,-0.0666666666666667,
23.3709744895809));
#2271=CARTESIAN_POINT('Ctrl Pts',(-25.3967598272933,0.,23.3709744895809));
#2272=CARTESIAN_POINT('Origin',(-23.3540289294532,0.,25.3808305281266));
#2273=CARTESIAN_POINT('',(-23.3540289294532,0.,25.3808305281266));
#2274=CARTESIAN_POINT('Origin',(-23.1547338394917,0.,23.1547338394917));
#2275=CARTESIAN_POINT('Origin',(-21.0334134959637,0.,24.0032619769819));
#2276=CARTESIAN_POINT('',(-21.6698095990493,0.,24.6396580800322));
#2277=CARTESIAN_POINT('',(-21.0334134959637,0.,24.0032619769819));
#2278=CARTESIAN_POINT('Origin',(-22.5183377364096,0.,22.5183377364381));
#2279=CARTESIAN_POINT('',(-24.0032619768555,0.,21.0334134958942));
#2280=CARTESIAN_POINT('Origin',(-24.6396580799397,0.,21.6698095989456));
#2281=CARTESIAN_POINT('',(-24.6396580799397,0.,21.6698095989456));
#2282=CARTESIAN_POINT('Origin',(-23.1547338394917,0.,23.1547338394917));
#2283=CARTESIAN_POINT('Ctrl Pts',(-25.25,0.,25.25));
#2284=CARTESIAN_POINT('Ctrl Pts',(-25.25,-0.4,25.25));
#2285=CARTESIAN_POINT('Ctrl Pts',(-25.3315361798789,0.,24.2400000000037));
#2286=CARTESIAN_POINT('Ctrl Pts',(-25.3315361798789,-0.4,24.2400000000037));
#2287=CARTESIAN_POINT('Ctrl Pts',(-25.4874880239035,0.,22.2200000000101));
#2288=CARTESIAN_POINT('Ctrl Pts',(-25.4874880239035,-0.4,22.2200000000101));
#2289=CARTESIAN_POINT('Ctrl Pts',(-25.7000548973884,0.,19.1900000000168));
#2290=CARTESIAN_POINT('Ctrl Pts',(-25.7000548973884,-0.4,19.1900000000168));
#2291=CARTESIAN_POINT('Ctrl Pts',(-25.9400470969096,0.,15.1500000000202));
#2292=CARTESIAN_POINT('Ctrl Pts',(-25.9400470969096,-0.4,15.1500000000202));
#2293=CARTESIAN_POINT('Ctrl Pts',(-26.1627409936343,0.,10.1000000000173));
#2294=CARTESIAN_POINT('Ctrl Pts',(-26.1627409936343,-0.4,10.1000000000173));
#2295=CARTESIAN_POINT('Ctrl Pts',(-26.3012306362224,0.,5.0500000000096));
#2296=CARTESIAN_POINT('Ctrl Pts',(-26.3012306362224,-0.4,5.0500000000096));
#2297=CARTESIAN_POINT('Ctrl Pts',(-26.348644317098,0.,-1.33695138293533E-13));
#2298=CARTESIAN_POINT('Ctrl Pts',(-26.348644317098,-0.4,-1.33695138293533E-13));
#2299=CARTESIAN_POINT('Ctrl Pts',(-26.3012306362475,0.,-5.05000000000932));
#2300=CARTESIAN_POINT('Ctrl Pts',(-26.3012306362475,-0.4,-5.05000000000932));
#2301=CARTESIAN_POINT('Ctrl Pts',(-26.1627409936784,0.,-10.1000000000157));
#2302=CARTESIAN_POINT('Ctrl Pts',(-26.1627409936784,-0.4,-10.1000000000157));
#2303=CARTESIAN_POINT('Ctrl Pts',(-25.9400470969603,0.,-15.1500000000176));
#2304=CARTESIAN_POINT('Ctrl Pts',(-25.9400470969603,-0.4,-15.1500000000176));
#2305=CARTESIAN_POINT('Ctrl Pts',(-25.70005489743,0.,-19.1900000000141));
#2306=CARTESIAN_POINT('Ctrl Pts',(-25.70005489743,-0.4,-19.1900000000141));
#2307=CARTESIAN_POINT('Ctrl Pts',(-25.4874880239285,0.,-22.2200000000084));
#2308=CARTESIAN_POINT('Ctrl Pts',(-25.4874880239285,-0.4,-22.2200000000084));
#2309=CARTESIAN_POINT('Ctrl Pts',(-25.331536179888,0.,-24.240000000003));
#2310=CARTESIAN_POINT('Ctrl Pts',(-25.331536179888,-0.4,-24.240000000003));
#2311=CARTESIAN_POINT('Ctrl Pts',(-25.25,0.,-25.25));
#2312=CARTESIAN_POINT('Ctrl Pts',(-25.25,-0.4,-25.25));
#2313=CARTESIAN_POINT('Ctrl Pts',(-25.25,0.,-25.25));
#2314=CARTESIAN_POINT('Ctrl Pts',(-25.25,-0.4,-25.25));
#2315=CARTESIAN_POINT('Ctrl Pts',(-24.2400000000071,0.,-25.3315361798791));
#2316=CARTESIAN_POINT('Ctrl Pts',(-24.2400000000071,-0.4,-25.3315361798791));
#2317=CARTESIAN_POINT('Ctrl Pts',(-22.2200000000194,0.,-25.487488023904));
#2318=CARTESIAN_POINT('Ctrl Pts',(-22.2200000000194,-0.4,-25.487488023904));
#2319=CARTESIAN_POINT('Ctrl Pts',(-19.1900000000322,0.,-25.7000548973891));
#2320=CARTESIAN_POINT('Ctrl Pts',(-19.1900000000322,-0.4,-25.7000548973891));
#2321=CARTESIAN_POINT('Ctrl Pts',(-15.1500000000387,0.,-25.9400470969106));
#2322=CARTESIAN_POINT('Ctrl Pts',(-15.1500000000387,-0.4,-25.9400470969106));
#2323=CARTESIAN_POINT('Ctrl Pts',(-10.1000000000331,0.,-26.1627409936353));
#2324=CARTESIAN_POINT('Ctrl Pts',(-10.1000000000331,-0.4,-26.1627409936353));
#2325=CARTESIAN_POINT('Ctrl Pts',(-5.05000000001843,0.,-26.301230636223));
#2326=CARTESIAN_POINT('Ctrl Pts',(-5.05000000001843,-0.4,-26.301230636223));
#2327=CARTESIAN_POINT('Ctrl Pts',(2.27543678343878E-13,0.,-26.3486443170981));
#2328=CARTESIAN_POINT('Ctrl Pts',(2.27543678343878E-13,-0.4,-26.3486443170981));
#2329=CARTESIAN_POINT('Ctrl Pts',(5.05000000001795,0.,-26.3012306362468));
#2330=CARTESIAN_POINT('Ctrl Pts',(5.05000000001795,-0.4,-26.3012306362468));
#2331=CARTESIAN_POINT('Ctrl Pts',(10.1000000000305,0.,-26.1627409936769));
#2332=CARTESIAN_POINT('Ctrl Pts',(10.1000000000305,-0.4,-26.1627409936769));
#2333=CARTESIAN_POINT('Ctrl Pts',(15.1500000000341,0.,-25.9400470969585));
#2334=CARTESIAN_POINT('Ctrl Pts',(15.1500000000341,-0.4,-25.9400470969585));
#2335=CARTESIAN_POINT('Ctrl Pts',(19.1900000000276,0.,-25.7000548974285));
#2336=CARTESIAN_POINT('Ctrl Pts',(19.1900000000276,-0.4,-25.7000548974285));
#2337=CARTESIAN_POINT('Ctrl Pts',(22.2200000000163,0.,-25.4874880239275));
#2338=CARTESIAN_POINT('Ctrl Pts',(22.2200000000163,-0.4,-25.4874880239275));
#2339=CARTESIAN_POINT('Ctrl Pts',(24.2400000000059,0.,-25.3315361798877));
#2340=CARTESIAN_POINT('Ctrl Pts',(24.2400000000059,-0.4,-25.3315361798877));
#2341=CARTESIAN_POINT('Ctrl Pts',(25.25,0.,-25.25));
#2342=CARTESIAN_POINT('Ctrl Pts',(25.25,-0.4,-25.25));
#2343=CARTESIAN_POINT('Origin',(0.,0.35,0.));
#2344=CARTESIAN_POINT('',(-25.85,0.7,-3.16571197579591E-15));
#2345=CARTESIAN_POINT('',(-25.85,0.35,-3.16571197579591E-15));
#2346=CARTESIAN_POINT('',(-3.16571197579591E-15,0.7,25.85));
#2347=CARTESIAN_POINT('Origin',(0.,0.7,0.));
#2348=CARTESIAN_POINT('Origin',(0.,0.7,0.));
#2349=CARTESIAN_POINT('Origin',(0.,0.700000000000002,0.));
#2350=CARTESIAN_POINT('',(-3.14121903981296E-15,0.899999999999998,25.65));
#2351=CARTESIAN_POINT('Origin',(-3.14121903981296E-15,0.700000000000002,
25.65));
#2352=CARTESIAN_POINT('Origin',(0.,0.899999999999998,0.));
#2353=CARTESIAN_POINT('Origin',(24.5732928049865,0.900000000000002,0.));
#2354=CARTESIAN_POINT('',(-3.00936043781374E-15,0.900000000000002,24.5732928049865));
#2355=CARTESIAN_POINT('Origin',(0.,0.900000000000002,0.));
#2356=CARTESIAN_POINT('Origin',(0.,1.79999999999998,0.));
#2357=CARTESIAN_POINT('',(-23.7525634503289,1.43067179040408,-2.90885008009898E-15));
#2358=CARTESIAN_POINT('',(-2.90885008009898E-15,1.43067179040408,23.7525634503289));
#2359=CARTESIAN_POINT('Origin',(0.,1.43067179040408,0.));
#2360=CARTESIAN_POINT('Origin',(0.,1.43067179040408,0.));
#2361=CARTESIAN_POINT('Origin',(-3.00936043781374E-15,1.79999999999998,
24.5732928049865));
#2362=CARTESIAN_POINT('Origin',(0.,6.07689059680136,0.));
#2363=CARTESIAN_POINT('',(-19.5709665245714,10.7231094031986,-2.39675215105363E-15));
#2364=CARTESIAN_POINT('',(-21.6617649874502,6.07689059680136,-2.6528011155763E-15));
#2365=CARTESIAN_POINT('',(-2.39675215105363E-15,10.7231094031986,19.5709665245714));
#2366=CARTESIAN_POINT('Origin',(0.,10.7231094031986,0.));
#2367=CARTESIAN_POINT('Origin',(0.,10.7231094031986,0.));
#2368=CARTESIAN_POINT('Origin',(0.,10.6,0.));
#2369=CARTESIAN_POINT('',(-2.36324869848204E-15,10.9,19.2973900730189));
#2370=CARTESIAN_POINT('Origin',(-2.36324869848204E-15,10.6,19.2973900730189));
#2371=CARTESIAN_POINT('Origin',(0.,10.9,0.));
#2372=CARTESIAN_POINT('Origin',(16.9218856866967,10.9,0.));
#2373=CARTESIAN_POINT('',(-2.07233331417506E-15,10.9,16.9218856866967));
#2374=CARTESIAN_POINT('Origin',(0.,10.9,0.));
#2375=CARTESIAN_POINT('Origin',(0.,12.,0.));
#2376=CARTESIAN_POINT('',(-16.4123935044667,11.025106305156,-2.0099385171592E-15));
#2377=CARTESIAN_POINT('',(-2.0099385171592E-15,11.025106305156,16.4123935044667));
#2378=CARTESIAN_POINT('Origin',(0.,11.025106305156,0.));
#2379=CARTESIAN_POINT('Origin',(0.,11.025106305156,0.));
#2380=CARTESIAN_POINT('Origin',(-2.07233331417506E-15,12.,16.9218856866968));
#2381=CARTESIAN_POINT('Origin',(0.,12.2530362838922,0.));
#2382=CARTESIAN_POINT('',(-11.7131999319957,13.4809662626284,-1.43445328044915E-15));
#2383=CARTESIAN_POINT('',(-14.0627967182312,12.2530362838922,-1.72219589880417E-15));
#2384=CARTESIAN_POINT('',(-1.43445328044915E-15,13.4809662626284,11.7131999319957));
#2385=CARTESIAN_POINT('Origin',(0.,13.4809662626284,0.));
#2386=CARTESIAN_POINT('Origin',(0.,13.4809662626284,0.));
#2387=CARTESIAN_POINT('Origin',(0.,14.0393144696754,0.));
#2388=CARTESIAN_POINT('',(-11.3750000000001,14.0393144696754,-1.39303573403013E-15));
#2389=CARTESIAN_POINT('',(-1.39303573403013E-15,14.0393144696754,11.3750000000002));
#2390=CARTESIAN_POINT('Origin',(0.,14.0393144696754,0.));
#2391=CARTESIAN_POINT('Origin',(0.,14.0393144696754,0.));
#2392=CARTESIAN_POINT('Origin',(-1.47018848237642E-15,14.0393144696754,
12.0050000000002));
#2393=CARTESIAN_POINT('Origin',(0.,14.4196572348377,0.));
#2394=CARTESIAN_POINT('',(-11.3750000000001,14.8,-1.39303573403013E-15));
#2395=CARTESIAN_POINT('',(-11.3750000000001,14.4196572348377,-1.39303573403013E-15));
#2396=CARTESIAN_POINT('Origin',(0.,14.8,0.));
#2397=CARTESIAN_POINT('Origin',(11.7750000000001,14.8,0.));
#2398=CARTESIAN_POINT('',(-11.7750000000001,14.8,-1.44202160599602E-15));
#2399=CARTESIAN_POINT('Origin',(0.,14.8,0.));
#2400=CARTESIAN_POINT('Origin',(0.,14.4196572348377,0.));
#2401=CARTESIAN_POINT('',(-11.7750000000001,14.0393144696754,-1.44202160599602E-15));
#2402=CARTESIAN_POINT('',(-1.44202160599603E-15,14.0393144696754,11.7750000000002));
#2403=CARTESIAN_POINT('Origin',(0.,14.0393144696754,0.));
#2404=CARTESIAN_POINT('',(-11.7750000000001,14.4196572348377,-1.44202160599602E-15));
#2405=CARTESIAN_POINT('Origin',(0.,14.0393144696754,0.));
#2406=CARTESIAN_POINT('Origin',(0.,14.0393144696754,0.));
#2407=CARTESIAN_POINT('',(-1.45714229754583E-15,13.8354730607535,11.898469816443));
#2408=CARTESIAN_POINT('Origin',(-1.47018848237642E-15,14.0393144696754,
12.0050000000002));
#2409=CARTESIAN_POINT('',(-11.898469816443,13.8354730607535,-1.45714229754583E-15));
#2410=CARTESIAN_POINT('Origin',(0.,13.8354730607535,0.));
#2411=CARTESIAN_POINT('Origin',(0.,13.8354730607535,0.));
#2412=CARTESIAN_POINT('Origin',(0.,12.6075430820173,0.));
#2413=CARTESIAN_POINT('',(-16.597663388914,11.3796131032811,-2.03262753425588E-15));
#2414=CARTESIAN_POINT('',(-2.03262753425588E-15,11.3796131032811,16.597663388914));
#2415=CARTESIAN_POINT('Origin',(0.,11.3796131032811,0.));
#2416=CARTESIAN_POINT('',(-14.2480666026785,12.6075430820173,-1.74488491590085E-15));
#2417=CARTESIAN_POINT('Origin',(0.,11.3796131032811,0.));
#2418=CARTESIAN_POINT('Origin',(0.,12.,0.));
#2419=CARTESIAN_POINT('',(-2.07233331417506E-15,11.3,16.9218856866968));
#2420=CARTESIAN_POINT('Origin',(-2.07233331417506E-15,12.,16.9218856866968));
#2421=CARTESIAN_POINT('Origin',(0.,11.3,0.));
#2422=CARTESIAN_POINT('Origin',(19.2973900730189,11.3,0.));
#2423=CARTESIAN_POINT('',(-2.36324869848204E-15,11.3,19.2973900730189));
#2424=CARTESIAN_POINT('Origin',(0.,11.3,0.));
#2425=CARTESIAN_POINT('Origin',(0.,10.6,0.));
#2426=CARTESIAN_POINT('',(-19.9357351266414,10.8872552741302,-2.44142342114909E-15));
#2427=CARTESIAN_POINT('',(-2.44142342114909E-15,10.8872552741302,19.9357351266414));
#2428=CARTESIAN_POINT('Origin',(0.,10.8872552741302,0.));
#2429=CARTESIAN_POINT('Origin',(0.,10.8872552741302,0.));
#2430=CARTESIAN_POINT('Origin',(-2.36324869848204E-15,10.6,19.2973900730189));
#2431=CARTESIAN_POINT('Origin',(0.,6.24103646773288,0.));
#2432=CARTESIAN_POINT('',(-24.117332052399,1.5948176613356,-2.95352135019443E-15));
#2433=CARTESIAN_POINT('',(-2.95352135019443E-15,1.5948176613356,24.117332052399));
#2434=CARTESIAN_POINT('Origin',(0.,1.5948176613356,0.));
#2435=CARTESIAN_POINT('',(-22.0265335895202,6.24103646773288,-2.69747238567176E-15));
#2436=CARTESIAN_POINT('Origin',(0.,1.5948176613356,0.));
#2437=CARTESIAN_POINT('Origin',(0.,1.79999999999998,0.));
#2438=CARTESIAN_POINT('',(-3.00936043781374E-15,1.3,24.5732928049865));
#2439=CARTESIAN_POINT('Origin',(-3.00936043781374E-15,1.79999999999998,
24.5732928049865));
#2440=CARTESIAN_POINT('Origin',(0.,1.3,0.));
#2441=CARTESIAN_POINT('Origin',(25.95,1.3,0.));
#2442=CARTESIAN_POINT('',(-3.17795844378738E-15,1.3,25.95));
#2443=CARTESIAN_POINT('Origin',(0.,1.3,0.));
#2444=CARTESIAN_POINT('Origin',(0.,1.,0.));
#2445=CARTESIAN_POINT('',(-26.25,1.,-3.2146978477618E-15));
#2446=CARTESIAN_POINT('',(-3.2146978477618E-15,1.,26.25));
#2447=CARTESIAN_POINT('Origin',(0.,1.,0.));
#2448=CARTESIAN_POINT('Origin',(0.,1.,0.));
#2449=CARTESIAN_POINT('Origin',(-3.17795844378738E-15,1.,25.95));
#2450=CARTESIAN_POINT('Origin',(0.,0.5,0.));
#2451=CARTESIAN_POINT('',(-26.25,0.5,-3.2146978477618E-15));
#2452=CARTESIAN_POINT('Ctrl Pts',(-24.010283215746,0.7,0.));
#2453=CARTESIAN_POINT('Ctrl Pts',(-24.010283215746,0.7,24.010283215746));
#2454=CARTESIAN_POINT('Ctrl Pts',(0.,0.7,24.010283215746));
#2455=CARTESIAN_POINT('Ctrl Pts',(24.010283215746,0.7,24.010283215746));
#2456=CARTESIAN_POINT('Ctrl Pts',(24.010283215746,0.7,0.));
#2457=CARTESIAN_POINT('Ctrl Pts',(24.010283215746,0.7,-24.010283215746));
#2458=CARTESIAN_POINT('Ctrl Pts',(0.,0.7,-24.010283215746));
#2459=CARTESIAN_POINT('Ctrl Pts',(-24.010283215746,0.7,-24.010283215746));
#2460=CARTESIAN_POINT('Ctrl Pts',(-24.010283215746,0.7,0.));
#2461=CARTESIAN_POINT('Ctrl Pts',(-24.0004050524518,0.582603912299066,0.));
#2462=CARTESIAN_POINT('Ctrl Pts',(-24.0004050524518,0.582603912299066,24.0004050524518));
#2463=CARTESIAN_POINT('Ctrl Pts',(0.,0.582603912299066,24.0004050524518));
#2464=CARTESIAN_POINT('Ctrl Pts',(24.0004050524518,0.582603912299066,24.0004050524518));
#2465=CARTESIAN_POINT('Ctrl Pts',(24.0004050524518,0.582603912299066,0.));
#2466=CARTESIAN_POINT('Ctrl Pts',(24.0004050524518,0.582603912299066,-24.0004050524518));
#2467=CARTESIAN_POINT('Ctrl Pts',(0.,0.582603912299066,-24.0004050524518));
#2468=CARTESIAN_POINT('Ctrl Pts',(-24.0004050524518,0.582603912299066,-24.0004050524518));
#2469=CARTESIAN_POINT('Ctrl Pts',(-24.0004050524518,0.582603912299066,0.));
#2470=CARTESIAN_POINT('Ctrl Pts',(-23.9699958920392,0.355398858599577,0.));
#2471=CARTESIAN_POINT('Ctrl Pts',(-23.9699958920392,0.355398858599577,23.9699958920392));
#2472=CARTESIAN_POINT('Ctrl Pts',(0.,0.355398858599577,23.9699958920392));
#2473=CARTESIAN_POINT('Ctrl Pts',(23.9699958920392,0.355398858599577,23.9699958920392));
#2474=CARTESIAN_POINT('Ctrl Pts',(23.9699958920392,0.355398858599577,0.));
#2475=CARTESIAN_POINT('Ctrl Pts',(23.9699958920392,0.355398858599577,-23.9699958920392));
#2476=CARTESIAN_POINT('Ctrl Pts',(0.,0.355398858599577,-23.9699958920392));
#2477=CARTESIAN_POINT('Ctrl Pts',(-23.9699958920392,0.355398858599577,-23.9699958920392));
#2478=CARTESIAN_POINT('Ctrl Pts',(-23.9699958920392,0.355398858599577,0.));
#2479=CARTESIAN_POINT('Ctrl Pts',(-23.8924227495458,0.0373527642314307,
0.));
#2480=CARTESIAN_POINT('Ctrl Pts',(-23.8924227495458,0.0373527642314307,
23.8924227495458));
#2481=CARTESIAN_POINT('Ctrl Pts',(0.,0.0373527642314309,23.8924227495458));
#2482=CARTESIAN_POINT('Ctrl Pts',(23.8924227495458,0.037352764231431,23.8924227495458));
#2483=CARTESIAN_POINT('Ctrl Pts',(23.8924227495458,0.037352764231431,0.));
#2484=CARTESIAN_POINT('Ctrl Pts',(23.8924227495458,0.037352764231431,-23.8924227495458));
#2485=CARTESIAN_POINT('Ctrl Pts',(0.,0.0373527642314309,-23.8924227495458));
#2486=CARTESIAN_POINT('Ctrl Pts',(-23.8924227495458,0.0373527642314307,
-23.8924227495458));
#2487=CARTESIAN_POINT('Ctrl Pts',(-23.8924227495458,0.0373527642314307,
0.));
#2488=CARTESIAN_POINT('Ctrl Pts',(-23.7246161636182,-0.34085587717847,0.));
#2489=CARTESIAN_POINT('Ctrl Pts',(-23.7246161636182,-0.34085587717847,23.7246161636182));
#2490=CARTESIAN_POINT('Ctrl Pts',(0.,-0.34085587717847,23.7246161636182));
#2491=CARTESIAN_POINT('Ctrl Pts',(23.7246161636182,-0.34085587717847,23.7246161636182));
#2492=CARTESIAN_POINT('Ctrl Pts',(23.7246161636182,-0.34085587717847,0.));
#2493=CARTESIAN_POINT('Ctrl Pts',(23.7246161636182,-0.34085587717847,-23.7246161636182));
#2494=CARTESIAN_POINT('Ctrl Pts',(0.,-0.34085587717847,-23.7246161636182));
#2495=CARTESIAN_POINT('Ctrl Pts',(-23.7246161636182,-0.34085587717847,-23.7246161636182));
#2496=CARTESIAN_POINT('Ctrl Pts',(-23.7246161636182,-0.34085587717847,0.));
#2497=CARTESIAN_POINT('Ctrl Pts',(-23.4064355949845,-0.73511560180966,0.));
#2498=CARTESIAN_POINT('Ctrl Pts',(-23.4064355949845,-0.73511560180966,23.4064355949845));
#2499=CARTESIAN_POINT('Ctrl Pts',(0.,-0.735115601809661,23.4064355949845));
#2500=CARTESIAN_POINT('Ctrl Pts',(23.4064355949845,-0.735115601809661,23.4064355949845));
#2501=CARTESIAN_POINT('Ctrl Pts',(23.4064355949845,-0.735115601809661,0.));
#2502=CARTESIAN_POINT('Ctrl Pts',(23.4064355949845,-0.735115601809661,-23.4064355949845));
#2503=CARTESIAN_POINT('Ctrl Pts',(0.,-0.735115601809661,-23.4064355949845));
#2504=CARTESIAN_POINT('Ctrl Pts',(-23.4064355949845,-0.73511560180966,-23.4064355949845));
#2505=CARTESIAN_POINT('Ctrl Pts',(-23.4064355949845,-0.73511560180966,0.));
#2506=CARTESIAN_POINT('Ctrl Pts',(-22.9815458438601,-1.04815703816117,0.));
#2507=CARTESIAN_POINT('Ctrl Pts',(-22.9815458438601,-1.04815703816117,22.9815458438601));
#2508=CARTESIAN_POINT('Ctrl Pts',(0.,-1.04815703816117,22.9815458438601));
#2509=CARTESIAN_POINT('Ctrl Pts',(22.9815458438601,-1.04815703816117,22.9815458438601));
#2510=CARTESIAN_POINT('Ctrl Pts',(22.9815458438601,-1.04815703816117,0.));
#2511=CARTESIAN_POINT('Ctrl Pts',(22.9815458438601,-1.04815703816117,-22.9815458438601));
#2512=CARTESIAN_POINT('Ctrl Pts',(0.,-1.04815703816117,-22.9815458438601));
#2513=CARTESIAN_POINT('Ctrl Pts',(-22.9815458438601,-1.04815703816117,-22.9815458438601));
#2514=CARTESIAN_POINT('Ctrl Pts',(-22.9815458438601,-1.04815703816117,0.));
#2515=CARTESIAN_POINT('Ctrl Pts',(-22.4571501115746,-1.27730333583392,0.));
#2516=CARTESIAN_POINT('Ctrl Pts',(-22.4571501115746,-1.27730333583392,22.4571501115746));
#2517=CARTESIAN_POINT('Ctrl Pts',(0.,-1.27730333583392,22.4571501115746));
#2518=CARTESIAN_POINT('Ctrl Pts',(22.4571501115746,-1.27730333583392,22.4571501115746));
#2519=CARTESIAN_POINT('Ctrl Pts',(22.4571501115746,-1.27730333583392,0.));
#2520=CARTESIAN_POINT('Ctrl Pts',(22.4571501115746,-1.27730333583392,-22.4571501115746));
#2521=CARTESIAN_POINT('Ctrl Pts',(0.,-1.27730333583392,-22.4571501115746));
#2522=CARTESIAN_POINT('Ctrl Pts',(-22.4571501115746,-1.27730333583392,-22.4571501115746));
#2523=CARTESIAN_POINT('Ctrl Pts',(-22.4571501115746,-1.27730333583392,0.));
#2524=CARTESIAN_POINT('Ctrl Pts',(-21.8501500374773,-1.42107743415191,0.));
#2525=CARTESIAN_POINT('Ctrl Pts',(-21.8501500374773,-1.42107743415191,21.8501500374773));
#2526=CARTESIAN_POINT('Ctrl Pts',(0.,-1.42107743415191,21.8501500374773));
#2527=CARTESIAN_POINT('Ctrl Pts',(21.8501500374773,-1.42107743415191,21.8501500374773));
#2528=CARTESIAN_POINT('Ctrl Pts',(21.8501500374773,-1.42107743415191,0.));
#2529=CARTESIAN_POINT('Ctrl Pts',(21.8501500374773,-1.42107743415191,-21.8501500374773));
#2530=CARTESIAN_POINT('Ctrl Pts',(0.,-1.42107743415191,-21.8501500374773));
#2531=CARTESIAN_POINT('Ctrl Pts',(-21.8501500374773,-1.42107743415191,-21.8501500374773));
#2532=CARTESIAN_POINT('Ctrl Pts',(-21.8501500374773,-1.42107743415191,0.));
#2533=CARTESIAN_POINT('Ctrl Pts',(-21.1879897122286,-1.47968861749133,0.));
#2534=CARTESIAN_POINT('Ctrl Pts',(-21.1879897122286,-1.47968861749133,21.1879897122286));
#2535=CARTESIAN_POINT('Ctrl Pts',(0.,-1.47968861749133,21.1879897122286));
#2536=CARTESIAN_POINT('Ctrl Pts',(21.1879897122286,-1.47968861749133,21.1879897122286));
#2537=CARTESIAN_POINT('Ctrl Pts',(21.1879897122286,-1.47968861749133,0.));
#2538=CARTESIAN_POINT('Ctrl Pts',(21.1879897122286,-1.47968861749133,-21.1879897122286));
#2539=CARTESIAN_POINT('Ctrl Pts',(0.,-1.47968861749133,-21.1879897122286));
#2540=CARTESIAN_POINT('Ctrl Pts',(-21.1879897122286,-1.47968861749133,-21.1879897122286));
#2541=CARTESIAN_POINT('Ctrl Pts',(-21.1879897122286,-1.47968861749133,0.));
#2542=CARTESIAN_POINT('Ctrl Pts',(-20.5032985959214,-1.4541974129145,0.));
#2543=CARTESIAN_POINT('Ctrl Pts',(-20.5032985959214,-1.4541974129145,20.5032985959214));
#2544=CARTESIAN_POINT('Ctrl Pts',(0.,-1.4541974129145,20.5032985959214));
#2545=CARTESIAN_POINT('Ctrl Pts',(20.5032985959214,-1.4541974129145,20.5032985959214));
#2546=CARTESIAN_POINT('Ctrl Pts',(20.5032985959214,-1.4541974129145,0.));
#2547=CARTESIAN_POINT('Ctrl Pts',(20.5032985959214,-1.4541974129145,-20.5032985959214));
#2548=CARTESIAN_POINT('Ctrl Pts',(0.,-1.4541974129145,-20.5032985959214));
#2549=CARTESIAN_POINT('Ctrl Pts',(-20.5032985959214,-1.4541974129145,-20.5032985959214));
#2550=CARTESIAN_POINT('Ctrl Pts',(-20.5032985959214,-1.4541974129145,0.));
#2551=CARTESIAN_POINT('Ctrl Pts',(-19.8302948772289,-1.34626120186777,0.));
#2552=CARTESIAN_POINT('Ctrl Pts',(-19.8302948772289,-1.34626120186777,19.8302948772289));
#2553=CARTESIAN_POINT('Ctrl Pts',(0.,-1.34626120186777,19.8302948772289));
#2554=CARTESIAN_POINT('Ctrl Pts',(19.8302948772289,-1.34626120186777,19.8302948772289));
#2555=CARTESIAN_POINT('Ctrl Pts',(19.8302948772289,-1.34626120186777,0.));
#2556=CARTESIAN_POINT('Ctrl Pts',(19.8302948772289,-1.34626120186777,-19.8302948772289));
#2557=CARTESIAN_POINT('Ctrl Pts',(0.,-1.34626120186777,-19.8302948772289));
#2558=CARTESIAN_POINT('Ctrl Pts',(-19.8302948772289,-1.34626120186777,-19.8302948772289));
#2559=CARTESIAN_POINT('Ctrl Pts',(-19.8302948772289,-1.34626120186777,0.));
#2560=CARTESIAN_POINT('Ctrl Pts',(-19.200636882608,-1.15796450223944,0.));
#2561=CARTESIAN_POINT('Ctrl Pts',(-19.200636882608,-1.15796450223944,19.200636882608));
#2562=CARTESIAN_POINT('Ctrl Pts',(0.,-1.15796450223944,19.200636882608));
#2563=CARTESIAN_POINT('Ctrl Pts',(19.200636882608,-1.15796450223944,19.200636882608));
#2564=CARTESIAN_POINT('Ctrl Pts',(19.200636882608,-1.15796450223944,0.));
#2565=CARTESIAN_POINT('Ctrl Pts',(19.200636882608,-1.15796450223944,-19.200636882608));
#2566=CARTESIAN_POINT('Ctrl Pts',(0.,-1.15796450223944,-19.200636882608));
#2567=CARTESIAN_POINT('Ctrl Pts',(-19.200636882608,-1.15796450223944,-19.200636882608));
#2568=CARTESIAN_POINT('Ctrl Pts',(-19.200636882608,-1.15796450223944,0.));
#2569=CARTESIAN_POINT('Ctrl Pts',(-18.6395425194303,-0.891907936281642,
0.));
#2570=CARTESIAN_POINT('Ctrl Pts',(-18.6395425194303,-0.891907936281642,
18.6395425194303));
#2571=CARTESIAN_POINT('Ctrl Pts',(0.,-0.891907936281642,18.6395425194303));
#2572=CARTESIAN_POINT('Ctrl Pts',(18.6395425194303,-0.891907936281643,18.6395425194303));
#2573=CARTESIAN_POINT('Ctrl Pts',(18.6395425194303,-0.891907936281643,0.));
#2574=CARTESIAN_POINT('Ctrl Pts',(18.6395425194303,-0.891907936281643,-18.6395425194303));
#2575=CARTESIAN_POINT('Ctrl Pts',(0.,-0.891907936281642,-18.6395425194303));
#2576=CARTESIAN_POINT('Ctrl Pts',(-18.6395425194303,-0.891907936281642,
-18.6395425194303));
#2577=CARTESIAN_POINT('Ctrl Pts',(-18.6395425194303,-0.891907936281642,
0.));
#2578=CARTESIAN_POINT('Ctrl Pts',(-18.1613020822675,-0.551521694845058,
0.));
#2579=CARTESIAN_POINT('Ctrl Pts',(-18.1613020822675,-0.551521694845058,
18.1613020822675));
#2580=CARTESIAN_POINT('Ctrl Pts',(0.,-0.551521694845058,18.1613020822675));
#2581=CARTESIAN_POINT('Ctrl Pts',(18.1613020822675,-0.551521694845058,18.1613020822675));
#2582=CARTESIAN_POINT('Ctrl Pts',(18.1613020822675,-0.551521694845058,0.));
#2583=CARTESIAN_POINT('Ctrl Pts',(18.1613020822675,-0.551521694845058,-18.1613020822675));
#2584=CARTESIAN_POINT('Ctrl Pts',(0.,-0.551521694845058,-18.1613020822675));
#2585=CARTESIAN_POINT('Ctrl Pts',(-18.1613020822675,-0.551521694845058,
-18.1613020822675));
#2586=CARTESIAN_POINT('Ctrl Pts',(-18.1613020822675,-0.551521694845058,
0.));
#2587=CARTESIAN_POINT('Ctrl Pts',(-17.7723452983578,-0.140311646610893,
0.));
#2588=CARTESIAN_POINT('Ctrl Pts',(-17.7723452983578,-0.140311646610893,
17.7723452983578));
#2589=CARTESIAN_POINT('Ctrl Pts',(0.,-0.140311646610893,17.7723452983578));
#2590=CARTESIAN_POINT('Ctrl Pts',(17.7723452983578,-0.140311646610893,17.7723452983578));
#2591=CARTESIAN_POINT('Ctrl Pts',(17.7723452983578,-0.140311646610893,0.));
#2592=CARTESIAN_POINT('Ctrl Pts',(17.7723452983578,-0.140311646610893,-17.7723452983578));
#2593=CARTESIAN_POINT('Ctrl Pts',(0.,-0.140311646610893,-17.7723452983578));
#2594=CARTESIAN_POINT('Ctrl Pts',(-17.7723452983578,-0.140311646610893,
-17.7723452983578));
#2595=CARTESIAN_POINT('Ctrl Pts',(-17.7723452983578,-0.140311646610893,
0.));
#2596=CARTESIAN_POINT('Ctrl Pts',(-17.5338169830174,0.242943846955426,0.));
#2597=CARTESIAN_POINT('Ctrl Pts',(-17.5338169830174,0.242943846955426,17.5338169830174));
#2598=CARTESIAN_POINT('Ctrl Pts',(0.,0.242943846955426,17.5338169830174));
#2599=CARTESIAN_POINT('Ctrl Pts',(17.5338169830174,0.242943846955426,17.5338169830174));
#2600=CARTESIAN_POINT('Ctrl Pts',(17.5338169830174,0.242943846955426,0.));
#2601=CARTESIAN_POINT('Ctrl Pts',(17.5338169830174,0.242943846955426,-17.5338169830174));
#2602=CARTESIAN_POINT('Ctrl Pts',(0.,0.242943846955426,-17.5338169830174));
#2603=CARTESIAN_POINT('Ctrl Pts',(-17.5338169830174,0.242943846955426,-17.5338169830174));
#2604=CARTESIAN_POINT('Ctrl Pts',(-17.5338169830174,0.242943846955426,0.));
#2605=CARTESIAN_POINT('Ctrl Pts',(-17.3953847432215,0.560027786109218,0.));
#2606=CARTESIAN_POINT('Ctrl Pts',(-17.3953847432215,0.560027786109218,17.3953847432215));
#2607=CARTESIAN_POINT('Ctrl Pts',(0.,0.560027786109218,17.3953847432215));
#2608=CARTESIAN_POINT('Ctrl Pts',(17.3953847432215,0.560027786109218,17.3953847432215));
#2609=CARTESIAN_POINT('Ctrl Pts',(17.3953847432215,0.560027786109218,0.));
#2610=CARTESIAN_POINT('Ctrl Pts',(17.3953847432215,0.560027786109218,-17.3953847432215));
#2611=CARTESIAN_POINT('Ctrl Pts',(0.,0.560027786109218,-17.3953847432215));
#2612=CARTESIAN_POINT('Ctrl Pts',(-17.3953847432215,0.560027786109218,-17.3953847432215));
#2613=CARTESIAN_POINT('Ctrl Pts',(-17.3953847432215,0.560027786109218,0.));
#2614=CARTESIAN_POINT('Ctrl Pts',(-17.3209505472517,0.784496083269802,0.));
#2615=CARTESIAN_POINT('Ctrl Pts',(-17.3209505472517,0.784496083269802,17.3209505472517));
#2616=CARTESIAN_POINT('Ctrl Pts',(0.,0.784496083269802,17.3209505472517));
#2617=CARTESIAN_POINT('Ctrl Pts',(17.3209505472517,0.784496083269802,17.3209505472517));
#2618=CARTESIAN_POINT('Ctrl Pts',(17.3209505472517,0.784496083269802,0.));
#2619=CARTESIAN_POINT('Ctrl Pts',(17.3209505472517,0.784496083269802,-17.3209505472517));
#2620=CARTESIAN_POINT('Ctrl Pts',(0.,0.784496083269802,-17.3209505472517));
#2621=CARTESIAN_POINT('Ctrl Pts',(-17.3209505472517,0.784496083269802,-17.3209505472517));
#2622=CARTESIAN_POINT('Ctrl Pts',(-17.3209505472517,0.784496083269802,0.));
#2623=CARTESIAN_POINT('Ctrl Pts',(-17.2881969529629,0.899999999999997,0.));
#2624=CARTESIAN_POINT('Ctrl Pts',(-17.2881969529629,0.899999999999997,17.2881969529629));
#2625=CARTESIAN_POINT('Ctrl Pts',(0.,0.899999999999997,17.2881969529629));
#2626=CARTESIAN_POINT('Ctrl Pts',(17.2881969529629,0.899999999999997,17.2881969529629));
#2627=CARTESIAN_POINT('Ctrl Pts',(17.2881969529629,0.899999999999997,0.));
#2628=CARTESIAN_POINT('Ctrl Pts',(17.2881969529629,0.899999999999997,-17.2881969529629));
#2629=CARTESIAN_POINT('Ctrl Pts',(0.,0.899999999999997,-17.2881969529629));
#2630=CARTESIAN_POINT('Ctrl Pts',(-17.2881969529629,0.899999999999997,-17.2881969529629));
#2631=CARTESIAN_POINT('Ctrl Pts',(-17.2881969529629,0.899999999999997,0.));
#2632=CARTESIAN_POINT('',(-24.010283215746,0.7,0.));
#2633=CARTESIAN_POINT('',(-17.2881969529629,0.899999999999997,0.));
#2634=CARTESIAN_POINT('Ctrl Pts',(-24.010283215746,0.7,0.));
#2635=CARTESIAN_POINT('Ctrl Pts',(-24.0004050524518,0.582603912299066,0.));
#2636=CARTESIAN_POINT('Ctrl Pts',(-23.9699958920392,0.355398858599577,0.));
#2637=CARTESIAN_POINT('Ctrl Pts',(-23.8924227495458,0.0373527642314307,
0.));
#2638=CARTESIAN_POINT('Ctrl Pts',(-23.7246161636182,-0.34085587717847,0.));
#2639=CARTESIAN_POINT('Ctrl Pts',(-23.4064355949845,-0.73511560180966,0.));
#2640=CARTESIAN_POINT('Ctrl Pts',(-22.9815458438601,-1.04815703816117,0.));
#2641=CARTESIAN_POINT('Ctrl Pts',(-22.4571501115746,-1.27730333583392,0.));
#2642=CARTESIAN_POINT('Ctrl Pts',(-21.8501500374773,-1.42107743415191,0.));
#2643=CARTESIAN_POINT('Ctrl Pts',(-21.1879897122286,-1.47968861749133,0.));
#2644=CARTESIAN_POINT('Ctrl Pts',(-20.5032985959214,-1.4541974129145,0.));
#2645=CARTESIAN_POINT('Ctrl Pts',(-19.8302948772289,-1.34626120186777,0.));
#2646=CARTESIAN_POINT('Ctrl Pts',(-19.200636882608,-1.15796450223944,0.));
#2647=CARTESIAN_POINT('Ctrl Pts',(-18.6395425194303,-0.891907936281642,
0.));
#2648=CARTESIAN_POINT('Ctrl Pts',(-18.1613020822675,-0.551521694845058,
0.));
#2649=CARTESIAN_POINT('Ctrl Pts',(-17.7723452983578,-0.140311646610893,
0.));
#2650=CARTESIAN_POINT('Ctrl Pts',(-17.5338169830174,0.242943846955426,0.));
#2651=CARTESIAN_POINT('Ctrl Pts',(-17.3953847432215,0.560027786109218,0.));
#2652=CARTESIAN_POINT('Ctrl Pts',(-17.3209505472517,0.784496083269802,0.));
#2653=CARTESIAN_POINT('Ctrl Pts',(-17.2881969529629,0.899999999999997,0.));
#2654=CARTESIAN_POINT('',(17.2881969529629,0.899999999999997,-2.11719350614751E-15));
#2655=CARTESIAN_POINT('Origin',(0.,0.899999999999997,0.));
#2656=CARTESIAN_POINT('Origin',(0.,0.899999999999997,0.));
#2657=CARTESIAN_POINT('',(24.010283215746,0.699999999999999,-2.94041164867848E-15));
#2658=CARTESIAN_POINT('Origin',(0.,0.7,0.));
#2659=CARTESIAN_POINT('Origin',(0.,0.7,0.));
#2660=CARTESIAN_POINT('Origin',(0.,2.9057745864388,0.));
#2661=CARTESIAN_POINT('',(10.1857473135133,5.11154917287759,-1.24739428444178E-15));
#2662=CARTESIAN_POINT('Origin',(0.,5.11154917287759,0.));
#2663=CARTESIAN_POINT('',(17.0980152646296,2.9057745864388,-2.09390296656013E-15));
#2664=CARTESIAN_POINT('Origin',(0.,4.13900632940307,0.));
#2665=CARTESIAN_POINT('',(10.1857473135133,3.16646348592855,-1.24739428444178E-15));
#2666=CARTESIAN_POINT('',(10.1857473135133,4.13900632940307,-1.24739428444178E-15));
#2667=CARTESIAN_POINT('Origin',(0.,3.16646348592855,0.));
#2668=CARTESIAN_POINT('Origin',(0.,2.03323174296427,0.));
#2669=CARTESIAN_POINT('',(13.7369721332381,2.03323174296427,-1.68229389529464E-15));
#2670=CARTESIAN_POINT('Origin',(-25.85,-1.53795434108278,0.));
#2671=CARTESIAN_POINT('',(25.85,-1.53795434108278,-3.16571197579591E-15));
#2672=CARTESIAN_POINT('Origin',(0.,-1.53795434108278,0.));
#2673=CARTESIAN_POINT('',(24.010283215746,-1.53795434108278,-2.94041164867848E-15));
#2674=CARTESIAN_POINT('Origin',(0.,-1.53795434108278,0.));
#2675=CARTESIAN_POINT('Origin',(0.,-0.41897717054139,0.));
#2676=CARTESIAN_POINT('',(-24.010283215746,0.7,0.));
#2677=CARTESIAN_POINT('',(24.010283215746,0.699999999999999,-2.94041164867848E-15));
#2678=CARTESIAN_POINT('Origin',(0.,0.7,0.));
#2679=CARTESIAN_POINT('',(24.010283215746,-0.41897717054139,-2.94041164867848E-15));
#2680=CARTESIAN_POINT('Origin',(0.,0.7,0.));
#2681=CARTESIAN_POINT('Origin',(-24.010283215746,0.7,0.));
#2682=CARTESIAN_POINT('',(25.85,0.7,-3.16571197579591E-15));
#2683=CARTESIAN_POINT('Origin',(0.,0.7,0.));
#2684=CARTESIAN_POINT('Origin',(0.,-0.418977170541389,0.));
#2685=CARTESIAN_POINT('',(25.85,-0.418977170541389,-3.16571197579591E-15));
#2686=CARTESIAN_POINT('Origin',(0.,4.13900632940307,0.));
#2687=CARTESIAN_POINT('',(10.1857473135133,5.11154917287759,-1.24739428444178E-15));
#2688=CARTESIAN_POINT('Origin',(0.,5.11154917287759,0.));
#2689=CARTESIAN_POINT('',(10.1857473135133,3.16646348592855,-1.24739428444178E-15));
#2690=CARTESIAN_POINT('',(10.1857473135133,4.13900632940307,-1.24739428444178E-15));
#2691=CARTESIAN_POINT('',(-10.1857473135133,3.16646348592855,0.));
#2692=CARTESIAN_POINT('Origin',(0.,3.16646348592855,0.));
#2693=CARTESIAN_POINT('Origin',(0.,3.16646348592855,0.));
#2694=CARTESIAN_POINT('Origin',(0.,5.11154917287759,0.));
#2695=CARTESIAN_POINT('',(0.,4.57313009276746,0.));
#2696=CARTESIAN_POINT('',(10.1857473135133,5.11154917287759,-1.24739428444178E-15));
#2697=CARTESIAN_POINT('Ctrl Pts',(-10.1857473135133,3.16646348592855,0.));
#2698=CARTESIAN_POINT('Ctrl Pts',(-10.1857473135133,3.16646348592855,10.1857473135133));
#2699=CARTESIAN_POINT('Ctrl Pts',(0.,3.16646348592855,10.1857473135133));
#2700=CARTESIAN_POINT('Ctrl Pts',(10.1857473135133,3.16646348592855,10.1857473135133));
#2701=CARTESIAN_POINT('Ctrl Pts',(10.1857473135133,3.16646348592855,0.));
#2702=CARTESIAN_POINT('Ctrl Pts',(10.1857473135133,3.16646348592855,-10.1857473135133));
#2703=CARTESIAN_POINT('Ctrl Pts',(0.,3.16646348592855,-10.1857473135133));
#2704=CARTESIAN_POINT('Ctrl Pts',(-10.1857473135133,3.16646348592855,-10.1857473135133));
#2705=CARTESIAN_POINT('Ctrl Pts',(-10.1857473135133,3.16646348592855,0.));
#2706=CARTESIAN_POINT('Ctrl Pts',(-10.0422645784615,3.12258109722115,0.));
#2707=CARTESIAN_POINT('Ctrl Pts',(-10.0422645784615,3.12258109722115,10.0422645784615));
#2708=CARTESIAN_POINT('Ctrl Pts',(0.,3.12258109722115,10.0422645784615));
#2709=CARTESIAN_POINT('Ctrl Pts',(10.0422645784615,3.12258109722115,10.0422645784615));
#2710=CARTESIAN_POINT('Ctrl Pts',(10.0422645784615,3.12258109722115,0.));
#2711=CARTESIAN_POINT('Ctrl Pts',(10.0422645784615,3.12258109722115,-10.0422645784615));
#2712=CARTESIAN_POINT('Ctrl Pts',(0.,3.12258109722115,-10.0422645784615));
#2713=CARTESIAN_POINT('Ctrl Pts',(-10.0422645784615,3.12258109722115,-10.0422645784615));
#2714=CARTESIAN_POINT('Ctrl Pts',(-10.0422645784615,3.12258109722115,0.));
#2715=CARTESIAN_POINT('Ctrl Pts',(-9.75419638839749,3.03633371811966,0.));
#2716=CARTESIAN_POINT('Ctrl Pts',(-9.75419638839749,3.03633371811966,9.75419638839749));
#2717=CARTESIAN_POINT('Ctrl Pts',(0.,3.03633371811966,9.75419638839749));
#2718=CARTESIAN_POINT('Ctrl Pts',(9.75419638839749,3.03633371811966,9.75419638839749));
#2719=CARTESIAN_POINT('Ctrl Pts',(9.75419638839749,3.03633371811966,0.));
#2720=CARTESIAN_POINT('Ctrl Pts',(9.75419638839749,3.03633371811966,-9.75419638839749));
#2721=CARTESIAN_POINT('Ctrl Pts',(0.,3.03633371811966,-9.75419638839749));
#2722=CARTESIAN_POINT('Ctrl Pts',(-9.75419638839749,3.03633371811966,-9.75419638839749));
#2723=CARTESIAN_POINT('Ctrl Pts',(-9.75419638839749,3.03633371811966,0.));
#2724=CARTESIAN_POINT('Ctrl Pts',(-9.31878609753387,2.91151484015697,0.));
#2725=CARTESIAN_POINT('Ctrl Pts',(-9.31878609753387,2.91151484015697,9.31878609753387));
#2726=CARTESIAN_POINT('Ctrl Pts',(0.,2.91151484015697,9.31878609753387));
#2727=CARTESIAN_POINT('Ctrl Pts',(9.31878609753387,2.91151484015697,9.31878609753387));
#2728=CARTESIAN_POINT('Ctrl Pts',(9.31878609753387,2.91151484015697,0.));
#2729=CARTESIAN_POINT('Ctrl Pts',(9.31878609753387,2.91151484015697,-9.31878609753387));
#2730=CARTESIAN_POINT('Ctrl Pts',(0.,2.91151484015697,-9.31878609753387));
#2731=CARTESIAN_POINT('Ctrl Pts',(-9.31878609753387,2.91151484015697,-9.31878609753387));
#2732=CARTESIAN_POINT('Ctrl Pts',(-9.31878609753387,2.91151484015697,0.));
#2733=CARTESIAN_POINT('Ctrl Pts',(-8.73157357348324,2.75426025715746,0.));
#2734=CARTESIAN_POINT('Ctrl Pts',(-8.73157357348323,2.75426025715746,8.73157357348323));
#2735=CARTESIAN_POINT('Ctrl Pts',(0.,2.75426025715746,8.73157357348324));
#2736=CARTESIAN_POINT('Ctrl Pts',(8.73157357348323,2.75426025715746,8.73157357348323));
#2737=CARTESIAN_POINT('Ctrl Pts',(8.73157357348324,2.75426025715746,0.));
#2738=CARTESIAN_POINT('Ctrl Pts',(8.73157357348323,2.75426025715746,-8.73157357348323));
#2739=CARTESIAN_POINT('Ctrl Pts',(0.,2.75426025715746,-8.73157357348324));
#2740=CARTESIAN_POINT('Ctrl Pts',(-8.73157357348323,2.75426025715746,-8.73157357348323));
#2741=CARTESIAN_POINT('Ctrl Pts',(-8.73157357348324,2.75426025715746,0.));
#2742=CARTESIAN_POINT('Ctrl Pts',(-7.9865712913414,2.57350854003736,0.));
#2743=CARTESIAN_POINT('Ctrl Pts',(-7.9865712913414,2.57350854003736,7.9865712913414));
#2744=CARTESIAN_POINT('Ctrl Pts',(0.,2.57350854003736,7.9865712913414));
#2745=CARTESIAN_POINT('Ctrl Pts',(7.9865712913414,2.57350854003736,7.9865712913414));
#2746=CARTESIAN_POINT('Ctrl Pts',(7.9865712913414,2.57350854003736,0.));
#2747=CARTESIAN_POINT('Ctrl Pts',(7.9865712913414,2.57350854003736,-7.9865712913414));
#2748=CARTESIAN_POINT('Ctrl Pts',(0.,2.57350854003736,-7.9865712913414));
#2749=CARTESIAN_POINT('Ctrl Pts',(-7.9865712913414,2.57350854003736,-7.9865712913414));
#2750=CARTESIAN_POINT('Ctrl Pts',(-7.9865712913414,2.57350854003736,0.));
#2751=CARTESIAN_POINT('Ctrl Pts',(-7.2314429748713,2.40947264787983,0.));
#2752=CARTESIAN_POINT('Ctrl Pts',(-7.2314429748713,2.40947264787983,7.2314429748713));
#2753=CARTESIAN_POINT('Ctrl Pts',(0.,2.40947264787983,7.2314429748713));
#2754=CARTESIAN_POINT('Ctrl Pts',(7.2314429748713,2.40947264787983,7.2314429748713));
#2755=CARTESIAN_POINT('Ctrl Pts',(7.2314429748713,2.40947264787983,0.));
#2756=CARTESIAN_POINT('Ctrl Pts',(7.2314429748713,2.40947264787983,-7.2314429748713));
#2757=CARTESIAN_POINT('Ctrl Pts',(0.,2.40947264787983,-7.2314429748713));
#2758=CARTESIAN_POINT('Ctrl Pts',(-7.2314429748713,2.40947264787983,-7.2314429748713));
#2759=CARTESIAN_POINT('Ctrl Pts',(-7.2314429748713,2.40947264787983,0.));
#2760=CARTESIAN_POINT('Ctrl Pts',(-6.46838535124267,2.26339885891464,0.));
#2761=CARTESIAN_POINT('Ctrl Pts',(-6.46838535124266,2.26339885891464,6.46838535124266));
#2762=CARTESIAN_POINT('Ctrl Pts',(0.,2.26339885891464,6.46838535124267));
#2763=CARTESIAN_POINT('Ctrl Pts',(6.46838535124266,2.26339885891464,6.46838535124266));
#2764=CARTESIAN_POINT('Ctrl Pts',(6.46838535124267,2.26339885891464,0.));
#2765=CARTESIAN_POINT('Ctrl Pts',(6.46838535124266,2.26339885891464,-6.46838535124266));
#2766=CARTESIAN_POINT('Ctrl Pts',(0.,2.26339885891464,-6.46838535124267));
#2767=CARTESIAN_POINT('Ctrl Pts',(-6.46838535124266,2.26339885891464,-6.46838535124266));
#2768=CARTESIAN_POINT('Ctrl Pts',(-6.46838535124267,2.26339885891464,0.));
#2769=CARTESIAN_POINT('Ctrl Pts',(-5.70144311740758,2.1368019175156,0.));
#2770=CARTESIAN_POINT('Ctrl Pts',(-5.70144311740758,2.1368019175156,5.70144311740758));
#2771=CARTESIAN_POINT('Ctrl Pts',(0.,2.1368019175156,5.70144311740758));
#2772=CARTESIAN_POINT('Ctrl Pts',(5.70144311740758,2.1368019175156,5.70144311740758));
#2773=CARTESIAN_POINT('Ctrl Pts',(5.70144311740758,2.1368019175156,0.));
#2774=CARTESIAN_POINT('Ctrl Pts',(5.70144311740758,2.1368019175156,-5.70144311740758));
#2775=CARTESIAN_POINT('Ctrl Pts',(0.,2.1368019175156,-5.70144311740758));
#2776=CARTESIAN_POINT('Ctrl Pts',(-5.70144311740758,2.1368019175156,-5.70144311740758));
#2777=CARTESIAN_POINT('Ctrl Pts',(-5.70144311740758,2.1368019175156,0.));
#2778=CARTESIAN_POINT('Ctrl Pts',(-4.93741984831774,2.03140728380168,0.));
#2779=CARTESIAN_POINT('Ctrl Pts',(-4.93741984831774,2.03140728380168,4.93741984831774));
#2780=CARTESIAN_POINT('Ctrl Pts',(0.,2.03140728380168,4.93741984831774));
#2781=CARTESIAN_POINT('Ctrl Pts',(4.93741984831774,2.03140728380168,4.93741984831774));
#2782=CARTESIAN_POINT('Ctrl Pts',(4.93741984831774,2.03140728380168,0.));
#2783=CARTESIAN_POINT('Ctrl Pts',(4.93741984831774,2.03140728380168,-4.93741984831774));
#2784=CARTESIAN_POINT('Ctrl Pts',(0.,2.03140728380168,-4.93741984831774));
#2785=CARTESIAN_POINT('Ctrl Pts',(-4.93741984831774,2.03140728380168,-4.93741984831774));
#2786=CARTESIAN_POINT('Ctrl Pts',(-4.93741984831774,2.03140728380168,0.));
#2787=CARTESIAN_POINT('Ctrl Pts',(-4.18553757502638,1.94882510656655,0.));
#2788=CARTESIAN_POINT('Ctrl Pts',(-4.18553757502638,1.94882510656655,4.18553757502638));
#2789=CARTESIAN_POINT('Ctrl Pts',(0.,1.94882510656655,4.18553757502638));
#2790=CARTESIAN_POINT('Ctrl Pts',(4.18553757502638,1.94882510656655,4.18553757502638));
#2791=CARTESIAN_POINT('Ctrl Pts',(4.18553757502638,1.94882510656655,0.));
#2792=CARTESIAN_POINT('Ctrl Pts',(4.18553757502638,1.94882510656655,-4.18553757502638));
#2793=CARTESIAN_POINT('Ctrl Pts',(0.,1.94882510656655,-4.18553757502638));
#2794=CARTESIAN_POINT('Ctrl Pts',(-4.18553757502638,1.94882510656655,-4.18553757502638));
#2795=CARTESIAN_POINT('Ctrl Pts',(-4.18553757502638,1.94882510656655,0.));
#2796=CARTESIAN_POINT('Ctrl Pts',(-3.45609228477597,1.89002032665825,0.));
#2797=CARTESIAN_POINT('Ctrl Pts',(-3.45609228477597,1.89002032665825,3.45609228477597));
#2798=CARTESIAN_POINT('Ctrl Pts',(0.,1.89002032665825,3.45609228477597));
#2799=CARTESIAN_POINT('Ctrl Pts',(3.45609228477597,1.89002032665825,3.45609228477597));
#2800=CARTESIAN_POINT('Ctrl Pts',(3.45609228477597,1.89002032665825,0.));
#2801=CARTESIAN_POINT('Ctrl Pts',(3.45609228477597,1.89002032665825,-3.45609228477597));
#2802=CARTESIAN_POINT('Ctrl Pts',(0.,1.89002032665825,-3.45609228477597));
#2803=CARTESIAN_POINT('Ctrl Pts',(-3.45609228477597,1.89002032665825,-3.45609228477597));
#2804=CARTESIAN_POINT('Ctrl Pts',(-3.45609228477597,1.89002032665825,0.));
#2805=CARTESIAN_POINT('Ctrl Pts',(-2.75935368562135,1.85470257334961,0.));
#2806=CARTESIAN_POINT('Ctrl Pts',(-2.75935368562135,1.85470257334961,2.75935368562135));
#2807=CARTESIAN_POINT('Ctrl Pts',(0.,1.85470257334961,2.75935368562135));
#2808=CARTESIAN_POINT('Ctrl Pts',(2.75935368562135,1.85470257334961,2.75935368562135));
#2809=CARTESIAN_POINT('Ctrl Pts',(2.75935368562135,1.85470257334961,0.));
#2810=CARTESIAN_POINT('Ctrl Pts',(2.75935368562135,1.85470257334961,-2.75935368562135));
#2811=CARTESIAN_POINT('Ctrl Pts',(0.,1.85470257334961,-2.75935368562135));
#2812=CARTESIAN_POINT('Ctrl Pts',(-2.75935368562135,1.85470257334961,-2.75935368562135));
#2813=CARTESIAN_POINT('Ctrl Pts',(-2.75935368562135,1.85470257334961,0.));
#2814=CARTESIAN_POINT('Ctrl Pts',(-2.10440994096408,1.84074940735882,0.));
#2815=CARTESIAN_POINT('Ctrl Pts',(-2.10440994096408,1.84074940735882,2.10440994096408));
#2816=CARTESIAN_POINT('Ctrl Pts',(0.,1.84074940735882,2.10440994096408));
#2817=CARTESIAN_POINT('Ctrl Pts',(2.10440994096408,1.84074940735882,2.10440994096408));
#2818=CARTESIAN_POINT('Ctrl Pts',(2.10440994096408,1.84074940735882,0.));
#2819=CARTESIAN_POINT('Ctrl Pts',(2.10440994096408,1.84074940735882,-2.10440994096408));
#2820=CARTESIAN_POINT('Ctrl Pts',(0.,1.84074940735882,-2.10440994096408));
#2821=CARTESIAN_POINT('Ctrl Pts',(-2.10440994096408,1.84074940735882,-2.10440994096408));
#2822=CARTESIAN_POINT('Ctrl Pts',(-2.10440994096408,1.84074940735882,0.));
#2823=CARTESIAN_POINT('Ctrl Pts',(-1.49765648700898,1.84320703364539,0.));
#2824=CARTESIAN_POINT('Ctrl Pts',(-1.49765648700898,1.84320703364539,1.49765648700898));
#2825=CARTESIAN_POINT('Ctrl Pts',(0.,1.84320703364539,1.49765648700898));
#2826=CARTESIAN_POINT('Ctrl Pts',(1.49765648700898,1.84320703364539,1.49765648700898));
#2827=CARTESIAN_POINT('Ctrl Pts',(1.49765648700898,1.84320703364539,0.));
#2828=CARTESIAN_POINT('Ctrl Pts',(1.49765648700898,1.84320703364539,-1.49765648700898));
#2829=CARTESIAN_POINT('Ctrl Pts',(0.,1.84320703364539,-1.49765648700898));
#2830=CARTESIAN_POINT('Ctrl Pts',(-1.49765648700898,1.84320703364539,-1.49765648700898));
#2831=CARTESIAN_POINT('Ctrl Pts',(-1.49765648700898,1.84320703364539,0.));
#2832=CARTESIAN_POINT('Ctrl Pts',(-0.942032356104209,1.85419894485546,0.));
#2833=CARTESIAN_POINT('Ctrl Pts',(-0.942032356104209,1.85419894485546,0.942032356104209));
#2834=CARTESIAN_POINT('Ctrl Pts',(0.,1.85419894485546,0.942032356104209));
#2835=CARTESIAN_POINT('Ctrl Pts',(0.942032356104209,1.85419894485546,0.942032356104209));
#2836=CARTESIAN_POINT('Ctrl Pts',(0.942032356104209,1.85419894485546,0.));
#2837=CARTESIAN_POINT('Ctrl Pts',(0.942032356104209,1.85419894485546,-0.942032356104209));
#2838=CARTESIAN_POINT('Ctrl Pts',(0.,1.85419894485546,-0.942032356104209));
#2839=CARTESIAN_POINT('Ctrl Pts',(-0.942032356104209,1.85419894485546,-0.942032356104209));
#2840=CARTESIAN_POINT('Ctrl Pts',(-0.942032356104209,1.85419894485546,0.));
#2841=CARTESIAN_POINT('Ctrl Pts',(-0.539228442550156,1.86318718861995,0.));
#2842=CARTESIAN_POINT('Ctrl Pts',(-0.539228442550156,1.86318718861995,0.539228442550156));
#2843=CARTESIAN_POINT('Ctrl Pts',(0.,1.86318718861995,0.539228442550156));
#2844=CARTESIAN_POINT('Ctrl Pts',(0.539228442550156,1.86318718861995,0.539228442550156));
#2845=CARTESIAN_POINT('Ctrl Pts',(0.539228442550156,1.86318718861995,0.));
#2846=CARTESIAN_POINT('Ctrl Pts',(0.539228442550156,1.86318718861995,-0.539228442550156));
#2847=CARTESIAN_POINT('Ctrl Pts',(0.,1.86318718861995,-0.539228442550156));
#2848=CARTESIAN_POINT('Ctrl Pts',(-0.539228442550156,1.86318718861995,-0.539228442550156));
#2849=CARTESIAN_POINT('Ctrl Pts',(-0.539228442550156,1.86318718861995,0.));
#2850=CARTESIAN_POINT('Ctrl Pts',(-0.260538932266258,1.86700463662637,0.));
#2851=CARTESIAN_POINT('Ctrl Pts',(-0.260538932266258,1.86700463662637,0.260538932266258));
#2852=CARTESIAN_POINT('Ctrl Pts',(0.,1.86700463662637,0.260538932266258));
#2853=CARTESIAN_POINT('Ctrl Pts',(0.260538932266258,1.86700463662637,0.260538932266258));
#2854=CARTESIAN_POINT('Ctrl Pts',(0.260538932266258,1.86700463662637,0.));
#2855=CARTESIAN_POINT('Ctrl Pts',(0.260538932266258,1.86700463662637,-0.260538932266258));
#2856=CARTESIAN_POINT('Ctrl Pts',(0.,1.86700463662637,-0.260538932266258));
#2857=CARTESIAN_POINT('Ctrl Pts',(-0.260538932266258,1.86700463662637,-0.260538932266258));
#2858=CARTESIAN_POINT('Ctrl Pts',(-0.260538932266258,1.86700463662637,0.));
#2859=CARTESIAN_POINT('Ctrl Pts',(-0.0851177136252902,1.86785309097416,
0.));
#2860=CARTESIAN_POINT('Ctrl Pts',(-0.0851177136252902,1.86785309097416,
0.0851177136252902));
#2861=CARTESIAN_POINT('Ctrl Pts',(0.,1.86785309097416,0.0851177136252902));
#2862=CARTESIAN_POINT('Ctrl Pts',(0.0851177136252902,1.86785309097416,0.0851177136252902));
#2863=CARTESIAN_POINT('Ctrl Pts',(0.0851177136252902,1.86785309097416,0.));
#2864=CARTESIAN_POINT('Ctrl Pts',(0.0851177136252902,1.86785309097416,-0.0851177136252902));
#2865=CARTESIAN_POINT('Ctrl Pts',(0.,1.86785309097416,-0.0851177136252902));
#2866=CARTESIAN_POINT('Ctrl Pts',(-0.0851177136252902,1.86785309097416,
-0.0851177136252902));
#2867=CARTESIAN_POINT('Ctrl Pts',(-0.0851177136252902,1.86785309097416,
0.));
#2868=CARTESIAN_POINT('Ctrl Pts',(0.,1.86785309097416,0.));
#2869=CARTESIAN_POINT('Ctrl Pts',(0.,1.86785309097416,0.));
#2870=CARTESIAN_POINT('Ctrl Pts',(0.,1.86785309097416,0.));
#2871=CARTESIAN_POINT('Ctrl Pts',(0.,1.86785309097416,0.));
#2872=CARTESIAN_POINT('Ctrl Pts',(0.,1.86785309097416,0.));
#2873=CARTESIAN_POINT('Ctrl Pts',(0.,1.86785309097416,0.));
#2874=CARTESIAN_POINT('Ctrl Pts',(0.,1.86785309097416,0.));
#2875=CARTESIAN_POINT('Ctrl Pts',(0.,1.86785309097416,0.));
#2876=CARTESIAN_POINT('Ctrl Pts',(0.,1.86785309097416,0.));
#2877=CARTESIAN_POINT('',(0.,1.86785309097416,0.));
#2878=CARTESIAN_POINT('Ctrl Pts',(-10.1857473135133,3.16646348592855,0.));
#2879=CARTESIAN_POINT('Ctrl Pts',(-10.0422645784615,3.12258109722115,0.));
#2880=CARTESIAN_POINT('Ctrl Pts',(-9.75419638839749,3.03633371811966,0.));
#2881=CARTESIAN_POINT('Ctrl Pts',(-9.31878609753387,2.91151484015697,0.));
#2882=CARTESIAN_POINT('Ctrl Pts',(-8.73157357348324,2.75426025715746,0.));
#2883=CARTESIAN_POINT('Ctrl Pts',(-7.9865712913414,2.57350854003736,0.));
#2884=CARTESIAN_POINT('Ctrl Pts',(-7.2314429748713,2.40947264787983,0.));
#2885=CARTESIAN_POINT('Ctrl Pts',(-6.46838535124267,2.26339885891464,0.));
#2886=CARTESIAN_POINT('Ctrl Pts',(-5.70144311740758,2.1368019175156,0.));
#2887=CARTESIAN_POINT('Ctrl Pts',(-4.93741984831774,2.03140728380168,0.));
#2888=CARTESIAN_POINT('Ctrl Pts',(-4.18553757502638,1.94882510656655,0.));
#2889=CARTESIAN_POINT('Ctrl Pts',(-3.45609228477597,1.89002032665825,0.));
#2890=CARTESIAN_POINT('Ctrl Pts',(-2.75935368562135,1.85470257334961,0.));
#2891=CARTESIAN_POINT('Ctrl Pts',(-2.10440994096408,1.84074940735882,0.));
#2892=CARTESIAN_POINT('Ctrl Pts',(-1.49765648700898,1.84320703364539,0.));
#2893=CARTESIAN_POINT('Ctrl Pts',(-0.942032356104209,1.85419894485546,0.));
#2894=CARTESIAN_POINT('Ctrl Pts',(-0.539228442550156,1.86318718861995,0.));
#2895=CARTESIAN_POINT('Ctrl Pts',(-0.260538932266258,1.86700463662637,0.));
#2896=CARTESIAN_POINT('Ctrl Pts',(-0.0851177136252902,1.86785309097416,
0.));
#2897=CARTESIAN_POINT('Ctrl Pts',(0.,1.86785309097416,0.));
#2898=CARTESIAN_POINT('',(0.,0.,0.));
#2899=CARTESIAN_POINT('',(-92.7,24.7862000546697,557.453987170471));
#2900=CARTESIAN_POINT('',(-9.71846812550378E-16,-184.467607643821,72.7003290403172));
#2901=UNCERTAINTY_MEASURE_WITH_UNIT(LENGTH_MEASURE(0.01),#2911,
'DISTANCE_ACCURACY_VALUE',
'Maximum model space distance between geometric entities at asserted c
onnectivities');
#2902=UNCERTAINTY_MEASURE_WITH_UNIT(LENGTH_MEASURE(0.01),#2911,
'DISTANCE_ACCURACY_VALUE',
'Maximum model space distance between geometric entities at asserted c
onnectivities');
#2903=UNCERTAINTY_MEASURE_WITH_UNIT(LENGTH_MEASURE(0.01),#2911,
'DISTANCE_ACCURACY_VALUE',
'Maximum model space distance between geometric entities at asserted c
onnectivities');
#2904=UNCERTAINTY_MEASURE_WITH_UNIT(LENGTH_MEASURE(0.01),#2911,
'DISTANCE_ACCURACY_VALUE',
'Maximum model space distance between geometric entities at asserted c
onnectivities');
#2905=UNCERTAINTY_MEASURE_WITH_UNIT(LENGTH_MEASURE(0.01),#2911,
'DISTANCE_ACCURACY_VALUE',
'Maximum model space distance between geometric entities at asserted c
onnectivities');
#2906=(
GEOMETRIC_REPRESENTATION_CONTEXT(3)
GLOBAL_UNCERTAINTY_ASSIGNED_CONTEXT((#2901))
GLOBAL_UNIT_ASSIGNED_CONTEXT((#2911,#2913,#2914))
REPRESENTATION_CONTEXT('','3D')
);
#2907=(
GEOMETRIC_REPRESENTATION_CONTEXT(3)
GLOBAL_UNCERTAINTY_ASSIGNED_CONTEXT((#2902))
GLOBAL_UNIT_ASSIGNED_CONTEXT((#2911,#2913,#2914))
REPRESENTATION_CONTEXT('','3D')
);
#2908=(
GEOMETRIC_REPRESENTATION_CONTEXT(3)
GLOBAL_UNCERTAINTY_ASSIGNED_CONTEXT((#2903))
GLOBAL_UNIT_ASSIGNED_CONTEXT((#2911,#2913,#2914))
REPRESENTATION_CONTEXT('','3D')
);
#2909=(
GEOMETRIC_REPRESENTATION_CONTEXT(3)
GLOBAL_UNCERTAINTY_ASSIGNED_CONTEXT((#2904))
GLOBAL_UNIT_ASSIGNED_CONTEXT((#2911,#2913,#2914))
REPRESENTATION_CONTEXT('','3D')
);
#2910=(
GEOMETRIC_REPRESENTATION_CONTEXT(3)
GLOBAL_UNCERTAINTY_ASSIGNED_CONTEXT((#2905))
GLOBAL_UNIT_ASSIGNED_CONTEXT((#2911,#2913,#2914))
REPRESENTATION_CONTEXT('','3D')
);
#2911=(
LENGTH_UNIT()
NAMED_UNIT(*)
SI_UNIT(.MILLI.,.METRE.)
);
#2912=(
LENGTH_UNIT()
NAMED_UNIT(*)
SI_UNIT($,.METRE.)
);
#2913=(
NAMED_UNIT(*)
PLANE_ANGLE_UNIT()
SI_UNIT($,.RADIAN.)
);
#2914=(
NAMED_UNIT(*)
SI_UNIT($,.STERADIAN.)
SOLID_ANGLE_UNIT()
);
#2915=SHAPE_DEFINITION_REPRESENTATION(#2919,#2926);
#2916=SHAPE_DEFINITION_REPRESENTATION(#2920,#2927);
#2917=SHAPE_DEFINITION_REPRESENTATION(#2921,#2928);
#2918=SHAPE_DEFINITION_REPRESENTATION(#2922,#2929);
#2919=PRODUCT_DEFINITION_SHAPE('',$,#2931);
#2920=PRODUCT_DEFINITION_SHAPE('',$,#2932);
#2921=PRODUCT_DEFINITION_SHAPE('',$,#2933);
#2922=PRODUCT_DEFINITION_SHAPE('',$,#2934);
#2923=PRODUCT_DEFINITION_SHAPE($,$,#22);
#2924=PRODUCT_DEFINITION_SHAPE($,$,#23);
#2925=PRODUCT_DEFINITION_SHAPE($,$,#24);
#2926=SHAPE_REPRESENTATION('',(#1295,#1457),#2906);
#2927=SHAPE_REPRESENTATION('',(#1296,#1456),#2907);
#2928=SHAPE_REPRESENTATION('',(#1297,#1455),#2908);
#2929=SHAPE_REPRESENTATION('',(#1298),#2909);
#2930=PRODUCT_DEFINITION_CONTEXT('part definition',#2944,'design');
#2931=PRODUCT_DEFINITION('Redesigned Body','Redesigned Body v15',#2935,
#2930);
#2932=PRODUCT_DEFINITION('pepper v30','pepper v30',#2936,#2930);
#2933=PRODUCT_DEFINITION('Speaker v16','Speaker v16',#2937,#2930);
#2934=PRODUCT_DEFINITION('Updatined Casing','Updatined Casing',#2938,#2930);
#2935=PRODUCT_DEFINITION_FORMATION('',$,#2946);
#2936=PRODUCT_DEFINITION_FORMATION('',$,#2947);
#2937=PRODUCT_DEFINITION_FORMATION('',$,#2948);
#2938=PRODUCT_DEFINITION_FORMATION('',$,#2949);
#2939=PRODUCT_RELATED_PRODUCT_CATEGORY('Redesigned Body v15',
'Redesigned Body v15',(#2946));
#2940=PRODUCT_RELATED_PRODUCT_CATEGORY('pepper v30','pepper v30',(#2947));
#2941=PRODUCT_RELATED_PRODUCT_CATEGORY('Speaker v16','Speaker v16',(#2948));
#2942=PRODUCT_RELATED_PRODUCT_CATEGORY('Updatined Casing',
'Updatined Casing',(#2949));
#2943=APPLICATION_PROTOCOL_DEFINITION('international standard',
'automotive_design',2009,#2944);
#2944=APPLICATION_CONTEXT(
'Core Data for Automotive Mechanical Design Process');
#2945=PRODUCT_CONTEXT('part definition',#2944,'mechanical');
#2946=PRODUCT('Redesigned Body','Redesigned Body v15',$,(#2945));
#2947=PRODUCT('pepper v30','pepper v30',$,(#2945));
#2948=PRODUCT('Speaker v16','Speaker v16',$,(#2945));
#2949=PRODUCT('Updatined Casing','Updatined Casing',$,(#2945));
#2950=PRESENTATION_STYLE_ASSIGNMENT((#2978));
#2951=PRESENTATION_STYLE_ASSIGNMENT((#2979));
#2952=PRESENTATION_STYLE_ASSIGNMENT((#2980));
#2953=PRESENTATION_STYLE_ASSIGNMENT((#2981));
#2954=PRESENTATION_STYLE_ASSIGNMENT((#2982));
#2955=PRESENTATION_STYLE_ASSIGNMENT((#2983));
#2956=PRESENTATION_STYLE_ASSIGNMENT((#2984));
#2957=PRESENTATION_STYLE_ASSIGNMENT((#2985));
#2958=PRESENTATION_STYLE_ASSIGNMENT((#2986));
#2959=PRESENTATION_STYLE_ASSIGNMENT((#2987));
#2960=PRESENTATION_STYLE_ASSIGNMENT((#2988));
#2961=PRESENTATION_STYLE_ASSIGNMENT((#2989));
#2962=PRESENTATION_STYLE_ASSIGNMENT((#2990));
#2963=PRESENTATION_STYLE_ASSIGNMENT((#2991));
#2964=PRESENTATION_STYLE_ASSIGNMENT((#2992));
#2965=PRESENTATION_STYLE_ASSIGNMENT((#2993));
#2966=PRESENTATION_STYLE_ASSIGNMENT((#2994));
#2967=PRESENTATION_STYLE_ASSIGNMENT((#2995));
#2968=PRESENTATION_STYLE_ASSIGNMENT((#2996));
#2969=PRESENTATION_STYLE_ASSIGNMENT((#2997));
#2970=PRESENTATION_STYLE_ASSIGNMENT((#2998));
#2971=PRESENTATION_STYLE_ASSIGNMENT((#2999));
#2972=PRESENTATION_STYLE_ASSIGNMENT((#3000));
#2973=PRESENTATION_STYLE_ASSIGNMENT((#3001));
#2974=PRESENTATION_STYLE_ASSIGNMENT((#3002));
#2975=PRESENTATION_STYLE_ASSIGNMENT((#3003));
#2976=PRESENTATION_STYLE_ASSIGNMENT((#3004));
#2977=PRESENTATION_STYLE_ASSIGNMENT((#3005));
#2978=SURFACE_STYLE_USAGE(.BOTH.,#3006);
#2979=SURFACE_STYLE_USAGE(.BOTH.,#3007);
#2980=SURFACE_STYLE_USAGE(.BOTH.,#3008);
#2981=SURFACE_STYLE_USAGE(.BOTH.,#3009);
#2982=SURFACE_STYLE_USAGE(.BOTH.,#3010);
#2983=SURFACE_STYLE_USAGE(.BOTH.,#3011);
#2984=SURFACE_STYLE_USAGE(.BOTH.,#3012);
#2985=SURFACE_STYLE_USAGE(.BOTH.,#3013);
#2986=SURFACE_STYLE_USAGE(.BOTH.,#3014);
#2987=SURFACE_STYLE_USAGE(.BOTH.,#3015);
#2988=SURFACE_STYLE_USAGE(.BOTH.,#3016);
#2989=SURFACE_STYLE_USAGE(.BOTH.,#3017);
#2990=SURFACE_STYLE_USAGE(.BOTH.,#3018);
#2991=SURFACE_STYLE_USAGE(.BOTH.,#3019);
#2992=SURFACE_STYLE_USAGE(.BOTH.,#3020);
#2993=SURFACE_STYLE_USAGE(.BOTH.,#3021);
#2994=SURFACE_STYLE_USAGE(.BOTH.,#3022);
#2995=SURFACE_STYLE_USAGE(.BOTH.,#3023);
#2996=SURFACE_STYLE_USAGE(.BOTH.,#3024);
#2997=SURFACE_STYLE_USAGE(.BOTH.,#3025);
#2998=SURFACE_STYLE_USAGE(.BOTH.,#3026);
#2999=SURFACE_STYLE_USAGE(.BOTH.,#3027);
#3000=SURFACE_STYLE_USAGE(.BOTH.,#3028);
#3001=SURFACE_STYLE_USAGE(.BOTH.,#3029);
#3002=SURFACE_STYLE_USAGE(.BOTH.,#3030);
#3003=SURFACE_STYLE_USAGE(.BOTH.,#3031);
#3004=SURFACE_STYLE_USAGE(.BOTH.,#3032);
#3005=SURFACE_STYLE_USAGE(.BOTH.,#3033);
#3006=SURFACE_SIDE_STYLE('',(#3034));
#3007=SURFACE_SIDE_STYLE('',(#3035));
#3008=SURFACE_SIDE_STYLE('',(#3036));
#3009=SURFACE_SIDE_STYLE('',(#3037));
#3010=SURFACE_SIDE_STYLE('',(#3038));
#3011=SURFACE_SIDE_STYLE('',(#3039));
#3012=SURFACE_SIDE_STYLE('',(#3040));
#3013=SURFACE_SIDE_STYLE('',(#3041));
#3014=SURFACE_SIDE_STYLE('',(#3042));
#3015=SURFACE_SIDE_STYLE('',(#3043));
#3016=SURFACE_SIDE_STYLE('',(#3044));
#3017=SURFACE_SIDE_STYLE('',(#3045));
#3018=SURFACE_SIDE_STYLE('',(#3046));
#3019=SURFACE_SIDE_STYLE('',(#3047));
#3020=SURFACE_SIDE_STYLE('',(#3048));
#3021=SURFACE_SIDE_STYLE('',(#3049));
#3022=SURFACE_SIDE_STYLE('',(#3050));
#3023=SURFACE_SIDE_STYLE('',(#3051));
#3024=SURFACE_SIDE_STYLE('',(#3052));
#3025=SURFACE_SIDE_STYLE('',(#3053));
#3026=SURFACE_SIDE_STYLE('',(#3054));
#3027=SURFACE_SIDE_STYLE('',(#3055));
#3028=SURFACE_SIDE_STYLE('',(#3056));
#3029=SURFACE_SIDE_STYLE('',(#3057));
#3030=SURFACE_SIDE_STYLE('',(#3058));
#3031=SURFACE_SIDE_STYLE('',(#3059));
#3032=SURFACE_SIDE_STYLE('',(#3060));
#3033=SURFACE_SIDE_STYLE('',(#3061));
#3034=SURFACE_STYLE_FILL_AREA(#3062);
#3035=SURFACE_STYLE_FILL_AREA(#3063);
#3036=SURFACE_STYLE_FILL_AREA(#3064);
#3037=SURFACE_STYLE_FILL_AREA(#3065);
#3038=SURFACE_STYLE_FILL_AREA(#3066);
#3039=SURFACE_STYLE_FILL_AREA(#3067);
#3040=SURFACE_STYLE_FILL_AREA(#3068);
#3041=SURFACE_STYLE_FILL_AREA(#3069);
#3042=SURFACE_STYLE_FILL_AREA(#3070);
#3043=SURFACE_STYLE_FILL_AREA(#3071);
#3044=SURFACE_STYLE_FILL_AREA(#3072);
#3045=SURFACE_STYLE_FILL_AREA(#3073);
#3046=SURFACE_STYLE_FILL_AREA(#3074);
#3047=SURFACE_STYLE_FILL_AREA(#3075);
#3048=SURFACE_STYLE_FILL_AREA(#3076);
#3049=SURFACE_STYLE_FILL_AREA(#3077);
#3050=SURFACE_STYLE_FILL_AREA(#3078);
#3051=SURFACE_STYLE_FILL_AREA(#3079);
#3052=SURFACE_STYLE_FILL_AREA(#3080);
#3053=SURFACE_STYLE_FILL_AREA(#3081);
#3054=SURFACE_STYLE_FILL_AREA(#3082);
#3055=SURFACE_STYLE_FILL_AREA(#3083);
#3056=SURFACE_STYLE_FILL_AREA(#3084);
#3057=SURFACE_STYLE_FILL_AREA(#3085);
#3058=SURFACE_STYLE_FILL_AREA(#3086);
#3059=SURFACE_STYLE_FILL_AREA(#3087);
#3060=SURFACE_STYLE_FILL_AREA(#3088);
#3061=SURFACE_STYLE_FILL_AREA(#3089);
#3062=FILL_AREA_STYLE('Opaque(245,245,245)',(#3090));
#3063=FILL_AREA_STYLE('Glass - Frosted',(#3091));
#3064=FILL_AREA_STYLE('Aluminum - Anodized Rough (Grey)',(#3092));
#3065=FILL_AREA_STYLE('Opaque(0,102,153)',(#3093));
#3066=FILL_AREA_STYLE('Opaque(152,170,175)',(#3094));
#3067=FILL_AREA_STYLE('Opaque(204,204,204)',(#3095));
#3068=FILL_AREA_STYLE('Aluminum - Anodized Rough (Grey) (1)',(#3096));
#3069=FILL_AREA_STYLE('Aluminum - Anodized Glossy (Grey)',(#3097));
#3070=FILL_AREA_STYLE('Aluminum - Anodized Rough (Grey)',(#3098));
#3071=FILL_AREA_STYLE('Glass - Heavy Color',(#3099));
#3072=FILL_AREA_STYLE('ABS (White)',(#3100));
#3073=FILL_AREA_STYLE('Aluminum - Brushed Linear (1)',(#3101));
#3074=FILL_AREA_STYLE('Aluminum - Brushed Linear',(#3102));
#3075=FILL_AREA_STYLE('Brass - Polished',(#3103));
#3076=FILL_AREA_STYLE(
'PA 12 - Nylon - PA 603-CF (with EOS P 3D Printers)',(#3104));
#3077=FILL_AREA_STYLE('Steel - Satin',(#3105));
#3078=FILL_AREA_STYLE('Aluminum - Anodized Glossy (Grey)',(#3106));
#3079=FILL_AREA_STYLE('Aluminum - Anodized Rough (Blue)',(#3107));
#3080=FILL_AREA_STYLE('Aluminum - Anodized Glossy (Grey) (1)',(#3108));
#3081=FILL_AREA_STYLE('Aluminum - Anodized Glossy (Grey)',(#3109));
#3082=FILL_AREA_STYLE('Aluminum - Anodized Rough (Grey)',(#3110));
#3083=FILL_AREA_STYLE('ABS (White)',(#3111));
#3084=FILL_AREA_STYLE('Steel - Galvanized (Small)',(#3112));
#3085=FILL_AREA_STYLE('Coating - Black Oxide',(#3113));
#3086=FILL_AREA_STYLE('Stainless Steel - Brushed Linear Long',(#3114));
#3087=FILL_AREA_STYLE('Rubber - Weathered',(#3115));
#3088=FILL_AREA_STYLE('Rubber - Weathered (1)',(#3116));
#3089=FILL_AREA_STYLE('Plastic - Glossy (Yellow)',(#3117));
#3090=FILL_AREA_STYLE_COLOUR('Opaque(245,245,245)',#3118);
#3091=FILL_AREA_STYLE_COLOUR('Glass - Frosted',#3119);
#3092=FILL_AREA_STYLE_COLOUR('Aluminum - Anodized Rough (Grey)',#3120);
#3093=FILL_AREA_STYLE_COLOUR('Opaque(0,102,153)',#3121);
#3094=FILL_AREA_STYLE_COLOUR('Opaque(152,170,175)',#3122);
#3095=FILL_AREA_STYLE_COLOUR('Opaque(204,204,204)',#3123);
#3096=FILL_AREA_STYLE_COLOUR('Aluminum - Anodized Rough (Grey) (1)',#3124);
#3097=FILL_AREA_STYLE_COLOUR('Aluminum - Anodized Glossy (Grey)',#3125);
#3098=FILL_AREA_STYLE_COLOUR('Aluminum - Anodized Rough (Grey)',#3126);
#3099=FILL_AREA_STYLE_COLOUR('Glass - Heavy Color',#3127);
#3100=FILL_AREA_STYLE_COLOUR('ABS (White)',#3128);
#3101=FILL_AREA_STYLE_COLOUR('Aluminum - Brushed Linear (1)',#3129);
#3102=FILL_AREA_STYLE_COLOUR('Aluminum - Brushed Linear',#3130);
#3103=FILL_AREA_STYLE_COLOUR('Brass - Polished',#3131);
#3104=FILL_AREA_STYLE_COLOUR(
'PA 12 - Nylon - PA 603-CF (with EOS P 3D Printers)',#3132);
#3105=FILL_AREA_STYLE_COLOUR('Steel - Satin',#3133);
#3106=FILL_AREA_STYLE_COLOUR('Aluminum - Anodized Glossy (Grey)',#3134);
#3107=FILL_AREA_STYLE_COLOUR('Aluminum - Anodized Rough (Blue)',#3135);
#3108=FILL_AREA_STYLE_COLOUR('Aluminum - Anodized Glossy (Grey) (1)',#3136);
#3109=FILL_AREA_STYLE_COLOUR('Aluminum - Anodized Glossy (Grey)',#3137);
#3110=FILL_AREA_STYLE_COLOUR('Aluminum - Anodized Rough (Grey)',#3138);
#3111=FILL_AREA_STYLE_COLOUR('ABS (White)',#3139);
#3112=FILL_AREA_STYLE_COLOUR('Steel - Galvanized (Small)',#3140);
#3113=FILL_AREA_STYLE_COLOUR('Coating - Black Oxide',#3141);
#3114=FILL_AREA_STYLE_COLOUR('Stainless Steel - Brushed Linear Long',#3142);
#3115=FILL_AREA_STYLE_COLOUR('Rubber - Weathered',#3143);
#3116=FILL_AREA_STYLE_COLOUR('Rubber - Weathered (1)',#3144);
#3117=FILL_AREA_STYLE_COLOUR('Plastic - Glossy (Yellow)',#3145);
#3118=COLOUR_RGB('Opaque(245,245,245)',0.96078431372549,0.96078431372549,
0.96078431372549);
#3119=COLOUR_RGB('Glass - Frosted',0.964705882352941,0.964705882352941,
0.952941176470588);
#3120=COLOUR_RGB('Aluminum - Anodized Rough (Grey)',0.494117647058824,0.494117647058824,
0.494117647058824);
#3121=COLOUR_RGB('Opaque(0,102,153)',0.,0.4,0.6);
#3122=COLOUR_RGB('Opaque(152,170,175)',0.596078431372549,0.666666666666667,
0.686274509803922);
#3123=COLOUR_RGB('Opaque(204,204,204)',0.8,0.8,0.8);
#3124=COLOUR_RGB('Aluminum - Anodized Rough (Grey) (1)',0.364705882352941,
0.364705882352941,0.364705882352941);
#3125=COLOUR_RGB('Aluminum - Anodized Glossy (Grey)',0.466666666666667,
0.450980392156863,0.450980392156863);
#3126=COLOUR_RGB('Aluminum - Anodized Rough (Grey)',0.537254901960784,0.537254901960784,
0.537254901960784);
#3127=COLOUR_RGB('Glass - Heavy Color',0.0980392156862745,0.0980392156862745,
0.0980392156862745);
#3128=COLOUR_RGB('ABS (White)',0.964705882352941,0.964705882352941,0.952941176470588);
#3129=COLOUR_RGB('Aluminum - Brushed Linear (1)',0.87843137254902,0.6,0.301960784313725);
#3130=COLOUR_RGB('Aluminum - Brushed Linear',0.172549019607843,0.172549019607843,
0.172549019607843);
#3131=COLOUR_RGB('Brass - Polished',0.952941176470588,0.796078431372549,
0.486274509803922);
#3132=COLOUR_RGB('PA 12 - Nylon - PA 603-CF (with EOS P 3D Printers)',0.247058823529412,
0.247058823529412,0.247058823529412);
#3133=COLOUR_RGB('Steel - Satin',0.627450980392157,0.627450980392157,0.627450980392157);
#3134=COLOUR_RGB('Aluminum - Anodized Glossy (Grey)',0.301960784313725,
0.294117647058824,0.294117647058824);
#3135=COLOUR_RGB('Aluminum - Anodized Rough (Blue)',0.349019607843137,0.584313725490196,
0.854901960784314);
#3136=COLOUR_RGB('Aluminum - Anodized Glossy (Grey) (1)',0.301960784313725,
0.294117647058824,0.294117647058824);
#3137=COLOUR_RGB('Aluminum - Anodized Glossy (Grey)',0.317647058823529,
0.313725490196078,0.313725490196078);
#3138=COLOUR_RGB('Aluminum - Anodized Rough (Grey)',0.513725490196078,0.509803921568627,
0.509803921568627);
#3139=COLOUR_RGB('ABS (White)',0.776470588235294,0.776470588235294,0.776470588235294);
#3140=COLOUR_RGB('Steel - Galvanized (Small)',0.,0.,0.);
#3141=COLOUR_RGB('Coating - Black Oxide',0.172549019607843,0.172549019607843,
0.172549019607843);
#3142=COLOUR_RGB('Stainless Steel - Brushed Linear Long',0.796078431372549,
0.796078431372549,0.796078431372549);
#3143=COLOUR_RGB('Rubber - Weathered',0.152941176470588,0.152941176470588,
0.152941176470588);
#3144=COLOUR_RGB('Rubber - Weathered (1)',0.988235294117647,0.988235294117647,
0.988235294117647);
#3145=COLOUR_RGB('Plastic - Glossy (Yellow)',0.,0.,0.);
ENDSEC;
END-ISO-10303-21;
