// Generated by asset_tool.py from assets/eye_assets.json.
// Do not edit this file; edit/import the native 240x240 sprites instead.
#pragma once

#include <cstddef>
#include <cstdint>

namespace eye_assets {

constexpr uint16_t kWidth = 240;
constexpr uint16_t kHeight = 240;
constexpr uint8_t kAnimationCount = 31;
constexpr uint8_t kPlaybackLoop = 0;
constexpr uint8_t kPlaybackPingPong = 1;

struct Frame {
    uint32_t offset;
    uint32_t length;
};

struct FramePair {
    uint16_t left;
    uint16_t right;
};

struct Animation {
    uint16_t firstFramePair;
    uint8_t frameCount;
    uint16_t frameMs;
    uint8_t playback;
};

constexpr uint8_t kPalette[][3] = {
    {0, 0, 0},
    {255, 246, 166},
    {140, 134, 90},
    {255, 255, 245},
    {60, 210, 255},
    {55, 115, 255},
    {80, 255, 110},
    {255, 70, 45},
    {125, 12, 10},
    {255, 55, 145},
    {255, 175, 30},
    {80, 155, 255},
    {185, 195, 195},
    {220, 240, 255},
    {185, 90, 255},
    {255, 190, 40},
};

constexpr Frame kFrames[] = {
    {0u, 896u},
    {896u, 896u},
    {1792u, 896u},
    {2688u, 896u},
    {3584u, 896u},
    {4480u, 896u},
    {5376u, 896u},
    {6272u, 896u},
    {7168u, 546u},
    {7714u, 704u},
    {8418u, 716u},
    {9134u, 732u},
    {9866u, 962u},
    {10828u, 972u},
    {11800u, 966u},
    {12766u, 954u},
    {13720u, 954u},
    {14674u, 1084u},
    {15758u, 986u},
    {16744u, 1056u},
    {17800u, 1130u},
    {18930u, 2320u},
    {21250u, 2320u},
    {23570u, 620u},
    {24190u, 600u},
    {24790u, 586u},
    {25376u, 620u},
    {25996u, 600u},
    {26596u, 586u},
    {27182u, 1084u},
    {28266u, 1068u},
    {29334u, 1084u},
    {30418u, 1016u},
    {31434u, 816u},
    {32250u, 536u},
    {32786u, 896u},
    {33682u, 1084u},
    {34766u, 1080u},
    {35846u, 1080u},
    {36926u, 1108u},
    {38034u, 1078u},
    {39112u, 1080u},
    {40192u, 1080u},
    {41272u, 1108u},
    {42380u, 1078u},
    {43458u, 616u},
    {44074u, 614u},
    {44688u, 1120u},
    {45808u, 1100u},
    {46908u, 614u},
    {47522u, 614u},
    {48136u, 1100u},
    {49236u, 1120u},
    {50356u, 614u},
    {50970u, 616u},
    {51586u, 1120u},
    {52706u, 1120u},
    {53826u, 904u},
    {54730u, 892u},
    {55622u, 886u},
    {56508u, 876u},
    {57384u, 860u},
    {58244u, 856u},
    {59100u, 856u},
    {59956u, 856u},
    {60812u, 1084u},
    {61896u, 826u},
    {62722u, 836u},
    {63558u, 844u},
    {64402u, 856u},
    {65258u, 980u},
    {66238u, 1118u},
    {67356u, 1082u},
    {68438u, 1072u},
    {69510u, 1070u},
    {70580u, 1086u},
    {71666u, 884u},
    {72550u, 924u},
    {73474u, 852u},
    {74326u, 970u},
    {75296u, 970u},
    {76266u, 970u},
    {77236u, 970u},
    {78206u, 968u},
    {79174u, 968u},
    {80142u, 970u},
    {81112u, 970u},
    {82082u, 986u},
    {83068u, 994u},
    {84062u, 956u},
    {85018u, 976u},
    {85994u, 768u},
    {86762u, 768u},
    {87530u, 768u},
    {88298u, 768u},
    {89066u, 768u},
    {89834u, 768u},
    {90602u, 1036u},
    {91638u, 1044u},
    {92682u, 1028u},
    {93710u, 1028u},
    {94738u, 1044u},
    {95782u, 1028u},
    {96810u, 1028u},
    {97838u, 1044u},
    {98882u, 1020u},
    {99902u, 1036u},
    {100938u, 1036u},
    {101974u, 1028u},
    {103002u, 1028u},
    {104030u, 1028u},
    {105058u, 1028u},
    {106086u, 1020u},
    {107106u, 1036u},
    {108142u, 1036u},
    {109178u, 1028u},
    {110206u, 686u},
    {110892u, 710u},
    {111602u, 872u},
    {112474u, 872u},
    {113346u, 900u},
    {114246u, 870u},
    {115116u, 872u},
    {115988u, 872u},
    {116860u, 900u},
    {117760u, 870u},
    {118630u, 872u},
    {119502u, 872u},
    {120374u, 900u},
    {121274u, 870u},
    {122144u, 872u},
    {123016u, 872u},
    {123888u, 900u},
    {124788u, 870u},
    {125658u, 1084u},
    {126742u, 1052u},
    {127794u, 1036u},
    {128830u, 1036u},
    {129866u, 1036u},
    {130902u, 1036u},
    {131938u, 1036u},
    {132974u, 1036u},
    {134010u, 1036u},
    {135046u, 1036u},
    {136082u, 1052u},
};

constexpr FramePair kFramePairs[] = {
    {29u, 29u},
    {30u, 30u},
    {31u, 31u},
    {30u, 30u},
    {32u, 32u},
    {33u, 33u},
    {34u, 34u},
    {35u, 35u},
    {37u, 37u},
    {38u, 38u},
    {39u, 39u},
    {40u, 40u},
    {41u, 41u},
    {42u, 42u},
    {43u, 43u},
    {44u, 44u},
    {102u, 102u},
    {103u, 103u},
    {104u, 104u},
    {105u, 105u},
    {106u, 106u},
    {107u, 107u},
    {108u, 108u},
    {109u, 109u},
    {102u, 102u},
    {97u, 97u},
    {98u, 98u},
    {99u, 99u},
    {100u, 100u},
    {101u, 101u},
    {110u, 110u},
    {111u, 111u},
    {104u, 104u},
    {112u, 112u},
    {113u, 113u},
    {114u, 114u},
    {108u, 108u},
    {115u, 115u},
    {76u, 76u},
    {77u, 77u},
    {77u, 77u},
    {76u, 76u},
    {78u, 78u},
    {78u, 78u},
    {23u, 26u},
    {24u, 27u},
    {25u, 28u},
    {24u, 27u},
    {23u, 26u},
    {0u, 4u},
    {1u, 5u},
    {2u, 6u},
    {3u, 7u},
    {21u, 21u},
    {22u, 22u},
    {8u, 8u},
    {118u, 126u},
    {119u, 127u},
    {120u, 128u},
    {121u, 129u},
    {122u, 130u},
    {123u, 131u},
    {124u, 132u},
    {125u, 133u},
    {36u, 36u},
    {65u, 65u},
    {134u, 134u},
    {17u, 17u},
    {29u, 29u},
    {29u, 29u},
    {66u, 70u},
    {67u, 70u},
    {68u, 70u},
    {69u, 70u},
    {91u, 94u},
    {92u, 95u},
    {91u, 94u},
    {93u, 96u},
    {116u, 116u},
    {117u, 117u},
    {89u, 89u},
    {90u, 90u},
    {11u, 11u},
    {18u, 18u},
    {19u, 19u},
    {20u, 20u},
    {135u, 135u},
    {136u, 136u},
    {137u, 137u},
    {138u, 138u},
    {139u, 139u},
    {140u, 140u},
    {141u, 141u},
    {142u, 142u},
    {143u, 143u},
    {144u, 144u},
    {45u, 51u},
    {46u, 52u},
    {47u, 53u},
    {48u, 54u},
    {49u, 55u},
    {50u, 56u},
    {9u, 9u},
    {10u, 10u},
    {87u, 87u},
    {88u, 88u},
    {57u, 57u},
    {58u, 58u},
    {59u, 59u},
    {60u, 60u},
    {61u, 61u},
    {62u, 62u},
    {63u, 63u},
    {64u, 64u},
    {12u, 12u},
    {13u, 13u},
    {14u, 14u},
    {15u, 15u},
    {16u, 16u},
    {79u, 83u},
    {80u, 84u},
    {81u, 85u},
    {82u, 86u},
    {79u, 83u},
    {80u, 84u},
    {81u, 85u},
    {82u, 86u},
    {71u, 71u},
    {72u, 72u},
    {73u, 73u},
    {74u, 74u},
    {75u, 75u},
    {71u, 71u},
};

constexpr Animation kAnimations[] = {
    {0u, 8u, 120u, 0u},
    {8u, 8u, 192u, 0u},
    {16u, 8u, 160u, 0u},
    {24u, 6u, 110u, 0u},
    {30u, 8u, 320u, 0u},
    {38u, 6u, 110u, 0u},
    {44u, 5u, 150u, 1u},
    {49u, 4u, 180u, 0u},
    {53u, 2u, 1024u, 0u},
    {55u, 1u, 1000u, 0u},
    {56u, 8u, 192u, 0u},
    {64u, 1u, 1000u, 0u},
    {65u, 1u, 1000u, 0u},
    {66u, 1u, 1000u, 0u},
    {67u, 1u, 1000u, 0u},
    {68u, 1u, 1000u, 0u},
    {69u, 1u, 1000u, 0u},
    {70u, 4u, 320u, 1u},
    {74u, 4u, 300u, 0u},
    {78u, 2u, 640u, 0u},
    {80u, 2u, 350u, 1u},
    {82u, 1u, 1000u, 0u},
    {83u, 3u, 192u, 1u},
    {86u, 10u, 180u, 1u},
    {96u, 6u, 144u, 0u},
    {102u, 2u, 500u, 0u},
    {104u, 2u, 800u, 1u},
    {106u, 8u, 180u, 0u},
    {114u, 5u, 300u, 0u},
    {119u, 8u, 160u, 0u},
    {127u, 6u, 288u, 0u},
};

constexpr uint8_t kRleData[] = {
    0xff, 0x00, 0xff, 0x00, 0xff, 0x00, 0xff, 0x00, 0xff, 0x00, 0xff, 0x00, 0xff, 0x00, 0xff, 0x00,
    0xff, 0x00, 0xff, 0x00, 0xff, 0x00, 0xff, 0x00, 0xff, 0x00, 0xff, 0x00, 0xff, 0x00, 0xff, 0x00,
    0xff, 0x00, 0xff, 0x00, 0xff, 0x00, 0xff, 0x00, 0xff, 0x00, 0xff, 0x00, 0xff, 0x00, 0xff, 0x00,
    0xff, 0x00, 0xff, 0x00, 0xff, 0x00, 0xff, 0x00, 0xff, 0x00, 0xff, 0x00, 0xff, 0x00, 0xff, 0x00,
    0xff, 0x00, 0xff, 0x00, 0xff, 0x00, 0xff, 0x00, 0xff, 0x00, 0xff, 0x00, 0xff, 0x00, 0xff, 0x00,
    0xff, 0x00, 0xff, 0x00, 0xff, 0x00, 0xff, 0x00, 0xff, 0x00, 0xff, 0x00, 0xff, 0x00, 0xff, 0x00,
    0xff, 0x00, 0xff, 0x00, 0xff, 0x00, 0xff, 0x00, 0xff, 0x00, 0xff, 0x00, 0xff, 0x00, 0xff, 0x00,
    0xff, 0x00, 0xff, 0x00, 0xff, 0x00, 0x90, 0x00, 0x1d, 0x01, 0xce, 0x00, 0x28, 0x01, 0xc4, 0x00,
    0x31, 0x01, 0xbc, 0x00, 0x39, 0x01, 0xb4, 0x00, 0x3f, 0x01, 0xaf, 0x00, 0x45, 0x01, 0xa9, 0x00,
    0x4a, 0x01, 0xa5, 0x00, 0x4e, 0x01, 0xa2, 0x00, 0x50, 0x01, 0x9f, 0x00, 0x54, 0x01, 0x9b, 0x00,
    0x57, 0x01, 0x98, 0x00, 0x5b, 0x01, 0x94, 0x00, 0x5e, 0x01, 0x92, 0x00, 0x60, 0x01, 0x8f, 0x00,
    0x63, 0x01, 0x8c, 0x00, 0x66, 0x01, 0x89, 0x00, 0x69, 0x01, 0x87, 0x00, 0x6b, 0x01, 0x84, 0x00,
    0x6e, 0x01, 0x81, 0x00, 0x71, 0x01, 0x7f, 0x00, 0x73, 0x01, 0x7c, 0x00, 0x75, 0x01, 0x7b, 0x00,
    0x77, 0x01, 0x78, 0x00, 0x79, 0x01, 0x77, 0x00, 0x7b, 0x01, 0x74, 0x00, 0x7e, 0x01, 0x72, 0x00,
    0x7f, 0x01, 0x70, 0x00, 0x82, 0x01, 0x6e, 0x00, 0x83, 0x01, 0x6c, 0x00, 0x85, 0x01, 0x6b, 0x00,
    0x87, 0x01, 0x68, 0x00, 0x89, 0x01, 0x67, 0x00, 0x61, 0x01, 0x01, 0x00, 0x28, 0x01, 0x66, 0x00,
    0x5e, 0x01, 0x07, 0x00, 0x27, 0x01, 0x63, 0x00, 0x5d, 0x01, 0x0b, 0x00, 0x26, 0x01, 0x62, 0x00,
    0x5b, 0x01, 0x0f, 0x00, 0x25, 0x01, 0x61, 0x00, 0x5a, 0x01, 0x11, 0x00, 0x25, 0x01, 0x5f, 0x00,
    0x5b, 0x01, 0x11, 0x00, 0x26, 0x01, 0x5e, 0x00, 0x5a, 0x01, 0x13, 0x00, 0x27, 0x01, 0x5c, 0x00,
    0x59, 0x01, 0x15, 0x00, 0x27, 0x01, 0x5b, 0x00, 0x58, 0x01, 0x17, 0x00, 0x27, 0x01, 0x59, 0x00,
    0x59, 0x01, 0x17, 0x00, 0x28, 0x01, 0x58, 0x00, 0x58, 0x01, 0x19, 0x00, 0x28, 0x01, 0x57, 0x00,
    0x58, 0x01, 0x19, 0x00, 0x29, 0x01, 0x56, 0x00, 0x58, 0x01, 0x19, 0x00, 0x2a, 0x01, 0x55, 0x00,
    0x57, 0x01, 0x1b, 0x00, 0x2a, 0x01, 0x53, 0x00, 0x58, 0x01, 0x1b, 0x00, 0x2b, 0x01, 0x52, 0x00,
    0x58, 0x01, 0x1b, 0x00, 0x2c, 0x01, 0x51, 0x00, 0x57, 0x01, 0x1d, 0x00, 0x2c, 0x01, 0x50, 0x00,
    0x57, 0x01, 0x1d, 0x00, 0x2d, 0x01, 0x4f, 0x00, 0x57, 0x01, 0x1d, 0x00, 0x2e, 0x01, 0x4e, 0x00,
    0x57, 0x01, 0x1d, 0x00, 0x2f, 0x01, 0x4d, 0x00, 0x57, 0x01, 0x1d, 0x00, 0x30, 0x01, 0x4c, 0x00,
    0x56, 0x01, 0x1f, 0x00, 0x2f, 0x01, 0x4c, 0x00, 0x56, 0x01, 0x1f, 0x00, 0x30, 0x01, 0x4b, 0x00,
    0x56, 0x01, 0x1f, 0x00, 0x31, 0x01, 0x4a, 0x00, 0x56, 0x01, 0x1f, 0x00, 0x32, 0x01, 0x48, 0x00,
    0x57, 0x01, 0x1f, 0x00, 0x33, 0x01, 0x48, 0x00, 0x56, 0x01, 0x1f, 0x00, 0x32, 0x01, 0x49, 0x00,
    0x56, 0x01, 0x1f, 0x00, 0x31, 0x01, 0x4a, 0x00, 0x56, 0x01, 0x1f, 0x00, 0x30, 0x01, 0x4b, 0x00,
    0x56, 0x01, 0x1f, 0x00, 0x2f, 0x01, 0x4c, 0x00, 0x57, 0x01, 0x1d, 0x00, 0x30, 0x01, 0x4c, 0x00,
    0x57, 0x01, 0x1d, 0x00, 0x2f, 0x01, 0x4d, 0x00, 0x57, 0x01, 0x1d, 0x00, 0x2e, 0x01, 0x4e, 0x00,
    0x57, 0x01, 0x1d, 0x00, 0x2d, 0x01, 0x4f, 0x00, 0x57, 0x01, 0x1d, 0x00, 0x2c, 0x01, 0x50, 0x00,
    0x58, 0x01, 0x1b, 0x00, 0x2c, 0x01, 0x51, 0x00, 0x58, 0x01, 0x1b, 0x00, 0x2b, 0x01, 0x53, 0x00,
    0x57, 0x01, 0x1b, 0x00, 0x2a, 0x01, 0x54, 0x00, 0x58, 0x01, 0x19, 0x00, 0x2a, 0x01, 0x55, 0x00,
    0x58, 0x01, 0x19, 0x00, 0x29, 0x01, 0x56, 0x00, 0x58, 0x01, 0x19, 0x00, 0x28, 0x01, 0x57, 0x00,
    0x59, 0x01, 0x17, 0x00, 0x28, 0x01, 0x59, 0x00, 0x58, 0x01, 0x17, 0x00, 0x27, 0x01, 0x5a, 0x00,
    0x59, 0x01, 0x15, 0x00, 0x27, 0x01, 0x5b, 0x00, 0x5a, 0x01, 0x13, 0x00, 0x27, 0x01, 0x5c, 0x00,
    0x5b, 0x01, 0x11, 0x00, 0x26, 0x01, 0x5f, 0x00, 0x5a, 0x01, 0x11, 0x00, 0x25, 0x01, 0x60, 0x00,
    0x5b, 0x01, 0x0f, 0x00, 0x25, 0x01, 0x61, 0x00, 0x5d, 0x01, 0x0b, 0x00, 0x26, 0x01, 0x63, 0x00,
    0x5e, 0x01, 0x07, 0x00, 0x27, 0x01, 0x64, 0x00, 0x8a, 0x01, 0x66, 0x00, 0x89, 0x01, 0x68, 0x00,
    0x87, 0x01, 0x69, 0x00, 0x85, 0x01, 0x6c, 0x00, 0x83, 0x01, 0x6d, 0x00, 0x82, 0x01, 0x6f, 0x00,
    0x7f, 0x01, 0x71, 0x00, 0x7e, 0x01, 0x73, 0x00, 0x7b, 0x01, 0x75, 0x00, 0x79, 0x01, 0x78, 0x00,
    0x77, 0x01, 0x79, 0x00, 0x75, 0x01, 0x7c, 0x00, 0x73, 0x01, 0x7d, 0x00, 0x71, 0x01, 0x80, 0x00,
    0x6e, 0x01, 0x83, 0x00, 0x6b, 0x01, 0x85, 0x00, 0x69, 0x01, 0x88, 0x00, 0x66, 0x01, 0x8b, 0x00,
    0x63, 0x01, 0x8e, 0x00, 0x60, 0x01, 0x90, 0x00, 0x5e, 0x01, 0x93, 0x00, 0x5b, 0x01, 0x96, 0x00,
    0x57, 0x01, 0x9a, 0x00, 0x54, 0x01, 0x9d, 0x00, 0x50, 0x01, 0xa0, 0x00, 0x4e, 0x01, 0xa3, 0x00,
    0x4a, 0x01, 0xa8, 0x00, 0x45, 0x01, 0xad, 0x00, 0x3f, 0x01, 0xb4, 0x00, 0x39, 0x01, 0xba, 0x00,
    0x31, 0x01, 0xc3, 0x00, 0x28, 0x01, 0xcd, 0x00, 0x1d, 0x01, 0xff, 0x00, 0xff, 0x00, 0xff, 0x00,
    0xff, 0x00, 0xff, 0x00, 0xff, 0x00, 0xff, 0x00, 0xff, 0x00, 0xff, 0x00, 0xff, 0x00, 0xff, 0x00,
    0xff, 0x00, 0xff, 0x00, 0xff, 0x00, 0xff, 0x00, 0xff, 0x00, 0xff, 0x00, 0xff, 0x00, 0xff, 0x00,
    0xff, 0x00, 0xff, 0x00, 0xff, 0x00, 0xff, 0x00, 0xff, 0x00, 0xff, 0x00, 0xff, 0x00, 0xff, 0x00,
    0xff, 0x00, 0xff, 0x00, 0xff, 0x00, 0xff, 0x00, 0xff, 0x00, 0xff, 0x00, 0xff, 0x00, 0xff, 0x00,
    0xff, 0x00, 0xff, 0x00, 0xff, 0x00, 0xff, 0x00, 0xff, 0x00, 0xff, 0x00, 0xff, 0x00, 0xff, 0x00,
    0xff, 0x00, 0xff, 0x00, 0xff, 0x00, 0xff, 0x00, 0xff, 0x00, 0xff, 0x00, 0xff, 0x00, 0xff, 0x00,
    0xff, 0x00, 0xff, 0x00, 0xff, 0x00, 0xff, 0x00, 0xff, 0x00, 0xff, 0x00, 0xff, 0x00, 0xe8, 0x00,
    0xff, 0x00, 0xff, 0x00, 0xff, 0x00, 0xff, 0x00, 0xff, 0x00, 0xff, 0x00, 0xff, 0x00, 0xff, 0x00,
    0xff, 0x00, 0xff, 0x00, 0xff, 0x00, 0xff, 0x00, 0xff, 0x00, 0xff, 0x00, 0xff, 0x00, 0xff, 0x00,
    0xff, 0x00, 0xff, 0x00, 0xff, 0x00, 0xff, 0x00, 0xff, 0x00, 0xff, 0x00, 0xff, 0x00, 0xff, 0x00,
    0xff, 0x00, 0xff, 0x00, 0xff, 0x00, 0xff, 0x00, 0xff, 0x00, 0xff, 0x00, 0xff, 0x00, 0xff, 0x00,
    0xff, 0x00, 0xff, 0x00, 0xff, 0x00, 0xff, 0x00, 0xff, 0x00, 0xff, 0x00, 0xff, 0x00, 0xff, 0x00,
    0xff, 0x00, 0xff, 0x00, 0xff, 0x00, 0xff, 0x00, 0xff, 0x00, 0xff, 0x00, 0xff, 0x00, 0xff, 0x00,
    0xff, 0x00, 0xff, 0x00, 0xff, 0x00, 0xff, 0x00, 0xff, 0x00, 0xff, 0x00, 0xff, 0x00, 0xff, 0x00,
    0xff, 0x00, 0xff, 0x00, 0xff, 0x00, 0x90, 0x00, 0x1d, 0x01, 0xce, 0x00, 0x28, 0x01, 0xc4, 0x00,
    0x31, 0x01, 0xbc, 0x00, 0x39, 0x01, 0xb4, 0x00, 0x3f, 0x01, 0xaf, 0x00, 0x45, 0x01, 0xa9, 0x00,
    0x4a, 0x01, 0xa5, 0x00, 0x4e, 0x01, 0xa2, 0x00, 0x50, 0x01, 0x9f, 0x00, 0x54, 0x01, 0x9b, 0x00,
    0x57, 0x01, 0x98, 0x00, 0x5b, 0x01, 0x94, 0x00, 0x5e, 0x01, 0x92, 0x00, 0x60, 0x01, 0x8f, 0x00,
    0x63, 0x01, 0x8c, 0x00, 0x66, 0x01, 0x89, 0x00, 0x69, 0x01, 0x87, 0x00, 0x6b, 0x01, 0x84, 0x00,
    0x6e, 0x01, 0x81, 0x00, 0x71, 0x01, 0x7f, 0x00, 0x73, 0x01, 0x7c, 0x00, 0x75, 0x01, 0x7b, 0x00,
    0x77, 0x01, 0x78, 0x00, 0x79, 0x01, 0x77, 0x00, 0x7b, 0x01, 0x74, 0x00, 0x7e, 0x01, 0x72, 0x00,
    0x7f, 0x01, 0x70, 0x00, 0x82, 0x01, 0x6e, 0x00, 0x83, 0x01, 0x6c, 0x00, 0x85, 0x01, 0x6b, 0x00,
    0x87, 0x01, 0x68, 0x00, 0x89, 0x01, 0x67, 0x00, 0x64, 0x01, 0x01, 0x00, 0x25, 0x01, 0x66, 0x00,
    0x61, 0x01, 0x07, 0x00, 0x24, 0x01, 0x63, 0x00, 0x60, 0x01, 0x0b, 0x00, 0x23, 0x01, 0x62, 0x00,
    0x5e, 0x01, 0x0f, 0x00, 0x22, 0x01, 0x61, 0x00, 0x5d, 0x01, 0x11, 0x00, 0x22, 0x01, 0x5f, 0x00,
    0x5e, 0x01, 0x11, 0x00, 0x23, 0x01, 0x5e, 0x00, 0x5d, 0x01, 0x13, 0x00, 0x24, 0x01, 0x5c, 0x00,
    0x5c, 0x01, 0x15, 0x00, 0x24, 0x01, 0x5b, 0x00, 0x5b, 0x01, 0x17, 0x00, 0x24, 0x01, 0x59, 0x00,
    0x5c, 0x01, 0x17, 0x00, 0x25, 0x01, 0x58, 0x00, 0x5b, 0x01, 0x19, 0x00, 0x25, 0x01, 0x57, 0x00,
    0x5b, 0x01, 0x19, 0x00, 0x26, 0x01, 0x56, 0x00, 0x5b, 0x01, 0x19, 0x00, 0x27, 0x01, 0x55, 0x00,
    0x5a, 0x01, 0x1b, 0x00, 0x27, 0x01, 0x53, 0x00, 0x5b, 0x01, 0x1b, 0x00, 0x28, 0x01, 0x52, 0x00,
    0x5b, 0x01, 0x1b, 0x00, 0x29, 0x01, 0x51, 0x00, 0x5a, 0x01, 0x1d, 0x00, 0x29, 0x01, 0x50, 0x00,
    0x5a, 0x01, 0x1d, 0x00, 0x2a, 0x01, 0x4f, 0x00, 0x5a, 0x01, 0x1d, 0x00, 0x2b, 0x01, 0x4e, 0x00,
    0x5a, 0x01, 0x1d, 0x00, 0x2c, 0x01, 0x4d, 0x00, 0x5a, 0x01, 0x1d, 0x00, 0x2d, 0x01, 0x4c, 0x00,
    0x59, 0x01, 0x1f, 0x00, 0x2c, 0x01, 0x4c, 0x00, 0x59, 0x01, 0x1f, 0x00, 0x2d, 0x01, 0x4b, 0x00,
    0x59, 0x01, 0x1f, 0x00, 0x2e, 0x01, 0x4a, 0x00, 0x59, 0x01, 0x1f, 0x00, 0x2f, 0x01, 0x48, 0x00,
    0x5a, 0x01, 0x1f, 0x00, 0x30, 0x01, 0x48, 0x00, 0x59, 0x01, 0x1f, 0x00, 0x2f, 0x01, 0x49, 0x00,
    0x59, 0x01, 0x1f, 0x00, 0x2e, 0x01, 0x4a, 0x00, 0x59, 0x01, 0x1f, 0x00, 0x2d, 0x01, 0x4b, 0x00,
    0x59, 0x01, 0x1f, 0x00, 0x2c, 0x01, 0x4c, 0x00, 0x5a, 0x01, 0x1d, 0x00, 0x2d, 0x01, 0x4c, 0x00,
    0x5a, 0x01, 0x1d, 0x00, 0x2c, 0x01, 0x4d, 0x00, 0x5a, 0x01, 0x1d, 0x00, 0x2b, 0x01, 0x4e, 0x00,
    0x5a, 0x01, 0x1d, 0x00, 0x2a, 0x01, 0x4f, 0x00, 0x5a, 0x01, 0x1d, 0x00, 0x29, 0x01, 0x50, 0x00,
    0x5b, 0x01, 0x1b, 0x00, 0x29, 0x01, 0x51, 0x00, 0x5b, 0x01, 0x1b, 0x00, 0x28, 0x01, 0x53, 0x00,
    0x5a, 0x01, 0x1b, 0x00, 0x27, 0x01, 0x54, 0x00, 0x5b, 0x01, 0x19, 0x00, 0x27, 0x01, 0x55, 0x00,
    0x5b, 0x01, 0x19, 0x00, 0x26, 0x01, 0x56, 0x00, 0x5b, 0x01, 0x19, 0x00, 0x25, 0x01, 0x57, 0x00,
    0x5c, 0x01, 0x17, 0x00, 0x25, 0x01, 0x59, 0x00, 0x5b, 0x01, 0x17, 0x00, 0x24, 0x01, 0x5a, 0x00,
    0x5c, 0x01, 0x15, 0x00, 0x24, 0x01, 0x5b, 0x00, 0x5d, 0x01, 0x13, 0x00, 0x24, 0x01, 0x5c, 0x00,
    0x5e, 0x01, 0x11, 0x00, 0x23, 0x01, 0x5f, 0x00, 0x5d, 0x01, 0x11, 0x00, 0x22, 0x01, 0x60, 0x00,
    0x5e, 0x01, 0x0f, 0x00, 0x22, 0x01, 0x61, 0x00, 0x60, 0x01, 0x0b, 0x00, 0x23, 0x01, 0x63, 0x00,
    0x61, 0x01, 0x07, 0x00, 0x24, 0x01, 0x64, 0x00, 0x8a, 0x01, 0x66, 0x00, 0x89, 0x01, 0x68, 0x00,
    0x87, 0x01, 0x69, 0x00, 0x85, 0x01, 0x6c, 0x00, 0x83, 0x01, 0x6d, 0x00, 0x82, 0x01, 0x6f, 0x00,
    0x7f, 0x01, 0x71, 0x00, 0x7e, 0x01, 0x73, 0x00, 0x7b, 0x01, 0x75, 0x00, 0x79, 0x01, 0x78, 0x00,
    0x77, 0x01, 0x79, 0x00, 0x75, 0x01, 0x7c, 0x00, 0x73, 0x01, 0x7d, 0x00, 0x71, 0x01, 0x80, 0x00,
    0x6e, 0x01, 0x83, 0x00, 0x6b, 0x01, 0x85, 0x00, 0x69, 0x01, 0x88, 0x00, 0x66, 0x01, 0x8b, 0x00,
    0x63, 0x01, 0x8e, 0x00, 0x60, 0x01, 0x90, 0x00, 0x5e, 0x01, 0x93, 0x00, 0x5b, 0x01, 0x96, 0x00,
    0x57, 0x01, 0x9a, 0x00, 0x54, 0x01, 0x9d, 0x00, 0x50, 0x01, 0xa0, 0x00, 0x4e, 0x01, 0xa3, 0x00,
    0x4a, 0x01, 0xa8, 0x00, 0x45, 0x01, 0xad, 0x00, 0x3f, 0x01, 0xb4, 0x00, 0x39, 0x01, 0xba, 0x00,
    0x31, 0x01, 0xc3, 0x00, 0x28, 0x01, 0xcd, 0x00, 0x1d, 0x01, 0xff, 0x00, 0xff, 0x00, 0xff, 0x00,
    0xff, 0x00, 0xff, 0x00, 0xff, 0x00, 0xff, 0x00, 0xff, 0x00, 0xff, 0x00, 0xff, 0x00, 0xff, 0x00,
    0xff, 0x00, 0xff, 0x00, 0xff, 0x00, 0xff, 0x00, 0xff, 0x00, 0xff, 0x00, 0xff, 0x00, 0xff, 0x00,
    0xff, 0x00, 0xff, 0x00, 0xff, 0x00, 0xff, 0x00, 0xff, 0x00, 0xff, 0x00, 0xff, 0x00, 0xff, 0x00,
    0xff, 0x00, 0xff, 0x00, 0xff, 0x00, 0xff, 0x00, 0xff, 0x00, 0xff, 0x00, 0xff, 0x00, 0xff, 0x00,
    0xff, 0x00, 0xff, 0x00, 0xff, 0x00, 0xff, 0x00, 0xff, 0x00, 0xff, 0x00, 0xff, 0x00, 0xff, 0x00,
    0xff, 0x00, 0xff, 0x00, 0xff, 0x00, 0xff, 0x00, 0xff, 0x00, 0xff, 0x00, 0xff, 0x00, 0xff, 0x00,
    0xff, 0x00, 0xff, 0x00, 0xff, 0x00, 0xff, 0x00, 0xff, 0x00, 0xff, 0x00, 0xff, 0x00, 0xe8, 0x00,
    0xff, 0x00, 0xff, 0x00, 0xff, 0x00, 0xff, 0x00, 0xff, 0x00, 0xff, 0x00, 0xff, 0x00, 0xff, 0x00,
    0xff, 0x00, 0xff, 0x00, 0xff, 0x00, 0xff, 0x00, 0xff, 0x00, 0xff, 0x00, 0xff, 0x00, 0xff, 0x00,
    0xff, 0x00, 0xff, 0x00, 0xff, 0x00, 0xff, 0x00, 0xff, 0x00, 0xff, 0x00, 0xff, 0x00, 0xff, 0x00,
    0xff, 0x00, 0xff, 0x00, 0xff, 0x00, 0xff, 0x00, 0xff, 0x00, 0xff, 0x00, 0xff, 0x00, 0xff, 0x00,
    0xff, 0x00, 0xff, 0x00, 0xff, 0x00, 0xff, 0x00, 0xff, 0x00, 0xff, 0x00, 0xff, 0x00, 0xff, 0x00,
    0xff, 0x00, 0xff, 0x00, 0xff, 0x00, 0xff, 0x00, 0xff, 0x00, 0xff, 0x00, 0xff, 0x00, 0xff, 0x00,
    0xff, 0x00, 0xff, 0x00, 0xff, 0x00, 0xff, 0x00, 0xff, 0x00, 0xff, 0x00, 0xff, 0x00, 0xff, 0x00,
    0xff, 0x00, 0xff, 0x00, 0xff, 0x00, 0x90, 0x00, 0x1d, 0x01, 0xce, 0x00, 0x28, 0x01, 0xc4, 0x00,
    0x31, 0x01, 0xbc, 0x00, 0x39, 0x01, 0xb4, 0x00, 0x3f, 0x01, 0xaf, 0x00, 0x45, 0x01, 0xa9, 0x00,
    0x4a, 0x01, 0xa5, 0x00, 0x4e, 0x01, 0xa2, 0x00, 0x50, 0x01, 0x9f, 0x00, 0x54, 0x01, 0x9b, 0x00,
    0x57, 0x01, 0x98, 0x00, 0x5b, 0x01, 0x94, 0x00, 0x5e, 0x01, 0x92, 0x00, 0x60, 0x01, 0x8f, 0x00,
    0x63, 0x01, 0x8c, 0x00, 0x66, 0x01, 0x89, 0x00, 0x69, 0x01, 0x87, 0x00, 0x6b, 0x01, 0x84, 0x00,
    0x6e, 0x01, 0x81, 0x00, 0x71, 0x01, 0x7f, 0x00, 0x73, 0x01, 0x7c, 0x00, 0x75, 0x01, 0x7b, 0x00,
    0x77, 0x01, 0x78, 0x00, 0x79, 0x01, 0x77, 0x00, 0x7b, 0x01, 0x74, 0x00, 0x7e, 0x01, 0x72, 0x00,
    0x7f, 0x01, 0x70, 0x00, 0x82, 0x01, 0x6e, 0x00, 0x83, 0x01, 0x6c, 0x00, 0x85, 0x01, 0x6b, 0x00,
    0x87, 0x01, 0x68, 0x00, 0x89, 0x01, 0x67, 0x00, 0x63, 0x01, 0x01, 0x00, 0x26, 0x01, 0x66, 0x00,
    0x60, 0x01, 0x07, 0x00, 0x25, 0x01, 0x63, 0x00, 0x5f, 0x01, 0x0b, 0x00, 0x24, 0x01, 0x62, 0x00,
    0x5d, 0x01, 0x0f, 0x00, 0x23, 0x01, 0x61, 0x00, 0x5c, 0x01, 0x11, 0x00, 0x23, 0x01, 0x5f, 0x00,
    0x5d, 0x01, 0x11, 0x00, 0x24, 0x01, 0x5e, 0x00, 0x5c, 0x01, 0x13, 0x00, 0x25, 0x01, 0x5c, 0x00,
    0x5b, 0x01, 0x15, 0x00, 0x25, 0x01, 0x5b, 0x00, 0x5a, 0x01, 0x17, 0x00, 0x25, 0x01, 0x59, 0x00,
    0x5b, 0x01, 0x17, 0x00, 0x26, 0x01, 0x58, 0x00, 0x5a, 0x01, 0x19, 0x00, 0x26, 0x01, 0x57, 0x00,
    0x5a, 0x01, 0x19, 0x00, 0x27, 0x01, 0x56, 0x00, 0x5a, 0x01, 0x19, 0x00, 0x28, 0x01, 0x55, 0x00,
    0x59, 0x01, 0x1b, 0x00, 0x28, 0x01, 0x53, 0x00, 0x5a, 0x01, 0x1b, 0x00, 0x29, 0x01, 0x52, 0x00,
    0x5a, 0x01, 0x1b, 0x00, 0x2a, 0x01, 0x51, 0x00, 0x59, 0x01, 0x1d, 0x00, 0x2a, 0x01, 0x50, 0x00,
    0x59, 0x01, 0x1d, 0x00, 0x2b, 0x01, 0x4f, 0x00, 0x59, 0x01, 0x1d, 0x00, 0x2c, 0x01, 0x4e, 0x00,
    0x59, 0x01, 0x1d, 0x00, 0x2d, 0x01, 0x4d, 0x00, 0x59, 0x01, 0x1d, 0x00, 0x2e, 0x01, 0x4c, 0x00,
    0x58, 0x01, 0x1f, 0x00, 0x2d, 0x01, 0x4c, 0x00, 0x58, 0x01, 0x1f, 0x00, 0x2e, 0x01, 0x4b, 0x00,
    0x58, 0x01, 0x1f, 0x00, 0x2f, 0x01, 0x4a, 0x00, 0x58, 0x01, 0x1f, 0x00, 0x30, 0x01, 0x48, 0x00,
    0x59, 0x01, 0x1f, 0x00, 0x31, 0x01, 0x48, 0x00, 0x58, 0x01, 0x1f, 0x00, 0x30, 0x01, 0x49, 0x00,
    0x58, 0x01, 0x1f, 0x00, 0x2f, 0x01, 0x4a, 0x00, 0x58, 0x01, 0x1f, 0x00, 0x2e, 0x01, 0x4b, 0x00,
    0x58, 0x01, 0x1f, 0x00, 0x2d, 0x01, 0x4c, 0x00, 0x59, 0x01, 0x1d, 0x00, 0x2e, 0x01, 0x4c, 0x00,
    0x59, 0x01, 0x1d, 0x00, 0x2d, 0x01, 0x4d, 0x00, 0x59, 0x01, 0x1d, 0x00, 0x2c, 0x01, 0x4e, 0x00,
    0x59, 0x01, 0x1d, 0x00, 0x2b, 0x01, 0x4f, 0x00, 0x59, 0x01, 0x1d, 0x00, 0x2a, 0x01, 0x50, 0x00,
    0x5a, 0x01, 0x1b, 0x00, 0x2a, 0x01, 0x51, 0x00, 0x5a, 0x01, 0x1b, 0x00, 0x29, 0x01, 0x53, 0x00,
    0x59, 0x01, 0x1b, 0x00, 0x28, 0x01, 0x54, 0x00, 0x5a, 0x01, 0x19, 0x00, 0x28, 0x01, 0x55, 0x00,
    0x5a, 0x01, 0x19, 0x00, 0x27, 0x01, 0x56, 0x00, 0x5a, 0x01, 0x19, 0x00, 0x26, 0x01, 0x57, 0x00,
    0x5b, 0x01, 0x17, 0x00, 0x26, 0x01, 0x59, 0x00, 0x5a, 0x01, 0x17, 0x00, 0x25, 0x01, 0x5a, 0x00,
    0x5b, 0x01, 0x15, 0x00, 0x25, 0x01, 0x5b, 0x00, 0x5c, 0x01, 0x13, 0x00, 0x25, 0x01, 0x5c, 0x00,
    0x5d, 0x01, 0x11, 0x00, 0x24, 0x01, 0x5f, 0x00, 0x5c, 0x01, 0x11, 0x00, 0x23, 0x01, 0x60, 0x00,
    0x5d, 0x01, 0x0f, 0x00, 0x23, 0x01, 0x61, 0x00, 0x5f, 0x01, 0x0b, 0x00, 0x24, 0x01, 0x63, 0x00,
    0x60, 0x01, 0x07, 0x00, 0x25, 0x01, 0x64, 0x00, 0x8a, 0x01, 0x66, 0x00, 0x89, 0x01, 0x68, 0x00,
    0x87, 0x01, 0x69, 0x00, 0x85, 0x01, 0x6c, 0x00, 0x83, 0x01, 0x6d, 0x00, 0x82, 0x01, 0x6f, 0x00,
    0x7f, 0x01, 0x71, 0x00, 0x7e, 0x01, 0x73, 0x00, 0x7b, 0x01, 0x75, 0x00, 0x79, 0x01, 0x78, 0x00,
    0x77, 0x01, 0x79, 0x00, 0x75, 0x01, 0x7c, 0x00, 0x73, 0x01, 0x7d, 0x00, 0x71, 0x01, 0x80, 0x00,
    0x6e, 0x01, 0x83, 0x00, 0x6b, 0x01, 0x85, 0x00, 0x69, 0x01, 0x88, 0x00, 0x66, 0x01, 0x8b, 0x00,
    0x63, 0x01, 0x8e, 0x00, 0x60, 0x01, 0x90, 0x00, 0x5e, 0x01, 0x93, 0x00, 0x5b, 0x01, 0x96, 0x00,
    0x57, 0x01, 0x9a, 0x00, 0x54, 0x01, 0x9d, 0x00, 0x50, 0x01, 0xa0, 0x00, 0x4e, 0x01, 0xa3, 0x00,
    0x4a, 0x01, 0xa8, 0x00, 0x45, 0x01, 0xad, 0x00, 0x3f, 0x01, 0xb4, 0x00, 0x39, 0x01, 0xba, 0x00,
    0x31, 0x01, 0xc3, 0x00, 0x28, 0x01, 0xcd, 0x00, 0x1d, 0x01, 0xff, 0x00, 0xff, 0x00, 0xff, 0x00,
    0xff, 0x00, 0xff, 0x00, 0xff, 0x00, 0xff, 0x00, 0xff, 0x00, 0xff, 0x00, 0xff, 0x00, 0xff, 0x00,
    0xff, 0x00, 0xff, 0x00, 0xff, 0x00, 0xff, 0x00, 0xff, 0x00, 0xff, 0x00, 0xff, 0x00, 0xff, 0x00,
    0xff, 0x00, 0xff, 0x00, 0xff, 0x00, 0xff, 0x00, 0xff, 0x00, 0xff, 0x00, 0xff, 0x00, 0xff, 0x00,
    0xff, 0x00, 0xff, 0x00, 0xff, 0x00, 0xff, 0x00, 0xff, 0x00, 0xff, 0x00, 0xff, 0x00, 0xff, 0x00,
    0xff, 0x00, 0xff, 0x00, 0xff, 0x00, 0xff, 0x00, 0xff, 0x00, 0xff, 0x00, 0xff, 0x00, 0xff, 0x00,
    0xff, 0x00, 0xff, 0x00, 0xff, 0x00, 0xff, 0x00, 0xff, 0x00, 0xff, 0x00, 0xff, 0x00, 0xff, 0x00,
    0xff, 0x00, 0xff, 0x00, 0xff, 0x00, 0xff, 0x00, 0xff, 0x00, 0xff, 0x00, 0xff, 0x00, 0xe8, 0x00,
    0xff, 0x00, 0xff, 0x00, 0xff, 0x00, 0xff, 0x00, 0xff, 0x00, 0xff, 0x00, 0xff, 0x00, 0xff, 0x00,
    0xff, 0x00, 0xff, 0x00, 0xff, 0x00, 0xff, 0x00, 0xff, 0x00, 0xff, 0x00, 0xff, 0x00, 0xff, 0x00,
    0xff, 0x00, 0xff, 0x00, 0xff, 0x00, 0xff, 0x00, 0xff, 0x00, 0xff, 0x00, 0xff, 0x00, 0xff, 0x00,
    0xff, 0x00, 0xff, 0x00, 0xff, 0x00, 0xff, 0x00, 0xff, 0x00, 0xff, 0x00, 0xff, 0x00, 0xff, 0x00,
    0xff, 0x00, 0xff, 0x00, 0xff, 0x00, 0xff, 0x00, 0xff, 0x00, 0xff, 0x00, 0xff, 0x00, 0xff, 0x00,
    0xff, 0x00, 0xff, 0x00, 0xff, 0x00, 0xff, 0x00, 0xff, 0x00, 0xff, 0x00, 0xff, 0x00, 0xff, 0x00,
    0xff, 0x00, 0xff, 0x00, 0xff, 0x00, 0xff, 0x00, 0xff, 0x00, 0xff, 0x00, 0xff, 0x00, 0xff, 0x00,
    0xff, 0x00, 0xff, 0x00, 0xff, 0x00, 0x90, 0x00, 0x1d, 0x01, 0xce, 0x00, 0x28, 0x01, 0xc4, 0x00,
    0x31, 0x01, 0xbc, 0x00, 0x39, 0x01, 0xb4, 0x00, 0x3f, 0x01, 0xaf, 0x00, 0x45, 0x01, 0xa9, 0x00,
    0x4a, 0x01, 0xa5, 0x00, 0x4e, 0x01, 0xa2, 0x00, 0x50, 0x01, 0x9f, 0x00, 0x54, 0x01, 0x9b, 0x00,
    0x57, 0x01, 0x98, 0x00, 0x5b, 0x01, 0x94, 0x00, 0x5e, 0x01, 0x92, 0x00, 0x60, 0x01, 0x8f, 0x00,
    0x63, 0x01, 0x8c, 0x00, 0x66, 0x01, 0x89, 0x00, 0x69, 0x01, 0x87, 0x00, 0x6b, 0x01, 0x84, 0x00,
    0x6e, 0x01, 0x81, 0x00, 0x71, 0x01, 0x7f, 0x00, 0x73, 0x01, 0x7c, 0x00, 0x75, 0x01, 0x7b, 0x00,
    0x77, 0x01, 0x78, 0x00, 0x79, 0x01, 0x77, 0x00, 0x7b, 0x01, 0x74, 0x00, 0x7e, 0x01, 0x72, 0x00,
    0x7f, 0x01, 0x70, 0x00, 0x82, 0x01, 0x6e, 0x00, 0x83, 0x01, 0x6c, 0x00, 0x85, 0x01, 0x6b, 0x00,
    0x87, 0x01, 0x68, 0x00, 0x89, 0x01, 0x67, 0x00, 0x65, 0x01, 0x01, 0x00, 0x24, 0x01, 0x66, 0x00,
    0x62, 0x01, 0x07, 0x00, 0x23, 0x01, 0x63, 0x00, 0x61, 0x01, 0x0b, 0x00, 0x22, 0x01, 0x62, 0x00,
    0x5f, 0x01, 0x0f, 0x00, 0x21, 0x01, 0x61, 0x00, 0x5e, 0x01, 0x11, 0x00, 0x21, 0x01, 0x5f, 0x00,
    0x5f, 0x01, 0x11, 0x00, 0x22, 0x01, 0x5e, 0x00, 0x5e, 0x01, 0x13, 0x00, 0x23, 0x01, 0x5c, 0x00,
    0x5d, 0x01, 0x15, 0x00, 0x23, 0x01, 0x5b, 0x00, 0x5c, 0x01, 0x17, 0x00, 0x23, 0x01, 0x59, 0x00,
    0x5d, 0x01, 0x17, 0x00, 0x24, 0x01, 0x58, 0x00, 0x5c, 0x01, 0x19, 0x00, 0x24, 0x01, 0x57, 0x00,
    0x5c, 0x01, 0x19, 0x00, 0x25, 0x01, 0x56, 0x00, 0x5c, 0x01, 0x19, 0x00, 0x26, 0x01, 0x55, 0x00,
    0x5b, 0x01, 0x1b, 0x00, 0x26, 0x01, 0x53, 0x00, 0x5c, 0x01, 0x1b, 0x00, 0x27, 0x01, 0x52, 0x00,
    0x5c, 0x01, 0x1b, 0x00, 0x28, 0x01, 0x51, 0x00, 0x5b, 0x01, 0x1d, 0x00, 0x28, 0x01, 0x50, 0x00,
    0x5b, 0x01, 0x1d, 0x00, 0x29, 0x01, 0x4f, 0x00, 0x5b, 0x01, 0x1d, 0x00, 0x2a, 0x01, 0x4e, 0x00,
    0x5b, 0x01, 0x1d, 0x00, 0x2b, 0x01, 0x4d, 0x00, 0x5b, 0x01, 0x1d, 0x00, 0x2c, 0x01, 0x4c, 0x00,
    0x5a, 0x01, 0x1f, 0x00, 0x2b, 0x01, 0x4c, 0x00, 0x5a, 0x01, 0x1f, 0x00, 0x2c, 0x01, 0x4b, 0x00,
    0x5a, 0x01, 0x1f, 0x00, 0x2d, 0x01, 0x4a, 0x00, 0x5a, 0x01, 0x1f, 0x00, 0x2e, 0x01, 0x48, 0x00,
    0x5b, 0x01, 0x1f, 0x00, 0x2f, 0x01, 0x48, 0x00, 0x5a, 0x01, 0x1f, 0x00, 0x2e, 0x01, 0x49, 0x00,
    0x5a, 0x01, 0x1f, 0x00, 0x2d, 0x01, 0x4a, 0x00, 0x5a, 0x01, 0x1f, 0x00, 0x2c, 0x01, 0x4b, 0x00,
    0x5a, 0x01, 0x1f, 0x00, 0x2b, 0x01, 0x4c, 0x00, 0x5b, 0x01, 0x1d, 0x00, 0x2c, 0x01, 0x4c, 0x00,
    0x5b, 0x01, 0x1d, 0x00, 0x2b, 0x01, 0x4d, 0x00, 0x5b, 0x01, 0x1d, 0x00, 0x2a, 0x01, 0x4e, 0x00,
    0x5b, 0x01, 0x1d, 0x00, 0x29, 0x01, 0x4f, 0x00, 0x5b, 0x01, 0x1d, 0x00, 0x28, 0x01, 0x50, 0x00,
    0x5c, 0x01, 0x1b, 0x00, 0x28, 0x01, 0x51, 0x00, 0x5c, 0x01, 0x1b, 0x00, 0x27, 0x01, 0x53, 0x00,
    0x5b, 0x01, 0x1b, 0x00, 0x26, 0x01, 0x54, 0x00, 0x5c, 0x01, 0x19, 0x00, 0x26, 0x01, 0x55, 0x00,
    0x5c, 0x01, 0x19, 0x00, 0x25, 0x01, 0x56, 0x00, 0x5c, 0x01, 0x19, 0x00, 0x24, 0x01, 0x57, 0x00,
    0x5d, 0x01, 0x17, 0x00, 0x24, 0x01, 0x59, 0x00, 0x5c, 0x01, 0x17, 0x00, 0x23, 0x01, 0x5a, 0x00,
    0x5d, 0x01, 0x15, 0x00, 0x23, 0x01, 0x5b, 0x00, 0x5e, 0x01, 0x13, 0x00, 0x23, 0x01, 0x5c, 0x00,
    0x5f, 0x01, 0x11, 0x00, 0x22, 0x01, 0x5f, 0x00, 0x5e, 0x01, 0x11, 0x00, 0x21, 0x01, 0x60, 0x00,
    0x5f, 0x01, 0x0f, 0x00, 0x21, 0x01, 0x61, 0x00, 0x61, 0x01, 0x0b, 0x00, 0x22, 0x01, 0x63, 0x00,
    0x62, 0x01, 0x07, 0x00, 0x23, 0x01, 0x64, 0x00, 0x8a, 0x01, 0x66, 0x00, 0x89, 0x01, 0x68, 0x00,
    0x87, 0x01, 0x69, 0x00, 0x85, 0x01, 0x6c, 0x00, 0x83, 0x01, 0x6d, 0x00, 0x82, 0x01, 0x6f, 0x00,
    0x7f, 0x01, 0x71, 0x00, 0x7e, 0x01, 0x73, 0x00, 0x7b, 0x01, 0x75, 0x00, 0x79, 0x01, 0x78, 0x00,
    0x77, 0x01, 0x79, 0x00, 0x75, 0x01, 0x7c, 0x00, 0x73, 0x01, 0x7d, 0x00, 0x71, 0x01, 0x80, 0x00,
    0x6e, 0x01, 0x83, 0x00, 0x6b, 0x01, 0x85, 0x00, 0x69, 0x01, 0x88, 0x00, 0x66, 0x01, 0x8b, 0x00,
    0x63, 0x01, 0x8e, 0x00, 0x60, 0x01, 0x90, 0x00, 0x5e, 0x01, 0x93, 0x00, 0x5b, 0x01, 0x96, 0x00,
    0x57, 0x01, 0x9a, 0x00, 0x54, 0x01, 0x9d, 0x00, 0x50, 0x01, 0xa0, 0x00, 0x4e, 0x01, 0xa3, 0x00,
    0x4a, 0x01, 0xa8, 0x00, 0x45, 0x01, 0xad, 0x00, 0x3f, 0x01, 0xb4, 0x00, 0x39, 0x01, 0xba, 0x00,
    0x31, 0x01, 0xc3, 0x00, 0x28, 0x01, 0xcd, 0x00, 0x1d, 0x01, 0xff, 0x00, 0xff, 0x00, 0xff, 0x00,
    0xff, 0x00, 0xff, 0x00, 0xff, 0x00, 0xff, 0x00, 0xff, 0x00, 0xff, 0x00, 0xff, 0x00, 0xff, 0x00,
    0xff, 0x00, 0xff, 0x00, 0xff, 0x00, 0xff, 0x00, 0xff, 0x00, 0xff, 0x00, 0xff, 0x00, 0xff, 0x00,
    0xff, 0x00, 0xff, 0x00, 0xff, 0x00, 0xff, 0x00, 0xff, 0x00, 0xff, 0x00, 0xff, 0x00, 0xff, 0x00,
    0xff, 0x00, 0xff, 0x00, 0xff, 0x00, 0xff, 0x00, 0xff, 0x00, 0xff, 0x00, 0xff, 0x00, 0xff, 0x00,
    0xff, 0x00, 0xff, 0x00, 0xff, 0x00, 0xff, 0x00, 0xff, 0x00, 0xff, 0x00, 0xff, 0x00, 0xff, 0x00,
    0xff, 0x00, 0xff, 0x00, 0xff, 0x00, 0xff, 0x00, 0xff, 0x00, 0xff, 0x00, 0xff, 0x00, 0xff, 0x00,
    0xff, 0x00, 0xff, 0x00, 0xff, 0x00, 0xff, 0x00, 0xff, 0x00, 0xff, 0x00, 0xff, 0x00, 0xe8, 0x00,
    0xff, 0x00, 0xff, 0x00, 0xff, 0x00, 0xff, 0x00, 0xff, 0x00, 0xff, 0x00, 0xff, 0x00, 0xff, 0x00,
    0xff, 0x00, 0xff, 0x00, 0xff, 0x00, 0xff, 0x00, 0xff, 0x00, 0xff, 0x00, 0xff, 0x00, 0xff, 0x00,
    0xff, 0x00, 0xff, 0x00, 0xff, 0x00, 0xff, 0x00, 0xff, 0x00, 0xff, 0x00, 0xff, 0x00, 0xff, 0x00,
    0xff, 0x00, 0xff, 0x00, 0xff, 0x00, 0xff, 0x00, 0xff, 0x00, 0xff, 0x00, 0xff, 0x00, 0xff, 0x00,
    0xff, 0x00, 0xff, 0x00, 0xff, 0x00, 0xff, 0x00, 0xff, 0x00, 0xff, 0x00, 0xff, 0x00, 0xff, 0x00,
    0xff, 0x00, 0xff, 0x00, 0xff, 0x00, 0xff, 0x00, 0xff, 0x00, 0xff, 0x00, 0xff, 0x00, 0xff, 0x00,
    0xff, 0x00, 0xff, 0x00, 0xff, 0x00, 0xff, 0x00, 0xff, 0x00, 0xff, 0x00, 0xff, 0x00, 0xff, 0x00,
    0xff, 0x00, 0xff, 0x00, 0xff, 0x00, 0xda, 0x00, 0x1d, 0x01, 0xcd, 0x00, 0x28, 0x01, 0xc3, 0x00,
    0x31, 0x01, 0xba, 0x00, 0x39, 0x01, 0xb4, 0x00, 0x3f, 0x01, 0xad, 0x00, 0x45, 0x01, 0xa8, 0x00,
    0x4a, 0x01, 0xa3, 0x00, 0x4e, 0x01, 0xa0, 0x00, 0x50, 0x01, 0x9d, 0x00, 0x54, 0x01, 0x9a, 0x00,
    0x57, 0x01, 0x96, 0x00, 0x5b, 0x01, 0x93, 0x00, 0x5e, 0x01, 0x90, 0x00, 0x60, 0x01, 0x8e, 0x00,
    0x63, 0x01, 0x8b, 0x00, 0x66, 0x01, 0x88, 0x00, 0x69, 0x01, 0x85, 0x00, 0x6b, 0x01, 0x83, 0x00,
    0x6e, 0x01, 0x80, 0x00, 0x71, 0x01, 0x7d, 0x00, 0x73, 0x01, 0x7c, 0x00, 0x75, 0x01, 0x79, 0x00,
    0x77, 0x01, 0x78, 0x00, 0x79, 0x01, 0x75, 0x00, 0x7b, 0x01, 0x73, 0x00, 0x7e, 0x01, 0x71, 0x00,
    0x7f, 0x01, 0x6f, 0x00, 0x82, 0x01, 0x6d, 0x00, 0x83, 0x01, 0x6c, 0x00, 0x85, 0x01, 0x69, 0x00,
    0x87, 0x01, 0x68, 0x00, 0x89, 0x01, 0x66, 0x00, 0x24, 0x01, 0x01, 0x00, 0x65, 0x01, 0x64, 0x00,
    0x23, 0x01, 0x07, 0x00, 0x62, 0x01, 0x63, 0x00, 0x22, 0x01, 0x0b, 0x00, 0x61, 0x01, 0x61, 0x00,
    0x21, 0x01, 0x0f, 0x00, 0x5f, 0x01, 0x60, 0x00, 0x21, 0x01, 0x11, 0x00, 0x5e, 0x01, 0x5f, 0x00,
    0x22, 0x01, 0x11, 0x00, 0x5f, 0x01, 0x5c, 0x00, 0x23, 0x01, 0x13, 0x00, 0x5e, 0x01, 0x5b, 0x00,
    0x23, 0x01, 0x15, 0x00, 0x5d, 0x01, 0x5a, 0x00, 0x23, 0x01, 0x17, 0x00, 0x5c, 0x01, 0x59, 0x00,
    0x24, 0x01, 0x17, 0x00, 0x5d, 0x01, 0x57, 0x00, 0x24, 0x01, 0x19, 0x00, 0x5c, 0x01, 0x56, 0x00,
    0x25, 0x01, 0x19, 0x00, 0x5c, 0x01, 0x55, 0x00, 0x26, 0x01, 0x19, 0x00, 0x5c, 0x01, 0x54, 0x00,
    0x26, 0x01, 0x1b, 0x00, 0x5b, 0x01, 0x53, 0x00, 0x27, 0x01, 0x1b, 0x00, 0x5c, 0x01, 0x51, 0x00,
    0x28, 0x01, 0x1b, 0x00, 0x5c, 0x01, 0x50, 0x00, 0x28, 0x01, 0x1d, 0x00, 0x5b, 0x01, 0x4f, 0x00,
    0x29, 0x01, 0x1d, 0x00, 0x5b, 0x01, 0x4e, 0x00, 0x2a, 0x01, 0x1d, 0x00, 0x5b, 0x01, 0x4d, 0x00,
    0x2b, 0x01, 0x1d, 0x00, 0x5b, 0x01, 0x4c, 0x00, 0x2c, 0x01, 0x1d, 0x00, 0x5b, 0x01, 0x4c, 0x00,
    0x2b, 0x01, 0x1f, 0x00, 0x5a, 0x01, 0x4b, 0x00, 0x2c, 0x01, 0x1f, 0x00, 0x5a, 0x01, 0x4a, 0x00,
    0x2d, 0x01, 0x1f, 0x00, 0x5a, 0x01, 0x49, 0x00, 0x2e, 0x01, 0x1f, 0x00, 0x5a, 0x01, 0x48, 0x00,
    0x2f, 0x01, 0x1f, 0x00, 0x5b, 0x01, 0x48, 0x00, 0x2e, 0x01, 0x1f, 0x00, 0x5a, 0x01, 0x4a, 0x00,
    0x2d, 0x01, 0x1f, 0x00, 0x5a, 0x01, 0x4b, 0x00, 0x2c, 0x01, 0x1f, 0x00, 0x5a, 0x01, 0x4c, 0x00,
    0x2b, 0x01, 0x1f, 0x00, 0x5a, 0x01, 0x4c, 0x00, 0x2c, 0x01, 0x1d, 0x00, 0x5b, 0x01, 0x4d, 0x00,
    0x2b, 0x01, 0x1d, 0x00, 0x5b, 0x01, 0x4e, 0x00, 0x2a, 0x01, 0x1d, 0x00, 0x5b, 0x01, 0x4f, 0x00,
    0x29, 0x01, 0x1d, 0x00, 0x5b, 0x01, 0x50, 0x00, 0x28, 0x01, 0x1d, 0x00, 0x5b, 0x01, 0x51, 0x00,
    0x28, 0x01, 0x1b, 0x00, 0x5c, 0x01, 0x52, 0x00, 0x27, 0x01, 0x1b, 0x00, 0x5c, 0x01, 0x53, 0x00,
    0x26, 0x01, 0x1b, 0x00, 0x5b, 0x01, 0x55, 0x00, 0x26, 0x01, 0x19, 0x00, 0x5c, 0x01, 0x56, 0x00,
    0x25, 0x01, 0x19, 0x00, 0x5c, 0x01, 0x57, 0x00, 0x24, 0x01, 0x19, 0x00, 0x5c, 0x01, 0x58, 0x00,
    0x24, 0x01, 0x17, 0x00, 0x5d, 0x01, 0x59, 0x00, 0x23, 0x01, 0x17, 0x00, 0x5c, 0x01, 0x5b, 0x00,
    0x23, 0x01, 0x15, 0x00, 0x5d, 0x01, 0x5c, 0x00, 0x23, 0x01, 0x13, 0x00, 0x5e, 0x01, 0x5e, 0x00,
    0x22, 0x01, 0x11, 0x00, 0x5f, 0x01, 0x5f, 0x00, 0x21, 0x01, 0x11, 0x00, 0x5e, 0x01, 0x61, 0x00,
    0x21, 0x01, 0x0f, 0x00, 0x5f, 0x01, 0x62, 0x00, 0x22, 0x01, 0x0b, 0x00, 0x61, 0x01, 0x63, 0x00,
    0x23, 0x01, 0x07, 0x00, 0x62, 0x01, 0x66, 0x00, 0x8a, 0x01, 0x67, 0x00, 0x89, 0x01, 0x68, 0x00,
    0x87, 0x01, 0x6b, 0x00, 0x85, 0x01, 0x6c, 0x00, 0x83, 0x01, 0x6e, 0x00, 0x82, 0x01, 0x70, 0x00,
    0x7f, 0x01, 0x72, 0x00, 0x7e, 0x01, 0x74, 0x00, 0x7b, 0x01, 0x77, 0x00, 0x79, 0x01, 0x78, 0x00,
    0x77, 0x01, 0x7b, 0x00, 0x75, 0x01, 0x7c, 0x00, 0x73, 0x01, 0x7f, 0x00, 0x71, 0x01, 0x81, 0x00,
    0x6e, 0x01, 0x84, 0x00, 0x6b, 0x01, 0x87, 0x00, 0x69, 0x01, 0x89, 0x00, 0x66, 0x01, 0x8c, 0x00,
    0x63, 0x01, 0x8f, 0x00, 0x60, 0x01, 0x92, 0x00, 0x5e, 0x01, 0x94, 0x00, 0x5b, 0x01, 0x98, 0x00,
    0x57, 0x01, 0x9b, 0x00, 0x54, 0x01, 0x9f, 0x00, 0x50, 0x01, 0xa2, 0x00, 0x4e, 0x01, 0xa5, 0x00,
    0x4a, 0x01, 0xa9, 0x00, 0x45, 0x01, 0xaf, 0x00, 0x3f, 0x01, 0xb4, 0x00, 0x39, 0x01, 0xbc, 0x00,
    0x31, 0x01, 0xc4, 0x00, 0x28, 0x01, 0xce, 0x00, 0x1d, 0x01, 0xff, 0x00, 0xff, 0x00, 0xff, 0x00,
    0xff, 0x00, 0xff, 0x00, 0xff, 0x00, 0xff, 0x00, 0xff, 0x00, 0xff, 0x00, 0xff, 0x00, 0xff, 0x00,
    0xff, 0x00, 0xff, 0x00, 0xff, 0x00, 0xff, 0x00, 0xff, 0x00, 0xff, 0x00, 0xff, 0x00, 0xff, 0x00,
    0xff, 0x00, 0xff, 0x00, 0xff, 0x00, 0xff, 0x00, 0xff, 0x00, 0xff, 0x00, 0xff, 0x00, 0xff, 0x00,
    0xff, 0x00, 0xff, 0x00, 0xff, 0x00, 0xff, 0x00, 0xff, 0x00, 0xff, 0x00, 0xff, 0x00, 0xff, 0x00,
    0xff, 0x00, 0xff, 0x00, 0xff, 0x00, 0xff, 0x00, 0xff, 0x00, 0xff, 0x00, 0xff, 0x00, 0xff, 0x00,
    0xff, 0x00, 0xff, 0x00, 0xff, 0x00, 0xff, 0x00, 0xff, 0x00, 0xff, 0x00, 0xff, 0x00, 0xff, 0x00,
    0xff, 0x00, 0xff, 0x00, 0xff, 0x00, 0xff, 0x00, 0xff, 0x00, 0xff, 0x00, 0xff, 0x00, 0x9e, 0x00,
    0xff, 0x00, 0xff, 0x00, 0xff, 0x00, 0xff, 0x00, 0xff, 0x00, 0xff, 0x00, 0xff, 0x00, 0xff, 0x00,
    0xff, 0x00, 0xff, 0x00, 0xff, 0x00, 0xff, 0x00, 0xff, 0x00, 0xff, 0x00, 0xff, 0x00, 0xff, 0x00,
    0xff, 0x00, 0xff, 0x00, 0xff, 0x00, 0xff, 0x00, 0xff, 0x00, 0xff, 0x00, 0xff, 0x00, 0xff, 0x00,
    0xff, 0x00, 0xff, 0x00, 0xff, 0x00, 0xff, 0x00, 0xff, 0x00, 0xff, 0x00, 0xff, 0x00, 0xff, 0x00,
    0xff, 0x00, 0xff, 0x00, 0xff, 0x00, 0xff, 0x00, 0xff, 0x00, 0xff, 0x00, 0xff, 0x00, 0xff, 0x00,
    0xff, 0x00, 0xff, 0x00, 0xff, 0x00, 0xff, 0x00, 0xff, 0x00, 0xff, 0x00, 0xff, 0x00, 0xff, 0x00,
    0xff, 0x00, 0xff, 0x00, 0xff, 0x00, 0xff, 0x00, 0xff, 0x00, 0xff, 0x00, 0xff, 0x00, 0xff, 0x00,
    0xff, 0x00, 0xff, 0x00, 0xff, 0x00, 0xda, 0x00, 0x1d, 0x01, 0xcd, 0x00, 0x28, 0x01, 0xc3, 0x00,
    0x31, 0x01, 0xba, 0x00, 0x39, 0x01, 0xb4, 0x00, 0x3f, 0x01, 0xad, 0x00, 0x45, 0x01, 0xa8, 0x00,
    0x4a, 0x01, 0xa3, 0x00, 0x4e, 0x01, 0xa0, 0x00, 0x50, 0x01, 0x9d, 0x00, 0x54, 0x01, 0x9a, 0x00,
    0x57, 0x01, 0x96, 0x00, 0x5b, 0x01, 0x93, 0x00, 0x5e, 0x01, 0x90, 0x00, 0x60, 0x01, 0x8e, 0x00,
    0x63, 0x01, 0x8b, 0x00, 0x66, 0x01, 0x88, 0x00, 0x69, 0x01, 0x85, 0x00, 0x6b, 0x01, 0x83, 0x00,
    0x6e, 0x01, 0x80, 0x00, 0x71, 0x01, 0x7d, 0x00, 0x73, 0x01, 0x7c, 0x00, 0x75, 0x01, 0x79, 0x00,
    0x77, 0x01, 0x78, 0x00, 0x79, 0x01, 0x75, 0x00, 0x7b, 0x01, 0x73, 0x00, 0x7e, 0x01, 0x71, 0x00,
    0x7f, 0x01, 0x6f, 0x00, 0x82, 0x01, 0x6d, 0x00, 0x83, 0x01, 0x6c, 0x00, 0x85, 0x01, 0x69, 0x00,
    0x87, 0x01, 0x68, 0x00, 0x89, 0x01, 0x66, 0x00, 0x27, 0x01, 0x01, 0x00, 0x62, 0x01, 0x64, 0x00,
    0x26, 0x01, 0x07, 0x00, 0x5f, 0x01, 0x63, 0x00, 0x25, 0x01, 0x0b, 0x00, 0x5e, 0x01, 0x61, 0x00,
    0x24, 0x01, 0x0f, 0x00, 0x5c, 0x01, 0x60, 0x00, 0x24, 0x01, 0x11, 0x00, 0x5b, 0x01, 0x5f, 0x00,
    0x25, 0x01, 0x11, 0x00, 0x5c, 0x01, 0x5c, 0x00, 0x26, 0x01, 0x13, 0x00, 0x5b, 0x01, 0x5b, 0x00,
    0x26, 0x01, 0x15, 0x00, 0x5a, 0x01, 0x5a, 0x00, 0x26, 0x01, 0x17, 0x00, 0x59, 0x01, 0x59, 0x00,
    0x27, 0x01, 0x17, 0x00, 0x5a, 0x01, 0x57, 0x00, 0x27, 0x01, 0x19, 0x00, 0x59, 0x01, 0x56, 0x00,
    0x28, 0x01, 0x19, 0x00, 0x59, 0x01, 0x55, 0x00, 0x29, 0x01, 0x19, 0x00, 0x59, 0x01, 0x54, 0x00,
    0x29, 0x01, 0x1b, 0x00, 0x58, 0x01, 0x53, 0x00, 0x2a, 0x01, 0x1b, 0x00, 0x59, 0x01, 0x51, 0x00,
    0x2b, 0x01, 0x1b, 0x00, 0x59, 0x01, 0x50, 0x00, 0x2b, 0x01, 0x1d, 0x00, 0x58, 0x01, 0x4f, 0x00,
    0x2c, 0x01, 0x1d, 0x00, 0x58, 0x01, 0x4e, 0x00, 0x2d, 0x01, 0x1d, 0x00, 0x58, 0x01, 0x4d, 0x00,
    0x2e, 0x01, 0x1d, 0x00, 0x58, 0x01, 0x4c, 0x00, 0x2f, 0x01, 0x1d, 0x00, 0x58, 0x01, 0x4c, 0x00,
    0x2e, 0x01, 0x1f, 0x00, 0x57, 0x01, 0x4b, 0x00, 0x2f, 0x01, 0x1f, 0x00, 0x57, 0x01, 0x4a, 0x00,
    0x30, 0x01, 0x1f, 0x00, 0x57, 0x01, 0x49, 0x00, 0x31, 0x01, 0x1f, 0x00, 0x57, 0x01, 0x48, 0x00,
    0x32, 0x01, 0x1f, 0x00, 0x58, 0x01, 0x48, 0x00, 0x31, 0x01, 0x1f, 0x00, 0x57, 0x01, 0x4a, 0x00,
    0x30, 0x01, 0x1f, 0x00, 0x57, 0x01, 0x4b, 0x00, 0x2f, 0x01, 0x1f, 0x00, 0x57, 0x01, 0x4c, 0x00,
    0x2e, 0x01, 0x1f, 0x00, 0x57, 0x01, 0x4c, 0x00, 0x2f, 0x01, 0x1d, 0x00, 0x58, 0x01, 0x4d, 0x00,
    0x2e, 0x01, 0x1d, 0x00, 0x58, 0x01, 0x4e, 0x00, 0x2d, 0x01, 0x1d, 0x00, 0x58, 0x01, 0x4f, 0x00,
    0x2c, 0x01, 0x1d, 0x00, 0x58, 0x01, 0x50, 0x00, 0x2b, 0x01, 0x1d, 0x00, 0x58, 0x01, 0x51, 0x00,
    0x2b, 0x01, 0x1b, 0x00, 0x59, 0x01, 0x52, 0x00, 0x2a, 0x01, 0x1b, 0x00, 0x59, 0x01, 0x53, 0x00,
    0x29, 0x01, 0x1b, 0x00, 0x58, 0x01, 0x55, 0x00, 0x29, 0x01, 0x19, 0x00, 0x59, 0x01, 0x56, 0x00,
    0x28, 0x01, 0x19, 0x00, 0x59, 0x01, 0x57, 0x00, 0x27, 0x01, 0x19, 0x00, 0x59, 0x01, 0x58, 0x00,
    0x27, 0x01, 0x17, 0x00, 0x5a, 0x01, 0x59, 0x00, 0x26, 0x01, 0x17, 0x00, 0x59, 0x01, 0x5b, 0x00,
    0x26, 0x01, 0x15, 0x00, 0x5a, 0x01, 0x5c, 0x00, 0x26, 0x01, 0x13, 0x00, 0x5b, 0x01, 0x5e, 0x00,
    0x25, 0x01, 0x11, 0x00, 0x5c, 0x01, 0x5f, 0x00, 0x24, 0x01, 0x11, 0x00, 0x5b, 0x01, 0x61, 0x00,
    0x24, 0x01, 0x0f, 0x00, 0x5c, 0x01, 0x62, 0x00, 0x25, 0x01, 0x0b, 0x00, 0x5e, 0x01, 0x63, 0x00,
    0x26, 0x01, 0x07, 0x00, 0x5f, 0x01, 0x66, 0x00, 0x8a, 0x01, 0x67, 0x00, 0x89, 0x01, 0x68, 0x00,
    0x87, 0x01, 0x6b, 0x00, 0x85, 0x01, 0x6c, 0x00, 0x83, 0x01, 0x6e, 0x00, 0x82, 0x01, 0x70, 0x00,
    0x7f, 0x01, 0x72, 0x00, 0x7e, 0x01, 0x74, 0x00, 0x7b, 0x01, 0x77, 0x00, 0x79, 0x01, 0x78, 0x00,
    0x77, 0x01, 0x7b, 0x00, 0x75, 0x01, 0x7c, 0x00, 0x73, 0x01, 0x7f, 0x00, 0x71, 0x01, 0x81, 0x00,
    0x6e, 0x01, 0x84, 0x00, 0x6b, 0x01, 0x87, 0x00, 0x69, 0x01, 0x89, 0x00, 0x66, 0x01, 0x8c, 0x00,
    0x63, 0x01, 0x8f, 0x00, 0x60, 0x01, 0x92, 0x00, 0x5e, 0x01, 0x94, 0x00, 0x5b, 0x01, 0x98, 0x00,
    0x57, 0x01, 0x9b, 0x00, 0x54, 0x01, 0x9f, 0x00, 0x50, 0x01, 0xa2, 0x00, 0x4e, 0x01, 0xa5, 0x00,
    0x4a, 0x01, 0xa9, 0x00, 0x45, 0x01, 0xaf, 0x00, 0x3f, 0x01, 0xb4, 0x00, 0x39, 0x01, 0xbc, 0x00,
    0x31, 0x01, 0xc4, 0x00, 0x28, 0x01, 0xce, 0x00, 0x1d, 0x01, 0xff, 0x00, 0xff, 0x00, 0xff, 0x00,
    0xff, 0x00, 0xff, 0x00, 0xff, 0x00, 0xff, 0x00, 0xff, 0x00, 0xff, 0x00, 0xff, 0x00, 0xff, 0x00,
    0xff, 0x00, 0xff, 0x00, 0xff, 0x00, 0xff, 0x00, 0xff, 0x00, 0xff, 0x00, 0xff, 0x00, 0xff, 0x00,
    0xff, 0x00, 0xff, 0x00, 0xff, 0x00, 0xff, 0x00, 0xff, 0x00, 0xff, 0x00, 0xff, 0x00, 0xff, 0x00,
    0xff, 0x00, 0xff, 0x00, 0xff, 0x00, 0xff, 0x00, 0xff, 0x00, 0xff, 0x00, 0xff, 0x00, 0xff, 0x00,
    0xff, 0x00, 0xff, 0x00, 0xff, 0x00, 0xff, 0x00, 0xff, 0x00, 0xff, 0x00, 0xff, 0x00, 0xff, 0x00,
    0xff, 0x00, 0xff, 0x00, 0xff, 0x00, 0xff, 0x00, 0xff, 0x00, 0xff, 0x00, 0xff, 0x00, 0xff, 0x00,
    0xff, 0x00, 0xff, 0x00, 0xff, 0x00, 0xff, 0x00, 0xff, 0x00, 0xff, 0x00, 0xff, 0x00, 0x9e, 0x00,
    0xff, 0x00, 0xff, 0x00, 0xff, 0x00, 0xff, 0x00, 0xff, 0x00, 0xff, 0x00, 0xff, 0x00, 0xff, 0x00,
    0xff, 0x00, 0xff, 0x00, 0xff, 0x00, 0xff, 0x00, 0xff, 0x00, 0xff, 0x00, 0xff, 0x00, 0xff, 0x00,
    0xff, 0x00, 0xff, 0x00, 0xff, 0x00, 0xff, 0x00, 0xff, 0x00, 0xff, 0x00, 0xff, 0x00, 0xff, 0x00,
    0xff, 0x00, 0xff, 0x00, 0xff, 0x00, 0xff, 0x00, 0xff, 0x00, 0xff, 0x00, 0xff, 0x00, 0xff, 0x00,
    0xff, 0x00, 0xff, 0x00, 0xff, 0x00, 0xff, 0x00, 0xff, 0x00, 0xff, 0x00, 0xff, 0x00, 0xff, 0x00,
    0xff, 0x00, 0xff, 0x00, 0xff, 0x00, 0xff, 0x00, 0xff, 0x00, 0xff, 0x00, 0xff, 0x00, 0xff, 0x00,
    0xff, 0x00, 0xff, 0x00, 0xff, 0x00, 0xff, 0x00, 0xff, 0x00, 0xff, 0x00, 0xff, 0x00, 0xff, 0x00,
    0xff, 0x00, 0xff, 0x00, 0xff, 0x00, 0xda, 0x00, 0x1d, 0x01, 0xcd, 0x00, 0x28, 0x01, 0xc3, 0x00,
    0x31, 0x01, 0xba, 0x00, 0x39, 0x01, 0xb4, 0x00, 0x3f, 0x01, 0xad, 0x00, 0x45, 0x01, 0xa8, 0x00,
    0x4a, 0x01, 0xa3, 0x00, 0x4e, 0x01, 0xa0, 0x00, 0x50, 0x01, 0x9d, 0x00, 0x54, 0x01, 0x9a, 0x00,
    0x57, 0x01, 0x96, 0x00, 0x5b, 0x01, 0x93, 0x00, 0x5e, 0x01, 0x90, 0x00, 0x60, 0x01, 0x8e, 0x00,
    0x63, 0x01, 0x8b, 0x00, 0x66, 0x01, 0x88, 0x00, 0x69, 0x01, 0x85, 0x00, 0x6b, 0x01, 0x83, 0x00,
    0x6e, 0x01, 0x80, 0x00, 0x71, 0x01, 0x7d, 0x00, 0x73, 0x01, 0x7c, 0x00, 0x75, 0x01, 0x79, 0x00,
    0x77, 0x01, 0x78, 0x00, 0x79, 0x01, 0x75, 0x00, 0x7b, 0x01, 0x73, 0x00, 0x7e, 0x01, 0x71, 0x00,
    0x7f, 0x01, 0x6f, 0x00, 0x82, 0x01, 0x6d, 0x00, 0x83, 0x01, 0x6c, 0x00, 0x85, 0x01, 0x69, 0x00,
    0x87, 0x01, 0x68, 0x00, 0x89, 0x01, 0x66, 0x00, 0x26, 0x01, 0x01, 0x00, 0x63, 0x01, 0x64, 0x00,
    0x25, 0x01, 0x07, 0x00, 0x60, 0x01, 0x63, 0x00, 0x24, 0x01, 0x0b, 0x00, 0x5f, 0x01, 0x61, 0x00,
    0x23, 0x01, 0x0f, 0x00, 0x5d, 0x01, 0x60, 0x00, 0x23, 0x01, 0x11, 0x00, 0x5c, 0x01, 0x5f, 0x00,
    0x24, 0x01, 0x11, 0x00, 0x5d, 0x01, 0x5c, 0x00, 0x25, 0x01, 0x13, 0x00, 0x5c, 0x01, 0x5b, 0x00,
    0x25, 0x01, 0x15, 0x00, 0x5b, 0x01, 0x5a, 0x00, 0x25, 0x01, 0x17, 0x00, 0x5a, 0x01, 0x59, 0x00,
    0x26, 0x01, 0x17, 0x00, 0x5b, 0x01, 0x57, 0x00, 0x26, 0x01, 0x19, 0x00, 0x5a, 0x01, 0x56, 0x00,
    0x27, 0x01, 0x19, 0x00, 0x5a, 0x01, 0x55, 0x00, 0x28, 0x01, 0x19, 0x00, 0x5a, 0x01, 0x54, 0x00,
    0x28, 0x01, 0x1b, 0x00, 0x59, 0x01, 0x53, 0x00, 0x29, 0x01, 0x1b, 0x00, 0x5a, 0x01, 0x51, 0x00,
    0x2a, 0x01, 0x1b, 0x00, 0x5a, 0x01, 0x50, 0x00, 0x2a, 0x01, 0x1d, 0x00, 0x59, 0x01, 0x4f, 0x00,
    0x2b, 0x01, 0x1d, 0x00, 0x59, 0x01, 0x4e, 0x00, 0x2c, 0x01, 0x1d, 0x00, 0x59, 0x01, 0x4d, 0x00,
    0x2d, 0x01, 0x1d, 0x00, 0x59, 0x01, 0x4c, 0x00, 0x2e, 0x01, 0x1d, 0x00, 0x59, 0x01, 0x4c, 0x00,
    0x2d, 0x01, 0x1f, 0x00, 0x58, 0x01, 0x4b, 0x00, 0x2e, 0x01, 0x1f, 0x00, 0x58, 0x01, 0x4a, 0x00,
    0x2f, 0x01, 0x1f, 0x00, 0x58, 0x01, 0x49, 0x00, 0x30, 0x01, 0x1f, 0x00, 0x58, 0x01, 0x48, 0x00,
    0x31, 0x01, 0x1f, 0x00, 0x59, 0x01, 0x48, 0x00, 0x30, 0x01, 0x1f, 0x00, 0x58, 0x01, 0x4a, 0x00,
    0x2f, 0x01, 0x1f, 0x00, 0x58, 0x01, 0x4b, 0x00, 0x2e, 0x01, 0x1f, 0x00, 0x58, 0x01, 0x4c, 0x00,
    0x2d, 0x01, 0x1f, 0x00, 0x58, 0x01, 0x4c, 0x00, 0x2e, 0x01, 0x1d, 0x00, 0x59, 0x01, 0x4d, 0x00,
    0x2d, 0x01, 0x1d, 0x00, 0x59, 0x01, 0x4e, 0x00, 0x2c, 0x01, 0x1d, 0x00, 0x59, 0x01, 0x4f, 0x00,
    0x2b, 0x01, 0x1d, 0x00, 0x59, 0x01, 0x50, 0x00, 0x2a, 0x01, 0x1d, 0x00, 0x59, 0x01, 0x51, 0x00,
    0x2a, 0x01, 0x1b, 0x00, 0x5a, 0x01, 0x52, 0x00, 0x29, 0x01, 0x1b, 0x00, 0x5a, 0x01, 0x53, 0x00,
    0x28, 0x01, 0x1b, 0x00, 0x59, 0x01, 0x55, 0x00, 0x28, 0x01, 0x19, 0x00, 0x5a, 0x01, 0x56, 0x00,
    0x27, 0x01, 0x19, 0x00, 0x5a, 0x01, 0x57, 0x00, 0x26, 0x01, 0x19, 0x00, 0x5a, 0x01, 0x58, 0x00,
    0x26, 0x01, 0x17, 0x00, 0x5b, 0x01, 0x59, 0x00, 0x25, 0x01, 0x17, 0x00, 0x5a, 0x01, 0x5b, 0x00,
    0x25, 0x01, 0x15, 0x00, 0x5b, 0x01, 0x5c, 0x00, 0x25, 0x01, 0x13, 0x00, 0x5c, 0x01, 0x5e, 0x00,
    0x24, 0x01, 0x11, 0x00, 0x5d, 0x01, 0x5f, 0x00, 0x23, 0x01, 0x11, 0x00, 0x5c, 0x01, 0x61, 0x00,
    0x23, 0x01, 0x0f, 0x00, 0x5d, 0x01, 0x62, 0x00, 0x24, 0x01, 0x0b, 0x00, 0x5f, 0x01, 0x63, 0x00,
    0x25, 0x01, 0x07, 0x00, 0x60, 0x01, 0x66, 0x00, 0x8a, 0x01, 0x67, 0x00, 0x89, 0x01, 0x68, 0x00,
    0x87, 0x01, 0x6b, 0x00, 0x85, 0x01, 0x6c, 0x00, 0x83, 0x01, 0x6e, 0x00, 0x82, 0x01, 0x70, 0x00,
    0x7f, 0x01, 0x72, 0x00, 0x7e, 0x01, 0x74, 0x00, 0x7b, 0x01, 0x77, 0x00, 0x79, 0x01, 0x78, 0x00,
    0x77, 0x01, 0x7b, 0x00, 0x75, 0x01, 0x7c, 0x00, 0x73, 0x01, 0x7f, 0x00, 0x71, 0x01, 0x81, 0x00,
    0x6e, 0x01, 0x84, 0x00, 0x6b, 0x01, 0x87, 0x00, 0x69, 0x01, 0x89, 0x00, 0x66, 0x01, 0x8c, 0x00,
    0x63, 0x01, 0x8f, 0x00, 0x60, 0x01, 0x92, 0x00, 0x5e, 0x01, 0x94, 0x00, 0x5b, 0x01, 0x98, 0x00,
    0x57, 0x01, 0x9b, 0x00, 0x54, 0x01, 0x9f, 0x00, 0x50, 0x01, 0xa2, 0x00, 0x4e, 0x01, 0xa5, 0x00,
    0x4a, 0x01, 0xa9, 0x00, 0x45, 0x01, 0xaf, 0x00, 0x3f, 0x01, 0xb4, 0x00, 0x39, 0x01, 0xbc, 0x00,
    0x31, 0x01, 0xc4, 0x00, 0x28, 0x01, 0xce, 0x00, 0x1d, 0x01, 0xff, 0x00, 0xff, 0x00, 0xff, 0x00,
    0xff, 0x00, 0xff, 0x00, 0xff, 0x00, 0xff, 0x00, 0xff, 0x00, 0xff, 0x00, 0xff, 0x00, 0xff, 0x00,
    0xff, 0x00, 0xff, 0x00, 0xff, 0x00, 0xff, 0x00, 0xff, 0x00, 0xff, 0x00, 0xff, 0x00, 0xff, 0x00,
    0xff, 0x00, 0xff, 0x00, 0xff, 0x00, 0xff, 0x00, 0xff, 0x00, 0xff, 0x00, 0xff, 0x00, 0xff, 0x00,
    0xff, 0x00, 0xff, 0x00, 0xff, 0x00, 0xff, 0x00, 0xff, 0x00, 0xff, 0x00, 0xff, 0x00, 0xff, 0x00,
    0xff, 0x00, 0xff, 0x00, 0xff, 0x00, 0xff, 0x00, 0xff, 0x00, 0xff, 0x00, 0xff, 0x00, 0xff, 0x00,
    0xff, 0x00, 0xff, 0x00, 0xff, 0x00, 0xff, 0x00, 0xff, 0x00, 0xff, 0x00, 0xff, 0x00, 0xff, 0x00,
    0xff, 0x00, 0xff, 0x00, 0xff, 0x00, 0xff, 0x00, 0xff, 0x00, 0xff, 0x00, 0xff, 0x00, 0x9e, 0x00,
    0xff, 0x00, 0xff, 0x00, 0xff, 0x00, 0xff, 0x00, 0xff, 0x00, 0xff, 0x00, 0xff, 0x00, 0xff, 0x00,
    0xff, 0x00, 0xff, 0x00, 0xff, 0x00, 0xff, 0x00, 0xff, 0x00, 0xff, 0x00, 0xff, 0x00, 0xff, 0x00,
    0xff, 0x00, 0xff, 0x00, 0xff, 0x00, 0xff, 0x00, 0xff, 0x00, 0xff, 0x00, 0xff, 0x00, 0xff, 0x00,
    0xff, 0x00, 0xff, 0x00, 0xff, 0x00, 0xff, 0x00, 0xff, 0x00, 0xff, 0x00, 0xff, 0x00, 0xff, 0x00,
    0xff, 0x00, 0xff, 0x00, 0xff, 0x00, 0xff, 0x00, 0xff, 0x00, 0xff, 0x00, 0xff, 0x00, 0xff, 0x00,
    0xff, 0x00, 0xff, 0x00, 0xff, 0x00, 0xff, 0x00, 0xff, 0x00, 0xff, 0x00, 0xff, 0x00, 0xff, 0x00,
    0xff, 0x00, 0xff, 0x00, 0xff, 0x00, 0xff, 0x00, 0xff, 0x00, 0xff, 0x00, 0xff, 0x00, 0xff, 0x00,
    0xff, 0x00, 0xff, 0x00, 0xff, 0x00, 0xda, 0x00, 0x1d, 0x01, 0xcd, 0x00, 0x28, 0x01, 0xc3, 0x00,
    0x31, 0x01, 0xba, 0x00, 0x39, 0x01, 0xb4, 0x00, 0x3f, 0x01, 0xad, 0x00, 0x45, 0x01, 0xa8, 0x00,
    0x4a, 0x01, 0xa3, 0x00, 0x4e, 0x01, 0xa0, 0x00, 0x50, 0x01, 0x9d, 0x00, 0x54, 0x01, 0x9a, 0x00,
    0x57, 0x01, 0x96, 0x00, 0x5b, 0x01, 0x93, 0x00, 0x5e, 0x01, 0x90, 0x00, 0x60, 0x01, 0x8e, 0x00,
    0x63, 0x01, 0x8b, 0x00, 0x66, 0x01, 0x88, 0x00, 0x69, 0x01, 0x85, 0x00, 0x6b, 0x01, 0x83, 0x00,
    0x6e, 0x01, 0x80, 0x00, 0x71, 0x01, 0x7d, 0x00, 0x73, 0x01, 0x7c, 0x00, 0x75, 0x01, 0x79, 0x00,
    0x77, 0x01, 0x78, 0x00, 0x79, 0x01, 0x75, 0x00, 0x7b, 0x01, 0x73, 0x00, 0x7e, 0x01, 0x71, 0x00,
    0x7f, 0x01, 0x6f, 0x00, 0x82, 0x01, 0x6d, 0x00, 0x83, 0x01, 0x6c, 0x00, 0x85, 0x01, 0x69, 0x00,
    0x87, 0x01, 0x68, 0x00, 0x89, 0x01, 0x66, 0x00, 0x28, 0x01, 0x01, 0x00, 0x61, 0x01, 0x64, 0x00,
    0x27, 0x01, 0x07, 0x00, 0x5e, 0x01, 0x63, 0x00, 0x26, 0x01, 0x0b, 0x00, 0x5d, 0x01, 0x61, 0x00,
    0x25, 0x01, 0x0f, 0x00, 0x5b, 0x01, 0x60, 0x00, 0x25, 0x01, 0x11, 0x00, 0x5a, 0x01, 0x5f, 0x00,
    0x26, 0x01, 0x11, 0x00, 0x5b, 0x01, 0x5c, 0x00, 0x27, 0x01, 0x13, 0x00, 0x5a, 0x01, 0x5b, 0x00,
    0x27, 0x01, 0x15, 0x00, 0x59, 0x01, 0x5a, 0x00, 0x27, 0x01, 0x17, 0x00, 0x58, 0x01, 0x59, 0x00,
    0x28, 0x01, 0x17, 0x00, 0x59, 0x01, 0x57, 0x00, 0x28, 0x01, 0x19, 0x00, 0x58, 0x01, 0x56, 0x00,
    0x29, 0x01, 0x19, 0x00, 0x58, 0x01, 0x55, 0x00, 0x2a, 0x01, 0x19, 0x00, 0x58, 0x01, 0x54, 0x00,
    0x2a, 0x01, 0x1b, 0x00, 0x57, 0x01, 0x53, 0x00, 0x2b, 0x01, 0x1b, 0x00, 0x58, 0x01, 0x51, 0x00,
    0x2c, 0x01, 0x1b, 0x00, 0x58, 0x01, 0x50, 0x00, 0x2c, 0x01, 0x1d, 0x00, 0x57, 0x01, 0x4f, 0x00,
    0x2d, 0x01, 0x1d, 0x00, 0x57, 0x01, 0x4e, 0x00, 0x2e, 0x01, 0x1d, 0x00, 0x57, 0x01, 0x4d, 0x00,
    0x2f, 0x01, 0x1d, 0x00, 0x57, 0x01, 0x4c, 0x00, 0x30, 0x01, 0x1d, 0x00, 0x57, 0x01, 0x4c, 0x00,
    0x2f, 0x01, 0x1f, 0x00, 0x56, 0x01, 0x4b, 0x00, 0x30, 0x01, 0x1f, 0x00, 0x56, 0x01, 0x4a, 0x00,
    0x31, 0x01, 0x1f, 0x00, 0x56, 0x01, 0x49, 0x00, 0x32, 0x01, 0x1f, 0x00, 0x56, 0x01, 0x48, 0x00,
    0x33, 0x01, 0x1f, 0x00, 0x57, 0x01, 0x48, 0x00, 0x32, 0x01, 0x1f, 0x00, 0x56, 0x01, 0x4a, 0x00,
    0x31, 0x01, 0x1f, 0x00, 0x56, 0x01, 0x4b, 0x00, 0x30, 0x01, 0x1f, 0x00, 0x56, 0x01, 0x4c, 0x00,
    0x2f, 0x01, 0x1f, 0x00, 0x56, 0x01, 0x4c, 0x00, 0x30, 0x01, 0x1d, 0x00, 0x57, 0x01, 0x4d, 0x00,
    0x2f, 0x01, 0x1d, 0x00, 0x57, 0x01, 0x4e, 0x00, 0x2e, 0x01, 0x1d, 0x00, 0x57, 0x01, 0x4f, 0x00,
    0x2d, 0x01, 0x1d, 0x00, 0x57, 0x01, 0x50, 0x00, 0x2c, 0x01, 0x1d, 0x00, 0x57, 0x01, 0x51, 0x00,
    0x2c, 0x01, 0x1b, 0x00, 0x58, 0x01, 0x52, 0x00, 0x2b, 0x01, 0x1b, 0x00, 0x58, 0x01, 0x53, 0x00,
    0x2a, 0x01, 0x1b, 0x00, 0x57, 0x01, 0x55, 0x00, 0x2a, 0x01, 0x19, 0x00, 0x58, 0x01, 0x56, 0x00,
    0x29, 0x01, 0x19, 0x00, 0x58, 0x01, 0x57, 0x00, 0x28, 0x01, 0x19, 0x00, 0x58, 0x01, 0x58, 0x00,
    0x28, 0x01, 0x17, 0x00, 0x59, 0x01, 0x59, 0x00, 0x27, 0x01, 0x17, 0x00, 0x58, 0x01, 0x5b, 0x00,
    0x27, 0x01, 0x15, 0x00, 0x59, 0x01, 0x5c, 0x00, 0x27, 0x01, 0x13, 0x00, 0x5a, 0x01, 0x5e, 0x00,
    0x26, 0x01, 0x11, 0x00, 0x5b, 0x01, 0x5f, 0x00, 0x25, 0x01, 0x11, 0x00, 0x5a, 0x01, 0x61, 0x00,
    0x25, 0x01, 0x0f, 0x00, 0x5b, 0x01, 0x62, 0x00, 0x26, 0x01, 0x0b, 0x00, 0x5d, 0x01, 0x63, 0x00,
    0x27, 0x01, 0x07, 0x00, 0x5e, 0x01, 0x66, 0x00, 0x8a, 0x01, 0x67, 0x00, 0x89, 0x01, 0x68, 0x00,
    0x87, 0x01, 0x6b, 0x00, 0x85, 0x01, 0x6c, 0x00, 0x83, 0x01, 0x6e, 0x00, 0x82, 0x01, 0x70, 0x00,
    0x7f, 0x01, 0x72, 0x00, 0x7e, 0x01, 0x74, 0x00, 0x7b, 0x01, 0x77, 0x00, 0x79, 0x01, 0x78, 0x00,
    0x77, 0x01, 0x7b, 0x00, 0x75, 0x01, 0x7c, 0x00, 0x73, 0x01, 0x7f, 0x00, 0x71, 0x01, 0x81, 0x00,
    0x6e, 0x01, 0x84, 0x00, 0x6b, 0x01, 0x87, 0x00, 0x69, 0x01, 0x89, 0x00, 0x66, 0x01, 0x8c, 0x00,
    0x63, 0x01, 0x8f, 0x00, 0x60, 0x01, 0x92, 0x00, 0x5e, 0x01, 0x94, 0x00, 0x5b, 0x01, 0x98, 0x00,
    0x57, 0x01, 0x9b, 0x00, 0x54, 0x01, 0x9f, 0x00, 0x50, 0x01, 0xa2, 0x00, 0x4e, 0x01, 0xa5, 0x00,
    0x4a, 0x01, 0xa9, 0x00, 0x45, 0x01, 0xaf, 0x00, 0x3f, 0x01, 0xb4, 0x00, 0x39, 0x01, 0xbc, 0x00,
    0x31, 0x01, 0xc4, 0x00, 0x28, 0x01, 0xce, 0x00, 0x1d, 0x01, 0xff, 0x00, 0xff, 0x00, 0xff, 0x00,
    0xff, 0x00, 0xff, 0x00, 0xff, 0x00, 0xff, 0x00, 0xff, 0x00, 0xff, 0x00, 0xff, 0x00, 0xff, 0x00,
    0xff, 0x00, 0xff, 0x00, 0xff, 0x00, 0xff, 0x00, 0xff, 0x00, 0xff, 0x00, 0xff, 0x00, 0xff, 0x00,
    0xff, 0x00, 0xff, 0x00, 0xff, 0x00, 0xff, 0x00, 0xff, 0x00, 0xff, 0x00, 0xff, 0x00, 0xff, 0x00,
    0xff, 0x00, 0xff, 0x00, 0xff, 0x00, 0xff, 0x00, 0xff, 0x00, 0xff, 0x00, 0xff, 0x00, 0xff, 0x00,
    0xff, 0x00, 0xff, 0x00, 0xff, 0x00, 0xff, 0x00, 0xff, 0x00, 0xff, 0x00, 0xff, 0x00, 0xff, 0x00,
    0xff, 0x00, 0xff, 0x00, 0xff, 0x00, 0xff, 0x00, 0xff, 0x00, 0xff, 0x00, 0xff, 0x00, 0xff, 0x00,
    0xff, 0x00, 0xff, 0x00, 0xff, 0x00, 0xff, 0x00, 0xff, 0x00, 0xff, 0x00, 0xff, 0x00, 0x9e, 0x00,
    0xff, 0x00, 0xff, 0x00, 0xff, 0x00, 0xff, 0x00, 0xff, 0x00, 0xff, 0x00, 0xff, 0x00, 0xff, 0x00,
    0xff, 0x00, 0xff, 0x00, 0xff, 0x00, 0xff, 0x00, 0xff, 0x00, 0xff, 0x00, 0xff, 0x00, 0xff, 0x00,
    0xff, 0x00, 0xff, 0x00, 0xff, 0x00, 0xff, 0x00, 0xff, 0x00, 0xff, 0x00, 0xff, 0x00, 0xff, 0x00,
    0xff, 0x00, 0xff, 0x00, 0xff, 0x00, 0xff, 0x00, 0xff, 0x00, 0xff, 0x00, 0xff, 0x00, 0xff, 0x00,
    0xff, 0x00, 0xff, 0x00, 0xff, 0x00, 0xff, 0x00, 0xff, 0x00, 0xff, 0x00, 0xff, 0x00, 0xff, 0x00,
    0xff, 0x00, 0xff, 0x00, 0xff, 0x00, 0xff, 0x00, 0xff, 0x00, 0xff, 0x00, 0xff, 0x00, 0xff, 0x00,
    0xff, 0x00, 0xff, 0x00, 0xff, 0x00, 0xff, 0x00, 0xff, 0x00, 0xff, 0x00, 0xff, 0x00, 0xff, 0x00,
    0xff, 0x00, 0xff, 0x00, 0xff, 0x00, 0xff, 0x00, 0xff, 0x00, 0xff, 0x00, 0xff, 0x00, 0xff, 0x00,
    0xff, 0x00, 0xff, 0x00, 0xff, 0x00, 0xff, 0x00, 0xff, 0x00, 0xff, 0x00, 0xff, 0x00, 0xff, 0x00,
    0xff, 0x00, 0xff, 0x00, 0xff, 0x00, 0xff, 0x00, 0xff, 0x00, 0xff, 0x00, 0xff, 0x00, 0xff, 0x00,
    0xff, 0x00, 0xff, 0x00, 0xff, 0x00, 0xff, 0x00, 0xff, 0x00, 0xff, 0x00, 0xff, 0x00, 0xff, 0x00,
    0xff, 0x00, 0xff, 0x00, 0xff, 0x00, 0xff, 0x00, 0xff, 0x00, 0xff, 0x00, 0xff, 0x00, 0xff, 0x00,
    0xff, 0x00, 0xff, 0x00, 0xff, 0x00, 0xff, 0x00, 0xff, 0x00, 0xff, 0x00, 0xff, 0x00, 0xe9, 0x00,
    0x2d, 0x02, 0xba, 0x00, 0x3f, 0x02, 0xaa, 0x00, 0x4d, 0x02, 0x9d, 0x00, 0x59, 0x02, 0x92, 0x00,
    0x63, 0x02, 0x88, 0x00, 0x6d, 0x02, 0x7f, 0x00, 0x75, 0x02, 0x77, 0x00, 0x7d, 0x02, 0x6f, 0x00,
    0x85, 0x02, 0x67, 0x00, 0x8d, 0x02, 0x60, 0x00, 0x93, 0x02, 0x5a, 0x00, 0x36, 0x02, 0x2d, 0x00,
    0x35, 0x02, 0x57, 0x00, 0x2e, 0x02, 0x3f, 0x00, 0x2e, 0x02, 0x52, 0x00, 0x2a, 0x02, 0x4d, 0x00,
    0x28, 0x02, 0x50, 0x00, 0x25, 0x02, 0x58, 0x00, 0x24, 0x02, 0x4f, 0x00, 0x20, 0x02, 0x63, 0x00,
    0x1e, 0x02, 0x4f, 0x00, 0x1c, 0x02, 0x6b, 0x00, 0x1a, 0x02, 0x4e, 0x00, 0x18, 0x02, 0x75, 0x00,
    0x15, 0x02, 0x4f, 0x00, 0x13, 0x02, 0x7d, 0x00, 0x11, 0x02, 0x4f, 0x00, 0x0f, 0x02, 0x85, 0x00,
    0x0d, 0x02, 0x4f, 0x00, 0x0c, 0x02, 0x8b, 0x00, 0x09, 0x02, 0x51, 0x00, 0x07, 0x02, 0x93, 0x00,
    0x03, 0x02, 0x56, 0x00, 0x01, 0x02, 0xff, 0x00, 0xff, 0x00, 0xff, 0x00, 0xff, 0x00, 0xff, 0x00,
    0xff, 0x00, 0xff, 0x00, 0xff, 0x00, 0xff, 0x00, 0xff, 0x00, 0xff, 0x00, 0xff, 0x00, 0xff, 0x00,
    0xff, 0x00, 0xff, 0x00, 0xff, 0x00, 0xff, 0x00, 0xff, 0x00, 0xff, 0x00, 0xff, 0x00, 0xff, 0x00,
    0xff, 0x00, 0xff, 0x00, 0xff, 0x00, 0xff, 0x00, 0xff, 0x00, 0xff, 0x00, 0xff, 0x00, 0xff, 0x00,
    0xff, 0x00, 0xff, 0x00, 0xff, 0x00, 0xff, 0x00, 0xff, 0x00, 0xff, 0x00, 0xff, 0x00, 0xff, 0x00,
    0xff, 0x00, 0xff, 0x00, 0xff, 0x00, 0xff, 0x00, 0xff, 0x00, 0xff, 0x00, 0xff, 0x00, 0xff, 0x00,
    0xff, 0x00, 0xff, 0x00, 0xff, 0x00, 0xff, 0x00, 0xff, 0x00, 0xff, 0x00, 0xff, 0x00, 0xff, 0x00,
    0xff, 0x00, 0xff, 0x00, 0xff, 0x00, 0xff, 0x00, 0xff, 0x00, 0xff, 0x00, 0xff, 0x00, 0xff, 0x00,
    0xff, 0x00, 0xff, 0x00, 0xff, 0x00, 0xff, 0x00, 0xff, 0x00, 0xff, 0x00, 0xff, 0x00, 0xff, 0x00,
    0xff, 0x00, 0xff, 0x00, 0xff, 0x00, 0xff, 0x00, 0xff, 0x00, 0xff, 0x00, 0xff, 0x00, 0xff, 0x00,
    0xff, 0x00, 0xff, 0x00, 0xff, 0x00, 0xff, 0x00, 0xff, 0x00, 0xff, 0x00, 0xff, 0x00, 0xff, 0x00,
    0xff, 0x00, 0xff, 0x00, 0xff, 0x00, 0xff, 0x00, 0xff, 0x00, 0xff, 0x00, 0xff, 0x00, 0xff, 0x00,
    0xff, 0x00, 0xff, 0x00, 0xff, 0x00, 0xff, 0x00, 0xff, 0x00, 0xff, 0x00, 0xff, 0x00, 0xff, 0x00,
    0x79, 0x00, 0xff, 0x00, 0xff, 0x00, 0xff, 0x00, 0xff, 0x00, 0xff, 0x00, 0xff, 0x00, 0xff, 0x00,
    0xff, 0x00, 0xff, 0x00, 0xff, 0x00, 0xff, 0x00, 0xff, 0x00, 0xff, 0x00, 0xff, 0x00, 0xff, 0x00,
    0xff, 0x00, 0xff, 0x00, 0xff, 0x00, 0xff, 0x00, 0xff, 0x00, 0xff, 0x00, 0xff, 0x00, 0xff, 0x00,
    0xff, 0x00, 0xff, 0x00, 0xff, 0x00, 0xff, 0x00, 0xff, 0x00, 0xff, 0x00, 0xff, 0x00, 0xff, 0x00,
    0xff, 0x00, 0xff, 0x00, 0xff, 0x00, 0xff, 0x00, 0xff, 0x00, 0xff, 0x00, 0xff, 0x00, 0xff, 0x00,
    0xff, 0x00, 0xff, 0x00, 0xff, 0x00, 0xff, 0x00, 0xff, 0x00, 0xff, 0x00, 0xff, 0x00, 0xff, 0x00,
    0xff, 0x00, 0xff, 0x00, 0xff, 0x00, 0xff, 0x00, 0xff, 0x00, 0xff, 0x00, 0xff, 0x00, 0xff, 0x00,
    0xff, 0x00, 0xff, 0x00, 0xff, 0x00, 0xff, 0x00, 0xff, 0x00, 0xff, 0x00, 0xff, 0x00, 0xff, 0x00,
    0xff, 0x00, 0xff, 0x00, 0xff, 0x00, 0xff, 0x00, 0xff, 0x00, 0xff, 0x00, 0xff, 0x00, 0xff, 0x00,
    0xff, 0x00, 0xff, 0x00, 0xff, 0x00, 0xff, 0x00, 0xff, 0x00, 0xff, 0x00, 0xff, 0x00, 0xff, 0x00,
    0xff, 0x00, 0xff, 0x00, 0xff, 0x00, 0xff, 0x00, 0xff, 0x00, 0xff, 0x00, 0xff, 0x00, 0xff, 0x00,
    0xff, 0x00, 0xff, 0x00, 0xff, 0x00, 0xff, 0x00, 0xff, 0x00, 0xff, 0x00, 0xff, 0x00, 0xff, 0x00,
    0xff, 0x00, 0xff, 0x00, 0x52, 0x00, 0x2f, 0x02, 0xb3, 0x00, 0x4b, 0x02, 0x9b, 0x00, 0x5f, 0x02,
    0x89, 0x00, 0x6f, 0x02, 0x7b, 0x00, 0x7b, 0x02, 0x70, 0x00, 0x25, 0x02, 0x3a, 0x0f, 0x26, 0x02,
    0x66, 0x00, 0x2a, 0x02, 0x3a, 0x0f, 0x2b, 0x02, 0x5e, 0x00, 0x2d, 0x02, 0x3a, 0x0f, 0x2e, 0x02,
    0x57, 0x00, 0x31, 0x02, 0x3a, 0x0f, 0x32, 0x02, 0x50, 0x00, 0x34, 0x02, 0x3a, 0x0f, 0x35, 0x02,
    0x4b, 0x00, 0x36, 0x02, 0x3a, 0x0f, 0x37, 0x02, 0x47, 0x00, 0x38, 0x02, 0x06, 0x0f, 0x07, 0x00,
    0x2d, 0x0f, 0x39, 0x02, 0x43, 0x00, 0x3a, 0x02, 0x06, 0x0f, 0x07, 0x00, 0x2d, 0x0f, 0x3b, 0x02,
    0x40, 0x00, 0x3b, 0x02, 0x06, 0x0f, 0x07, 0x00, 0x34, 0x0f, 0x35, 0x02, 0x3e, 0x00, 0x3c, 0x02,
    0x06, 0x0f, 0x07, 0x00, 0x34, 0x0f, 0x36, 0x02, 0x3c, 0x00, 0x3d, 0x02, 0x06, 0x0f, 0x07, 0x00,
    0x34, 0x0f, 0x37, 0x02, 0x3b, 0x00, 0x3d, 0x02, 0x06, 0x0f, 0x07, 0x00, 0x34, 0x0f, 0x37, 0x02,
    0x3a, 0x00, 0x3e, 0x02, 0x06, 0x0f, 0x07, 0x00, 0x34, 0x0f, 0x38, 0x02, 0x3a, 0x00, 0x3d, 0x02,
    0x06, 0x0f, 0x07, 0x00, 0x34, 0x0f, 0x37, 0x02, 0x3b, 0x00, 0x3d, 0x02, 0x06, 0x0f, 0x07, 0x00,
    0x34, 0x0f, 0x37, 0x02, 0x3c, 0x00, 0x3c, 0x02, 0x06, 0x0f, 0x07, 0x00, 0x34, 0x0f, 0x36, 0x02,
    0x3e, 0x00, 0x3b, 0x02, 0x06, 0x0f, 0x07, 0x00, 0x34, 0x0f, 0x35, 0x02, 0x40, 0x00, 0x3a, 0x02,
    0x06, 0x0f, 0x07, 0x00, 0x34, 0x0f, 0x34, 0x02, 0x43, 0x00, 0x38, 0x02, 0x06, 0x0f, 0x07, 0x00,
    0x34, 0x0f, 0x32, 0x02, 0x47, 0x00, 0x36, 0x02, 0x06, 0x0f, 0x07, 0x00, 0x34, 0x0f, 0x30, 0x02,
    0x4b, 0x00, 0x34, 0x02, 0x06, 0x0f, 0x07, 0x00, 0x2d, 0x0f, 0x35, 0x02, 0x50, 0x00, 0x31, 0x02,
    0x06, 0x0f, 0x07, 0x00, 0x2d, 0x0f, 0x32, 0x02, 0x57, 0x00, 0x2d, 0x02, 0x3a, 0x0f, 0x2e, 0x02,
    0x5e, 0x00, 0x2a, 0x02, 0x3a, 0x0f, 0x2b, 0x02, 0x66, 0x00, 0x25, 0x02, 0x3a, 0x0f, 0x26, 0x02,
    0x70, 0x00, 0x20, 0x02, 0x3a, 0x0f, 0x21, 0x02, 0x7b, 0x00, 0x1a, 0x02, 0x3a, 0x0f, 0x1b, 0x02,
    0x89, 0x00, 0x12, 0x02, 0x3a, 0x0f, 0x13, 0x02, 0x9b, 0x00, 0x4b, 0x02, 0xb3, 0x00, 0x2f, 0x02,
    0xff, 0x00, 0xff, 0x00, 0xff, 0x00, 0xff, 0x00, 0xff, 0x00, 0xff, 0x00, 0xff, 0x00, 0xff, 0x00,
    0xff, 0x00, 0xff, 0x00, 0xff, 0x00, 0xff, 0x00, 0xff, 0x00, 0xff, 0x00, 0xff, 0x00, 0xff, 0x00,
    0xff, 0x00, 0xff, 0x00, 0xff, 0x00, 0xff, 0x00, 0xff, 0x00, 0xff, 0x00, 0xff, 0x00, 0xff, 0x00,
    0xff, 0x00, 0xff, 0x00, 0xff, 0x00, 0xff, 0x00, 0xff, 0x00, 0xff, 0x00, 0xff, 0x00, 0xff, 0x00,
    0xff, 0x00, 0xff, 0x00, 0xff, 0x00, 0xff, 0x00, 0xff, 0x00, 0xff, 0x00, 0xff, 0x00, 0xff, 0x00,
    0xff, 0x00, 0xff, 0x00, 0xff, 0x00, 0xff, 0x00, 0xff, 0x00, 0xff, 0x00, 0xff, 0x00, 0xff, 0x00,
    0xff, 0x00, 0xff, 0x00, 0xff, 0x00, 0xff, 0x00, 0xff, 0x00, 0xff, 0x00, 0xff, 0x00, 0xff, 0x00,
    0xff, 0x00, 0xff, 0x00, 0xff, 0x00, 0xff, 0x00, 0xff, 0x00, 0xff, 0x00, 0xff, 0x00, 0xff, 0x00,
    0xff, 0x00, 0xff, 0x00, 0xff, 0x00, 0xff, 0x00, 0xff, 0x00, 0xff, 0x00, 0xff, 0x00, 0xff, 0x00,
    0xff, 0x00, 0xff, 0x00, 0xff, 0x00, 0xff, 0x00, 0xff, 0x00, 0xff, 0x00, 0xff, 0x00, 0xff, 0x00,
    0xff, 0x00, 0xff, 0x00, 0xff, 0x00, 0xff, 0x00, 0xff, 0x00, 0xff, 0x00, 0xff, 0x00, 0xff, 0x00,
    0xff, 0x00, 0xff, 0x00, 0xff, 0x00, 0xff, 0x00, 0xff, 0x00, 0xff, 0x00, 0xff, 0x00, 0xff, 0x00,
    0x60, 0x00, 0xff, 0x00, 0xff, 0x00, 0xff, 0x00, 0xff, 0x00, 0xff, 0x00, 0xff, 0x00, 0xff, 0x00,
    0xff, 0x00, 0xff, 0x00, 0xff, 0x00, 0xff, 0x00, 0xff, 0x00, 0xff, 0x00, 0xff, 0x00, 0xff, 0x00,
    0xff, 0x00, 0xff, 0x00, 0xff, 0x00, 0xff, 0x00, 0xff, 0x00, 0xff, 0x00, 0xff, 0x00, 0xff, 0x00,
    0xff, 0x00, 0xff, 0x00, 0xff, 0x00, 0xff, 0x00, 0xff, 0x00, 0xff, 0x00, 0xff, 0x00, 0xff, 0x00,
    0xff, 0x00, 0xff, 0x00, 0xff, 0x00, 0xff, 0x00, 0xff, 0x00, 0xff, 0x00, 0xff, 0x00, 0xff, 0x00,
    0xff, 0x00, 0xff, 0x00, 0xff, 0x00, 0xff, 0x00, 0xff, 0x00, 0xff, 0x00, 0xff, 0x00, 0xff, 0x00,
    0xff, 0x00, 0xff, 0x00, 0xff, 0x00, 0xff, 0x00, 0xff, 0x00, 0xff, 0x00, 0xff, 0x00, 0xff, 0x00,
    0xff, 0x00, 0xff, 0x00, 0xff, 0x00, 0xff, 0x00, 0xff, 0x00, 0xff, 0x00, 0xff, 0x00, 0xff, 0x00,
    0xff, 0x00, 0xff, 0x00, 0xff, 0x00, 0xff, 0x00, 0xff, 0x00, 0xff, 0x00, 0xff, 0x00, 0xff, 0x00,
    0xff, 0x00, 0xff, 0x00, 0xff, 0x00, 0xff, 0x00, 0xff, 0x00, 0xff, 0x00, 0xff, 0x00, 0xff, 0x00,
    0xff, 0x00, 0xff, 0x00, 0xff, 0x00, 0xff, 0x00, 0xff, 0x00, 0xff, 0x00, 0xff, 0x00, 0xff, 0x00,
    0xff, 0x00, 0xff, 0x00, 0xff, 0x00, 0xff, 0x00, 0xff, 0x00, 0xff, 0x00, 0xff, 0x00, 0x7e, 0x00,
    0x31, 0x02, 0xb2, 0x00, 0x4b, 0x02, 0x9d, 0x00, 0x5b, 0x02, 0x8e, 0x00, 0x69, 0x02, 0x81, 0x00,
    0x75, 0x02, 0x76, 0x00, 0x7f, 0x02, 0x6d, 0x00, 0x87, 0x02, 0x65, 0x00, 0x8f, 0x02, 0x5e, 0x00,
    0x2d, 0x02, 0x3a, 0x0f, 0x2e, 0x02, 0x58, 0x00, 0x30, 0x02, 0x3a, 0x0f, 0x31, 0x02, 0x53, 0x00,
    0x32, 0x02, 0x3a, 0x0f, 0x33, 0x02, 0x4e, 0x00, 0x35, 0x02, 0x3a, 0x0f, 0x36, 0x02, 0x49, 0x00,
    0x37, 0x02, 0x3a, 0x0f, 0x38, 0x02, 0x46, 0x00, 0x38, 0x02, 0x3a, 0x0f, 0x39, 0x02, 0x43, 0x00,
    0x3a, 0x02, 0x06, 0x0f, 0x0c, 0x00, 0x28, 0x0f, 0x3b, 0x02, 0x40, 0x00, 0x3b, 0x02, 0x06, 0x0f,
    0x0c, 0x00, 0x28, 0x0f, 0x3c, 0x02, 0x3e, 0x00, 0x3c, 0x02, 0x06, 0x0f, 0x0c, 0x00, 0x2f, 0x0f,
    0x36, 0x02, 0x3c, 0x00, 0x3d, 0x02, 0x06, 0x0f, 0x0c, 0x00, 0x2f, 0x0f, 0x37, 0x02, 0x3b, 0x00,
    0x3d, 0x02, 0x06, 0x0f, 0x0c, 0x00, 0x2f, 0x0f, 0x37, 0x02, 0x3b, 0x00, 0x3d, 0x02, 0x06, 0x0f,
    0x0c, 0x00, 0x2f, 0x0f, 0x37, 0x02, 0x3a, 0x00, 0x3e, 0x02, 0x06, 0x0f, 0x0c, 0x00, 0x2f, 0x0f,
    0x38, 0x02, 0x3a, 0x00, 0x3d, 0x02, 0x06, 0x0f, 0x0c, 0x00, 0x2f, 0x0f, 0x37, 0x02, 0x3b, 0x00,
    0x3d, 0x02, 0x06, 0x0f, 0x0c, 0x00, 0x2f, 0x0f, 0x37, 0x02, 0x3b, 0x00, 0x3d, 0x02, 0x06, 0x0f,
    0x0c, 0x00, 0x2f, 0x0f, 0x37, 0x02, 0x3c, 0x00, 0x3c, 0x02, 0x06, 0x0f, 0x0c, 0x00, 0x2f, 0x0f,
    0x36, 0x02, 0x3e, 0x00, 0x3b, 0x02, 0x06, 0x0f, 0x0c, 0x00, 0x2f, 0x0f, 0x35, 0x02, 0x40, 0x00,
    0x3a, 0x02, 0x06, 0x0f, 0x0c, 0x00, 0x2f, 0x0f, 0x34, 0x02, 0x43, 0x00, 0x38, 0x02, 0x06, 0x0f,
    0x0c, 0x00, 0x2f, 0x0f, 0x32, 0x02, 0x46, 0x00, 0x37, 0x02, 0x06, 0x0f, 0x0c, 0x00, 0x28, 0x0f,
    0x38, 0x02, 0x49, 0x00, 0x35, 0x02, 0x06, 0x0f, 0x0c, 0x00, 0x28, 0x0f, 0x36, 0x02, 0x4e, 0x00,
    0x32, 0x02, 0x3a, 0x0f, 0x33, 0x02, 0x53, 0x00, 0x30, 0x02, 0x3a, 0x0f, 0x31, 0x02, 0x58, 0x00,
    0x2d, 0x02, 0x3a, 0x0f, 0x2e, 0x02, 0x5e, 0x00, 0x2a, 0x02, 0x3a, 0x0f, 0x2b, 0x02, 0x65, 0x00,
    0x26, 0x02, 0x3a, 0x0f, 0x27, 0x02, 0x6d, 0x00, 0x22, 0x02, 0x3a, 0x0f, 0x23, 0x02, 0x76, 0x00,
    0x75, 0x02, 0x81, 0x00, 0x69, 0x02, 0x8e, 0x00, 0x5b, 0x02, 0x9d, 0x00, 0x4b, 0x02, 0xb2, 0x00,
    0x31, 0x02, 0xff, 0x00, 0xff, 0x00, 0xff, 0x00, 0xff, 0x00, 0xff, 0x00, 0xff, 0x00, 0xff, 0x00,
    0xff, 0x00, 0xff, 0x00, 0xff, 0x00, 0xff, 0x00, 0xff, 0x00, 0xff, 0x00, 0xff, 0x00, 0xff, 0x00,
    0xff, 0x00, 0xff, 0x00, 0xff, 0x00, 0xff, 0x00, 0xff, 0x00, 0xff, 0x00, 0xff, 0x00, 0xff, 0x00,
    0xff, 0x00, 0xff, 0x00, 0xff, 0x00, 0xff, 0x00, 0xff, 0x00, 0xff, 0x00, 0xff, 0x00, 0xff, 0x00,
    0xff, 0x00, 0xff, 0x00, 0xff, 0x00, 0xff, 0x00, 0xff, 0x00, 0xff, 0x00, 0xff, 0x00, 0xff, 0x00,
    0xff, 0x00, 0xff, 0x00, 0xff, 0x00, 0xff, 0x00, 0xff, 0x00, 0xff, 0x00, 0xff, 0x00, 0xff, 0x00,
    0xff, 0x00, 0xff, 0x00, 0xff, 0x00, 0xff, 0x00, 0xff, 0x00, 0xff, 0x00, 0xff, 0x00, 0xff, 0x00,
    0xff, 0x00, 0xff, 0x00, 0xff, 0x00, 0xff, 0x00, 0xff, 0x00, 0xff, 0x00, 0xff, 0x00, 0xff, 0x00,
    0xff, 0x00, 0xff, 0x00, 0xff, 0x00, 0xff, 0x00, 0xff, 0x00, 0xff, 0x00, 0xff, 0x00, 0xff, 0x00,
    0xff, 0x00, 0xff, 0x00, 0xff, 0x00, 0xff, 0x00, 0xff, 0x00, 0xff, 0x00, 0xff, 0x00, 0xff, 0x00,
    0xff, 0x00, 0xff, 0x00, 0xff, 0x00, 0xff, 0x00, 0xff, 0x00, 0xff, 0x00, 0xff, 0x00, 0xff, 0x00,
    0xff, 0x00, 0xff, 0x00, 0xff, 0x00, 0xff, 0x00, 0xff, 0x00, 0xff, 0x00, 0x8c, 0x00, 0xff, 0x00,
    0xff, 0x00, 0xff, 0x00, 0xff, 0x00, 0xff, 0x00, 0xff, 0x00, 0xff, 0x00, 0xff, 0x00, 0xff, 0x00,
    0xff, 0x00, 0xff, 0x00, 0xff, 0x00, 0xff, 0x00, 0xff, 0x00, 0xff, 0x00, 0xff, 0x00, 0xff, 0x00,
    0xff, 0x00, 0xff, 0x00, 0xff, 0x00, 0xff, 0x00, 0xff, 0x00, 0xff, 0x00, 0xff, 0x00, 0xff, 0x00,
    0xff, 0x00, 0xff, 0x00, 0xff, 0x00, 0xff, 0x00, 0xff, 0x00, 0xff, 0x00, 0xff, 0x00, 0xff, 0x00,
    0xff, 0x00, 0xff, 0x00, 0xff, 0x00, 0xff, 0x00, 0xff, 0x00, 0xff, 0x00, 0xff, 0x00, 0xff, 0x00,
    0xff, 0x00, 0xff, 0x00, 0xff, 0x00, 0xff, 0x00, 0xff, 0x00, 0xff, 0x00, 0xff, 0x00, 0xff, 0x00,
    0xff, 0x00, 0xff, 0x00, 0xff, 0x00, 0xff, 0x00, 0xff, 0x00, 0xff, 0x00, 0xff, 0x00, 0xff, 0x00,
    0xff, 0x00, 0xff, 0x00, 0xff, 0x00, 0xff, 0x00, 0xff, 0x00, 0xff, 0x00, 0xff, 0x00, 0xff, 0x00,
    0xff, 0x00, 0xff, 0x00, 0xff, 0x00, 0xff, 0x00, 0xff, 0x00, 0xff, 0x00, 0xff, 0x00, 0xff, 0x00,
    0xff, 0x00, 0xff, 0x00, 0xff, 0x00, 0xff, 0x00, 0xff, 0x00, 0xff, 0x00, 0xff, 0x00, 0xff, 0x00,
    0xff, 0x00, 0xff, 0x00, 0xff, 0x00, 0xff, 0x00, 0xff, 0x00, 0xff, 0x00, 0xff, 0x00, 0xff, 0x00,
    0xce, 0x00, 0x27, 0x02, 0xbd, 0x00, 0x3f, 0x02, 0xa9, 0x00, 0x4f, 0x02, 0x9a, 0x00, 0x5d, 0x02,
    0x8d, 0x00, 0x69, 0x02, 0x83, 0x00, 0x71, 0x02, 0x7b, 0x00, 0x2a, 0x02, 0x01, 0x00, 0x4e, 0x02,
    0x73, 0x00, 0x2a, 0x02, 0x09, 0x00, 0x4e, 0x02, 0x6b, 0x00, 0x2c, 0x02, 0x0d, 0x00, 0x50, 0x02,
    0x64, 0x00, 0x2d, 0x02, 0x11, 0x00, 0x51, 0x02, 0x5f, 0x00, 0x2e, 0x02, 0x13, 0x00, 0x52, 0x02,
    0x5a, 0x00, 0x30, 0x02, 0x15, 0x00, 0x54, 0x02, 0x55, 0x00, 0x31, 0x02, 0x17, 0x00, 0x55, 0x02,
    0x51, 0x00, 0x32, 0x02, 0x19, 0x00, 0x56, 0x02, 0x4d, 0x00, 0x34, 0x02, 0x19, 0x00, 0x58, 0x02,
    0x4a, 0x00, 0x34, 0x02, 0x1b, 0x00, 0x58, 0x02, 0x47, 0x00, 0x36, 0x02, 0x1b, 0x00, 0x5a, 0x02,
    0x44, 0x00, 0x36, 0x02, 0x1d, 0x00, 0x5a, 0x02, 0x42, 0x00, 0x36, 0x02, 0x1f, 0x00, 0x5a, 0x02,
    0x40, 0x00, 0x37, 0x02, 0x1f, 0x00, 0x5b, 0x02, 0x3e, 0x00, 0x38, 0x02, 0x1f, 0x00, 0x5c, 0x02,
    0x3d, 0x00, 0x37, 0x02, 0x21, 0x00, 0x5b, 0x02, 0x3c, 0x00, 0x38, 0x02, 0x21, 0x00, 0x5c, 0x02,
    0x3b, 0x00, 0x38, 0x02, 0x21, 0x00, 0x5c, 0x02, 0x3b, 0x00, 0x37, 0x02, 0x23, 0x00, 0x5b, 0x02,
    0x3a, 0x00, 0x38, 0x02, 0x23, 0x00, 0x5c, 0x02, 0x3a, 0x00, 0x37, 0x02, 0x23, 0x00, 0x5b, 0x02,
    0x3b, 0x00, 0x37, 0x02, 0x23, 0x00, 0x5b, 0x02, 0x3b, 0x00, 0x36, 0x02, 0x25, 0x00, 0x5a, 0x02,
    0x3c, 0x00, 0x35, 0x02, 0x25, 0x00, 0x59, 0x02, 0x3d, 0x00, 0x35, 0x02, 0x25, 0x00, 0x59, 0x02,
    0x3e, 0x00, 0x34, 0x02, 0x25, 0x00, 0x58, 0x02, 0x40, 0x00, 0x33, 0x02, 0x25, 0x00, 0x57, 0x02,
    0x42, 0x00, 0x32, 0x02, 0x25, 0x00, 0x56, 0x02, 0x44, 0x00, 0x31, 0x02, 0x25, 0x00, 0x55, 0x02,
    0x47, 0x00, 0x2f, 0x02, 0x25, 0x00, 0x53, 0x02, 0x4a, 0x00, 0x2e, 0x02, 0x25, 0x00, 0x52, 0x02,
    0x4d, 0x00, 0x2b, 0x02, 0x27, 0x00, 0x4f, 0x02, 0x51, 0x00, 0x2a, 0x02, 0x25, 0x00, 0x4e, 0x02,
    0x55, 0x00, 0x28, 0x02, 0x25, 0x00, 0x4c, 0x02, 0x5a, 0x00, 0x25, 0x02, 0x25, 0x00, 0x49, 0x02,
    0x5f, 0x00, 0x23, 0x02, 0x25, 0x00, 0x47, 0x02, 0x64, 0x00, 0x20, 0x02, 0x25, 0x00, 0x44, 0x02,
    0x6b, 0x00, 0x1c, 0x02, 0x25, 0x00, 0x40, 0x02, 0x73, 0x00, 0x18, 0x02, 0x25, 0x00, 0x3c, 0x02,
    0x7b, 0x00, 0x14, 0x02, 0x25, 0x00, 0x38, 0x02, 0x83, 0x00, 0x10, 0x02, 0x25, 0x00, 0x34, 0x02,
    0x8d, 0x00, 0x0b, 0x02, 0x23, 0x00, 0x2f, 0x02, 0x9a, 0x00, 0x04, 0x02, 0x23, 0x00, 0x28, 0x02,
    0xc8, 0x00, 0x20, 0x02, 0xd0, 0x00, 0x14, 0x02, 0xff, 0x00, 0xff, 0x00, 0xff, 0x00, 0xff, 0x00,
    0xff, 0x00, 0xff, 0x00, 0xff, 0x00, 0xff, 0x00, 0xff, 0x00, 0xff, 0x00, 0xff, 0x00, 0xff, 0x00,
    0xff, 0x00, 0xff, 0x00, 0xff, 0x00, 0xff, 0x00, 0xff, 0x00, 0xff, 0x00, 0xff, 0x00, 0xff, 0x00,
    0xff, 0x00, 0xff, 0x00, 0xff, 0x00, 0xff, 0x00, 0xff, 0x00, 0xff, 0x00, 0xff, 0x00, 0xff, 0x00,
    0xff, 0x00, 0xff, 0x00, 0xff, 0x00, 0xff, 0x00, 0xff, 0x00, 0xff, 0x00, 0xff, 0x00, 0xff, 0x00,
    0xff, 0x00, 0xff, 0x00, 0xff, 0x00, 0xff, 0x00, 0xff, 0x00, 0xff, 0x00, 0xff, 0x00, 0xff, 0x00,
    0xff, 0x00, 0xff, 0x00, 0xff, 0x00, 0xff, 0x00, 0xff, 0x00, 0xff, 0x00, 0xff, 0x00, 0xff, 0x00,
    0xff, 0x00, 0xff, 0x00, 0xff, 0x00, 0xff, 0x00, 0xff, 0x00, 0xff, 0x00, 0xff, 0x00, 0xff, 0x00,
    0xff, 0x00, 0xff, 0x00, 0xff, 0x00, 0xff, 0x00, 0xff, 0x00, 0xff, 0x00, 0xff, 0x00, 0xff, 0x00,
    0xff, 0x00, 0xff, 0x00, 0xff, 0x00, 0xff, 0x00, 0xff, 0x00, 0xff, 0x00, 0xff, 0x00, 0xff, 0x00,
    0xff, 0x00, 0xff, 0x00, 0xff, 0x00, 0xff, 0x00, 0xff, 0x00, 0xff, 0x00, 0xff, 0x00, 0xff, 0x00,
    0xff, 0x00, 0xff, 0x00, 0xff, 0x00, 0xff, 0x00, 0xdc, 0x00, 0xff, 0x00, 0xff, 0x00, 0xff, 0x00,
    0xff, 0x00, 0xff, 0x00, 0xff, 0x00, 0xff, 0x00, 0xff, 0x00, 0xff, 0x00, 0xff, 0x00, 0xc3, 0x00,
    0x01, 0x0c, 0xea, 0x00, 0x0b, 0x0c, 0xe2, 0x00, 0x11, 0x0c, 0xde, 0x00, 0x13, 0x0c, 0xdb, 0x00,
    0x17, 0x0c, 0xd8, 0x00, 0x19, 0x0c, 0xd6, 0x00, 0x1b, 0x0c, 0xd4, 0x00, 0x1d, 0x0c, 0xd3, 0x00,
    0x1d, 0x0c, 0x0c, 0x00, 0x01, 0x0c, 0xc5, 0x00, 0x1f, 0x0c, 0x06, 0x00, 0x0b, 0x0c, 0xbf, 0x00,
    0x21, 0x0c, 0x03, 0x00, 0x0f, 0x0c, 0xb7, 0x00, 0x01, 0x0c, 0x05, 0x00, 0x21, 0x0c, 0x01, 0x00,
    0x13, 0x0c, 0xb0, 0x00, 0x41, 0x0c, 0xae, 0x00, 0x43, 0x0c, 0xab, 0x00, 0x46, 0x0c, 0xa9, 0x00,
    0x47, 0x0c, 0xa8, 0x00, 0x49, 0x0c, 0xa7, 0x00, 0x49, 0x0c, 0xa6, 0x00, 0x4b, 0x0c, 0xa4, 0x00,
    0x4c, 0x0c, 0xa4, 0x00, 0x4c, 0x0c, 0xa4, 0x00, 0x4c, 0x0c, 0xa4, 0x00, 0x4c, 0x0c, 0xa4, 0x00,
    0x4d, 0x0c, 0xa2, 0x00, 0x4d, 0x0c, 0xa4, 0x00, 0x4c, 0x0c, 0xa4, 0x00, 0x4c, 0x0c, 0xa4, 0x00,
    0x4c, 0x0c, 0xa4, 0x00, 0x4c, 0x0c, 0xa4, 0x00, 0x4b, 0x0c, 0xa6, 0x00, 0x4a, 0x0c, 0xa7, 0x00,
    0x2d, 0x0c, 0x02, 0x00, 0x19, 0x0c, 0xa8, 0x00, 0x2c, 0x0c, 0x03, 0x00, 0x19, 0x0c, 0xa9, 0x00,
    0x13, 0x0c, 0x03, 0x00, 0x13, 0x0c, 0x06, 0x00, 0x17, 0x0c, 0xab, 0x00, 0x11, 0x0c, 0x05, 0x00,
    0x11, 0x0c, 0x08, 0x00, 0x15, 0x0c, 0xae, 0x00, 0x0d, 0x0c, 0x0a, 0x00, 0x0b, 0x0c, 0x0c, 0x00,
    0x13, 0x0c, 0xb0, 0x00, 0x0b, 0x0c, 0x10, 0x00, 0x01, 0x0c, 0x13, 0x00, 0x0f, 0x0c, 0xb7, 0x00,
    0x01, 0x0c, 0x2b, 0x00, 0x0b, 0x0c, 0xea, 0x00, 0x01, 0x0c, 0xff, 0x00, 0xff, 0x00, 0xff, 0x00,
    0xff, 0x00, 0xff, 0x00, 0xff, 0x00, 0xff, 0x00, 0xff, 0x00, 0xff, 0x00, 0xff, 0x00, 0xff, 0x00,
    0xff, 0x00, 0xff, 0x00, 0xff, 0x00, 0xff, 0x00, 0xff, 0x00, 0xff, 0x00, 0xff, 0x00, 0xff, 0x00,
    0xff, 0x00, 0xff, 0x00, 0xff, 0x00, 0xff, 0x00, 0xff, 0x00, 0xff, 0x00, 0xff, 0x00, 0xff, 0x00,
    0xff, 0x00, 0xff, 0x00, 0xff, 0x00, 0xf4, 0x00, 0x1b, 0x0c, 0xca, 0x00, 0x31, 0x0c, 0xb8, 0x00,
    0x3f, 0x0c, 0xab, 0x00, 0x4b, 0x0c, 0xa0, 0x00, 0x55, 0x0c, 0x97, 0x00, 0x5d, 0x0c, 0x8f, 0x00,
    0x65, 0x0c, 0x88, 0x00, 0x6b, 0x0c, 0x82, 0x00, 0x71, 0x0c, 0x7c, 0x00, 0x77, 0x0c, 0x76, 0x00,
    0x7d, 0x0c, 0x71, 0x00, 0x81, 0x0c, 0x6d, 0x00, 0x85, 0x0c, 0x68, 0x00, 0x8b, 0x0c, 0x63, 0x00,
    0x8f, 0x0c, 0x60, 0x00, 0x91, 0x0c, 0x5d, 0x00, 0x95, 0x0c, 0x59, 0x00, 0x99, 0x0c, 0x56, 0x00,
    0x9b, 0x0c, 0x53, 0x00, 0x9f, 0x0c, 0x50, 0x00, 0xa1, 0x0c, 0x4e, 0x00, 0x51, 0x0c, 0x01, 0x00,
    0x51, 0x0c, 0x4c, 0x00, 0x4f, 0x0c, 0x07, 0x00, 0x4f, 0x0c, 0x4a, 0x00, 0x4e, 0x0c, 0x0b, 0x00,
    0x4e, 0x0c, 0x48, 0x00, 0x4d, 0x0c, 0x0f, 0x00, 0x4d, 0x0c, 0x46, 0x00, 0x4d, 0x0c, 0x11, 0x00,
    0x4d, 0x0c, 0x44, 0x00, 0x4e, 0x0c, 0x11, 0x00, 0x4e, 0x0c, 0x42, 0x00, 0x4e, 0x0c, 0x13, 0x00,
    0x4e, 0x0c, 0x41, 0x00, 0x4d, 0x0c, 0x15, 0x00, 0x4d, 0x0c, 0x40, 0x00, 0x4d, 0x0c, 0x17, 0x00,
    0x4d, 0x0c, 0x3e, 0x00, 0x4e, 0x0c, 0x17, 0x00, 0x4e, 0x0c, 0x3d, 0x00, 0x4d, 0x0c, 0x19, 0x00,
    0x4d, 0x0c, 0x3d, 0x00, 0x4d, 0x0c, 0x19, 0x00, 0x4d, 0x0c, 0x3c, 0x00, 0x4e, 0x0c, 0x19, 0x00,
    0x4e, 0x0c, 0x3b, 0x00, 0x4d, 0x0c, 0x1b, 0x00, 0x4d, 0x0c, 0x3b, 0x00, 0x4d, 0x0c, 0x1b, 0x00,
    0x4d, 0x0c, 0x3b, 0x00, 0x4d, 0x0c, 0x1b, 0x00, 0x4d, 0x0c, 0x3b, 0x00, 0x4c, 0x0c, 0x1d, 0x00,
    0x4c, 0x0c, 0x3a, 0x00, 0x4d, 0x0c, 0x1d, 0x00, 0x4d, 0x0c, 0x3a, 0x00, 0x4c, 0x0c, 0x1d, 0x00,
    0x4c, 0x0c, 0x3b, 0x00, 0x4c, 0x0c, 0x1d, 0x00, 0x4c, 0x0c, 0x3b, 0x00, 0x4c, 0x0c, 0x1d, 0x00,
    0x4c, 0x0c, 0x3b, 0x00, 0x4b, 0x0c, 0x1f, 0x00, 0x4b, 0x0c, 0x3b, 0x00, 0x4b, 0x0c, 0x1f, 0x00,
    0x4b, 0x0c, 0x3c, 0x00, 0x4a, 0x0c, 0x1f, 0x00, 0x4a, 0x0c, 0x3d, 0x00, 0x4a, 0x0c, 0x1f, 0x00,
    0x4a, 0x0c, 0x3d, 0x00, 0x4a, 0x0c, 0x1f, 0x00, 0x4a, 0x0c, 0x3e, 0x00, 0x49, 0x0c, 0x1f, 0x00,
    0x49, 0x0c, 0x40, 0x00, 0x48, 0x0c, 0x1f, 0x00, 0x48, 0x0c, 0x41, 0x00, 0x48, 0x0c, 0x1f, 0x00,
    0x48, 0x0c, 0x42, 0x00, 0x47, 0x0c, 0x1f, 0x00, 0x47, 0x0c, 0x44, 0x00, 0x47, 0x0c, 0x1d, 0x00,
    0x47, 0x0c, 0x46, 0x00, 0x46, 0x0c, 0x1d, 0x00, 0x46, 0x0c, 0x48, 0x00, 0x45, 0x0c, 0x1d, 0x00,
    0x45, 0x0c, 0x4a, 0x00, 0x44, 0x0c, 0x1d, 0x00, 0x44, 0x0c, 0x4c, 0x00, 0x43, 0x0c, 0x1d, 0x00,
    0x43, 0x0c, 0x4e, 0x00, 0x43, 0x0c, 0x1b, 0x00, 0x43, 0x0c, 0x50, 0x00, 0x42, 0x0c, 0x1b, 0x00,
    0x42, 0x0c, 0x53, 0x00, 0x40, 0x0c, 0x1b, 0x00, 0x40, 0x0c, 0x56, 0x00, 0x40, 0x0c, 0x19, 0x00,
    0x40, 0x0c, 0x59, 0x00, 0x3e, 0x0c, 0x19, 0x00, 0x3e, 0x0c, 0x5d, 0x00, 0x3c, 0x0c, 0x19, 0x00,
    0x3c, 0x0c, 0x60, 0x00, 0x3c, 0x0c, 0x17, 0x00, 0x3c, 0x0c, 0x63, 0x00, 0x3a, 0x0c, 0x17, 0x00,
    0x3a, 0x0c, 0x68, 0x00, 0x38, 0x0c, 0x15, 0x00, 0x38, 0x0c, 0x6d, 0x00, 0x37, 0x0c, 0x13, 0x00,
    0x37, 0x0c, 0x71, 0x00, 0x36, 0x0c, 0x11, 0x00, 0x36, 0x0c, 0x76, 0x00, 0x33, 0x0c, 0x11, 0x00,
    0x33, 0x0c, 0x7c, 0x00, 0x31, 0x0c, 0x0f, 0x00, 0x31, 0x0c, 0x82, 0x00, 0x30, 0x0c, 0x0b, 0x00,
    0x30, 0x0c, 0x88, 0x00, 0x2f, 0x0c, 0x07, 0x00, 0x2f, 0x0c, 0x8f, 0x00, 0x5d, 0x0c, 0x97, 0x00,
    0x55, 0x0c, 0xa0, 0x00, 0x4b, 0x0c, 0xab, 0x00, 0x3f, 0x0c, 0xb8, 0x00, 0x31, 0x0c, 0xca, 0x00,
    0x1b, 0x0c, 0xff, 0x00, 0xff, 0x00, 0xff, 0x00, 0xff, 0x00, 0xff, 0x00, 0xff, 0x00, 0xff, 0x00,
    0xff, 0x00, 0xff, 0x00, 0xff, 0x00, 0xff, 0x00, 0xff, 0x00, 0xff, 0x00, 0xff, 0x00, 0xff, 0x00,
    0xff, 0x00, 0xff, 0x00, 0xff, 0x00, 0xff, 0x00, 0xff, 0x00, 0xff, 0x00, 0xff, 0x00, 0xff, 0x00,
    0xff, 0x00, 0xff, 0x00, 0xff, 0x00, 0xff, 0x00, 0xff, 0x00, 0xff, 0x00, 0xff, 0x00, 0xff, 0x00,
    0xff, 0x00, 0xff, 0x00, 0xff, 0x00, 0xff, 0x00, 0xff, 0x00, 0xff, 0x00, 0xff, 0x00, 0xff, 0x00,
    0xff, 0x00, 0xff, 0x00, 0xff, 0x00, 0xff, 0x00, 0xff, 0x00, 0xff, 0x00, 0xff, 0x00, 0xff, 0x00,
    0xff, 0x00, 0xff, 0x00, 0xff, 0x00, 0xff, 0x00, 0xff, 0x00, 0xff, 0x00, 0xff, 0x00, 0xff, 0x00,
    0xff, 0x00, 0xff, 0x00, 0xff, 0x00, 0xff, 0x00, 0xff, 0x00, 0xff, 0x00, 0xff, 0x00, 0xff, 0x00,
    0xff, 0x00, 0xff, 0x00, 0xff, 0x00, 0xff, 0x00, 0xff, 0x00, 0xff, 0x00, 0xff, 0x00, 0xff, 0x00,
    0xff, 0x00, 0xff, 0x00, 0xff, 0x00, 0xff, 0x00, 0xff, 0x00, 0xa6, 0x00, 0xff, 0x00, 0xff, 0x00,
    0xff, 0x00, 0xff, 0x00, 0xff, 0x00, 0xff, 0x00, 0xff, 0x00, 0xff, 0x00, 0xff, 0x00, 0xff, 0x00,
    0xc3, 0x00, 0x01, 0x0c, 0xea, 0x00, 0x0b, 0x0c, 0xe2, 0x00, 0x11, 0x0c, 0xde, 0x00, 0x13, 0x0c,
    0xdb, 0x00, 0x17, 0x0c, 0xd8, 0x00, 0x19, 0x0c, 0xd6, 0x00, 0x1b, 0x0c, 0xd4, 0x00, 0x1d, 0x0c,
    0xd3, 0x00, 0x1d, 0x0c, 0x0c, 0x00, 0x01, 0x0c, 0xc5, 0x00, 0x1f, 0x0c, 0x06, 0x00, 0x0b, 0x0c,
    0xbf, 0x00, 0x21, 0x0c, 0x03, 0x00, 0x0f, 0x0c, 0xb7, 0x00, 0x01, 0x0c, 0x05, 0x00, 0x21, 0x0c,
    0x01, 0x00, 0x13, 0x0c, 0xb0, 0x00, 0x41, 0x0c, 0xae, 0x00, 0x43, 0x0c, 0xab, 0x00, 0x46, 0x0c,
    0xa9, 0x00, 0x47, 0x0c, 0xa8, 0x00, 0x49, 0x0c, 0xa7, 0x00, 0x49, 0x0c, 0xa6, 0x00, 0x4b, 0x0c,
    0xa4, 0x00, 0x4c, 0x0c, 0xa4, 0x00, 0x4c, 0x0c, 0xa4, 0x00, 0x4c, 0x0c, 0xa4, 0x00, 0x4c, 0x0c,
    0xa4, 0x00, 0x4d, 0x0c, 0xa2, 0x00, 0x4d, 0x0c, 0xa4, 0x00, 0x4c, 0x0c, 0xa4, 0x00, 0x4c, 0x0c,
    0xa4, 0x00, 0x4c, 0x0c, 0xa4, 0x00, 0x4c, 0x0c, 0xa4, 0x00, 0x4b, 0x0c, 0xa6, 0x00, 0x4a, 0x0c,
    0xa7, 0x00, 0x2d, 0x0c, 0x02, 0x00, 0x19, 0x0c, 0xa8, 0x00, 0x2c, 0x0c, 0x03, 0x00, 0x19, 0x0c,
    0xa9, 0x00, 0x13, 0x0c, 0x03, 0x00, 0x13, 0x0c, 0x06, 0x00, 0x17, 0x0c, 0xab, 0x00, 0x11, 0x0c,
    0x05, 0x00, 0x11, 0x0c, 0x08, 0x00, 0x15, 0x0c, 0xae, 0x00, 0x0d, 0x0c, 0x0a, 0x00, 0x0b, 0x0c,
    0x0c, 0x00, 0x13, 0x0c, 0xb0, 0x00, 0x0b, 0x0c, 0x10, 0x00, 0x01, 0x0c, 0x13, 0x00, 0x0f, 0x0c,
    0xb7, 0x00, 0x01, 0x0c, 0x2b, 0x00, 0x0b, 0x0c, 0xea, 0x00, 0x01, 0x0c, 0xff, 0x00, 0xff, 0x00,
    0xff, 0x00, 0xff, 0x00, 0xff, 0x00, 0xff, 0x00, 0xff, 0x00, 0xff, 0x00, 0xff, 0x00, 0xff, 0x00,
    0xff, 0x00, 0xff, 0x00, 0xff, 0x00, 0xff, 0x00, 0xff, 0x00, 0xff, 0x00, 0xff, 0x00, 0xff, 0x00,
    0xff, 0x00, 0xff, 0x00, 0xff, 0x00, 0xff, 0x00, 0xff, 0x00, 0xff, 0x00, 0xff, 0x00, 0xff, 0x00,
    0xff, 0x00, 0xff, 0x00, 0xff, 0x00, 0x10, 0x00, 0x21, 0x0c, 0xc6, 0x00, 0x33, 0x0c, 0xb6, 0x00,
    0x41, 0x0c, 0xaa, 0x00, 0x4b, 0x0c, 0xa0, 0x00, 0x55, 0x0c, 0x97, 0x00, 0x5d, 0x0c, 0x90, 0x00,
    0x63, 0x0c, 0x89, 0x00, 0x6b, 0x0c, 0x82, 0x00, 0x71, 0x0c, 0x7d, 0x00, 0x75, 0x0c, 0x78, 0x00,
    0x7b, 0x0c, 0x73, 0x00, 0x7f, 0x0c, 0x6e, 0x00, 0x85, 0x0c, 0x69, 0x00, 0x89, 0x0c, 0x66, 0x00,
    0x8b, 0x0c, 0x63, 0x00, 0x8f, 0x0c, 0x5f, 0x00, 0x93, 0x0c, 0x5b, 0x00, 0x97, 0x0c, 0x58, 0x00,
    0x99, 0x0c, 0x56, 0x00, 0x9b, 0x0c, 0x53, 0x00, 0x9f, 0x0c, 0x50, 0x00, 0xa1, 0x0c, 0x4e, 0x00,
    0xa3, 0x0c, 0x4c, 0x00, 0x52, 0x0c, 0x01, 0x00, 0x52, 0x0c, 0x4a, 0x00, 0x50, 0x0c, 0x07, 0x00,
    0x50, 0x0c, 0x48, 0x00, 0x4f, 0x0c, 0x0b, 0x00, 0x4f, 0x0c, 0x46, 0x00, 0x4e, 0x0c, 0x0f, 0x00,
    0x4e, 0x0c, 0x44, 0x00, 0x4e, 0x0c, 0x11, 0x00, 0x4e, 0x0c, 0x43, 0x00, 0x4e, 0x0c, 0x11, 0x00,
    0x4e, 0x0c, 0x42, 0x00, 0x4e, 0x0c, 0x13, 0x00, 0x4e, 0x0c, 0x40, 0x00, 0x4e, 0x0c, 0x15, 0x00,
    0x4e, 0x0c, 0x3f, 0x00, 0x4d, 0x0c, 0x17, 0x00, 0x4d, 0x0c, 0x3e, 0x00, 0x4e, 0x0c, 0x17, 0x00,
    0x4e, 0x0c, 0x3d, 0x00, 0x4d, 0x0c, 0x19, 0x00, 0x4d, 0x0c, 0x3c, 0x00, 0x4e, 0x0c, 0x19, 0x00,
    0x4e, 0x0c, 0x3b, 0x00, 0x4e, 0x0c, 0x19, 0x00, 0x4e, 0x0c, 0x3b, 0x00, 0x4d, 0x0c, 0x1b, 0x00,
    0x4d, 0x0c, 0x3b, 0x00, 0x4d, 0x0c, 0x1b, 0x00, 0x4d, 0x0c, 0x3b, 0x00, 0x4d, 0x0c, 0x1b, 0x00,
    0x4d, 0x0c, 0x3b, 0x00, 0x4c, 0x0c, 0x1d, 0x00, 0x4c, 0x0c, 0x3a, 0x00, 0x4d, 0x0c, 0x1d, 0x00,
    0x4d, 0x0c, 0x3a, 0x00, 0x4c, 0x0c, 0x1d, 0x00, 0x4c, 0x0c, 0x3b, 0x00, 0x4c, 0x0c, 0x1d, 0x00,
    0x4c, 0x0c, 0x3b, 0x00, 0x4c, 0x0c, 0x1d, 0x00, 0x4c, 0x0c, 0x3b, 0x00, 0x4b, 0x0c, 0x1f, 0x00,
    0x4b, 0x0c, 0x3b, 0x00, 0x4b, 0x0c, 0x1f, 0x00, 0x4b, 0x0c, 0x3b, 0x00, 0x4b, 0x0c, 0x1f, 0x00,
    0x4b, 0x0c, 0x3c, 0x00, 0x4a, 0x0c, 0x1f, 0x00, 0x4a, 0x0c, 0x3d, 0x00, 0x4a, 0x0c, 0x1f, 0x00,
    0x4a, 0x0c, 0x3e, 0x00, 0x49, 0x0c, 0x1f, 0x00, 0x49, 0x0c, 0x3f, 0x00, 0x49, 0x0c, 0x1f, 0x00,
    0x49, 0x0c, 0x40, 0x00, 0x48, 0x0c, 0x1f, 0x00, 0x48, 0x0c, 0x42, 0x00, 0x47, 0x0c, 0x1f, 0x00,
    0x47, 0x0c, 0x43, 0x00, 0x48, 0x0c, 0x1d, 0x00, 0x48, 0x0c, 0x44, 0x00, 0x47, 0x0c, 0x1d, 0x00,
    0x47, 0x0c, 0x46, 0x00, 0x46, 0x0c, 0x1d, 0x00, 0x46, 0x0c, 0x48, 0x00, 0x45, 0x0c, 0x1d, 0x00,
    0x45, 0x0c, 0x4a, 0x00, 0x44, 0x0c, 0x1d, 0x00, 0x44, 0x0c, 0x4c, 0x00, 0x44, 0x0c, 0x1b, 0x00,
    0x44, 0x0c, 0x4e, 0x00, 0x43, 0x0c, 0x1b, 0x00, 0x43, 0x0c, 0x50, 0x00, 0x42, 0x0c, 0x1b, 0x00,
    0x42, 0x0c, 0x53, 0x00, 0x41, 0x0c, 0x19, 0x00, 0x41, 0x0c, 0x56, 0x00, 0x40, 0x0c, 0x19, 0x00,
    0x40, 0x0c, 0x58, 0x00, 0x3f, 0x0c, 0x19, 0x00, 0x3f, 0x0c, 0x5b, 0x00, 0x3e, 0x0c, 0x17, 0x00,
    0x3e, 0x0c, 0x5f, 0x00, 0x3c, 0x0c, 0x17, 0x00, 0x3c, 0x0c, 0x63, 0x00, 0x3b, 0x0c, 0x15, 0x00,
    0x3b, 0x0c, 0x66, 0x00, 0x3b, 0x0c, 0x13, 0x00, 0x3b, 0x0c, 0x69, 0x00, 0x3a, 0x0c, 0x11, 0x00,
    0x3a, 0x0c, 0x6e, 0x00, 0x37, 0x0c, 0x11, 0x00, 0x37, 0x0c, 0x73, 0x00, 0x36, 0x0c, 0x0f, 0x00,
    0x36, 0x0c, 0x78, 0x00, 0x35, 0x0c, 0x0b, 0x00, 0x35, 0x0c, 0x7d, 0x00, 0x35, 0x0c, 0x07, 0x00,
    0x35, 0x0c, 0x82, 0x00, 0x6b, 0x0c, 0x89, 0x00, 0x63, 0x0c, 0x90, 0x00, 0x5d, 0x0c, 0x97, 0x00,
    0x55, 0x0c, 0xa0, 0x00, 0x4b, 0x0c, 0xaa, 0x00, 0x41, 0x0c, 0xb6, 0x00, 0x33, 0x0c, 0xc6, 0x00,
    0x21, 0x0c, 0xff, 0x00, 0xff, 0x00, 0xff, 0x00, 0xff, 0x00, 0xff, 0x00, 0xff, 0x00, 0xff, 0x00,
    0xff, 0x00, 0xff, 0x00, 0xff, 0x00, 0xff, 0x00, 0xff, 0x00, 0xff, 0x00, 0xff, 0x00, 0xff, 0x00,
    0xff, 0x00, 0xff, 0x00, 0xff, 0x00, 0xff, 0x00, 0xff, 0x00, 0xff, 0x00, 0xff, 0x00, 0xff, 0x00,
    0xff, 0x00, 0xff, 0x00, 0xff, 0x00, 0xff, 0x00, 0xff, 0x00, 0xff, 0x00, 0xff, 0x00, 0xff, 0x00,
    0xff, 0x00, 0xff, 0x00, 0xff, 0x00, 0xff, 0x00, 0xff, 0x00, 0xff, 0x00, 0xff, 0x00, 0xff, 0x00,
    0xff, 0x00, 0xff, 0x00, 0xff, 0x00, 0xff, 0x00, 0xff, 0x00, 0xff, 0x00, 0xff, 0x00, 0xff, 0x00,
    0xff, 0x00, 0xff, 0x00, 0xff, 0x00, 0xff, 0x00, 0xff, 0x00, 0xff, 0x00, 0xff, 0x00, 0xff, 0x00,
    0xff, 0x00, 0xff, 0x00, 0xff, 0x00, 0xff, 0x00, 0xff, 0x00, 0xff, 0x00, 0xff, 0x00, 0xff, 0x00,
    0xff, 0x00, 0xff, 0x00, 0xff, 0x00, 0xff, 0x00, 0xff, 0x00, 0xff, 0x00, 0xff, 0x00, 0xff, 0x00,
    0xff, 0x00, 0xff, 0x00, 0xff, 0x00, 0xc1, 0x00, 0xff, 0x00, 0xff, 0x00, 0xff, 0x00, 0xff, 0x00,
    0xff, 0x00, 0xff, 0x00, 0xff, 0x00, 0xff, 0x00, 0xff, 0x00, 0xff, 0x00, 0xc3, 0x00, 0x01, 0x0c,
    0xea, 0x00, 0x0b, 0x0c, 0xe2, 0x00, 0x11, 0x0c, 0xde, 0x00, 0x13, 0x0c, 0xdb, 0x00, 0x17, 0x0c,
    0xd8, 0x00, 0x19, 0x0c, 0xd6, 0x00, 0x1b, 0x0c, 0xd4, 0x00, 0x1d, 0x0c, 0xd3, 0x00, 0x1d, 0x0c,
    0x0c, 0x00, 0x01, 0x0c, 0xc5, 0x00, 0x1f, 0x0c, 0x06, 0x00, 0x0b, 0x0c, 0xbf, 0x00, 0x21, 0x0c,
    0x03, 0x00, 0x0f, 0x0c, 0xb7, 0x00, 0x01, 0x0c, 0x05, 0x00, 0x21, 0x0c, 0x01, 0x00, 0x13, 0x0c,
    0xb0, 0x00, 0x41, 0x0c, 0xae, 0x00, 0x43, 0x0c, 0xab, 0x00, 0x46, 0x0c, 0xa9, 0x00, 0x47, 0x0c,
    0xa8, 0x00, 0x49, 0x0c, 0xa7, 0x00, 0x49, 0x0c, 0xa6, 0x00, 0x4b, 0x0c, 0xa4, 0x00, 0x4c, 0x0c,
    0xa4, 0x00, 0x4c, 0x0c, 0xa4, 0x00, 0x4c, 0x0c, 0xa4, 0x00, 0x4c, 0x0c, 0xa4, 0x00, 0x4d, 0x0c,
    0xa2, 0x00, 0x4d, 0x0c, 0xa4, 0x00, 0x4c, 0x0c, 0xa4, 0x00, 0x4c, 0x0c, 0xa4, 0x00, 0x4c, 0x0c,
    0xa4, 0x00, 0x4c, 0x0c, 0xa4, 0x00, 0x4b, 0x0c, 0xa6, 0x00, 0x4a, 0x0c, 0xa7, 0x00, 0x2d, 0x0c,
    0x02, 0x00, 0x19, 0x0c, 0xa8, 0x00, 0x2c, 0x0c, 0x03, 0x00, 0x19, 0x0c, 0xa9, 0x00, 0x13, 0x0c,
    0x03, 0x00, 0x13, 0x0c, 0x06, 0x00, 0x17, 0x0c, 0xab, 0x00, 0x11, 0x0c, 0x05, 0x00, 0x11, 0x0c,
    0x08, 0x00, 0x15, 0x0c, 0xae, 0x00, 0x0d, 0x0c, 0x0a, 0x00, 0x0b, 0x0c, 0x0c, 0x00, 0x13, 0x0c,
    0xb0, 0x00, 0x0b, 0x0c, 0x10, 0x00, 0x01, 0x0c, 0x13, 0x00, 0x0f, 0x0c, 0xb7, 0x00, 0x01, 0x0c,
    0x2b, 0x00, 0x0b, 0x0c, 0xea, 0x00, 0x01, 0x0c, 0xff, 0x00, 0xff, 0x00, 0xff, 0x00, 0xff, 0x00,
    0xff, 0x00, 0xff, 0x00, 0xff, 0x00, 0xff, 0x00, 0xff, 0x00, 0xff, 0x00, 0xff, 0x00, 0xff, 0x00,
    0xff, 0x00, 0xff, 0x00, 0xff, 0x00, 0xff, 0x00, 0xff, 0x00, 0xff, 0x00, 0xff, 0x00, 0xff, 0x00,
    0xff, 0x00, 0xff, 0x00, 0xff, 0x00, 0xff, 0x00, 0xff, 0x00, 0xff, 0x00, 0xff, 0x00, 0xff, 0x00,
    0xff, 0x00, 0xfe, 0x00, 0x25, 0x0c, 0xc2, 0x00, 0x37, 0x0c, 0xb3, 0x00, 0x43, 0x0c, 0xa8, 0x00,
    0x4d, 0x0c, 0x9e, 0x00, 0x57, 0x0c, 0x95, 0x00, 0x5f, 0x0c, 0x8e, 0x00, 0x65, 0x0c, 0x87, 0x00,
    0x6d, 0x0c, 0x80, 0x00, 0x73, 0x0c, 0x7b, 0x00, 0x77, 0x0c, 0x76, 0x00, 0x7d, 0x0c, 0x71, 0x00,
    0x81, 0x0c, 0x6d, 0x00, 0x85, 0x0c, 0x69, 0x00, 0x89, 0x0c, 0x65, 0x00, 0x8d, 0x0c, 0x61, 0x00,
    0x91, 0x0c, 0x5d, 0x00, 0x95, 0x0c, 0x5a, 0x00, 0x97, 0x0c, 0x57, 0x00, 0x9b, 0x0c, 0x54, 0x00,
    0x9d, 0x0c, 0x52, 0x00, 0x9f, 0x0c, 0x4f, 0x00, 0xa3, 0x0c, 0x4c, 0x00, 0x52, 0x0c, 0x01, 0x00,
    0x52, 0x0c, 0x4a, 0x00, 0x50, 0x0c, 0x07, 0x00, 0x50, 0x0c, 0x48, 0x00, 0x4f, 0x0c, 0x0b, 0x00,
    0x4f, 0x0c, 0x46, 0x00, 0x4e, 0x0c, 0x0f, 0x00, 0x4e, 0x0c, 0x44, 0x00, 0x4e, 0x0c, 0x11, 0x00,
    0x4e, 0x0c, 0x43, 0x00, 0x4e, 0x0c, 0x11, 0x00, 0x4e, 0x0c, 0x42, 0x00, 0x4e, 0x0c, 0x13, 0x00,
    0x4e, 0x0c, 0x40, 0x00, 0x4e, 0x0c, 0x15, 0x00, 0x4e, 0x0c, 0x3f, 0x00, 0x4d, 0x0c, 0x17, 0x00,
    0x4d, 0x0c, 0x3e, 0x00, 0x4e, 0x0c, 0x17, 0x00, 0x4e, 0x0c, 0x3d, 0x00, 0x4d, 0x0c, 0x19, 0x00,
    0x4d, 0x0c, 0x3d, 0x00, 0x4d, 0x0c, 0x19, 0x00, 0x4d, 0x0c, 0x3c, 0x00, 0x4e, 0x0c, 0x19, 0x00,
    0x4e, 0x0c, 0x3b, 0x00, 0x4d, 0x0c, 0x1b, 0x00, 0x4d, 0x0c, 0x3b, 0x00, 0x4d, 0x0c, 0x1b, 0x00,
    0x4d, 0x0c, 0x3b, 0x00, 0x4d, 0x0c, 0x1b, 0x00, 0x4d, 0x0c, 0x3b, 0x00, 0x4c, 0x0c, 0x1d, 0x00,
    0x4c, 0x0c, 0x3a, 0x00, 0x4d, 0x0c, 0x1d, 0x00, 0x4d, 0x0c, 0x3a, 0x00, 0x4c, 0x0c, 0x1d, 0x00,
    0x4c, 0x0c, 0x3b, 0x00, 0x4c, 0x0c, 0x1d, 0x00, 0x4c, 0x0c, 0x3b, 0x00, 0x4c, 0x0c, 0x1d, 0x00,
    0x4c, 0x0c, 0x3b, 0x00, 0x4b, 0x0c, 0x1f, 0x00, 0x4b, 0x0c, 0x3b, 0x00, 0x4b, 0x0c, 0x1f, 0x00,
    0x4b, 0x0c, 0x3c, 0x00, 0x4a, 0x0c, 0x1f, 0x00, 0x4a, 0x0c, 0x3d, 0x00, 0x4a, 0x0c, 0x1f, 0x00,
    0x4a, 0x0c, 0x3d, 0x00, 0x4a, 0x0c, 0x1f, 0x00, 0x4a, 0x0c, 0x3e, 0x00, 0x49, 0x0c, 0x1f, 0x00,
    0x49, 0x0c, 0x3f, 0x00, 0x49, 0x0c, 0x1f, 0x00, 0x49, 0x0c, 0x40, 0x00, 0x48, 0x0c, 0x1f, 0x00,
    0x48, 0x0c, 0x42, 0x00, 0x47, 0x0c, 0x1f, 0x00, 0x47, 0x0c, 0x43, 0x00, 0x48, 0x0c, 0x1d, 0x00,
    0x48, 0x0c, 0x44, 0x00, 0x47, 0x0c, 0x1d, 0x00, 0x47, 0x0c, 0x46, 0x00, 0x46, 0x0c, 0x1d, 0x00,
    0x46, 0x0c, 0x48, 0x00, 0x45, 0x0c, 0x1d, 0x00, 0x45, 0x0c, 0x4a, 0x00, 0x44, 0x0c, 0x1d, 0x00,
    0x44, 0x0c, 0x4c, 0x00, 0x44, 0x0c, 0x1b, 0x00, 0x44, 0x0c, 0x4f, 0x00, 0x42, 0x0c, 0x1b, 0x00,
    0x42, 0x0c, 0x52, 0x00, 0x41, 0x0c, 0x1b, 0x00, 0x41, 0x0c, 0x54, 0x00, 0x41, 0x0c, 0x19, 0x00,
    0x41, 0x0c, 0x57, 0x00, 0x3f, 0x0c, 0x19, 0x00, 0x3f, 0x0c, 0x5a, 0x00, 0x3e, 0x0c, 0x19, 0x00,
    0x3e, 0x0c, 0x5d, 0x00, 0x3d, 0x0c, 0x17, 0x00, 0x3d, 0x0c, 0x61, 0x00, 0x3b, 0x0c, 0x17, 0x00,
    0x3b, 0x0c, 0x65, 0x00, 0x3a, 0x0c, 0x15, 0x00, 0x3a, 0x0c, 0x69, 0x00, 0x39, 0x0c, 0x13, 0x00,
    0x39, 0x0c, 0x6d, 0x00, 0x38, 0x0c, 0x11, 0x00, 0x38, 0x0c, 0x71, 0x00, 0x36, 0x0c, 0x11, 0x00,
    0x36, 0x0c, 0x76, 0x00, 0x34, 0x0c, 0x0f, 0x00, 0x34, 0x0c, 0x7b, 0x00, 0x34, 0x0c, 0x0b, 0x00,
    0x34, 0x0c, 0x80, 0x00, 0x33, 0x0c, 0x07, 0x00, 0x33, 0x0c, 0x87, 0x00, 0x65, 0x0c, 0x8e, 0x00,
    0x5f, 0x0c, 0x95, 0x00, 0x57, 0x0c, 0x9e, 0x00, 0x4d, 0x0c, 0xa8, 0x00, 0x43, 0x0c, 0xb3, 0x00,
    0x37, 0x0c, 0xc2, 0x00, 0x25, 0x0c, 0xff, 0x00, 0xff, 0x00, 0xff, 0x00, 0xff, 0x00, 0xff, 0x00,
    0xff, 0x00, 0xff, 0x00, 0xff, 0x00, 0xff, 0x00, 0xff, 0x00, 0xff, 0x00, 0xff, 0x00, 0xff, 0x00,
    0xff, 0x00, 0xff, 0x00, 0xff, 0x00, 0xff, 0x00, 0xff, 0x00, 0xff, 0x00, 0xff, 0x00, 0xff, 0x00,
    0xff, 0x00, 0xff, 0x00, 0xff, 0x00, 0xff, 0x00, 0xff, 0x00, 0xff, 0x00, 0xff, 0x00, 0xff, 0x00,
    0xff, 0x00, 0xff, 0x00, 0xff, 0x00, 0xff, 0x00, 0xff, 0x00, 0xff, 0x00, 0xff, 0x00, 0xff, 0x00,
    0xff, 0x00, 0xff, 0x00, 0xff, 0x00, 0xff, 0x00, 0xff, 0x00, 0xff, 0x00, 0xff, 0x00, 0xff, 0x00,
    0xff, 0x00, 0xff, 0x00, 0xff, 0x00, 0xff, 0x00, 0xff, 0x00, 0xff, 0x00, 0xff, 0x00, 0xff, 0x00,
    0xff, 0x00, 0xff, 0x00, 0xff, 0x00, 0xff, 0x00, 0xff, 0x00, 0xff, 0x00, 0xff, 0x00, 0xff, 0x00,
    0xff, 0x00, 0xff, 0x00, 0xff, 0x00, 0xff, 0x00, 0xff, 0x00, 0xff, 0x00, 0xff, 0x00, 0xff, 0x00,
    0xff, 0x00, 0xff, 0x00, 0xff, 0x00, 0xff, 0x00, 0xff, 0x00, 0xff, 0x00, 0xb0, 0x00, 0xff, 0x00,
    0xff, 0x00, 0xff, 0x00, 0xff, 0x00, 0xff, 0x00, 0xff, 0x00, 0xff, 0x00, 0xff, 0x00, 0xff, 0x00,
    0xff, 0x00, 0xc3, 0x00, 0x01, 0x0c, 0xea, 0x00, 0x0b, 0x0c, 0xe2, 0x00, 0x11, 0x0c, 0xde, 0x00,
    0x13, 0x0c, 0xdb, 0x00, 0x17, 0x0c, 0xd8, 0x00, 0x19, 0x0c, 0xd6, 0x00, 0x1b, 0x0c, 0xd4, 0x00,
    0x1d, 0x0c, 0xd3, 0x00, 0x1d, 0x0c, 0x0c, 0x00, 0x01, 0x0c, 0xc5, 0x00, 0x1f, 0x0c, 0x06, 0x00,
    0x0b, 0x0c, 0xbf, 0x00, 0x21, 0x0c, 0x03, 0x00, 0x0f, 0x0c, 0xb7, 0x00, 0x01, 0x0c, 0x05, 0x00,
    0x21, 0x0c, 0x01, 0x00, 0x13, 0x0c, 0xb0, 0x00, 0x41, 0x0c, 0xae, 0x00, 0x43, 0x0c, 0xab, 0x00,
    0x46, 0x0c, 0xa9, 0x00, 0x47, 0x0c, 0xa8, 0x00, 0x49, 0x0c, 0xa7, 0x00, 0x49, 0x0c, 0xa6, 0x00,
    0x4b, 0x0c, 0xa4, 0x00, 0x4c, 0x0c, 0xa4, 0x00, 0x4c, 0x0c, 0xa4, 0x00, 0x4c, 0x0c, 0xa4, 0x00,
    0x4c, 0x0c, 0xa4, 0x00, 0x4d, 0x0c, 0xa2, 0x00, 0x4d, 0x0c, 0xa4, 0x00, 0x4c, 0x0c, 0xa4, 0x00,
    0x4c, 0x0c, 0xa4, 0x00, 0x4c, 0x0c, 0xa4, 0x00, 0x4c, 0x0c, 0xa4, 0x00, 0x4b, 0x0c, 0xa6, 0x00,
    0x4a, 0x0c, 0xa7, 0x00, 0x2d, 0x0c, 0x02, 0x00, 0x19, 0x0c, 0xa8, 0x00, 0x2c, 0x0c, 0x03, 0x00,
    0x19, 0x0c, 0xa9, 0x00, 0x13, 0x0c, 0x03, 0x00, 0x13, 0x0c, 0x06, 0x00, 0x17, 0x0c, 0xab, 0x00,
    0x11, 0x0c, 0x05, 0x00, 0x11, 0x0c, 0x08, 0x00, 0x15, 0x0c, 0xae, 0x00, 0x0d, 0x0c, 0x0a, 0x00,
    0x0b, 0x0c, 0x0c, 0x00, 0x13, 0x0c, 0xb0, 0x00, 0x0b, 0x0c, 0x10, 0x00, 0x01, 0x0c, 0x13, 0x00,
    0x0f, 0x0c, 0xb7, 0x00, 0x01, 0x0c, 0x2b, 0x00, 0x0b, 0x0c, 0xea, 0x00, 0x01, 0x0c, 0xff, 0x00,
    0xff, 0x00, 0xff, 0x00, 0xff, 0x00, 0xff, 0x00, 0xff, 0x00, 0xff, 0x00, 0xff, 0x00, 0xff, 0x00,
    0xff, 0x00, 0xff, 0x00, 0xff, 0x00, 0xff, 0x00, 0xff, 0x00, 0xff, 0x00, 0xff, 0x00, 0xff, 0x00,
    0xff, 0x00, 0xff, 0x00, 0xff, 0x00, 0xff, 0x00, 0xff, 0x00, 0xff, 0x00, 0xff, 0x00, 0xff, 0x00,
    0xff, 0x00, 0xff, 0x00, 0xff, 0x00, 0xff, 0x00, 0xff, 0x00, 0xff, 0x00, 0xff, 0x00, 0xcf, 0x00,
    0x29, 0x0c, 0xbe, 0x00, 0x3b, 0x0c, 0xaf, 0x00, 0x47, 0x0c, 0xa3, 0x00, 0x53, 0x0c, 0x99, 0x00,
    0x5b, 0x0c, 0x91, 0x00, 0x63, 0x0c, 0x89, 0x00, 0x6b, 0x0c, 0x82, 0x00, 0x71, 0x0c, 0x7c, 0x00,
    0x77, 0x0c, 0x76, 0x00, 0x7d, 0x0c, 0x71, 0x00, 0x81, 0x0c, 0x6c, 0x00, 0x87, 0x0c, 0x67, 0x00,
    0x8b, 0x0c, 0x63, 0x00, 0x8f, 0x0c, 0x5f, 0x00, 0x93, 0x0c, 0x5c, 0x00, 0x95, 0x0c, 0x59, 0x00,
    0x99, 0x0c, 0x55, 0x00, 0x9d, 0x0c, 0x52, 0x00, 0x9f, 0x0c, 0x50, 0x00, 0x50, 0x0c, 0x01, 0x00,
    0x50, 0x0c, 0x4d, 0x00, 0x4f, 0x0c, 0x07, 0x00, 0x4f, 0x0c, 0x4a, 0x00, 0x4e, 0x0c, 0x0b, 0x00,
    0x4e, 0x0c, 0x48, 0x00, 0x4d, 0x0c, 0x0f, 0x00, 0x4d, 0x0c, 0x46, 0x00, 0x4d, 0x0c, 0x11, 0x00,
    0x4d, 0x0c, 0x44, 0x00, 0x4e, 0x0c, 0x11, 0x00, 0x4e, 0x0c, 0x43, 0x00, 0x4d, 0x0c, 0x13, 0x00,
    0x4d, 0x0c, 0x42, 0x00, 0x4d, 0x0c, 0x15, 0x00, 0x4d, 0x0c, 0x40, 0x00, 0x4d, 0x0c, 0x17, 0x00,
    0x4d, 0x0c, 0x3f, 0x00, 0x4d, 0x0c, 0x17, 0x00, 0x4d, 0x0c, 0x3e, 0x00, 0x4d, 0x0c, 0x19, 0x00,
    0x4d, 0x0c, 0x3d, 0x00, 0x4d, 0x0c, 0x19, 0x00, 0x4d, 0x0c, 0x3c, 0x00, 0x4e, 0x0c, 0x19, 0x00,
    0x4e, 0x0c, 0x3b, 0x00, 0x4d, 0x0c, 0x1b, 0x00, 0x4d, 0x0c, 0x3b, 0x00, 0x4d, 0x0c, 0x1b, 0x00,
    0x4d, 0x0c, 0x3b, 0x00, 0x4d, 0x0c, 0x1b, 0x00, 0x4d, 0x0c, 0x3b, 0x00, 0x4c, 0x0c, 0x1d, 0x00,
    0x4c, 0x0c, 0x3a, 0x00, 0x4d, 0x0c, 0x1d, 0x00, 0x4d, 0x0c, 0x3a, 0x00, 0x4c, 0x0c, 0x1d, 0x00,
    0x4c, 0x0c, 0x3b, 0x00, 0x4c, 0x0c, 0x1d, 0x00, 0x4c, 0x0c, 0x3b, 0x00, 0x4c, 0x0c, 0x1d, 0x00,
    0x4c, 0x0c, 0x3b, 0x00, 0x4b, 0x0c, 0x1f, 0x00, 0x4b, 0x0c, 0x3b, 0x00, 0x4b, 0x0c, 0x1f, 0x00,
    0x4b, 0x0c, 0x3c, 0x00, 0x4a, 0x0c, 0x1f, 0x00, 0x4a, 0x0c, 0x3d, 0x00, 0x4a, 0x0c, 0x1f, 0x00,
    0x4a, 0x0c, 0x3e, 0x00, 0x49, 0x0c, 0x1f, 0x00, 0x49, 0x0c, 0x3f, 0x00, 0x49, 0x0c, 0x1f, 0x00,
    0x49, 0x0c, 0x40, 0x00, 0x48, 0x0c, 0x1f, 0x00, 0x48, 0x0c, 0x42, 0x00, 0x47, 0x0c, 0x1f, 0x00,
    0x47, 0x0c, 0x43, 0x00, 0x47, 0x0c, 0x1f, 0x00, 0x47, 0x0c, 0x44, 0x00, 0x47, 0x0c, 0x1d, 0x00,
    0x47, 0x0c, 0x46, 0x00, 0x46, 0x0c, 0x1d, 0x00, 0x46, 0x0c, 0x48, 0x00, 0x45, 0x0c, 0x1d, 0x00,
    0x45, 0x0c, 0x4a, 0x00, 0x44, 0x0c, 0x1d, 0x00, 0x44, 0x0c, 0x4d, 0x00, 0x42, 0x0c, 0x1d, 0x00,
    0x42, 0x0c, 0x50, 0x00, 0x42, 0x0c, 0x1b, 0x00, 0x42, 0x0c, 0x52, 0x00, 0x41, 0x0c, 0x1b, 0x00,
    0x41, 0x0c, 0x55, 0x00, 0x3f, 0x0c, 0x1b, 0x00, 0x3f, 0x0c, 0x59, 0x00, 0x3e, 0x0c, 0x19, 0x00,
    0x3e, 0x0c, 0x5c, 0x00, 0x3d, 0x0c, 0x19, 0x00, 0x3d, 0x0c, 0x5f, 0x00, 0x3b, 0x0c, 0x19, 0x00,
    0x3b, 0x0c, 0x63, 0x00, 0x3a, 0x0c, 0x17, 0x00, 0x3a, 0x0c, 0x67, 0x00, 0x38, 0x0c, 0x17, 0x00,
    0x38, 0x0c, 0x6c, 0x00, 0x36, 0x0c, 0x15, 0x00, 0x36, 0x0c, 0x71, 0x00, 0x35, 0x0c, 0x13, 0x00,
    0x35, 0x0c, 0x76, 0x00, 0x33, 0x0c, 0x11, 0x00, 0x33, 0x0c, 0x7c, 0x00, 0x30, 0x0c, 0x11, 0x00,
    0x30, 0x0c, 0x82, 0x00, 0x2e, 0x0c, 0x0f, 0x00, 0x2e, 0x0c, 0x89, 0x00, 0x2c, 0x0c, 0x0b, 0x00,
    0x2c, 0x0c, 0x91, 0x00, 0x2a, 0x0c, 0x07, 0x00, 0x2a, 0x0c, 0x99, 0x00, 0x53, 0x0c, 0xa3, 0x00,
    0x47, 0x0c, 0xaf, 0x00, 0x3b, 0x0c, 0xbe, 0x00, 0x29, 0x0c, 0xff, 0x00, 0xff, 0x00, 0xff, 0x00,
    0xff, 0x00, 0xff, 0x00, 0xff, 0x00, 0xff, 0x00, 0xff, 0x00, 0xff, 0x00, 0xff, 0x00, 0xff, 0x00,
    0xff, 0x00, 0xff, 0x00, 0xff, 0x00, 0xff, 0x00, 0xff, 0x00, 0xff, 0x00, 0xff, 0x00, 0xff, 0x00,
    0xff, 0x00, 0xff, 0x00, 0xff, 0x00, 0xff, 0x00, 0xff, 0x00, 0xff, 0x00, 0xff, 0x00, 0xff, 0x00,
    0xff, 0x00, 0xff, 0x00, 0xff, 0x00, 0xff, 0x00, 0xff, 0x00, 0xff, 0x00, 0xff, 0x00, 0xff, 0x00,
    0xff, 0x00, 0xff, 0x00, 0xff, 0x00, 0xff, 0x00, 0xff, 0x00, 0xff, 0x00, 0xff, 0x00, 0xff, 0x00,
    0xff, 0x00, 0xff, 0x00, 0xff, 0x00, 0xff, 0x00, 0xff, 0x00, 0xff, 0x00, 0xff, 0x00, 0xff, 0x00,
    0xff, 0x00, 0xff, 0x00, 0xff, 0x00, 0xff, 0x00, 0xff, 0x00, 0xff, 0x00, 0xff, 0x00, 0xff, 0x00,
    0xff, 0x00, 0xff, 0x00, 0xff, 0x00, 0xff, 0x00, 0xff, 0x00, 0xff, 0x00, 0xff, 0x00, 0xff, 0x00,
    0xff, 0x00, 0xff, 0x00, 0xff, 0x00, 0xff, 0x00, 0xff, 0x00, 0xff, 0x00, 0xff, 0x00, 0xff, 0x00,
    0xff, 0x00, 0xff, 0x00, 0xff, 0x00, 0x81, 0x00, 0xff, 0x00, 0xff, 0x00, 0xff, 0x00, 0xff, 0x00,
    0xff, 0x00, 0xff, 0x00, 0xff, 0x00, 0xff, 0x00, 0xff, 0x00, 0xff, 0x00, 0xc3, 0x00, 0x01, 0x0c,
    0xea, 0x00, 0x0b, 0x0c, 0xe2, 0x00, 0x11, 0x0c, 0xde, 0x00, 0x13, 0x0c, 0xdb, 0x00, 0x17, 0x0c,
    0xd8, 0x00, 0x19, 0x0c, 0xd6, 0x00, 0x1b, 0x0c, 0xd4, 0x00, 0x1d, 0x0c, 0xd3, 0x00, 0x1d, 0x0c,
    0x0c, 0x00, 0x01, 0x0c, 0xc5, 0x00, 0x1f, 0x0c, 0x06, 0x00, 0x0b, 0x0c, 0xbf, 0x00, 0x21, 0x0c,
    0x03, 0x00, 0x0f, 0x0c, 0xb7, 0x00, 0x01, 0x0c, 0x05, 0x00, 0x21, 0x0c, 0x01, 0x00, 0x13, 0x0c,
    0xb0, 0x00, 0x41, 0x0c, 0xae, 0x00, 0x43, 0x0c, 0xab, 0x00, 0x46, 0x0c, 0xa9, 0x00, 0x47, 0x0c,
    0xa8, 0x00, 0x49, 0x0c, 0xa7, 0x00, 0x49, 0x0c, 0xa6, 0x00, 0x4b, 0x0c, 0xa4, 0x00, 0x4c, 0x0c,
    0xa4, 0x00, 0x4c, 0x0c, 0xa4, 0x00, 0x4c, 0x0c, 0xa4, 0x00, 0x4c, 0x0c, 0xa4, 0x00, 0x4d, 0x0c,
    0xa2, 0x00, 0x4d, 0x0c, 0xa4, 0x00, 0x4c, 0x0c, 0xa4, 0x00, 0x4c, 0x0c, 0xa4, 0x00, 0x4c, 0x0c,
    0xa4, 0x00, 0x4c, 0x0c, 0xa4, 0x00, 0x4b, 0x0c, 0xa6, 0x00, 0x4a, 0x0c, 0xa7, 0x00, 0x2d, 0x0c,
    0x02, 0x00, 0x19, 0x0c, 0xa8, 0x00, 0x2c, 0x0c, 0x03, 0x00, 0x19, 0x0c, 0xa9, 0x00, 0x13, 0x0c,
    0x03, 0x00, 0x13, 0x0c, 0x06, 0x00, 0x17, 0x0c, 0xab, 0x00, 0x11, 0x0c, 0x05, 0x00, 0x11, 0x0c,
    0x08, 0x00, 0x15, 0x0c, 0xae, 0x00, 0x0d, 0x0c, 0x0a, 0x00, 0x0b, 0x0c, 0x0c, 0x00, 0x13, 0x0c,
    0xb0, 0x00, 0x0b, 0x0c, 0x10, 0x00, 0x01, 0x0c, 0x13, 0x00, 0x0f, 0x0c, 0xb7, 0x00, 0x01, 0x0c,
    0x2b, 0x00, 0x0b, 0x0c, 0xea, 0x00, 0x01, 0x0c, 0xff, 0x00, 0xff, 0x00, 0xff, 0x00, 0xff, 0x00,
    0xff, 0x00, 0xff, 0x00, 0xff, 0x00, 0xff, 0x00, 0xff, 0x00, 0xff, 0x00, 0xff, 0x00, 0xff, 0x00,
    0xff, 0x00, 0xff, 0x00, 0xff, 0x00, 0xff, 0x00, 0xff, 0x00, 0xff, 0x00, 0xff, 0x00, 0xff, 0x00,
    0xff, 0x00, 0xff, 0x00, 0xff, 0x00, 0xff, 0x00, 0xff, 0x00, 0xff, 0x00, 0xff, 0x00, 0xff, 0x00,
    0xff, 0x00, 0xff, 0x00, 0xff, 0x00, 0xff, 0x00, 0xdc, 0x00, 0x0f, 0x0c, 0xd2, 0x00, 0x2d, 0x0c,
    0xbb, 0x00, 0x3d, 0x0c, 0xad, 0x00, 0x49, 0x0c, 0xa1, 0x00, 0x55, 0x0c, 0x97, 0x00, 0x5d, 0x0c,
    0x8f, 0x00, 0x65, 0x0c, 0x87, 0x00, 0x6d, 0x0c, 0x80, 0x00, 0x73, 0x0c, 0x7a, 0x00, 0x79, 0x0c,
    0x74, 0x00, 0x7f, 0x0c, 0x6f, 0x00, 0x83, 0x0c, 0x6a, 0x00, 0x89, 0x0c, 0x65, 0x00, 0x8d, 0x0c,
    0x61, 0x00, 0x91, 0x0c, 0x5d, 0x00, 0x95, 0x0c, 0x5a, 0x00, 0x97, 0x0c, 0x57, 0x00, 0x9b, 0x0c,
    0x54, 0x00, 0x9d, 0x0c, 0x51, 0x00, 0x50, 0x0c, 0x01, 0x00, 0x50, 0x0c, 0x4e, 0x00, 0x4e, 0x0c,
    0x07, 0x00, 0x4e, 0x0c, 0x4c, 0x00, 0x4d, 0x0c, 0x0b, 0x00, 0x4d, 0x0c, 0x4a, 0x00, 0x4c, 0x0c,
    0x0f, 0x00, 0x4c, 0x0c, 0x48, 0x00, 0x4c, 0x0c, 0x11, 0x00, 0x4c, 0x0c, 0x46, 0x00, 0x4d, 0x0c,
    0x11, 0x00, 0x4d, 0x0c, 0x44, 0x00, 0x4d, 0x0c, 0x13, 0x00, 0x4d, 0x0c, 0x42, 0x00, 0x4d, 0x0c,
    0x15, 0x00, 0x4d, 0x0c, 0x40, 0x00, 0x4d, 0x0c, 0x17, 0x00, 0x4d, 0x0c, 0x3f, 0x00, 0x4d, 0x0c,
    0x17, 0x00, 0x4d, 0x0c, 0x3e, 0x00, 0x4d, 0x0c, 0x19, 0x00, 0x4d, 0x0c, 0x3d, 0x00, 0x4d, 0x0c,
    0x19, 0x00, 0x4d, 0x0c, 0x3c, 0x00, 0x4e, 0x0c, 0x19, 0x00, 0x4e, 0x0c, 0x3b, 0x00, 0x4d, 0x0c,
    0x1b, 0x00, 0x4d, 0x0c, 0x3b, 0x00, 0x4d, 0x0c, 0x1b, 0x00, 0x4d, 0x0c, 0x3b, 0x00, 0x4d, 0x0c,
    0x1b, 0x00, 0x4d, 0x0c, 0x3b, 0x00, 0x4c, 0x0c, 0x1d, 0x00, 0x4c, 0x0c, 0x3a, 0x00, 0x4d, 0x0c,
    0x1d, 0x00, 0x4d, 0x0c, 0x3a, 0x00, 0x4c, 0x0c, 0x1d, 0x00, 0x4c, 0x0c, 0x3b, 0x00, 0x4c, 0x0c,
    0x1d, 0x00, 0x4c, 0x0c, 0x3b, 0x00, 0x4c, 0x0c, 0x1d, 0x00, 0x4c, 0x0c, 0x3b, 0x00, 0x4b, 0x0c,
    0x1f, 0x00, 0x4b, 0x0c, 0x3b, 0x00, 0x4b, 0x0c, 0x1f, 0x00, 0x4b, 0x0c, 0x3c, 0x00, 0x4a, 0x0c,
    0x1f, 0x00, 0x4a, 0x0c, 0x3d, 0x00, 0x4a, 0x0c, 0x1f, 0x00, 0x4a, 0x0c, 0x3e, 0x00, 0x49, 0x0c,
    0x1f, 0x00, 0x49, 0x0c, 0x3f, 0x00, 0x49, 0x0c, 0x1f, 0x00, 0x49, 0x0c, 0x40, 0x00, 0x48, 0x0c,
    0x1f, 0x00, 0x48, 0x0c, 0x42, 0x00, 0x47, 0x0c, 0x1f, 0x00, 0x47, 0x0c, 0x44, 0x00, 0x46, 0x0c,
    0x1f, 0x00, 0x46, 0x0c, 0x46, 0x00, 0x46, 0x0c, 0x1d, 0x00, 0x46, 0x0c, 0x48, 0x00, 0x45, 0x0c,
    0x1d, 0x00, 0x45, 0x0c, 0x4a, 0x00, 0x44, 0x0c, 0x1d, 0x00, 0x44, 0x0c, 0x4c, 0x00, 0x43, 0x0c,
    0x1d, 0x00, 0x43, 0x0c, 0x4e, 0x00, 0x42, 0x0c, 0x1d, 0x00, 0x42, 0x0c, 0x51, 0x00, 0x41, 0x0c,
    0x1b, 0x00, 0x41, 0x0c, 0x54, 0x00, 0x40, 0x0c, 0x1b, 0x00, 0x40, 0x0c, 0x57, 0x00, 0x3e, 0x0c,
    0x1b, 0x00, 0x3e, 0x0c, 0x5a, 0x00, 0x3e, 0x0c, 0x19, 0x00, 0x3e, 0x0c, 0x5d, 0x00, 0x3c, 0x0c,
    0x19, 0x00, 0x3c, 0x0c, 0x61, 0x00, 0x3a, 0x0c, 0x19, 0x00, 0x3a, 0x0c, 0x65, 0x00, 0x39, 0x0c,
    0x17, 0x00, 0x39, 0x0c, 0x6a, 0x00, 0x36, 0x0c, 0x17, 0x00, 0x36, 0x0c, 0x6f, 0x00, 0x35, 0x0c,
    0x15, 0x00, 0x35, 0x0c, 0x74, 0x00, 0x33, 0x0c, 0x13, 0x00, 0x33, 0x0c, 0x7a, 0x00, 0x31, 0x0c,
    0x11, 0x00, 0x31, 0x0c, 0x80, 0x00, 0x2e, 0x0c, 0x11, 0x00, 0x2e, 0x0c, 0x87, 0x00, 0x2b, 0x0c,
    0x0f, 0x00, 0x2b, 0x0c, 0x8f, 0x00, 0x29, 0x0c, 0x0b, 0x00, 0x29, 0x0c, 0x97, 0x00, 0x27, 0x0c,
    0x07, 0x00, 0x27, 0x0c, 0xa1, 0x00, 0x49, 0x0c, 0xad, 0x00, 0x3d, 0x0c, 0xbb, 0x00, 0x2d, 0x0c,
    0xd2, 0x00, 0x0f, 0x0c, 0xff, 0x00, 0xff, 0x00, 0xff, 0x00, 0xff, 0x00, 0xff, 0x00, 0xff, 0x00,
    0xff, 0x00, 0xff, 0x00, 0xff, 0x00, 0xff, 0x00, 0xff, 0x00, 0xff, 0x00, 0xff, 0x00, 0xff, 0x00,
    0xff, 0x00, 0xff, 0x00, 0xff, 0x00, 0xff, 0x00, 0xff, 0x00, 0xff, 0x00, 0xff, 0x00, 0xff, 0x00,
    0xff, 0x00, 0xff, 0x00, 0xff, 0x00, 0xff, 0x00, 0xff, 0x00, 0xff, 0x00, 0xff, 0x00, 0xff, 0x00,
    0xff, 0x00, 0xff, 0x00, 0xff, 0x00, 0xff, 0x00, 0xff, 0x00, 0xff, 0x00, 0xff, 0x00, 0xff, 0x00,
    0xff, 0x00, 0xff, 0x00, 0xff, 0x00, 0xff, 0x00, 0xff, 0x00, 0xff, 0x00, 0xff, 0x00, 0xff, 0x00,
    0xff, 0x00, 0xff, 0x00, 0xff, 0x00, 0xff, 0x00, 0xff, 0x00, 0xff, 0x00, 0xff, 0x00, 0xff, 0x00,
    0xff, 0x00, 0xff, 0x00, 0xff, 0x00, 0xff, 0x00, 0xff, 0x00, 0xff, 0x00, 0xff, 0x00, 0xff, 0x00,
    0xff, 0x00, 0xff, 0x00, 0xff, 0x00, 0xff, 0x00, 0xff, 0x00, 0xff, 0x00, 0xff, 0x00, 0xff, 0x00,
    0xff, 0x00, 0xff, 0x00, 0xff, 0x00, 0xff, 0x00, 0xff, 0x00, 0xff, 0x00, 0xff, 0x00, 0xff, 0x00,
    0x8e, 0x00, 0xff, 0x00, 0xff, 0x00, 0xff, 0x00, 0xff, 0x00, 0xff, 0x00, 0xff, 0x00, 0xff, 0x00,
    0xff, 0x00, 0xff, 0x00, 0xff, 0x00, 0xff, 0x00, 0xff, 0x00, 0xff, 0x00, 0xff, 0x00, 0xff, 0x00,
    0xff, 0x00, 0xff, 0x00, 0xff, 0x00, 0xff, 0x00, 0xff, 0x00, 0xff, 0x00, 0xff, 0x00, 0xff, 0x00,
    0xff, 0x00, 0xff, 0x00, 0xff, 0x00, 0xff, 0x00, 0xff, 0x00, 0xff, 0x00, 0xff, 0x00, 0xff, 0x00,
    0xff, 0x00, 0xff, 0x00, 0xff, 0x00, 0xff, 0x00, 0xff, 0x00, 0xff, 0x00, 0xff, 0x00, 0x1e, 0x00,
    0x01, 0x01, 0xe1, 0x00, 0x1d, 0x01, 0xcd, 0x00, 0x29, 0x01, 0xc3, 0x00, 0x31, 0x01, 0xbb, 0x00,
    0x39, 0x01, 0xb4, 0x00, 0x3f, 0x01, 0xae, 0x00, 0x45, 0x01, 0xa8, 0x00, 0x4b, 0x01, 0xa3, 0x00,
    0x4f, 0x01, 0x9f, 0x00, 0x53, 0x01, 0x9a, 0x00, 0x59, 0x01, 0x95, 0x00, 0x5d, 0x01, 0x92, 0x00,
    0x5f, 0x01, 0x8f, 0x00, 0x63, 0x01, 0x8b, 0x00, 0x67, 0x01, 0x87, 0x00, 0x6b, 0x01, 0x84, 0x00,
    0x6d, 0x01, 0x81, 0x00, 0x71, 0x01, 0x7e, 0x00, 0x73, 0x01, 0x7c, 0x00, 0x75, 0x01, 0x79, 0x00,
    0x79, 0x01, 0x76, 0x00, 0x7b, 0x01, 0x74, 0x00, 0x7d, 0x01, 0x72, 0x00, 0x7f, 0x01, 0x70, 0x00,
    0x81, 0x01, 0x6d, 0x00, 0x85, 0x01, 0x6a, 0x00, 0x87, 0x01, 0x68, 0x00, 0x89, 0x01, 0x66, 0x00,
    0x8b, 0x01, 0x64, 0x00, 0x8d, 0x01, 0x62, 0x00, 0x8f, 0x01, 0x61, 0x00, 0x8f, 0x01, 0x60, 0x00,
    0x91, 0x01, 0x5e, 0x00, 0x93, 0x01, 0x5c, 0x00, 0x95, 0x01, 0x5a, 0x00, 0x97, 0x01, 0x59, 0x00,
    0x97, 0x01, 0x58, 0x00, 0x99, 0x01, 0x56, 0x00, 0x9b, 0x01, 0x54, 0x00, 0x9d, 0x01, 0x53, 0x00,
    0x9d, 0x01, 0x52, 0x00, 0x9f, 0x01, 0x50, 0x00, 0xa1, 0x01, 0x4f, 0x00, 0xa1, 0x01, 0x4e, 0x00,
    0xa3, 0x01, 0x4d, 0x00, 0xa3, 0x01, 0x4c, 0x00, 0xa5, 0x01, 0x4b, 0x00, 0xa5, 0x01, 0x4a, 0x00,
    0xa7, 0x01, 0x49, 0x00, 0xa7, 0x01, 0x48, 0x00, 0xa9, 0x01, 0x47, 0x00, 0xa9, 0x01, 0x46, 0x00,
    0xab, 0x01, 0x45, 0x00, 0xab, 0x01, 0x44, 0x00, 0xad, 0x01, 0x43, 0x00, 0xad, 0x01, 0x43, 0x00,
    0xad, 0x01, 0x42, 0x00, 0xaf, 0x01, 0x41, 0x00, 0xaf, 0x01, 0x41, 0x00, 0xaf, 0x01, 0x40, 0x00,
    0xb1, 0x01, 0x3f, 0x00, 0xb1, 0x01, 0x3f, 0x00, 0xb1, 0x01, 0x3f, 0x00, 0xb1, 0x01, 0x3e, 0x00,
    0xb3, 0x01, 0x3d, 0x00, 0xb3, 0x01, 0x3d, 0x00, 0xb3, 0x01, 0x3d, 0x00, 0xb3, 0x01, 0x3d, 0x00,
    0xb3, 0x01, 0x3c, 0x00, 0xb5, 0x01, 0x3b, 0x00, 0xb5, 0x01, 0x3b, 0x00, 0xb5, 0x01, 0x3b, 0x00,
    0xb5, 0x01, 0x3b, 0x00, 0xb5, 0x01, 0x3b, 0x00, 0x5a, 0x01, 0x01, 0x00, 0x5a, 0x01, 0x3b, 0x00,
    0x56, 0x01, 0x09, 0x00, 0x56, 0x01, 0x3b, 0x00, 0x54, 0x01, 0x0d, 0x00, 0x54, 0x01, 0x3b, 0x00,
    0x52, 0x01, 0x11, 0x00, 0x52, 0x01, 0x3b, 0x00, 0x51, 0x01, 0x13, 0x00, 0x51, 0x01, 0x3b, 0x00,
    0x50, 0x01, 0x15, 0x00, 0x50, 0x01, 0x3a, 0x00, 0x50, 0x01, 0x17, 0x00, 0x50, 0x01, 0x3a, 0x00,
    0x4e, 0x01, 0x19, 0x00, 0x4e, 0x01, 0x3b, 0x00, 0x4e, 0x01, 0x19, 0x00, 0x4e, 0x01, 0x3b, 0x00,
    0x4d, 0x01, 0x1b, 0x00, 0x4d, 0x01, 0x3b, 0x00, 0x4d, 0x01, 0x1b, 0x00, 0x4d, 0x01, 0x3b, 0x00,
    0x4c, 0x01, 0x1d, 0x00, 0x4c, 0x01, 0x3b, 0x00, 0x4b, 0x01, 0x1f, 0x00, 0x4b, 0x01, 0x3b, 0x00,
    0x4b, 0x01, 0x1f, 0x00, 0x4b, 0x01, 0x3b, 0x00, 0x4b, 0x01, 0x1f, 0x00, 0x4b, 0x01, 0x3b, 0x00,
    0x4a, 0x01, 0x21, 0x00, 0x4a, 0x01, 0x3b, 0x00, 0x4a, 0x01, 0x21, 0x00, 0x4a, 0x01, 0x3b, 0x00,
    0x4a, 0x01, 0x0a, 0x00, 0x01, 0x03, 0x16, 0x00, 0x4a, 0x01, 0x3c, 0x00, 0x48, 0x01, 0x09, 0x00,
    0x05, 0x03, 0x15, 0x00, 0x48, 0x01, 0x3d, 0x00, 0x48, 0x01, 0x08, 0x00, 0x07, 0x03, 0x14, 0x00,
    0x48, 0x01, 0x3d, 0x00, 0x48, 0x01, 0x08, 0x00, 0x07, 0x03, 0x14, 0x00, 0x48, 0x01, 0x3d, 0x00,
    0x48, 0x01, 0x07, 0x00, 0x09, 0x03, 0x13, 0x00, 0x48, 0x01, 0x3d, 0x00, 0x47, 0x01, 0x09, 0x00,
    0x07, 0x03, 0x15, 0x00, 0x47, 0x01, 0x3e, 0x00, 0x46, 0x01, 0x09, 0x00, 0x07, 0x03, 0x15, 0x00,
    0x46, 0x01, 0x3f, 0x00, 0x46, 0x01, 0x0a, 0x00, 0x05, 0x03, 0x16, 0x00, 0x46, 0x01, 0x3f, 0x00,
    0x46, 0x01, 0x0c, 0x00, 0x01, 0x03, 0x18, 0x00, 0x46, 0x01, 0x3f, 0x00, 0x46, 0x01, 0x25, 0x00,
    0x46, 0x01, 0x40, 0x00, 0x45, 0x01, 0x25, 0x00, 0x45, 0x01, 0x41, 0x00, 0x45, 0x01, 0x25, 0x00,
    0x45, 0x01, 0x41, 0x00, 0x45, 0x01, 0x25, 0x00, 0x45, 0x01, 0x42, 0x00, 0x44, 0x01, 0x25, 0x00,
    0x44, 0x01, 0x43, 0x00, 0x43, 0x01, 0x27, 0x00, 0x43, 0x01, 0x43, 0x00, 0x44, 0x01, 0x25, 0x00,
    0x44, 0x01, 0x44, 0x00, 0x43, 0x01, 0x25, 0x00, 0x43, 0x01, 0x45, 0x00, 0x43, 0x01, 0x25, 0x00,
    0x43, 0x01, 0x46, 0x00, 0x42, 0x01, 0x25, 0x00, 0x42, 0x01, 0x47, 0x00, 0x42, 0x01, 0x25, 0x00,
    0x42, 0x01, 0x48, 0x00, 0x41, 0x01, 0x25, 0x00, 0x41, 0x01, 0x49, 0x00, 0x41, 0x01, 0x25, 0x00,
    0x41, 0x01, 0x4a, 0x00, 0x40, 0x01, 0x25, 0x00, 0x40, 0x01, 0x4b, 0x00, 0x40, 0x01, 0x25, 0x00,
    0x40, 0x01, 0x4c, 0x00, 0x40, 0x01, 0x23, 0x00, 0x40, 0x01, 0x4d, 0x00, 0x40, 0x01, 0x23, 0x00,
    0x40, 0x01, 0x4e, 0x00, 0x3f, 0x01, 0x23, 0x00, 0x3f, 0x01, 0x4f, 0x00, 0x3f, 0x01, 0x23, 0x00,
    0x3f, 0x01, 0x50, 0x00, 0x3f, 0x01, 0x21, 0x00, 0x3f, 0x01, 0x52, 0x00, 0x3e, 0x01, 0x21, 0x00,
    0x3e, 0x01, 0x53, 0x00, 0x3e, 0x01, 0x21, 0x00, 0x3e, 0x01, 0x54, 0x00, 0x3e, 0x01, 0x1f, 0x00,
    0x3e, 0x01, 0x56, 0x00, 0x3d, 0x01, 0x1f, 0x00, 0x3d, 0x01, 0x58, 0x00, 0x3c, 0x01, 0x1f, 0x00,
    0x3c, 0x01, 0x59, 0x00, 0x3d, 0x01, 0x1d, 0x00, 0x3d, 0x01, 0x5a, 0x00, 0x3d, 0x01, 0x1b, 0x00,
    0x3d, 0x01, 0x5c, 0x00, 0x3c, 0x01, 0x1b, 0x00, 0x3c, 0x01, 0x5e, 0x00, 0x3c, 0x01, 0x19, 0x00,
    0x3c, 0x01, 0x60, 0x00, 0x3b, 0x01, 0x19, 0x00, 0x3b, 0x01, 0x61, 0x00, 0x3c, 0x01, 0x17, 0x00,
    0x3c, 0x01, 0x62, 0x00, 0x3c, 0x01, 0x15, 0x00, 0x3c, 0x01, 0x64, 0x00, 0x3c, 0x01, 0x13, 0x00,
    0x3c, 0x01, 0x66, 0x00, 0x3c, 0x01, 0x11, 0x00, 0x3c, 0x01, 0x68, 0x00, 0x3d, 0x01, 0x0d, 0x00,
    0x3d, 0x01, 0x6a, 0x00, 0x3e, 0x01, 0x09, 0x00, 0x3e, 0x01, 0x6d, 0x00, 0x40, 0x01, 0x01, 0x00,
    0x40, 0x01, 0x70, 0x00, 0x7f, 0x01, 0x72, 0x00, 0x7d, 0x01, 0x74, 0x00, 0x7b, 0x01, 0x76, 0x00,
    0x79, 0x01, 0x79, 0x00, 0x75, 0x01, 0x7c, 0x00, 0x73, 0x01, 0x7e, 0x00, 0x71, 0x01, 0x81, 0x00,
    0x6d, 0x01, 0x84, 0x00, 0x6b, 0x01, 0x87, 0x00, 0x67, 0x01, 0x8b, 0x00, 0x63, 0x01, 0x8f, 0x00,
    0x5f, 0x01, 0x92, 0x00, 0x5d, 0x01, 0x95, 0x00, 0x59, 0x01, 0x9a, 0x00, 0x53, 0x01, 0x9f, 0x00,
    0x4f, 0x01, 0xa3, 0x00, 0x4b, 0x01, 0xa8, 0x00, 0x45, 0x01, 0xae, 0x00, 0x3f, 0x01, 0xb4, 0x00,
    0x39, 0x01, 0xbb, 0x00, 0x31, 0x01, 0xc3, 0x00, 0x29, 0x01, 0xcd, 0x00, 0x1d, 0x01, 0xe1, 0x00,
    0x01, 0x01, 0xff, 0x00, 0xff, 0x00, 0xff, 0x00, 0xff, 0x00, 0xff, 0x00, 0xff, 0x00, 0xff, 0x00,
    0xff, 0x00, 0xff, 0x00, 0xff, 0x00, 0xff, 0x00, 0xff, 0x00, 0xff, 0x00, 0xff, 0x00, 0xff, 0x00,
    0xff, 0x00, 0xff, 0x00, 0xff, 0x00, 0xff, 0x00, 0xff, 0x00, 0xff, 0x00, 0xff, 0x00, 0xff, 0x00,
    0xff, 0x00, 0xff, 0x00, 0xff, 0x00, 0xff, 0x00, 0xff, 0x00, 0xff, 0x00, 0xff, 0x00, 0xff, 0x00,
    0xff, 0x00, 0xff, 0x00, 0xff, 0x00, 0xff, 0x00, 0xff, 0x00, 0xff, 0x00, 0x2c, 0x00, 0xff, 0x00,
    0xff, 0x00, 0xff, 0x00, 0xff, 0x00, 0xff, 0x00, 0xff, 0x00, 0xff, 0x00, 0xff, 0x00, 0xff, 0x00,
    0xff, 0x00, 0xff, 0x00, 0xff, 0x00, 0xff, 0x00, 0xff, 0x00, 0xff, 0x00, 0xff, 0x00, 0xff, 0x00,
    0xff, 0x00, 0xff, 0x00, 0xff, 0x00, 0xff, 0x00, 0xff, 0x00, 0xff, 0x00, 0xff, 0x00, 0xff, 0x00,
    0xff, 0x00, 0xff, 0x00, 0xff, 0x00, 0xff, 0x00, 0xff, 0x00, 0xff, 0x00, 0xff, 0x00, 0xff, 0x00,
    0xff, 0x00, 0xff, 0x00, 0xff, 0x00, 0xff, 0x00, 0xff, 0x00, 0x1e, 0x00, 0x01, 0x01, 0xe1, 0x00,
    0x1d, 0x01, 0xcd, 0x00, 0x29, 0x01, 0xc3, 0x00, 0x31, 0x01, 0xbb, 0x00, 0x39, 0x01, 0xb4, 0x00,
    0x3f, 0x01, 0xae, 0x00, 0x45, 0x01, 0xa8, 0x00, 0x4b, 0x01, 0xa3, 0x00, 0x4f, 0x01, 0x9f, 0x00,
    0x53, 0x01, 0x9a, 0x00, 0x59, 0x01, 0x95, 0x00, 0x5d, 0x01, 0x92, 0x00, 0x5f, 0x01, 0x8f, 0x00,
    0x63, 0x01, 0x8b, 0x00, 0x67, 0x01, 0x87, 0x00, 0x6b, 0x01, 0x84, 0x00, 0x6d, 0x01, 0x81, 0x00,
    0x71, 0x01, 0x7e, 0x00, 0x73, 0x01, 0x7c, 0x00, 0x75, 0x01, 0x79, 0x00, 0x79, 0x01, 0x76, 0x00,
    0x7b, 0x01, 0x74, 0x00, 0x7d, 0x01, 0x72, 0x00, 0x7f, 0x01, 0x70, 0x00, 0x81, 0x01, 0x6d, 0x00,
    0x85, 0x01, 0x6a, 0x00, 0x87, 0x01, 0x68, 0x00, 0x89, 0x01, 0x66, 0x00, 0x8b, 0x01, 0x64, 0x00,
    0x8d, 0x01, 0x62, 0x00, 0x8f, 0x01, 0x61, 0x00, 0x8f, 0x01, 0x60, 0x00, 0x91, 0x01, 0x5e, 0x00,
    0x93, 0x01, 0x5c, 0x00, 0x95, 0x01, 0x5a, 0x00, 0x97, 0x01, 0x59, 0x00, 0x97, 0x01, 0x58, 0x00,
    0x99, 0x01, 0x56, 0x00, 0x9b, 0x01, 0x54, 0x00, 0x9d, 0x01, 0x53, 0x00, 0x9d, 0x01, 0x52, 0x00,
    0x9f, 0x01, 0x50, 0x00, 0xa1, 0x01, 0x4f, 0x00, 0xa1, 0x01, 0x4e, 0x00, 0xa3, 0x01, 0x4d, 0x00,
    0xa3, 0x01, 0x4c, 0x00, 0xa5, 0x01, 0x4b, 0x00, 0xa5, 0x01, 0x4a, 0x00, 0xa7, 0x01, 0x49, 0x00,
    0xa7, 0x01, 0x48, 0x00, 0xa9, 0x01, 0x47, 0x00, 0xa9, 0x01, 0x46, 0x00, 0xab, 0x01, 0x45, 0x00,
    0xab, 0x01, 0x44, 0x00, 0xad, 0x01, 0x43, 0x00, 0xad, 0x01, 0x43, 0x00, 0xad, 0x01, 0x42, 0x00,
    0xaf, 0x01, 0x41, 0x00, 0xaf, 0x01, 0x41, 0x00, 0xaf, 0x01, 0x40, 0x00, 0xb1, 0x01, 0x3f, 0x00,
    0x58, 0x01, 0x01, 0x00, 0x58, 0x01, 0x3f, 0x00, 0x58, 0x01, 0x01, 0x00, 0x58, 0x01, 0x3f, 0x00,
    0x58, 0x01, 0x01, 0x00, 0x58, 0x01, 0x3e, 0x00, 0x58, 0x01, 0x03, 0x00, 0x58, 0x01, 0x3d, 0x00,
    0x58, 0x01, 0x03, 0x00, 0x58, 0x01, 0x3d, 0x00, 0x58, 0x01, 0x03, 0x00, 0x58, 0x01, 0x3d, 0x00,
    0x57, 0x01, 0x05, 0x00, 0x57, 0x01, 0x3d, 0x00, 0x57, 0x01, 0x05, 0x00, 0x57, 0x01, 0x3c, 0x00,
    0x58, 0x01, 0x05, 0x00, 0x58, 0x01, 0x3b, 0x00, 0x57, 0x01, 0x07, 0x00, 0x57, 0x01, 0x3b, 0x00,
    0x56, 0x01, 0x01, 0x03, 0x07, 0x00, 0x57, 0x01, 0x3b, 0x00, 0x54, 0x01, 0x05, 0x03, 0x05, 0x00,
    0x57, 0x01, 0x3b, 0x00, 0x54, 0x01, 0x05, 0x03, 0x06, 0x00, 0x56, 0x01, 0x3b, 0x00, 0x48, 0x01,
    0x0c, 0x00, 0x05, 0x03, 0x14, 0x00, 0x48, 0x01, 0x3b, 0x00, 0x49, 0x01, 0x0b, 0x00, 0x05, 0x03,
    0x13, 0x00, 0x49, 0x01, 0x3b, 0x00, 0x4b, 0x01, 0x0b, 0x00, 0x01, 0x03, 0x13, 0x00, 0x4b, 0x01,
    0x3b, 0x00, 0x4c, 0x01, 0x1d, 0x00, 0x4c, 0x01, 0x3b, 0x00, 0x4d, 0x01, 0x1b, 0x00, 0x4d, 0x01,
    0x3b, 0x00, 0x4f, 0x01, 0x17, 0x00, 0x4f, 0x01, 0x3a, 0x00, 0x51, 0x01, 0x15, 0x00, 0x51, 0x01,
    0x3a, 0x00, 0x51, 0x01, 0x13, 0x00, 0x51, 0x01, 0x3b, 0x00, 0x53, 0x01, 0x0f, 0x00, 0x53, 0x01,
    0x3b, 0x00, 0x53, 0x01, 0x0f, 0x00, 0x53, 0x01, 0x3b, 0x00, 0x53, 0x01, 0x0f, 0x00, 0x53, 0x01,
    0x3b, 0x00, 0x52, 0x01, 0x11, 0x00, 0x52, 0x01, 0x3b, 0x00, 0x52, 0x01, 0x11, 0x00, 0x52, 0x01,
    0x3b, 0x00, 0x52, 0x01, 0x11, 0x00, 0x52, 0x01, 0x3b, 0x00, 0x51, 0x01, 0x09, 0x00, 0x01, 0x01,
    0x09, 0x00, 0x51, 0x01, 0x3b, 0x00, 0x51, 0x01, 0x08, 0x00, 0x03, 0x01, 0x08, 0x00, 0x51, 0x01,
    0x3b, 0x00, 0x51, 0x01, 0x06, 0x00, 0x07, 0x01, 0x06, 0x00, 0x51, 0x01, 0x3b, 0x00, 0x50, 0x01,
    0x06, 0x00, 0x09, 0x01, 0x06, 0x00, 0x50, 0x01, 0x3c, 0x00, 0x4f, 0x01, 0x04, 0x00, 0x0d, 0x01,
    0x04, 0x00, 0x4f, 0x01, 0x3d, 0x00, 0x4f, 0x01, 0x03, 0x00, 0x0f, 0x01, 0x03, 0x00, 0x4f, 0x01,
    0x3d, 0x00, 0x4f, 0x01, 0x02, 0x00, 0x11, 0x01, 0x02, 0x00, 0x4f, 0x01, 0x3d, 0x00, 0x4e, 0x01,
    0x01, 0x00, 0x15, 0x01, 0x01, 0x00, 0x4e, 0x01, 0x3d, 0x00, 0xb3, 0x01, 0x3e, 0x00, 0xb1, 0x01,
    0x3f, 0x00, 0xb1, 0x01, 0x3f, 0x00, 0xb1, 0x01, 0x3f, 0x00, 0xb1, 0x01, 0x40, 0x00, 0xaf, 0x01,
    0x41, 0x00, 0xaf, 0x01, 0x41, 0x00, 0xaf, 0x01, 0x42, 0x00, 0xad, 0x01, 0x43, 0x00, 0xad, 0x01,
    0x43, 0x00, 0xad, 0x01, 0x44, 0x00, 0xab, 0x01, 0x45, 0x00, 0xab, 0x01, 0x46, 0x00, 0xa9, 0x01,
    0x47, 0x00, 0xa9, 0x01, 0x48, 0x00, 0xa7, 0x01, 0x49, 0x00, 0xa7, 0x01, 0x4a, 0x00, 0xa5, 0x01,
    0x4b, 0x00, 0xa5, 0x01, 0x4c, 0x00, 0xa3, 0x01, 0x4d, 0x00, 0xa3, 0x01, 0x4e, 0x00, 0xa1, 0x01,
    0x4f, 0x00, 0xa1, 0x01, 0x50, 0x00, 0x9f, 0x01, 0x52, 0x00, 0x9d, 0x01, 0x53, 0x00, 0x9d, 0x01,
    0x54, 0x00, 0x9b, 0x01, 0x56, 0x00, 0x99, 0x01, 0x58, 0x00, 0x97, 0x01, 0x59, 0x00, 0x97, 0x01,
    0x5a, 0x00, 0x95, 0x01, 0x5c, 0x00, 0x93, 0x01, 0x5e, 0x00, 0x91, 0x01, 0x60, 0x00, 0x8f, 0x01,
    0x61, 0x00, 0x8f, 0x01, 0x62, 0x00, 0x8d, 0x01, 0x64, 0x00, 0x8b, 0x01, 0x66, 0x00, 0x89, 0x01,
    0x68, 0x00, 0x87, 0x01, 0x6a, 0x00, 0x85, 0x01, 0x6d, 0x00, 0x81, 0x01, 0x70, 0x00, 0x7f, 0x01,
    0x72, 0x00, 0x7d, 0x01, 0x74, 0x00, 0x7b, 0x01, 0x76, 0x00, 0x79, 0x01, 0x79, 0x00, 0x75, 0x01,
    0x7c, 0x00, 0x73, 0x01, 0x7e, 0x00, 0x71, 0x01, 0x81, 0x00, 0x6d, 0x01, 0x84, 0x00, 0x6b, 0x01,
    0x87, 0x00, 0x67, 0x01, 0x8b, 0x00, 0x63, 0x01, 0x8f, 0x00, 0x5f, 0x01, 0x92, 0x00, 0x5d, 0x01,
    0x95, 0x00, 0x59, 0x01, 0x9a, 0x00, 0x53, 0x01, 0x9f, 0x00, 0x4f, 0x01, 0xa3, 0x00, 0x4b, 0x01,
    0xa8, 0x00, 0x45, 0x01, 0xae, 0x00, 0x3f, 0x01, 0xb4, 0x00, 0x39, 0x01, 0xbb, 0x00, 0x31, 0x01,
    0xc3, 0x00, 0x29, 0x01, 0xcd, 0x00, 0x1d, 0x01, 0xe1, 0x00, 0x01, 0x01, 0xff, 0x00, 0xff, 0x00,
    0xff, 0x00, 0xff, 0x00, 0xff, 0x00, 0xff, 0x00, 0xff, 0x00, 0xff, 0x00, 0xff, 0x00, 0xff, 0x00,
    0xff, 0x00, 0xff, 0x00, 0xff, 0x00, 0xff, 0x00, 0xff, 0x00, 0xff, 0x00, 0xff, 0x00, 0xff, 0x00,
    0xff, 0x00, 0xff, 0x00, 0xff, 0x00, 0xff, 0x00, 0xff, 0x00, 0xff, 0x00, 0xff, 0x00, 0xff, 0x00,
    0xff, 0x00, 0xff, 0x00, 0xff, 0x00, 0xff, 0x00, 0xff, 0x00, 0xff, 0x00, 0xff, 0x00, 0xff, 0x00,
    0xff, 0x00, 0xff, 0x00, 0xff, 0x00, 0x2c, 0x00, 0xff, 0x00, 0xff, 0x00, 0xff, 0x00, 0xff, 0x00,
    0xff, 0x00, 0xff, 0x00, 0xff, 0x00, 0xff, 0x00, 0xff, 0x00, 0xff, 0x00, 0xff, 0x00, 0xff, 0x00,
    0xff, 0x00, 0xff, 0x00, 0xff, 0x00, 0xff, 0x00, 0xff, 0x00, 0xff, 0x00, 0xff, 0x00, 0xff, 0x00,
    0xff, 0x00, 0xff, 0x00, 0xff, 0x00, 0xff, 0x00, 0xff, 0x00, 0xff, 0x00, 0xff, 0x00, 0xff, 0x00,
    0xff, 0x00, 0xff, 0x00, 0xff, 0x00, 0xff, 0x00, 0xff, 0x00, 0xff, 0x00, 0xff, 0x00, 0xff, 0x00,
    0xff, 0x00, 0xff, 0x00, 0x1e, 0x00, 0x01, 0x01, 0xe1, 0x00, 0x1d, 0x01, 0xcd, 0x00, 0x29, 0x01,
    0xc3, 0x00, 0x31, 0x01, 0xbb, 0x00, 0x39, 0x01, 0xb4, 0x00, 0x3f, 0x01, 0xae, 0x00, 0x45, 0x01,
    0xa8, 0x00, 0x4b, 0x01, 0xa3, 0x00, 0x4f, 0x01, 0x9f, 0x00, 0x53, 0x01, 0x9a, 0x00, 0x59, 0x01,
    0x95, 0x00, 0x5d, 0x01, 0x92, 0x00, 0x5f, 0x01, 0x8f, 0x00, 0x63, 0x01, 0x8b, 0x00, 0x67, 0x01,
    0x87, 0x00, 0x6b, 0x01, 0x84, 0x00, 0x6d, 0x01, 0x81, 0x00, 0x71, 0x01, 0x7e, 0x00, 0x73, 0x01,
    0x7c, 0x00, 0x75, 0x01, 0x79, 0x00, 0x79, 0x01, 0x76, 0x00, 0x7b, 0x01, 0x74, 0x00, 0x7d, 0x01,
    0x72, 0x00, 0x7f, 0x01, 0x70, 0x00, 0x81, 0x01, 0x6d, 0x00, 0x85, 0x01, 0x6a, 0x00, 0x87, 0x01,
    0x68, 0x00, 0x89, 0x01, 0x66, 0x00, 0x8b, 0x01, 0x64, 0x00, 0x8d, 0x01, 0x62, 0x00, 0x8f, 0x01,
    0x61, 0x00, 0x8f, 0x01, 0x60, 0x00, 0x91, 0x01, 0x5e, 0x00, 0x93, 0x01, 0x5c, 0x00, 0x95, 0x01,
    0x5a, 0x00, 0x97, 0x01, 0x59, 0x00, 0x97, 0x01, 0x58, 0x00, 0x99, 0x01, 0x56, 0x00, 0x9b, 0x01,
    0x54, 0x00, 0x9d, 0x01, 0x53, 0x00, 0x9d, 0x01, 0x52, 0x00, 0x9f, 0x01, 0x50, 0x00, 0xa1, 0x01,
    0x4f, 0x00, 0xa1, 0x01, 0x4e, 0x00, 0xa3, 0x01, 0x4d, 0x00, 0xa3, 0x01, 0x4c, 0x00, 0xa5, 0x01,
    0x4b, 0x00, 0xa5, 0x01, 0x4a, 0x00, 0xa7, 0x01, 0x49, 0x00, 0xa7, 0x01, 0x48, 0x00, 0xa9, 0x01,
    0x47, 0x00, 0xa9, 0x01, 0x46, 0x00, 0xab, 0x01, 0x45, 0x00, 0x55, 0x01, 0x01, 0x00, 0x55, 0x01,
    0x44, 0x00, 0x56, 0x01, 0x01, 0x00, 0x56, 0x01, 0x43, 0x00, 0x56, 0x01, 0x01, 0x00, 0x56, 0x01,
    0x43, 0x00, 0x55, 0x01, 0x03, 0x00, 0x55, 0x01, 0x42, 0x00, 0x56, 0x01, 0x03, 0x00, 0x56, 0x01,
    0x41, 0x00, 0x56, 0x01, 0x03, 0x00, 0x56, 0x01, 0x41, 0x00, 0x55, 0x01, 0x05, 0x00, 0x55, 0x01,
    0x40, 0x00, 0x56, 0x01, 0x05, 0x00, 0x56, 0x01, 0x3f, 0x00, 0x56, 0x01, 0x05, 0x00, 0x56, 0x01,
    0x3f, 0x00, 0x55, 0x01, 0x07, 0x00, 0x55, 0x01, 0x3f, 0x00, 0x55, 0x01, 0x07, 0x00, 0x55, 0x01,
    0x3e, 0x00, 0x56, 0x01, 0x07, 0x00, 0x56, 0x01, 0x3d, 0x00, 0x55, 0x01, 0x09, 0x00, 0x55, 0x01,
    0x3d, 0x00, 0x55, 0x01, 0x09, 0x00, 0x55, 0x01, 0x3d, 0x00, 0x55, 0x01, 0x09, 0x00, 0x55, 0x01,
    0x3d, 0x00, 0x52, 0x01, 0x04, 0x03, 0x09, 0x00, 0x54, 0x01, 0x3c, 0x00, 0x52, 0x01, 0x06, 0x03,
    0x08, 0x00, 0x55, 0x01, 0x3b, 0x00, 0x52, 0x01, 0x07, 0x03, 0x07, 0x00, 0x55, 0x01, 0x3b, 0x00,
    0x51, 0x01, 0x08, 0x03, 0x08, 0x00, 0x54, 0x01, 0x3b, 0x00, 0x41, 0x01, 0x11, 0x00, 0x07, 0x03,
    0x1b, 0x00, 0x41, 0x01, 0x3b, 0x00, 0x43, 0x01, 0x0f, 0x00, 0x06, 0x03, 0x1a, 0x00, 0x43, 0x01,
    0x3b, 0x00, 0x44, 0x01, 0x0f, 0x00, 0x04, 0x03, 0x1a, 0x00, 0x44, 0x01, 0x3b, 0x00, 0x45, 0x01,
    0x2b, 0x00, 0x45, 0x01, 0x3b, 0x00, 0x47, 0x01, 0x27, 0x00, 0x47, 0x01, 0x3b, 0x00, 0x48, 0x01,
    0x25, 0x00, 0x48, 0x01, 0x3b, 0x00, 0x49, 0x01, 0x23, 0x00, 0x49, 0x01, 0x3b, 0x00, 0x4b, 0x01,
    0x1f, 0x00, 0x4b, 0x01, 0x3a, 0x00, 0x4d, 0x01, 0x1d, 0x00, 0x4d, 0x01, 0x3a, 0x00, 0x4d, 0x01,
    0x1b, 0x00, 0x4d, 0x01, 0x3b, 0x00, 0x4e, 0x01, 0x19, 0x00, 0x4e, 0x01, 0x3b, 0x00, 0x50, 0x01,
    0x15, 0x00, 0x50, 0x01, 0x3b, 0x00, 0x50, 0x01, 0x15, 0x00, 0x50, 0x01, 0x3b, 0x00, 0x50, 0x01,
    0x15, 0x00, 0x50, 0x01, 0x3b, 0x00, 0x4f, 0x01, 0x17, 0x00, 0x4f, 0x01, 0x3b, 0x00, 0x4f, 0x01,
    0x17, 0x00, 0x4f, 0x01, 0x3b, 0x00, 0x4f, 0x01, 0x17, 0x00, 0x4f, 0x01, 0x3b, 0x00, 0x4f, 0x01,
    0x17, 0x00, 0x4f, 0x01, 0x3b, 0x00, 0x4e, 0x01, 0x19, 0x00, 0x4e, 0x01, 0x3b, 0x00, 0x4e, 0x01,
    0x0c, 0x00, 0x01, 0x01, 0x0c, 0x00, 0x4e, 0x01, 0x3c, 0x00, 0x4d, 0x01, 0x0b, 0x00, 0x03, 0x01,
    0x0b, 0x00, 0x4d, 0x01, 0x3d, 0x00, 0x4c, 0x01, 0x0a, 0x00, 0x07, 0x01, 0x0a, 0x00, 0x4c, 0x01,
    0x3d, 0x00, 0x4c, 0x01, 0x09, 0x00, 0x09, 0x01, 0x09, 0x00, 0x4c, 0x01, 0x3d, 0x00, 0x4c, 0x01,
    0x07, 0x00, 0x0d, 0x01, 0x07, 0x00, 0x4c, 0x01, 0x3d, 0x00, 0x4b, 0x01, 0x07, 0x00, 0x0f, 0x01,
    0x07, 0x00, 0x4b, 0x01, 0x3e, 0x00, 0x4a, 0x01, 0x06, 0x00, 0x11, 0x01, 0x06, 0x00, 0x4a, 0x01,
    0x3f, 0x00, 0x4a, 0x01, 0x04, 0x00, 0x15, 0x01, 0x04, 0x00, 0x4a, 0x01, 0x3f, 0x00, 0x49, 0x01,
    0x04, 0x00, 0x17, 0x01, 0x04, 0x00, 0x49, 0x01, 0x3f, 0x00, 0x49, 0x01, 0x02, 0x00, 0x1b, 0x01,
    0x02, 0x00, 0x49, 0x01, 0x40, 0x00, 0x48, 0x01, 0x01, 0x00, 0x1d, 0x01, 0x01, 0x00, 0x48, 0x01,
    0x41, 0x00, 0xaf, 0x01, 0x41, 0x00, 0xaf, 0x01, 0x42, 0x00, 0xad, 0x01, 0x43, 0x00, 0xad, 0x01,
    0x43, 0x00, 0xad, 0x01, 0x44, 0x00, 0xab, 0x01, 0x45, 0x00, 0xab, 0x01, 0x46, 0x00, 0xa9, 0x01,
    0x47, 0x00, 0xa9, 0x01, 0x48, 0x00, 0xa7, 0x01, 0x49, 0x00, 0xa7, 0x01, 0x4a, 0x00, 0xa5, 0x01,
    0x4b, 0x00, 0xa5, 0x01, 0x4c, 0x00, 0xa3, 0x01, 0x4d, 0x00, 0xa3, 0x01, 0x4e, 0x00, 0xa1, 0x01,
    0x4f, 0x00, 0xa1, 0x01, 0x50, 0x00, 0x9f, 0x01, 0x52, 0x00, 0x9d, 0x01, 0x53, 0x00, 0x9d, 0x01,
    0x54, 0x00, 0x9b, 0x01, 0x56, 0x00, 0x99, 0x01, 0x58, 0x00, 0x97, 0x01, 0x59, 0x00, 0x97, 0x01,
    0x5a, 0x00, 0x95, 0x01, 0x5c, 0x00, 0x93, 0x01, 0x5e, 0x00, 0x91, 0x01, 0x60, 0x00, 0x8f, 0x01,
    0x61, 0x00, 0x8f, 0x01, 0x62, 0x00, 0x8d, 0x01, 0x64, 0x00, 0x8b, 0x01, 0x66, 0x00, 0x89, 0x01,
    0x68, 0x00, 0x87, 0x01, 0x6a, 0x00, 0x85, 0x01, 0x6d, 0x00, 0x81, 0x01, 0x70, 0x00, 0x7f, 0x01,
    0x72, 0x00, 0x7d, 0x01, 0x74, 0x00, 0x7b, 0x01, 0x76, 0x00, 0x79, 0x01, 0x79, 0x00, 0x75, 0x01,
    0x7c, 0x00, 0x73, 0x01, 0x7e, 0x00, 0x71, 0x01, 0x81, 0x00, 0x6d, 0x01, 0x84, 0x00, 0x6b, 0x01,
    0x87, 0x00, 0x67, 0x01, 0x8b, 0x00, 0x63, 0x01, 0x8f, 0x00, 0x5f, 0x01, 0x92, 0x00, 0x5d, 0x01,
    0x95, 0x00, 0x59, 0x01, 0x9a, 0x00, 0x53, 0x01, 0x9f, 0x00, 0x4f, 0x01, 0xa3, 0x00, 0x4b, 0x01,
    0xa8, 0x00, 0x45, 0x01, 0xae, 0x00, 0x3f, 0x01, 0xb4, 0x00, 0x39, 0x01, 0xbb, 0x00, 0x31, 0x01,
    0xc3, 0x00, 0x29, 0x01, 0xcd, 0x00, 0x1d, 0x01, 0xe1, 0x00, 0x01, 0x01, 0xff, 0x00, 0xff, 0x00,
    0xff, 0x00, 0xff, 0x00, 0xff, 0x00, 0xff, 0x00, 0xff, 0x00, 0xff, 0x00, 0xff, 0x00, 0xff, 0x00,
    0xff, 0x00, 0xff, 0x00, 0xff, 0x00, 0xff, 0x00, 0xff, 0x00, 0xff, 0x00, 0xff, 0x00, 0xff, 0x00,
    0xff, 0x00, 0xff, 0x00, 0xff, 0x00, 0xff, 0x00, 0xff, 0x00, 0xff, 0x00, 0xff, 0x00, 0xff, 0x00,
    0xff, 0x00, 0xff, 0x00, 0xff, 0x00, 0xff, 0x00, 0xff, 0x00, 0xff, 0x00, 0xff, 0x00, 0xff, 0x00,
    0xff, 0x00, 0xff, 0x00, 0xff, 0x00, 0x2c, 0x00, 0xff, 0x00, 0xff, 0x00, 0xff, 0x00, 0xff, 0x00,
    0xff, 0x00, 0xff, 0x00, 0xff, 0x00, 0xff, 0x00, 0xff, 0x00, 0xff, 0x00, 0xff, 0x00, 0xff, 0x00,
    0xff, 0x00, 0xff, 0x00, 0xff, 0x00, 0xff, 0x00, 0xff, 0x00, 0xff, 0x00, 0xff, 0x00, 0xff, 0x00,
    0xff, 0x00, 0xff, 0x00, 0xff, 0x00, 0xff, 0x00, 0xff, 0x00, 0xff, 0x00, 0xff, 0x00, 0xff, 0x00,
    0xff, 0x00, 0xff, 0x00, 0xff, 0x00, 0xff, 0x00, 0xff, 0x00, 0xff, 0x00, 0xff, 0x00, 0xff, 0x00,
    0xff, 0x00, 0xff, 0x00, 0x1e, 0x00, 0x01, 0x01, 0xe1, 0x00, 0x1d, 0x01, 0xcd, 0x00, 0x29, 0x01,
    0xc3, 0x00, 0x31, 0x01, 0xbb, 0x00, 0x39, 0x01, 0xb4, 0x00, 0x3f, 0x01, 0xae, 0x00, 0x45, 0x01,
    0xa8, 0x00, 0x4b, 0x01, 0xa3, 0x00, 0x4f, 0x01, 0x9f, 0x00, 0x53, 0x01, 0x9a, 0x00, 0x59, 0x01,
    0x95, 0x00, 0x5d, 0x01, 0x92, 0x00, 0x5f, 0x01, 0x8f, 0x00, 0x63, 0x01, 0x8b, 0x00, 0x67, 0x01,
    0x87, 0x00, 0x6b, 0x01, 0x84, 0x00, 0x6d, 0x01, 0x81, 0x00, 0x71, 0x01, 0x7e, 0x00, 0x73, 0x01,
    0x7c, 0x00, 0x75, 0x01, 0x79, 0x00, 0x79, 0x01, 0x76, 0x00, 0x7b, 0x01, 0x74, 0x00, 0x7d, 0x01,
    0x72, 0x00, 0x7f, 0x01, 0x70, 0x00, 0x81, 0x01, 0x6d, 0x00, 0x85, 0x01, 0x6a, 0x00, 0x87, 0x01,
    0x68, 0x00, 0x89, 0x01, 0x66, 0x00, 0x8b, 0x01, 0x64, 0x00, 0x8d, 0x01, 0x62, 0x00, 0x8f, 0x01,
    0x61, 0x00, 0x8f, 0x01, 0x60, 0x00, 0x91, 0x01, 0x5e, 0x00, 0x93, 0x01, 0x5c, 0x00, 0x95, 0x01,
    0x5a, 0x00, 0x97, 0x01, 0x59, 0x00, 0x97, 0x01, 0x58, 0x00, 0x99, 0x01, 0x56, 0x00, 0x9b, 0x01,
    0x54, 0x00, 0x9d, 0x01, 0x53, 0x00, 0x9d, 0x01, 0x52, 0x00, 0x9f, 0x01, 0x50, 0x00, 0xa1, 0x01,
    0x4f, 0x00, 0xa1, 0x01, 0x4e, 0x00, 0xa3, 0x01, 0x4d, 0x00, 0xa3, 0x01, 0x4c, 0x00, 0x52, 0x01,
    0x01, 0x00, 0x52, 0x01, 0x4b, 0x00, 0x52, 0x01, 0x01, 0x00, 0x52, 0x01, 0x4a, 0x00, 0x53, 0x01,
    0x01, 0x00, 0x53, 0x01, 0x49, 0x00, 0x52, 0x01, 0x03, 0x00, 0x52, 0x01, 0x48, 0x00, 0x53, 0x01,
    0x03, 0x00, 0x53, 0x01, 0x47, 0x00, 0x53, 0x01, 0x03, 0x00, 0x53, 0x01, 0x46, 0x00, 0x53, 0x01,
    0x05, 0x00, 0x53, 0x01, 0x45, 0x00, 0x53, 0x01, 0x05, 0x00, 0x53, 0x01, 0x44, 0x00, 0x54, 0x01,
    0x05, 0x00, 0x54, 0x01, 0x43, 0x00, 0x53, 0x01, 0x07, 0x00, 0x53, 0x01, 0x43, 0x00, 0x53, 0x01,
    0x07, 0x00, 0x53, 0x01, 0x42, 0x00, 0x54, 0x01, 0x07, 0x00, 0x54, 0x01, 0x41, 0x00, 0x53, 0x01,
    0x09, 0x00, 0x53, 0x01, 0x41, 0x00, 0x53, 0x01, 0x09, 0x00, 0x53, 0x01, 0x40, 0x00, 0x53, 0x01,
    0x0b, 0x00, 0x53, 0x01, 0x3f, 0x00, 0x53, 0x01, 0x0b, 0x00, 0x53, 0x01, 0x3f, 0x00, 0x53, 0x01,
    0x0b, 0x00, 0x53, 0x01, 0x3f, 0x00, 0x52, 0x01, 0x0d, 0x00, 0x52, 0x01, 0x3e, 0x00, 0x52, 0x01,
    0x02, 0x03, 0x0c, 0x00, 0x53, 0x01, 0x3d, 0x00, 0x50, 0x01, 0x06, 0x03, 0x0a, 0x00, 0x53, 0x01,
    0x3d, 0x00, 0x4f, 0x01, 0x07, 0x03, 0x0b, 0x00, 0x52, 0x01, 0x3d, 0x00, 0x4e, 0x01, 0x09, 0x03,
    0x0a, 0x00, 0x52, 0x01, 0x3d, 0x00, 0x4e, 0x01, 0x09, 0x03, 0x0a, 0x00, 0x52, 0x01, 0x3c, 0x00,
    0x4a, 0x01, 0x05, 0x00, 0x09, 0x03, 0x13, 0x00, 0x4a, 0x01, 0x3b, 0x00, 0x3b, 0x01, 0x14, 0x00,
    0x09, 0x03, 0x22, 0x00, 0x3b, 0x01, 0x3b, 0x00, 0x3c, 0x01, 0x14, 0x00, 0x07, 0x03, 0x22, 0x00,
    0x3c, 0x01, 0x3b, 0x00, 0x3d, 0x01, 0x14, 0x00, 0x06, 0x03, 0x21, 0x00, 0x3d, 0x01, 0x3b, 0x00,
    0x3f, 0x01, 0x14, 0x00, 0x02, 0x03, 0x21, 0x00, 0x3f, 0x01, 0x3b, 0x00, 0x40, 0x01, 0x35, 0x00,
    0x40, 0x01, 0x3b, 0x00, 0x41, 0x01, 0x33, 0x00, 0x41, 0x01, 0x3b, 0x00, 0x42, 0x01, 0x31, 0x00,
    0x42, 0x01, 0x3b, 0x00, 0x44, 0x01, 0x2d, 0x00, 0x44, 0x01, 0x3b, 0x00, 0x45, 0x01, 0x2b, 0x00,
    0x45, 0x01, 0x3b, 0x00, 0x46, 0x01, 0x29, 0x00, 0x46, 0x01, 0x3a, 0x00, 0x49, 0x01, 0x25, 0x00,
    0x49, 0x01, 0x3a, 0x00, 0x49, 0x01, 0x23, 0x00, 0x49, 0x01, 0x3b, 0x00, 0x4a, 0x01, 0x21, 0x00,
    0x4a, 0x01, 0x3b, 0x00, 0x4c, 0x01, 0x1d, 0x00, 0x4c, 0x01, 0x3b, 0x00, 0x4d, 0x01, 0x1b, 0x00,
    0x4d, 0x01, 0x3b, 0x00, 0x4d, 0x01, 0x1b, 0x00, 0x4d, 0x01, 0x3b, 0x00, 0x4d, 0x01, 0x1b, 0x00,
    0x4d, 0x01, 0x3b, 0x00, 0x4d, 0x01, 0x1b, 0x00, 0x4d, 0x01, 0x3b, 0x00, 0x4c, 0x01, 0x1d, 0x00,
    0x4c, 0x01, 0x3b, 0x00, 0x4c, 0x01, 0x1d, 0x00, 0x4c, 0x01, 0x3b, 0x00, 0x4c, 0x01, 0x1d, 0x00,
    0x4c, 0x01, 0x3b, 0x00, 0x4b, 0x01, 0x1f, 0x00, 0x4b, 0x01, 0x3c, 0x00, 0x4a, 0x01, 0x1f, 0x00,
    0x4a, 0x01, 0x3d, 0x00, 0x4a, 0x01, 0x1f, 0x00, 0x4a, 0x01, 0x3d, 0x00, 0x49, 0x01, 0x10, 0x00,
    0x01, 0x01, 0x10, 0x00, 0x49, 0x01, 0x3d, 0x00, 0x49, 0x01, 0x0f, 0x00, 0x03, 0x01, 0x0f, 0x00,
    0x49, 0x01, 0x3d, 0x00, 0x49, 0x01, 0x0d, 0x00, 0x07, 0x01, 0x0d, 0x00, 0x49, 0x01, 0x3e, 0x00,
    0x48, 0x01, 0x0c, 0x00, 0x09, 0x01, 0x0c, 0x00, 0x48, 0x01, 0x3f, 0x00, 0x47, 0x01, 0x0b, 0x00,
    0x0d, 0x01, 0x0b, 0x00, 0x47, 0x01, 0x3f, 0x00, 0x47, 0x01, 0x0a, 0x00, 0x0f, 0x01, 0x0a, 0x00,
    0x47, 0x01, 0x3f, 0x00, 0x47, 0x01, 0x09, 0x00, 0x11, 0x01, 0x09, 0x00, 0x47, 0x01, 0x40, 0x00,
    0x45, 0x01, 0x08, 0x00, 0x15, 0x01, 0x08, 0x00, 0x45, 0x01, 0x41, 0x00, 0x45, 0x01, 0x07, 0x00,
    0x17, 0x01, 0x07, 0x00, 0x45, 0x01, 0x41, 0x00, 0x45, 0x01, 0x05, 0x00, 0x1b, 0x01, 0x05, 0x00,
    0x45, 0x01, 0x42, 0x00, 0x43, 0x01, 0x05, 0x00, 0x1d, 0x01, 0x05, 0x00, 0x43, 0x01, 0x43, 0x00,
    0x43, 0x01, 0x03, 0x00, 0x21, 0x01, 0x03, 0x00, 0x43, 0x01, 0x43, 0x00, 0x43, 0x01, 0x02, 0x00,
    0x23, 0x01, 0x02, 0x00, 0x43, 0x01, 0x44, 0x00, 0x41, 0x01, 0x02, 0x00, 0x25, 0x01, 0x02, 0x00,
    0x41, 0x01, 0x45, 0x00, 0xab, 0x01, 0x46, 0x00, 0xa9, 0x01, 0x47, 0x00, 0xa9, 0x01, 0x48, 0x00,
    0xa7, 0x01, 0x49, 0x00, 0xa7, 0x01, 0x4a, 0x00, 0xa5, 0x01, 0x4b, 0x00, 0xa5, 0x01, 0x4c, 0x00,
    0xa3, 0x01, 0x4d, 0x00, 0xa3, 0x01, 0x4e, 0x00, 0xa1, 0x01, 0x4f, 0x00, 0xa1, 0x01, 0x50, 0x00,
    0x9f, 0x01, 0x52, 0x00, 0x9d, 0x01, 0x53, 0x00, 0x9d, 0x01, 0x54, 0x00, 0x9b, 0x01, 0x56, 0x00,
    0x99, 0x01, 0x58, 0x00, 0x97, 0x01, 0x59, 0x00, 0x97, 0x01, 0x5a, 0x00, 0x95, 0x01, 0x5c, 0x00,
    0x93, 0x01, 0x5e, 0x00, 0x91, 0x01, 0x60, 0x00, 0x8f, 0x01, 0x61, 0x00, 0x8f, 0x01, 0x62, 0x00,
    0x8d, 0x01, 0x64, 0x00, 0x8b, 0x01, 0x66, 0x00, 0x89, 0x01, 0x68, 0x00, 0x87, 0x01, 0x6a, 0x00,
    0x85, 0x01, 0x6d, 0x00, 0x81, 0x01, 0x70, 0x00, 0x7f, 0x01, 0x72, 0x00, 0x7d, 0x01, 0x74, 0x00,
    0x7b, 0x01, 0x76, 0x00, 0x79, 0x01, 0x79, 0x00, 0x75, 0x01, 0x7c, 0x00, 0x73, 0x01, 0x7e, 0x00,
    0x71, 0x01, 0x81, 0x00, 0x6d, 0x01, 0x84, 0x00, 0x6b, 0x01, 0x87, 0x00, 0x67, 0x01, 0x8b, 0x00,
    0x63, 0x01, 0x8f, 0x00, 0x5f, 0x01, 0x92, 0x00, 0x5d, 0x01, 0x95, 0x00, 0x59, 0x01, 0x9a, 0x00,
    0x53, 0x01, 0x9f, 0x00, 0x4f, 0x01, 0xa3, 0x00, 0x4b, 0x01, 0xa8, 0x00, 0x45, 0x01, 0xae, 0x00,
    0x3f, 0x01, 0xb4, 0x00, 0x39, 0x01, 0xbb, 0x00, 0x31, 0x01, 0xc3, 0x00, 0x29, 0x01, 0xcd, 0x00,
    0x1d, 0x01, 0xe1, 0x00, 0x01, 0x01, 0xff, 0x00, 0xff, 0x00, 0xff, 0x00, 0xff, 0x00, 0xff, 0x00,
    0xff, 0x00, 0xff, 0x00, 0xff, 0x00, 0xff, 0x00, 0xff, 0x00, 0xff, 0x00, 0xff, 0x00, 0xff, 0x00,
    0xff, 0x00, 0xff, 0x00, 0xff, 0x00, 0xff, 0x00, 0xff, 0x00, 0xff, 0x00, 0xff, 0x00, 0xff, 0x00,
    0xff, 0x00, 0xff, 0x00, 0xff, 0x00, 0xff, 0x00, 0xff, 0x00, 0xff, 0x00, 0xff, 0x00, 0xff, 0x00,
    0xff, 0x00, 0xff, 0x00, 0xff, 0x00, 0xff, 0x00, 0xff, 0x00, 0xff, 0x00, 0xff, 0x00, 0xff, 0x00,
    0x2c, 0x00, 0xff, 0x00, 0xff, 0x00, 0xff, 0x00, 0xff, 0x00, 0xff, 0x00, 0xff, 0x00, 0xff, 0x00,
    0xff, 0x00, 0xff, 0x00, 0xff, 0x00, 0xff, 0x00, 0xff, 0x00, 0xff, 0x00, 0xff, 0x00, 0xff, 0x00,
    0xff, 0x00, 0xff, 0x00, 0xff, 0x00, 0xff, 0x00, 0xff, 0x00, 0xff, 0x00, 0xff, 0x00, 0xff, 0x00,
    0xff, 0x00, 0xff, 0x00, 0xff, 0x00, 0xff, 0x00, 0xc3, 0x00, 0x01, 0x08, 0xe2, 0x00, 0x1b, 0x08,
    0xd0, 0x00, 0x25, 0x08, 0xc6, 0x00, 0x2f, 0x08, 0xbe, 0x00, 0x35, 0x08, 0xb8, 0x00, 0x3b, 0x08,
    0xb2, 0x00, 0x41, 0x08, 0xad, 0x00, 0x46, 0x08, 0xa7, 0x00, 0x4b, 0x08, 0xa3, 0x00, 0x27, 0x08,
    0x01, 0x00, 0x27, 0x08, 0x9f, 0x00, 0x1d, 0x08, 0x19, 0x00, 0x1d, 0x08, 0x9b, 0x00, 0x19, 0x08,
    0x25, 0x00, 0x19, 0x08, 0x97, 0x00, 0x18, 0x08, 0x2b, 0x00, 0x18, 0x08, 0x94, 0x00, 0x15, 0x08,
    0x33, 0x00, 0x15, 0x08, 0x91, 0x00, 0x14, 0x08, 0x39, 0x00, 0x14, 0x08, 0x8d, 0x00, 0x14, 0x08,
    0x3d, 0x00, 0x14, 0x08, 0x8a, 0x00, 0x12, 0x08, 0x43, 0x00, 0x12, 0x08, 0x88, 0x00, 0x11, 0x08,
    0x47, 0x00, 0x11, 0x08, 0x85, 0x00, 0x11, 0x08, 0x4b, 0x00, 0x11, 0x08, 0x82, 0x00, 0x10, 0x08,
    0x4f, 0x00, 0x10, 0x08, 0x80, 0x00, 0x0f, 0x08, 0x53, 0x00, 0x0f, 0x08, 0x7d, 0x00, 0x10, 0x08,
    0x55, 0x00, 0x10, 0x08, 0x7a, 0x00, 0x0f, 0x08, 0x59, 0x00, 0x0f, 0x08, 0x78, 0x00, 0x0f, 0x08,
    0x5b, 0x00, 0x0f, 0x08, 0x76, 0x00, 0x0e, 0x08, 0x5f, 0x00, 0x0e, 0x08, 0x74, 0x00, 0x0e, 0x08,
    0x61, 0x00, 0x0e, 0x08, 0x72, 0x00, 0x0e, 0x08, 0x63, 0x00, 0x0e, 0x08, 0x70, 0x00, 0x0d, 0x08,
    0x67, 0x00, 0x0d, 0x08, 0x6e, 0x00, 0x0d, 0x08, 0x69, 0x00, 0x0d, 0x08, 0x6c, 0x00, 0x0d, 0x08,
    0x6b, 0x00, 0x0d, 0x08, 0x6a, 0x00, 0x0d, 0x08, 0x6d, 0x00, 0x0d, 0x08, 0x68, 0x00, 0x0d, 0x08,
    0x6f, 0x00, 0x0d, 0x08, 0x66, 0x00, 0x0d, 0x08, 0x71, 0x00, 0x0d, 0x08, 0x64, 0x00, 0x0d, 0x08,
    0x09, 0x00, 0x01, 0x07, 0x5f, 0x00, 0x01, 0x07, 0x09, 0x00, 0x0d, 0x08, 0x63, 0x00, 0x0c, 0x08,
    0x07, 0x00, 0x07, 0x07, 0x59, 0x00, 0x07, 0x07, 0x07, 0x00, 0x0c, 0x08, 0x62, 0x00, 0x0c, 0x08,
    0x06, 0x00, 0x0b, 0x07, 0x55, 0x00, 0x0b, 0x07, 0x06, 0x00, 0x0c, 0x08, 0x60, 0x00, 0x0c, 0x08,
    0x06, 0x00, 0x0d, 0x07, 0x53, 0x00, 0x0d, 0x07, 0x06, 0x00, 0x0c, 0x08, 0x5e, 0x00, 0x0c, 0x08,
    0x06, 0x00, 0x0f, 0x07, 0x51, 0x00, 0x0f, 0x07, 0x06, 0x00, 0x0c, 0x08, 0x5d, 0x00, 0x0b, 0x08,
    0x06, 0x00, 0x11, 0x07, 0x4f, 0x00, 0x11, 0x07, 0x06, 0x00, 0x0b, 0x08, 0x5c, 0x00, 0x0b, 0x08,
    0x07, 0x00, 0x12, 0x07, 0x4d, 0x00, 0x12, 0x07, 0x07, 0x00, 0x0b, 0x08, 0x5a, 0x00, 0x0b, 0x08,
    0x07, 0x00, 0x14, 0x07, 0x4b, 0x00, 0x14, 0x07, 0x07, 0x00, 0x0b, 0x08, 0x58, 0x00, 0x0c, 0x08,
    0x07, 0x00, 0x15, 0x07, 0x49, 0x00, 0x15, 0x07, 0x07, 0x00, 0x0c, 0x08, 0x57, 0x00, 0x0b, 0x08,
    0x08, 0x00, 0x16, 0x07, 0x47, 0x00, 0x16, 0x07, 0x08, 0x00, 0x0b, 0x08, 0x56, 0x00, 0x0b, 0x08,
    0x09, 0x00, 0x17, 0x07, 0x45, 0x00, 0x17, 0x07, 0x09, 0x00, 0x0b, 0x08, 0x55, 0x00, 0x0a, 0x08,
    0x0a, 0x00, 0x18, 0x07, 0x43, 0x00, 0x18, 0x07, 0x0a, 0x00, 0x0a, 0x08, 0x54, 0x00, 0x0b, 0x08,
    0x0a, 0x00, 0x19, 0x07, 0x41, 0x00, 0x19, 0x07, 0x0a, 0x00, 0x0b, 0x08, 0x52, 0x00, 0x0b, 0x08,
    0x0b, 0x00, 0x1a, 0x07, 0x3f, 0x00, 0x1a, 0x07, 0x0b, 0x00, 0x0b, 0x08, 0x51, 0x00, 0x0a, 0x08,
    0x0d, 0x00, 0x1a, 0x07, 0x3d, 0x00, 0x1a, 0x07, 0x0d, 0x00, 0x0a, 0x08, 0x50, 0x00, 0x0b, 0x08,
    0x0d, 0x00, 0x1b, 0x07, 0x3b, 0x00, 0x1b, 0x07, 0x0d, 0x00, 0x0b, 0x08, 0x4f, 0x00, 0x0a, 0x08,
    0x0f, 0x00, 0x1b, 0x07, 0x39, 0x00, 0x1b, 0x07, 0x0f, 0x00, 0x0a, 0x08, 0x4e, 0x00, 0x0a, 0x08,
    0x11, 0x00, 0x1b, 0x07, 0x37, 0x00, 0x1b, 0x07, 0x11, 0x00, 0x0a, 0x08, 0x4d, 0x00, 0x0a, 0x08,
    0x12, 0x00, 0x1b, 0x07, 0x35, 0x00, 0x1b, 0x07, 0x12, 0x00, 0x0a, 0x08, 0x4c, 0x00, 0x0a, 0x08,
    0x14, 0x00, 0x1b, 0x07, 0x33, 0x00, 0x1b, 0x07, 0x14, 0x00, 0x0a, 0x08, 0x4b, 0x00, 0x0a, 0x08,
    0x15, 0x00, 0x1b, 0x07, 0x31, 0x00, 0x1b, 0x07, 0x15, 0x00, 0x0a, 0x08, 0x4a, 0x00, 0x0a, 0x08,
    0x17, 0x00, 0x1b, 0x07, 0x2f, 0x00, 0x1b, 0x07, 0x17, 0x00, 0x0a, 0x08, 0x49, 0x00, 0x0a, 0x08,
    0x18, 0x00, 0x1b, 0x07, 0x2d, 0x00, 0x1b, 0x07, 0x18, 0x00, 0x0a, 0x08, 0x48, 0x00, 0x0a, 0x08,
    0x1a, 0x00, 0x1b, 0x07, 0x2b, 0x00, 0x1b, 0x07, 0x1a, 0x00, 0x0a, 0x08, 0x47, 0x00, 0x0a, 0x08,
    0x1b, 0x00, 0x1b, 0x07, 0x29, 0x00, 0x1b, 0x07, 0x1b, 0x00, 0x0a, 0x08, 0x47, 0x00, 0x09, 0x08,
    0x1d, 0x00, 0x1b, 0x07, 0x27, 0x00, 0x1b, 0x07, 0x1d, 0x00, 0x09, 0x08, 0x46, 0x00, 0x0a, 0x08,
    0x1e, 0x00, 0x1b, 0x07, 0x25, 0x00, 0x1b, 0x07, 0x1e, 0x00, 0x0a, 0x08, 0x45, 0x00, 0x0a, 0x08,
    0x1f, 0x00, 0x1b, 0x07, 0x23, 0x00, 0x1b, 0x07, 0x1f, 0x00, 0x0a, 0x08, 0x45, 0x00, 0x09, 0x08,
    0x21, 0x00, 0x1b, 0x07, 0x21, 0x00, 0x1b, 0x07, 0x21, 0x00, 0x09, 0x08, 0x44, 0x00, 0x0a, 0x08,
    0x22, 0x00, 0x1b, 0x07, 0x1f, 0x00, 0x1b, 0x07, 0x22, 0x00, 0x0a, 0x08, 0x43, 0x00, 0x09, 0x08,
    0x24, 0x00, 0x1b, 0x07, 0x1d, 0x00, 0x1b, 0x07, 0x24, 0x00, 0x09, 0x08, 0x43, 0x00, 0x09, 0x08,
    0x25, 0x00, 0x1b, 0x07, 0x1b, 0x00, 0x1b, 0x07, 0x25, 0x00, 0x09, 0x08, 0x42, 0x00, 0x0a, 0x08,
    0x26, 0x00, 0x1b, 0x07, 0x19, 0x00, 0x1b, 0x07, 0x26, 0x00, 0x0a, 0x08, 0x41, 0x00, 0x09, 0x08,
    0x28, 0x00, 0x1b, 0x07, 0x17, 0x00, 0x1b, 0x07, 0x28, 0x00, 0x09, 0x08, 0x41, 0x00, 0x09, 0x08,
    0x29, 0x00, 0x1b, 0x07, 0x15, 0x00, 0x1b, 0x07, 0x29, 0x00, 0x09, 0x08, 0x40, 0x00, 0x0a, 0x08,
    0x2a, 0x00, 0x1b, 0x07, 0x13, 0x00, 0x1b, 0x07, 0x2a, 0x00, 0x0a, 0x08, 0x3f, 0x00, 0x0a, 0x08,
    0x2b, 0x00, 0x1b, 0x07, 0x11, 0x00, 0x1b, 0x07, 0x2b, 0x00, 0x0a, 0x08, 0x3f, 0x00, 0x09, 0x08,
    0x2d, 0x00, 0x1b, 0x07, 0x0f, 0x00, 0x1b, 0x07, 0x2d, 0x00, 0x09, 0x08, 0x3f, 0x00, 0x09, 0x08,
    0x2e, 0x00, 0x1b, 0x07, 0x0d, 0x00, 0x1b, 0x07, 0x2e, 0x00, 0x09, 0x08, 0x3f, 0x00, 0x09, 0x08,
    0x2f, 0x00, 0x1b, 0x07, 0x0b, 0x00, 0x1b, 0x07, 0x2f, 0x00, 0x09, 0x08, 0x3e, 0x00, 0x09, 0x08,
    0x31, 0x00, 0x1b, 0x07, 0x09, 0x00, 0x1b, 0x07, 0x31, 0x00, 0x09, 0x08, 0x3d, 0x00, 0x09, 0x08,
    0x32, 0x00, 0x1b, 0x07, 0x07, 0x00, 0x1b, 0x07, 0x32, 0x00, 0x09, 0x08, 0x3d, 0x00, 0x09, 0x08,
    0x33, 0x00, 0x1b, 0x07, 0x05, 0x00, 0x1b, 0x07, 0x33, 0x00, 0x09, 0x08, 0x3d, 0x00, 0x09, 0x08,
    0x34, 0x00, 0x1b, 0x07, 0x03, 0x00, 0x1b, 0x07, 0x34, 0x00, 0x09, 0x08, 0x3d, 0x00, 0x09, 0x08,
    0x35, 0x00, 0x1b, 0x07, 0x01, 0x00, 0x1b, 0x07, 0x35, 0x00, 0x09, 0x08, 0x3c, 0x00, 0x0a, 0x08,
    0x36, 0x00, 0x35, 0x07, 0x36, 0x00, 0x0a, 0x08, 0x3b, 0x00, 0x09, 0x08, 0x38, 0x00, 0x33, 0x07,
    0x38, 0x00, 0x09, 0x08, 0x3b, 0x00, 0x09, 0x08, 0x39, 0x00, 0x31, 0x07, 0x39, 0x00, 0x09, 0x08,
    0x3b, 0x00, 0x09, 0x08, 0x3a, 0x00, 0x2f, 0x07, 0x3a, 0x00, 0x09, 0x08, 0x3b, 0x00, 0x09, 0x08,
    0x3b, 0x00, 0x2d, 0x07, 0x3b, 0x00, 0x09, 0x08, 0x3b, 0x00, 0x09, 0x08, 0x3c, 0x00, 0x2b, 0x07,
    0x3c, 0x00, 0x09, 0x08, 0x3b, 0x00, 0x09, 0x08, 0x3d, 0x00, 0x29, 0x07, 0x3d, 0x00, 0x09, 0x08,
    0x3b, 0x00, 0x09, 0x08, 0x3e, 0x00, 0x27, 0x07, 0x3e, 0x00, 0x09, 0x08, 0x3b, 0x00, 0x09, 0x08,
    0x3f, 0x00, 0x25, 0x07, 0x3f, 0x00, 0x09, 0x08, 0x3b, 0x00, 0x09, 0x08, 0x40, 0x00, 0x23, 0x07,
    0x40, 0x00, 0x09, 0x08, 0x3b, 0x00, 0x09, 0x08, 0x41, 0x00, 0x21, 0x07, 0x41, 0x00, 0x09, 0x08,
    0x3b, 0x00, 0x09, 0x08, 0x42, 0x00, 0x1f, 0x07, 0x42, 0x00, 0x09, 0x08, 0x3b, 0x00, 0x09, 0x08,
    0x43, 0x00, 0x1d, 0x07, 0x43, 0x00, 0x09, 0x08, 0x3a, 0x00, 0x09, 0x08, 0x45, 0x00, 0x1b, 0x07,
    0x45, 0x00, 0x09, 0x08, 0x3a, 0x00, 0x09, 0x08, 0x43, 0x00, 0x1d, 0x07, 0x43, 0x00, 0x09, 0x08,
    0x3b, 0x00, 0x09, 0x08, 0x42, 0x00, 0x1f, 0x07, 0x42, 0x00, 0x09, 0x08, 0x3b, 0x00, 0x09, 0x08,
    0x41, 0x00, 0x21, 0x07, 0x41, 0x00, 0x09, 0x08, 0x3b, 0x00, 0x09, 0x08, 0x40, 0x00, 0x23, 0x07,
    0x40, 0x00, 0x09, 0x08, 0x3b, 0x00, 0x09, 0x08, 0x3f, 0x00, 0x25, 0x07, 0x3f, 0x00, 0x09, 0x08,
    0x3b, 0x00, 0x09, 0x08, 0x3e, 0x00, 0x27, 0x07, 0x3e, 0x00, 0x09, 0x08, 0x3b, 0x00, 0x09, 0x08,
    0x3d, 0x00, 0x29, 0x07, 0x3d, 0x00, 0x09, 0x08, 0x3b, 0x00, 0x09, 0x08, 0x3c, 0x00, 0x2b, 0x07,
    0x3c, 0x00, 0x09, 0x08, 0x3b, 0x00, 0x09, 0x08, 0x3b, 0x00, 0x2d, 0x07, 0x3b, 0x00, 0x09, 0x08,
    0x3b, 0x00, 0x09, 0x08, 0x3a, 0x00, 0x2f, 0x07, 0x3a, 0x00, 0x09, 0x08, 0x3b, 0x00, 0x09, 0x08,
    0x39, 0x00, 0x31, 0x07, 0x39, 0x00, 0x09, 0x08, 0x3b, 0x00, 0x09, 0x08, 0x38, 0x00, 0x33, 0x07,
    0x38, 0x00, 0x09, 0x08, 0x3b, 0x00, 0x0a, 0x08, 0x36, 0x00, 0x35, 0x07, 0x36, 0x00, 0x0a, 0x08,
    0x3c, 0x00, 0x09, 0x08, 0x35, 0x00, 0x1b, 0x07, 0x01, 0x00, 0x1b, 0x07, 0x35, 0x00, 0x09, 0x08,
    0x3d, 0x00, 0x09, 0x08, 0x34, 0x00, 0x1b, 0x07, 0x03, 0x00, 0x1b, 0x07, 0x34, 0x00, 0x09, 0x08,
    0x3d, 0x00, 0x09, 0x08, 0x33, 0x00, 0x1b, 0x07, 0x05, 0x00, 0x1b, 0x07, 0x33, 0x00, 0x09, 0x08,
    0x3d, 0x00, 0x09, 0x08, 0x32, 0x00, 0x1b, 0x07, 0x07, 0x00, 0x1b, 0x07, 0x32, 0x00, 0x09, 0x08,
    0x3d, 0x00, 0x09, 0x08, 0x31, 0x00, 0x1b, 0x07, 0x09, 0x00, 0x1b, 0x07, 0x31, 0x00, 0x09, 0x08,
    0x3e, 0x00, 0x09, 0x08, 0x2f, 0x00, 0x1b, 0x07, 0x0b, 0x00, 0x1b, 0x07, 0x2f, 0x00, 0x09, 0x08,
    0x3f, 0x00, 0x09, 0x08, 0x2e, 0x00, 0x1b, 0x07, 0x0d, 0x00, 0x1b, 0x07, 0x2e, 0x00, 0x09, 0x08,
    0x3f, 0x00, 0x09, 0x08, 0x2d, 0x00, 0x1b, 0x07, 0x0f, 0x00, 0x1b, 0x07, 0x2d, 0x00, 0x09, 0x08,
    0x3f, 0x00, 0x0a, 0x08, 0x2b, 0x00, 0x1b, 0x07, 0x11, 0x00, 0x1b, 0x07, 0x2b, 0x00, 0x0a, 0x08,
    0x3f, 0x00, 0x0a, 0x08, 0x2a, 0x00, 0x1b, 0x07, 0x13, 0x00, 0x1b, 0x07, 0x2a, 0x00, 0x0a, 0x08,
    0x40, 0x00, 0x09, 0x08, 0x29, 0x00, 0x1b, 0x07, 0x15, 0x00, 0x1b, 0x07, 0x29, 0x00, 0x09, 0x08,
    0x41, 0x00, 0x09, 0x08, 0x28, 0x00, 0x1b, 0x07, 0x17, 0x00, 0x1b, 0x07, 0x28, 0x00, 0x09, 0x08,
    0x41, 0x00, 0x0a, 0x08, 0x26, 0x00, 0x1b, 0x07, 0x19, 0x00, 0x1b, 0x07, 0x26, 0x00, 0x0a, 0x08,
    0x42, 0x00, 0x09, 0x08, 0x25, 0x00, 0x1b, 0x07, 0x1b, 0x00, 0x1b, 0x07, 0x25, 0x00, 0x09, 0x08,
    0x43, 0x00, 0x09, 0x08, 0x24, 0x00, 0x1b, 0x07, 0x1d, 0x00, 0x1b, 0x07, 0x24, 0x00, 0x09, 0x08,
    0x43, 0x00, 0x0a, 0x08, 0x22, 0x00, 0x1b, 0x07, 0x1f, 0x00, 0x1b, 0x07, 0x22, 0x00, 0x0a, 0x08,
    0x44, 0x00, 0x09, 0x08, 0x21, 0x00, 0x1b, 0x07, 0x21, 0x00, 0x1b, 0x07, 0x21, 0x00, 0x09, 0x08,
    0x45, 0x00, 0x0a, 0x08, 0x1f, 0x00, 0x1b, 0x07, 0x23, 0x00, 0x1b, 0x07, 0x1f, 0x00, 0x0a, 0x08,
    0x45, 0x00, 0x0a, 0x08, 0x1e, 0x00, 0x1b, 0x07, 0x25, 0x00, 0x1b, 0x07, 0x1e, 0x00, 0x0a, 0x08,
    0x46, 0x00, 0x09, 0x08, 0x1d, 0x00, 0x1b, 0x07, 0x27, 0x00, 0x1b, 0x07, 0x1d, 0x00, 0x09, 0x08,
    0x47, 0x00, 0x0a, 0x08, 0x1b, 0x00, 0x1b, 0x07, 0x29, 0x00, 0x1b, 0x07, 0x1b, 0x00, 0x0a, 0x08,
    0x47, 0x00, 0x0a, 0x08, 0x1a, 0x00, 0x1b, 0x07, 0x2b, 0x00, 0x1b, 0x07, 0x1a, 0x00, 0x0a, 0x08,
    0x48, 0x00, 0x0a, 0x08, 0x18, 0x00, 0x1b, 0x07, 0x2d, 0x00, 0x1b, 0x07, 0x18, 0x00, 0x0a, 0x08,
    0x49, 0x00, 0x0a, 0x08, 0x17, 0x00, 0x1b, 0x07, 0x2f, 0x00, 0x1b, 0x07, 0x17, 0x00, 0x0a, 0x08,
    0x4a, 0x00, 0x0a, 0x08, 0x15, 0x00, 0x1b, 0x07, 0x31, 0x00, 0x1b, 0x07, 0x15, 0x00, 0x0a, 0x08,
    0x4b, 0x00, 0x0a, 0x08, 0x14, 0x00, 0x1b, 0x07, 0x33, 0x00, 0x1b, 0x07, 0x14, 0x00, 0x0a, 0x08,
    0x4c, 0x00, 0x0a, 0x08, 0x12, 0x00, 0x1b, 0x07, 0x35, 0x00, 0x1b, 0x07, 0x12, 0x00, 0x0a, 0x08,
    0x4d, 0x00, 0x0a, 0x08, 0x11, 0x00, 0x1b, 0x07, 0x37, 0x00, 0x1b, 0x07, 0x11, 0x00, 0x0a, 0x08,
    0x4e, 0x00, 0x0a, 0x08, 0x0f, 0x00, 0x1b, 0x07, 0x39, 0x00, 0x1b, 0x07, 0x0f, 0x00, 0x0a, 0x08,
    0x4f, 0x00, 0x0b, 0x08, 0x0d, 0x00, 0x1b, 0x07, 0x3b, 0x00, 0x1b, 0x07, 0x0d, 0x00, 0x0b, 0x08,
    0x50, 0x00, 0x0a, 0x08, 0x0d, 0x00, 0x1a, 0x07, 0x3d, 0x00, 0x1a, 0x07, 0x0d, 0x00, 0x0a, 0x08,
    0x51, 0x00, 0x0b, 0x08, 0x0b, 0x00, 0x1a, 0x07, 0x3f, 0x00, 0x1a, 0x07, 0x0b, 0x00, 0x0b, 0x08,
    0x52, 0x00, 0x0b, 0x08, 0x0a, 0x00, 0x19, 0x07, 0x41, 0x00, 0x19, 0x07, 0x0a, 0x00, 0x0b, 0x08,
    0x54, 0x00, 0x0a, 0x08, 0x0a, 0x00, 0x18, 0x07, 0x43, 0x00, 0x18, 0x07, 0x0a, 0x00, 0x0a, 0x08,
    0x55, 0x00, 0x0b, 0x08, 0x09, 0x00, 0x17, 0x07, 0x45, 0x00, 0x17, 0x07, 0x09, 0x00, 0x0b, 0x08,
    0x56, 0x00, 0x0b, 0x08, 0x08, 0x00, 0x16, 0x07, 0x47, 0x00, 0x16, 0x07, 0x08, 0x00, 0x0b, 0x08,
    0x57, 0x00, 0x0c, 0x08, 0x07, 0x00, 0x15, 0x07, 0x49, 0x00, 0x15, 0x07, 0x07, 0x00, 0x0c, 0x08,
    0x58, 0x00, 0x0b, 0x08, 0x07, 0x00, 0x14, 0x07, 0x4b, 0x00, 0x14, 0x07, 0x07, 0x00, 0x0b, 0x08,
    0x5a, 0x00, 0x0b, 0x08, 0x07, 0x00, 0x12, 0x07, 0x4d, 0x00, 0x12, 0x07, 0x07, 0x00, 0x0b, 0x08,
    0x5c, 0x00, 0x0b, 0x08, 0x06, 0x00, 0x11, 0x07, 0x4f, 0x00, 0x11, 0x07, 0x06, 0x00, 0x0b, 0x08,
    0x5d, 0x00, 0x0c, 0x08, 0x06, 0x00, 0x0f, 0x07, 0x51, 0x00, 0x0f, 0x07, 0x06, 0x00, 0x0c, 0x08,
    0x5e, 0x00, 0x0c, 0x08, 0x06, 0x00, 0x0d, 0x07, 0x53, 0x00, 0x0d, 0x07, 0x06, 0x00, 0x0c, 0x08,
    0x60, 0x00, 0x0c, 0x08, 0x06, 0x00, 0x0b, 0x07, 0x55, 0x00, 0x0b, 0x07, 0x06, 0x00, 0x0c, 0x08,
    0x62, 0x00, 0x0c, 0x08, 0x07, 0x00, 0x07, 0x07, 0x59, 0x00, 0x07, 0x07, 0x07, 0x00, 0x0c, 0x08,
    0x63, 0x00, 0x0d, 0x08, 0x73, 0x00, 0x0d, 0x08, 0x64, 0x00, 0x0d, 0x08, 0x71, 0x00, 0x0d, 0x08,
    0x66, 0x00, 0x0d, 0x08, 0x6f, 0x00, 0x0d, 0x08, 0x68, 0x00, 0x0d, 0x08, 0x6d, 0x00, 0x0d, 0x08,
    0x6a, 0x00, 0x0d, 0x08, 0x6b, 0x00, 0x0d, 0x08, 0x6c, 0x00, 0x0d, 0x08, 0x69, 0x00, 0x0d, 0x08,
    0x6e, 0x00, 0x0d, 0x08, 0x67, 0x00, 0x0d, 0x08, 0x70, 0x00, 0x0e, 0x08, 0x63, 0x00, 0x0e, 0x08,
    0x72, 0x00, 0x0e, 0x08, 0x61, 0x00, 0x0e, 0x08, 0x74, 0x00, 0x0e, 0x08, 0x5f, 0x00, 0x0e, 0x08,
    0x76, 0x00, 0x0f, 0x08, 0x5b, 0x00, 0x0f, 0x08, 0x78, 0x00, 0x0f, 0x08, 0x59, 0x00, 0x0f, 0x08,
    0x7a, 0x00, 0x10, 0x08, 0x55, 0x00, 0x10, 0x08, 0x7d, 0x00, 0x0f, 0x08, 0x53, 0x00, 0x0f, 0x08,
    0x80, 0x00, 0x10, 0x08, 0x4f, 0x00, 0x10, 0x08, 0x82, 0x00, 0x11, 0x08, 0x4b, 0x00, 0x11, 0x08,
    0x85, 0x00, 0x11, 0x08, 0x47, 0x00, 0x11, 0x08, 0x88, 0x00, 0x12, 0x08, 0x43, 0x00, 0x12, 0x08,
    0x8a, 0x00, 0x14, 0x08, 0x3d, 0x00, 0x14, 0x08, 0x8d, 0x00, 0x14, 0x08, 0x39, 0x00, 0x14, 0x08,
    0x91, 0x00, 0x15, 0x08, 0x33, 0x00, 0x15, 0x08, 0x94, 0x00, 0x18, 0x08, 0x2b, 0x00, 0x18, 0x08,
    0x97, 0x00, 0x19, 0x08, 0x25, 0x00, 0x19, 0x08, 0x9b, 0x00, 0x1d, 0x08, 0x19, 0x00, 0x1d, 0x08,
    0x9f, 0x00, 0x27, 0x08, 0x01, 0x00, 0x27, 0x08, 0xa3, 0x00, 0x4b, 0x08, 0xa8, 0x00, 0x46, 0x08,
    0xac, 0x00, 0x41, 0x08, 0xb2, 0x00, 0x3b, 0x08, 0xb8, 0x00, 0x35, 0x08, 0xbe, 0x00, 0x2f, 0x08,
    0xc6, 0x00, 0x25, 0x08, 0xd0, 0x00, 0x1b, 0x08, 0xe2, 0x00, 0x01, 0x08, 0xff, 0x00, 0xff, 0x00,
    0xff, 0x00, 0xff, 0x00, 0xff, 0x00, 0xff, 0x00, 0xff, 0x00, 0xff, 0x00, 0xff, 0x00, 0xff, 0x00,
    0xff, 0x00, 0xff, 0x00, 0xff, 0x00, 0xff, 0x00, 0xff, 0x00, 0xff, 0x00, 0xff, 0x00, 0xff, 0x00,
    0xff, 0x00, 0xff, 0x00, 0xff, 0x00, 0xff, 0x00, 0xff, 0x00, 0xff, 0x00, 0xff, 0x00, 0xff, 0x00,
    0xd1, 0x00, 0xff, 0x00, 0xff, 0x00, 0xff, 0x00, 0xff, 0x00, 0xff, 0x00, 0xff, 0x00, 0xff, 0x00,
    0xff, 0x00, 0xff, 0x00, 0xff, 0x00, 0xff, 0x00, 0xff, 0x00, 0xff, 0x00, 0xff, 0x00, 0xff, 0x00,
    0xff, 0x00, 0xff, 0x00, 0xff, 0x00, 0xff, 0x00, 0xff, 0x00, 0xff, 0x00, 0xff, 0x00, 0xff, 0x00,
    0xff, 0x00, 0xff, 0x00, 0xff, 0x00, 0xff, 0x00, 0xc3, 0x00, 0x01, 0x08, 0xe2, 0x00, 0x1b, 0x08,
    0xd0, 0x00, 0x25, 0x08, 0xc6, 0x00, 0x2f, 0x08, 0xbe, 0x00, 0x35, 0x08, 0xb8, 0x00, 0x3b, 0x08,
    0xb2, 0x00, 0x41, 0x08, 0xad, 0x00, 0x46, 0x08, 0xa7, 0x00, 0x4b, 0x08, 0xa3, 0x00, 0x27, 0x08,
    0x01, 0x00, 0x27, 0x08, 0x9f, 0x00, 0x1d, 0x08, 0x19, 0x00, 0x1d, 0x08, 0x9b, 0x00, 0x19, 0x08,
    0x25, 0x00, 0x19, 0x08, 0x97, 0x00, 0x18, 0x08, 0x2b, 0x00, 0x18, 0x08, 0x94, 0x00, 0x15, 0x08,
    0x33, 0x00, 0x15, 0x08, 0x91, 0x00, 0x14, 0x08, 0x39, 0x00, 0x14, 0x08, 0x8d, 0x00, 0x14, 0x08,
    0x3d, 0x00, 0x14, 0x08, 0x8a, 0x00, 0x12, 0x08, 0x43, 0x00, 0x12, 0x08, 0x88, 0x00, 0x11, 0x08,
    0x47, 0x00, 0x11, 0x08, 0x85, 0x00, 0x11, 0x08, 0x4b, 0x00, 0x11, 0x08, 0x82, 0x00, 0x10, 0x08,
    0x4f, 0x00, 0x10, 0x08, 0x80, 0x00, 0x0f, 0x08, 0x53, 0x00, 0x0f, 0x08, 0x7d, 0x00, 0x10, 0x08,
    0x55, 0x00, 0x10, 0x08, 0x7a, 0x00, 0x0f, 0x08, 0x59, 0x00, 0x0f, 0x08, 0x78, 0x00, 0x0f, 0x08,
    0x5b, 0x00, 0x0f, 0x08, 0x76, 0x00, 0x0e, 0x08, 0x5f, 0x00, 0x0e, 0x08, 0x74, 0x00, 0x0e, 0x08,
    0x61, 0x00, 0x0e, 0x08, 0x72, 0x00, 0x0e, 0x08, 0x63, 0x00, 0x0e, 0x08, 0x70, 0x00, 0x0d, 0x08,
    0x67, 0x00, 0x0d, 0x08, 0x6e, 0x00, 0x0d, 0x08, 0x69, 0x00, 0x0d, 0x08, 0x6c, 0x00, 0x0d, 0x08,
    0x6b, 0x00, 0x0d, 0x08, 0x6a, 0x00, 0x0d, 0x08, 0x6d, 0x00, 0x0d, 0x08, 0x68, 0x00, 0x0d, 0x08,
    0x6f, 0x00, 0x0d, 0x08, 0x66, 0x00, 0x0d, 0x08, 0x71, 0x00, 0x0d, 0x08, 0x64, 0x00, 0x0d, 0x08,
    0x09, 0x00, 0x01, 0x08, 0x5f, 0x00, 0x01, 0x08, 0x09, 0x00, 0x0d, 0x08, 0x63, 0x00, 0x0c, 0x08,
    0x07, 0x00, 0x07, 0x08, 0x59, 0x00, 0x07, 0x08, 0x07, 0x00, 0x0c, 0x08, 0x62, 0x00, 0x0c, 0x08,
    0x06, 0x00, 0x0b, 0x08, 0x55, 0x00, 0x0b, 0x08, 0x06, 0x00, 0x0c, 0x08, 0x60, 0x00, 0x0c, 0x08,
    0x06, 0x00, 0x0d, 0x08, 0x53, 0x00, 0x0d, 0x08, 0x06, 0x00, 0x0c, 0x08, 0x5e, 0x00, 0x0c, 0x08,
    0x06, 0x00, 0x0f, 0x08, 0x51, 0x00, 0x0f, 0x08, 0x06, 0x00, 0x0c, 0x08, 0x5d, 0x00, 0x0b, 0x08,
    0x06, 0x00, 0x11, 0x08, 0x4f, 0x00, 0x11, 0x08, 0x06, 0x00, 0x0b, 0x08, 0x5c, 0x00, 0x0b, 0x08,
    0x07, 0x00, 0x12, 0x08, 0x4d, 0x00, 0x12, 0x08, 0x07, 0x00, 0x0b, 0x08, 0x5a, 0x00, 0x0b, 0x08,
    0x07, 0x00, 0x14, 0x08, 0x4b, 0x00, 0x14, 0x08, 0x07, 0x00, 0x0b, 0x08, 0x58, 0x00, 0x0c, 0x08,
    0x07, 0x00, 0x15, 0x08, 0x49, 0x00, 0x15, 0x08, 0x07, 0x00, 0x0c, 0x08, 0x57, 0x00, 0x0b, 0x08,
    0x08, 0x00, 0x16, 0x08, 0x47, 0x00, 0x16, 0x08, 0x08, 0x00, 0x0b, 0x08, 0x56, 0x00, 0x0b, 0x08,
    0x09, 0x00, 0x17, 0x08, 0x45, 0x00, 0x17, 0x08, 0x09, 0x00, 0x0b, 0x08, 0x55, 0x00, 0x0a, 0x08,
    0x0a, 0x00, 0x18, 0x08, 0x43, 0x00, 0x18, 0x08, 0x0a, 0x00, 0x0a, 0x08, 0x54, 0x00, 0x0b, 0x08,
    0x0a, 0x00, 0x19, 0x08, 0x41, 0x00, 0x19, 0x08, 0x0a, 0x00, 0x0b, 0x08, 0x52, 0x00, 0x0b, 0x08,
    0x0b, 0x00, 0x1a, 0x08, 0x3f, 0x00, 0x1a, 0x08, 0x0b, 0x00, 0x0b, 0x08, 0x51, 0x00, 0x0a, 0x08,
    0x0d, 0x00, 0x1a, 0x08, 0x3d, 0x00, 0x1a, 0x08, 0x0d, 0x00, 0x0a, 0x08, 0x50, 0x00, 0x0b, 0x08,
    0x0d, 0x00, 0x1b, 0x08, 0x3b, 0x00, 0x1b, 0x08, 0x0d, 0x00, 0x0b, 0x08, 0x4f, 0x00, 0x0a, 0x08,
    0x0f, 0x00, 0x1b, 0x08, 0x39, 0x00, 0x1b, 0x08, 0x0f, 0x00, 0x0a, 0x08, 0x4e, 0x00, 0x0a, 0x08,
    0x11, 0x00, 0x1b, 0x08, 0x37, 0x00, 0x1b, 0x08, 0x11, 0x00, 0x0a, 0x08, 0x4d, 0x00, 0x0a, 0x08,
    0x12, 0x00, 0x1b, 0x08, 0x35, 0x00, 0x1b, 0x08, 0x12, 0x00, 0x0a, 0x08, 0x4c, 0x00, 0x0a, 0x08,
    0x14, 0x00, 0x1b, 0x08, 0x33, 0x00, 0x1b, 0x08, 0x14, 0x00, 0x0a, 0x08, 0x4b, 0x00, 0x0a, 0x08,
    0x15, 0x00, 0x1b, 0x08, 0x31, 0x00, 0x1b, 0x08, 0x15, 0x00, 0x0a, 0x08, 0x4a, 0x00, 0x0a, 0x08,
    0x17, 0x00, 0x1b, 0x08, 0x2f, 0x00, 0x1b, 0x08, 0x17, 0x00, 0x0a, 0x08, 0x49, 0x00, 0x0a, 0x08,
    0x18, 0x00, 0x1b, 0x08, 0x2d, 0x00, 0x1b, 0x08, 0x18, 0x00, 0x0a, 0x08, 0x48, 0x00, 0x0a, 0x08,
    0x1a, 0x00, 0x1b, 0x08, 0x2b, 0x00, 0x1b, 0x08, 0x1a, 0x00, 0x0a, 0x08, 0x47, 0x00, 0x0a, 0x08,
    0x1b, 0x00, 0x1b, 0x08, 0x29, 0x00, 0x1b, 0x08, 0x1b, 0x00, 0x0a, 0x08, 0x47, 0x00, 0x09, 0x08,
    0x1d, 0x00, 0x1b, 0x08, 0x27, 0x00, 0x1b, 0x08, 0x1d, 0x00, 0x09, 0x08, 0x46, 0x00, 0x0a, 0x08,
    0x1e, 0x00, 0x1b, 0x08, 0x25, 0x00, 0x1b, 0x08, 0x1e, 0x00, 0x0a, 0x08, 0x45, 0x00, 0x0a, 0x08,
    0x1f, 0x00, 0x1b, 0x08, 0x23, 0x00, 0x1b, 0x08, 0x1f, 0x00, 0x0a, 0x08, 0x45, 0x00, 0x09, 0x08,
    0x21, 0x00, 0x1b, 0x08, 0x21, 0x00, 0x1b, 0x08, 0x21, 0x00, 0x09, 0x08, 0x44, 0x00, 0x0a, 0x08,
    0x22, 0x00, 0x1b, 0x08, 0x1f, 0x00, 0x1b, 0x08, 0x22, 0x00, 0x0a, 0x08, 0x43, 0x00, 0x09, 0x08,
    0x24, 0x00, 0x1b, 0x08, 0x1d, 0x00, 0x1b, 0x08, 0x24, 0x00, 0x09, 0x08, 0x43, 0x00, 0x09, 0x08,
    0x25, 0x00, 0x1b, 0x08, 0x1b, 0x00, 0x1b, 0x08, 0x25, 0x00, 0x09, 0x08, 0x42, 0x00, 0x0a, 0x08,
    0x26, 0x00, 0x1b, 0x08, 0x19, 0x00, 0x1b, 0x08, 0x26, 0x00, 0x0a, 0x08, 0x41, 0x00, 0x09, 0x08,
    0x28, 0x00, 0x1b, 0x08, 0x17, 0x00, 0x1b, 0x08, 0x28, 0x00, 0x09, 0x08, 0x41, 0x00, 0x09, 0x08,
    0x29, 0x00, 0x1b, 0x08, 0x15, 0x00, 0x1b, 0x08, 0x29, 0x00, 0x09, 0x08, 0x40, 0x00, 0x0a, 0x08,
    0x2a, 0x00, 0x1b, 0x08, 0x13, 0x00, 0x1b, 0x08, 0x2a, 0x00, 0x0a, 0x08, 0x3f, 0x00, 0x0a, 0x08,
    0x2b, 0x00, 0x1b, 0x08, 0x11, 0x00, 0x1b, 0x08, 0x2b, 0x00, 0x0a, 0x08, 0x3f, 0x00, 0x09, 0x08,
    0x2d, 0x00, 0x1b, 0x08, 0x0f, 0x00, 0x1b, 0x08, 0x2d, 0x00, 0x09, 0x08, 0x3f, 0x00, 0x09, 0x08,
    0x2e, 0x00, 0x1b, 0x08, 0x0d, 0x00, 0x1b, 0x08, 0x2e, 0x00, 0x09, 0x08, 0x3f, 0x00, 0x09, 0x08,
    0x2f, 0x00, 0x1b, 0x08, 0x0b, 0x00, 0x1b, 0x08, 0x2f, 0x00, 0x09, 0x08, 0x3e, 0x00, 0x09, 0x08,
    0x31, 0x00, 0x1b, 0x08, 0x09, 0x00, 0x1b, 0x08, 0x31, 0x00, 0x09, 0x08, 0x3d, 0x00, 0x09, 0x08,
    0x32, 0x00, 0x1b, 0x08, 0x07, 0x00, 0x1b, 0x08, 0x32, 0x00, 0x09, 0x08, 0x3d, 0x00, 0x09, 0x08,
    0x33, 0x00, 0x1b, 0x08, 0x05, 0x00, 0x1b, 0x08, 0x33, 0x00, 0x09, 0x08, 0x3d, 0x00, 0x09, 0x08,
    0x34, 0x00, 0x1b, 0x08, 0x03, 0x00, 0x1b, 0x08, 0x34, 0x00, 0x09, 0x08, 0x3d, 0x00, 0x09, 0x08,
    0x35, 0x00, 0x1b, 0x08, 0x01, 0x00, 0x1b, 0x08, 0x35, 0x00, 0x09, 0x08, 0x3c, 0x00, 0x0a, 0x08,
    0x36, 0x00, 0x35, 0x08, 0x36, 0x00, 0x0a, 0x08, 0x3b, 0x00, 0x09, 0x08, 0x38, 0x00, 0x33, 0x08,
    0x38, 0x00, 0x09, 0x08, 0x3b, 0x00, 0x09, 0x08, 0x39, 0x00, 0x31, 0x08, 0x39, 0x00, 0x09, 0x08,
    0x3b, 0x00, 0x09, 0x08, 0x3a, 0x00, 0x2f, 0x08, 0x3a, 0x00, 0x09, 0x08, 0x3b, 0x00, 0x09, 0x08,
    0x3b, 0x00, 0x2d, 0x08, 0x3b, 0x00, 0x09, 0x08, 0x3b, 0x00, 0x09, 0x08, 0x3c, 0x00, 0x2b, 0x08,
    0x3c, 0x00, 0x09, 0x08, 0x3b, 0x00, 0x09, 0x08, 0x3d, 0x00, 0x29, 0x08, 0x3d, 0x00, 0x09, 0x08,
    0x3b, 0x00, 0x09, 0x08, 0x3e, 0x00, 0x27, 0x08, 0x3e, 0x00, 0x09, 0x08, 0x3b, 0x00, 0x09, 0x08,
    0x3f, 0x00, 0x25, 0x08, 0x3f, 0x00, 0x09, 0x08, 0x3b, 0x00, 0x09, 0x08, 0x40, 0x00, 0x23, 0x08,
    0x40, 0x00, 0x09, 0x08, 0x3b, 0x00, 0x09, 0x08, 0x41, 0x00, 0x21, 0x08, 0x41, 0x00, 0x09, 0x08,
    0x3b, 0x00, 0x09, 0x08, 0x42, 0x00, 0x1f, 0x08, 0x42, 0x00, 0x09, 0x08, 0x3b, 0x00, 0x09, 0x08,
    0x43, 0x00, 0x1d, 0x08, 0x43, 0x00, 0x09, 0x08, 0x3a, 0x00, 0x09, 0x08, 0x45, 0x00, 0x1b, 0x08,
    0x45, 0x00, 0x09, 0x08, 0x3a, 0x00, 0x09, 0x08, 0x43, 0x00, 0x1d, 0x08, 0x43, 0x00, 0x09, 0x08,
    0x3b, 0x00, 0x09, 0x08, 0x42, 0x00, 0x1f, 0x08, 0x42, 0x00, 0x09, 0x08, 0x3b, 0x00, 0x09, 0x08,
    0x41, 0x00, 0x21, 0x08, 0x41, 0x00, 0x09, 0x08, 0x3b, 0x00, 0x09, 0x08, 0x40, 0x00, 0x23, 0x08,
    0x40, 0x00, 0x09, 0x08, 0x3b, 0x00, 0x09, 0x08, 0x3f, 0x00, 0x25, 0x08, 0x3f, 0x00, 0x09, 0x08,
    0x3b, 0x00, 0x09, 0x08, 0x3e, 0x00, 0x27, 0x08, 0x3e, 0x00, 0x09, 0x08, 0x3b, 0x00, 0x09, 0x08,
    0x3d, 0x00, 0x29, 0x08, 0x3d, 0x00, 0x09, 0x08, 0x3b, 0x00, 0x09, 0x08, 0x3c, 0x00, 0x2b, 0x08,
    0x3c, 0x00, 0x09, 0x08, 0x3b, 0x00, 0x09, 0x08, 0x3b, 0x00, 0x2d, 0x08, 0x3b, 0x00, 0x09, 0x08,
    0x3b, 0x00, 0x09, 0x08, 0x3a, 0x00, 0x2f, 0x08, 0x3a, 0x00, 0x09, 0x08, 0x3b, 0x00, 0x09, 0x08,
    0x39, 0x00, 0x31, 0x08, 0x39, 0x00, 0x09, 0x08, 0x3b, 0x00, 0x09, 0x08, 0x38, 0x00, 0x33, 0x08,
    0x38, 0x00, 0x09, 0x08, 0x3b, 0x00, 0x0a, 0x08, 0x36, 0x00, 0x35, 0x08, 0x36, 0x00, 0x0a, 0x08,
    0x3c, 0x00, 0x09, 0x08, 0x35, 0x00, 0x1b, 0x08, 0x01, 0x00, 0x1b, 0x08, 0x35, 0x00, 0x09, 0x08,
    0x3d, 0x00, 0x09, 0x08, 0x34, 0x00, 0x1b, 0x08, 0x03, 0x00, 0x1b, 0x08, 0x34, 0x00, 0x09, 0x08,
    0x3d, 0x00, 0x09, 0x08, 0x33, 0x00, 0x1b, 0x08, 0x05, 0x00, 0x1b, 0x08, 0x33, 0x00, 0x09, 0x08,
    0x3d, 0x00, 0x09, 0x08, 0x32, 0x00, 0x1b, 0x08, 0x07, 0x00, 0x1b, 0x08, 0x32, 0x00, 0x09, 0x08,
    0x3d, 0x00, 0x09, 0x08, 0x31, 0x00, 0x1b, 0x08, 0x09, 0x00, 0x1b, 0x08, 0x31, 0x00, 0x09, 0x08,
    0x3e, 0x00, 0x09, 0x08, 0x2f, 0x00, 0x1b, 0x08, 0x0b, 0x00, 0x1b, 0x08, 0x2f, 0x00, 0x09, 0x08,
    0x3f, 0x00, 0x09, 0x08, 0x2e, 0x00, 0x1b, 0x08, 0x0d, 0x00, 0x1b, 0x08, 0x2e, 0x00, 0x09, 0x08,
    0x3f, 0x00, 0x09, 0x08, 0x2d, 0x00, 0x1b, 0x08, 0x0f, 0x00, 0x1b, 0x08, 0x2d, 0x00, 0x09, 0x08,
    0x3f, 0x00, 0x0a, 0x08, 0x2b, 0x00, 0x1b, 0x08, 0x11, 0x00, 0x1b, 0x08, 0x2b, 0x00, 0x0a, 0x08,
    0x3f, 0x00, 0x0a, 0x08, 0x2a, 0x00, 0x1b, 0x08, 0x13, 0x00, 0x1b, 0x08, 0x2a, 0x00, 0x0a, 0x08,
    0x40, 0x00, 0x09, 0x08, 0x29, 0x00, 0x1b, 0x08, 0x15, 0x00, 0x1b, 0x08, 0x29, 0x00, 0x09, 0x08,
    0x41, 0x00, 0x09, 0x08, 0x28, 0x00, 0x1b, 0x08, 0x17, 0x00, 0x1b, 0x08, 0x28, 0x00, 0x09, 0x08,
    0x41, 0x00, 0x0a, 0x08, 0x26, 0x00, 0x1b, 0x08, 0x19, 0x00, 0x1b, 0x08, 0x26, 0x00, 0x0a, 0x08,
    0x42, 0x00, 0x09, 0x08, 0x25, 0x00, 0x1b, 0x08, 0x1b, 0x00, 0x1b, 0x08, 0x25, 0x00, 0x09, 0x08,
    0x43, 0x00, 0x09, 0x08, 0x24, 0x00, 0x1b, 0x08, 0x1d, 0x00, 0x1b, 0x08, 0x24, 0x00, 0x09, 0x08,
    0x43, 0x00, 0x0a, 0x08, 0x22, 0x00, 0x1b, 0x08, 0x1f, 0x00, 0x1b, 0x08, 0x22, 0x00, 0x0a, 0x08,
    0x44, 0x00, 0x09, 0x08, 0x21, 0x00, 0x1b, 0x08, 0x21, 0x00, 0x1b, 0x08, 0x21, 0x00, 0x09, 0x08,
    0x45, 0x00, 0x0a, 0x08, 0x1f, 0x00, 0x1b, 0x08, 0x23, 0x00, 0x1b, 0x08, 0x1f, 0x00, 0x0a, 0x08,
    0x45, 0x00, 0x0a, 0x08, 0x1e, 0x00, 0x1b, 0x08, 0x25, 0x00, 0x1b, 0x08, 0x1e, 0x00, 0x0a, 0x08,
    0x46, 0x00, 0x09, 0x08, 0x1d, 0x00, 0x1b, 0x08, 0x27, 0x00, 0x1b, 0x08, 0x1d, 0x00, 0x09, 0x08,
    0x47, 0x00, 0x0a, 0x08, 0x1b, 0x00, 0x1b, 0x08, 0x29, 0x00, 0x1b, 0x08, 0x1b, 0x00, 0x0a, 0x08,
    0x47, 0x00, 0x0a, 0x08, 0x1a, 0x00, 0x1b, 0x08, 0x2b, 0x00, 0x1b, 0x08, 0x1a, 0x00, 0x0a, 0x08,
    0x48, 0x00, 0x0a, 0x08, 0x18, 0x00, 0x1b, 0x08, 0x2d, 0x00, 0x1b, 0x08, 0x18, 0x00, 0x0a, 0x08,
    0x49, 0x00, 0x0a, 0x08, 0x17, 0x00, 0x1b, 0x08, 0x2f, 0x00, 0x1b, 0x08, 0x17, 0x00, 0x0a, 0x08,
    0x4a, 0x00, 0x0a, 0x08, 0x15, 0x00, 0x1b, 0x08, 0x31, 0x00, 0x1b, 0x08, 0x15, 0x00, 0x0a, 0x08,
    0x4b, 0x00, 0x0a, 0x08, 0x14, 0x00, 0x1b, 0x08, 0x33, 0x00, 0x1b, 0x08, 0x14, 0x00, 0x0a, 0x08,
    0x4c, 0x00, 0x0a, 0x08, 0x12, 0x00, 0x1b, 0x08, 0x35, 0x00, 0x1b, 0x08, 0x12, 0x00, 0x0a, 0x08,
    0x4d, 0x00, 0x0a, 0x08, 0x11, 0x00, 0x1b, 0x08, 0x37, 0x00, 0x1b, 0x08, 0x11, 0x00, 0x0a, 0x08,
    0x4e, 0x00, 0x0a, 0x08, 0x0f, 0x00, 0x1b, 0x08, 0x39, 0x00, 0x1b, 0x08, 0x0f, 0x00, 0x0a, 0x08,
    0x4f, 0x00, 0x0b, 0x08, 0x0d, 0x00, 0x1b, 0x08, 0x3b, 0x00, 0x1b, 0x08, 0x0d, 0x00, 0x0b, 0x08,
    0x50, 0x00, 0x0a, 0x08, 0x0d, 0x00, 0x1a, 0x08, 0x3d, 0x00, 0x1a, 0x08, 0x0d, 0x00, 0x0a, 0x08,
    0x51, 0x00, 0x0b, 0x08, 0x0b, 0x00, 0x1a, 0x08, 0x3f, 0x00, 0x1a, 0x08, 0x0b, 0x00, 0x0b, 0x08,
    0x52, 0x00, 0x0b, 0x08, 0x0a, 0x00, 0x19, 0x08, 0x41, 0x00, 0x19, 0x08, 0x0a, 0x00, 0x0b, 0x08,
    0x54, 0x00, 0x0a, 0x08, 0x0a, 0x00, 0x18, 0x08, 0x43, 0x00, 0x18, 0x08, 0x0a, 0x00, 0x0a, 0x08,
    0x55, 0x00, 0x0b, 0x08, 0x09, 0x00, 0x17, 0x08, 0x45, 0x00, 0x17, 0x08, 0x09, 0x00, 0x0b, 0x08,
    0x56, 0x00, 0x0b, 0x08, 0x08, 0x00, 0x16, 0x08, 0x47, 0x00, 0x16, 0x08, 0x08, 0x00, 0x0b, 0x08,
    0x57, 0x00, 0x0c, 0x08, 0x07, 0x00, 0x15, 0x08, 0x49, 0x00, 0x15, 0x08, 0x07, 0x00, 0x0c, 0x08,
    0x58, 0x00, 0x0b, 0x08, 0x07, 0x00, 0x14, 0x08, 0x4b, 0x00, 0x14, 0x08, 0x07, 0x00, 0x0b, 0x08,
    0x5a, 0x00, 0x0b, 0x08, 0x07, 0x00, 0x12, 0x08, 0x4d, 0x00, 0x12, 0x08, 0x07, 0x00, 0x0b, 0x08,
    0x5c, 0x00, 0x0b, 0x08, 0x06, 0x00, 0x11, 0x08, 0x4f, 0x00, 0x11, 0x08, 0x06, 0x00, 0x0b, 0x08,
    0x5d, 0x00, 0x0c, 0x08, 0x06, 0x00, 0x0f, 0x08, 0x51, 0x00, 0x0f, 0x08, 0x06, 0x00, 0x0c, 0x08,
    0x5e, 0x00, 0x0c, 0x08, 0x06, 0x00, 0x0d, 0x08, 0x53, 0x00, 0x0d, 0x08, 0x06, 0x00, 0x0c, 0x08,
    0x60, 0x00, 0x0c, 0x08, 0x06, 0x00, 0x0b, 0x08, 0x55, 0x00, 0x0b, 0x08, 0x06, 0x00, 0x0c, 0x08,
    0x62, 0x00, 0x0c, 0x08, 0x07, 0x00, 0x07, 0x08, 0x59, 0x00, 0x07, 0x08, 0x07, 0x00, 0x0c, 0x08,
    0x63, 0x00, 0x0d, 0x08, 0x73, 0x00, 0x0d, 0x08, 0x64, 0x00, 0x0d, 0x08, 0x71, 0x00, 0x0d, 0x08,
    0x66, 0x00, 0x0d, 0x08, 0x6f, 0x00, 0x0d, 0x08, 0x68, 0x00, 0x0d, 0x08, 0x6d, 0x00, 0x0d, 0x08,
    0x6a, 0x00, 0x0d, 0x08, 0x6b, 0x00, 0x0d, 0x08, 0x6c, 0x00, 0x0d, 0x08, 0x69, 0x00, 0x0d, 0x08,
    0x6e, 0x00, 0x0d, 0x08, 0x67, 0x00, 0x0d, 0x08, 0x70, 0x00, 0x0e, 0x08, 0x63, 0x00, 0x0e, 0x08,
    0x72, 0x00, 0x0e, 0x08, 0x61, 0x00, 0x0e, 0x08, 0x74, 0x00, 0x0e, 0x08, 0x5f, 0x00, 0x0e, 0x08,
    0x76, 0x00, 0x0f, 0x08, 0x5b, 0x00, 0x0f, 0x08, 0x78, 0x00, 0x0f, 0x08, 0x59, 0x00, 0x0f, 0x08,
    0x7a, 0x00, 0x10, 0x08, 0x55, 0x00, 0x10, 0x08, 0x7d, 0x00, 0x0f, 0x08, 0x53, 0x00, 0x0f, 0x08,
    0x80, 0x00, 0x10, 0x08, 0x4f, 0x00, 0x10, 0x08, 0x82, 0x00, 0x11, 0x08, 0x4b, 0x00, 0x11, 0x08,
    0x85, 0x00, 0x11, 0x08, 0x47, 0x00, 0x11, 0x08, 0x88, 0x00, 0x12, 0x08, 0x43, 0x00, 0x12, 0x08,
    0x8a, 0x00, 0x14, 0x08, 0x3d, 0x00, 0x14, 0x08, 0x8d, 0x00, 0x14, 0x08, 0x39, 0x00, 0x14, 0x08,
    0x91, 0x00, 0x15, 0x08, 0x33, 0x00, 0x15, 0x08, 0x94, 0x00, 0x18, 0x08, 0x2b, 0x00, 0x18, 0x08,
    0x97, 0x00, 0x19, 0x08, 0x25, 0x00, 0x19, 0x08, 0x9b, 0x00, 0x1d, 0x08, 0x19, 0x00, 0x1d, 0x08,
    0x9f, 0x00, 0x27, 0x08, 0x01, 0x00, 0x27, 0x08, 0xa3, 0x00, 0x4b, 0x08, 0xa8, 0x00, 0x46, 0x08,
    0xac, 0x00, 0x41, 0x08, 0xb2, 0x00, 0x3b, 0x08, 0xb8, 0x00, 0x35, 0x08, 0xbe, 0x00, 0x2f, 0x08,
    0xc6, 0x00, 0x25, 0x08, 0xd0, 0x00, 0x1b, 0x08, 0xe2, 0x00, 0x01, 0x08, 0xff, 0x00, 0xff, 0x00,
    0xff, 0x00, 0xff, 0x00, 0xff, 0x00, 0xff, 0x00, 0xff, 0x00, 0xff, 0x00, 0xff, 0x00, 0xff, 0x00,
    0xff, 0x00, 0xff, 0x00, 0xff, 0x00, 0xff, 0x00, 0xff, 0x00, 0xff, 0x00, 0xff, 0x00, 0xff, 0x00,
    0xff, 0x00, 0xff, 0x00, 0xff, 0x00, 0xff, 0x00, 0xff, 0x00, 0xff, 0x00, 0xff, 0x00, 0xff, 0x00,
    0xd1, 0x00, 0xff, 0x00, 0xff, 0x00, 0xff, 0x00, 0xff, 0x00, 0xff, 0x00, 0xff, 0x00, 0xff, 0x00,
    0xff, 0x00, 0xff, 0x00, 0xff, 0x00, 0xff, 0x00, 0xff, 0x00, 0xff, 0x00, 0xff, 0x00, 0xff, 0x00,
    0xff, 0x00, 0xff, 0x00, 0xff, 0x00, 0xff, 0x00, 0xff, 0x00, 0xff, 0x00, 0xff, 0x00, 0xff, 0x00,
    0xff, 0x00, 0xff, 0x00, 0xff, 0x00, 0xff, 0x00, 0xff, 0x00, 0xff, 0x00, 0xff, 0x00, 0xff, 0x00,
    0xff, 0x00, 0xff, 0x00, 0xff, 0x00, 0xff, 0x00, 0xff, 0x00, 0xff, 0x00, 0xff, 0x00, 0xff, 0x00,
    0xff, 0x00, 0xff, 0x00, 0xff, 0x00, 0xff, 0x00, 0xff, 0x00, 0xff, 0x00, 0xff, 0x00, 0xff, 0x00,
    0xff, 0x00, 0xff, 0x00, 0xff, 0x00, 0xff, 0x00, 0xff, 0x00, 0xff, 0x00, 0xff, 0x00, 0xff, 0x00,
    0xff, 0x00, 0xff, 0x00, 0xff, 0x00, 0xff, 0x00, 0xff, 0x00, 0xff, 0x00, 0xff, 0x00, 0xff, 0x00,
    0xff, 0x00, 0xff, 0x00, 0xff, 0x00, 0xff, 0x00, 0xff, 0x00, 0xff, 0x00, 0xff, 0x00, 0xff, 0x00,
    0xff, 0x00, 0xff, 0x00, 0xff, 0x00, 0xff, 0x00, 0xff, 0x00, 0x6b, 0x00, 0x13, 0x01, 0xd7, 0x00,
    0x23, 0x01, 0xcc, 0x00, 0x2b, 0x01, 0xc4, 0x00, 0x33, 0x01, 0xbd, 0x00, 0x39, 0x01, 0xb6, 0x00,
    0x3f, 0x01, 0xb1, 0x00, 0x45, 0x01, 0xaa, 0x00, 0x4b, 0x01, 0xa5, 0x00, 0x4f, 0x01, 0xa0, 0x00,
    0x55, 0x01, 0x9b, 0x00, 0x59, 0x01, 0x96, 0x00, 0x5f, 0x01, 0x91, 0x00, 0x63, 0x01, 0x8c, 0x00,
    0x68, 0x01, 0x88, 0x00, 0x6c, 0x01, 0x84, 0x00, 0x70, 0x01, 0x7f, 0x00, 0x74, 0x01, 0x7c, 0x00,
    0x78, 0x01, 0x78, 0x00, 0x7c, 0x01, 0x73, 0x00, 0x80, 0x01, 0x70, 0x00, 0x83, 0x01, 0x6d, 0x00,
    0x86, 0x01, 0x6a, 0x00, 0x89, 0x01, 0x66, 0x00, 0x8d, 0x01, 0x63, 0x00, 0x90, 0x01, 0x60, 0x00,
    0x93, 0x01, 0x5d, 0x00, 0x95, 0x01, 0x5b, 0x00, 0x98, 0x01, 0x57, 0x00, 0x9b, 0x01, 0x55, 0x00,
    0x9d, 0x01, 0x53, 0x00, 0x9f, 0x01, 0x51, 0x00, 0xa2, 0x01, 0x4e, 0x00, 0xa3, 0x01, 0x4d, 0x00,
    0xa5, 0x01, 0x4b, 0x00, 0xa7, 0x01, 0x49, 0x00, 0xa9, 0x01, 0x47, 0x00, 0xaa, 0x01, 0x46, 0x00,
    0xab, 0x01, 0x45, 0x00, 0xad, 0x01, 0x42, 0x00, 0xaf, 0x01, 0x42, 0x00, 0xad, 0x01, 0x43, 0x00,
    0xab, 0x01, 0x45, 0x00, 0xaa, 0x01, 0x46, 0x00, 0xa9, 0x01, 0x47, 0x00, 0xa7, 0x01, 0x49, 0x00,
    0xa5, 0x01, 0x4b, 0x00, 0xa3, 0x01, 0x4d, 0x00, 0xa2, 0x01, 0x4e, 0x00, 0x9f, 0x01, 0x51, 0x00,
    0x9d, 0x01, 0x53, 0x00, 0x9b, 0x01, 0x56, 0x00, 0x98, 0x01, 0x58, 0x00, 0x95, 0x01, 0x5b, 0x00,
    0x93, 0x01, 0x5d, 0x00, 0x90, 0x01, 0x60, 0x00, 0x8d, 0x01, 0x64, 0x00, 0x89, 0x01, 0x67, 0x00,
    0x86, 0x01, 0x6a, 0x00, 0x83, 0x01, 0x6d, 0x00, 0x80, 0x01, 0x71, 0x00, 0x7c, 0x01, 0x74, 0x00,
    0x78, 0x01, 0x78, 0x00, 0x74, 0x01, 0x7d, 0x00, 0x70, 0x01, 0x80, 0x00, 0x6c, 0x01, 0x84, 0x00,
    0x68, 0x01, 0x89, 0x00, 0x63, 0x01, 0x8d, 0x00, 0x5f, 0x01, 0x92, 0x00, 0x59, 0x01, 0x97, 0x00,
    0x55, 0x01, 0x9c, 0x00, 0x4f, 0x01, 0xa1, 0x00, 0x4b, 0x01, 0xa6, 0x00, 0x45, 0x01, 0xab, 0x00,
    0x3f, 0x01, 0xb2, 0x00, 0x39, 0x01, 0xb7, 0x00, 0x33, 0x01, 0xbe, 0x00, 0x2b, 0x01, 0xc6, 0x00,
    0x23, 0x01, 0xd3, 0x00, 0x13, 0x01, 0xff, 0x00, 0xff, 0x00, 0xff, 0x00, 0xff, 0x00, 0xff, 0x00,
    0xff, 0x00, 0xff, 0x00, 0xff, 0x00, 0xff, 0x00, 0xff, 0x00, 0xff, 0x00, 0xff, 0x00, 0xff, 0x00,
    0xff, 0x00, 0xff, 0x00, 0xff, 0x00, 0xff, 0x00, 0xff, 0x00, 0xff, 0x00, 0xff, 0x00, 0xff, 0x00,
    0xff, 0x00, 0xff, 0x00, 0xff, 0x00, 0xff, 0x00, 0xff, 0x00, 0xff, 0x00, 0xff, 0x00, 0xff, 0x00,
    0xff, 0x00, 0xff, 0x00, 0xff, 0x00, 0xff, 0x00, 0xff, 0x00, 0xff, 0x00, 0xff, 0x00, 0xff, 0x00,
    0xff, 0x00, 0xff, 0x00, 0xff, 0x00, 0xff, 0x00, 0xff, 0x00, 0xff, 0x00, 0xff, 0x00, 0xff, 0x00,
    0xff, 0x00, 0xff, 0x00, 0xff, 0x00, 0xff, 0x00, 0xff, 0x00, 0xff, 0x00, 0xff, 0x00, 0xff, 0x00,
    0xff, 0x00, 0xff, 0x00, 0xff, 0x00, 0xff, 0x00, 0xff, 0x00, 0xff, 0x00, 0xff, 0x00, 0xff, 0x00,
    0xff, 0x00, 0xff, 0x00, 0xff, 0x00, 0xff, 0x00, 0xff, 0x00, 0xff, 0x00, 0xff, 0x00, 0xff, 0x00,
    0xff, 0x00, 0xff, 0x00, 0xff, 0x00, 0xff, 0x00, 0xff, 0x00, 0xff, 0x00, 0xf9, 0x00, 0xff, 0x00,
    0xff, 0x00, 0xff, 0x00, 0xff, 0x00, 0xff, 0x00, 0xff, 0x00, 0xff, 0x00, 0xff, 0x00, 0xff, 0x00,
    0xff, 0x00, 0xff, 0x00, 0xff, 0x00, 0xff, 0x00, 0xff, 0x00, 0xff, 0x00, 0xff, 0x00, 0xff, 0x00,
    0xff, 0x00, 0xff, 0x00, 0xff, 0x00, 0xff, 0x00, 0xff, 0x00, 0xff, 0x00, 0xff, 0x00, 0xff, 0x00,
    0xff, 0x00, 0xff, 0x00, 0xff, 0x00, 0xff, 0x00, 0xff, 0x00, 0xff, 0x00, 0xff, 0x00, 0xff, 0x00,
    0xff, 0x00, 0xff, 0x00, 0xff, 0x00, 0xff, 0x00, 0xff, 0x00, 0xff, 0x00, 0xff, 0x00, 0xff, 0x00,
    0xff, 0x00, 0xff, 0x00, 0xff, 0x00, 0xff, 0x00, 0xff, 0x00, 0xff, 0x00, 0xff, 0x00, 0xff, 0x00,
    0xff, 0x00, 0xff, 0x00, 0xff, 0x00, 0xff, 0x00, 0xff, 0x00, 0xff, 0x00, 0xff, 0x00, 0xff, 0x00,
    0xff, 0x00, 0xff, 0x00, 0xff, 0x00, 0xff, 0x00, 0xff, 0x00, 0xff, 0x00, 0xff, 0x00, 0xff, 0x00,
    0xff, 0x00, 0xff, 0x00, 0xff, 0x00, 0xff, 0x00, 0xff, 0x00, 0xff, 0x00, 0xff, 0x00, 0xff, 0x00,
    0xff, 0x00, 0xff, 0x00, 0xff, 0x00, 0xff, 0x00, 0xff, 0x00, 0xff, 0x00, 0xff, 0x00, 0xff, 0x00,
    0x19, 0x00, 0x0d, 0x01, 0xe1, 0x00, 0x19, 0x01, 0xd6, 0x00, 0x21, 0x01, 0xcf, 0x00, 0x27, 0x01,
    0xc8, 0x00, 0x2e, 0x01, 0xc2, 0x00, 0x33, 0x01, 0xbc, 0x00, 0x39, 0x01, 0xb7, 0x00, 0x3e, 0x01,
    0xb1, 0x00, 0x44, 0x01, 0xac, 0x00, 0x49, 0x01, 0xa7, 0x00, 0x4e, 0x01, 0xa1, 0x00, 0x53, 0x01,
    0x9d, 0x00, 0x58, 0x01, 0x98, 0x00, 0x5c, 0x01, 0x93, 0x00, 0x62, 0x01, 0x8e, 0x00, 0x66, 0x01,
    0x8a, 0x00, 0x6b, 0x01, 0x85, 0x00, 0x6f, 0x01, 0x80, 0x00, 0x74, 0x01, 0x7c, 0x00, 0x78, 0x01,
    0x78, 0x00, 0x7c, 0x01, 0x74, 0x00, 0x80, 0x01, 0x70, 0x00, 0x84, 0x01, 0x6b, 0x00, 0x89, 0x01,
    0x67, 0x00, 0x8c, 0x01, 0x64, 0x00, 0x90, 0x01, 0x60, 0x00, 0x93, 0x01, 0x5d, 0x00, 0x96, 0x01,
    0x5a, 0x00, 0x99, 0x01, 0x57, 0x00, 0x9c, 0x01, 0x54, 0x00, 0x9f, 0x01, 0x51, 0x00, 0xa1, 0x01,
    0x4f, 0x00, 0xa4, 0x01, 0x4c, 0x00, 0xa6, 0x01, 0x49, 0x00, 0xa9, 0x01, 0x48, 0x00, 0xa6, 0x01,
    0x4a, 0x00, 0xa4, 0x01, 0x4c, 0x00, 0xa1, 0x01, 0x4f, 0x00, 0x9f, 0x01, 0x51, 0x00, 0x9c, 0x01,
    0x54, 0x00, 0x99, 0x01, 0x57, 0x00, 0x96, 0x01, 0x5a, 0x00, 0x93, 0x01, 0x5d, 0x00, 0x90, 0x01,
    0x60, 0x00, 0x8c, 0x01, 0x64, 0x00, 0x89, 0x01, 0x68, 0x00, 0x84, 0x01, 0x6c, 0x00, 0x80, 0x01,
    0x70, 0x00, 0x7c, 0x01, 0x74, 0x00, 0x78, 0x01, 0x78, 0x00, 0x74, 0x01, 0x7d, 0x00, 0x6f, 0x01,
    0x81, 0x00, 0x6b, 0x01, 0x85, 0x00, 0x66, 0x01, 0x8a, 0x00, 0x62, 0x01, 0x8f, 0x00, 0x5c, 0x01,
    0x94, 0x00, 0x58, 0x01, 0x98, 0x00, 0x53, 0x01, 0x9e, 0x00, 0x4e, 0x01, 0xa2, 0x00, 0x49, 0x01,
    0xa7, 0x00, 0x44, 0x01, 0xad, 0x00, 0x3e, 0x01, 0xb2, 0x00, 0x39, 0x01, 0xb8, 0x00, 0x33, 0x01,
    0xbd, 0x00, 0x2e, 0x01, 0xc3, 0x00, 0x27, 0x01, 0xc9, 0x00, 0x21, 0x01, 0xd0, 0x00, 0x19, 0x01,
    0xd9, 0x00, 0x0d, 0x01, 0xff, 0x00, 0xff, 0x00, 0xff, 0x00, 0xff, 0x00, 0xff, 0x00, 0xff, 0x00,
    0xff, 0x00, 0xff, 0x00, 0xff, 0x00, 0xff, 0x00, 0xff, 0x00, 0xff, 0x00, 0xff, 0x00, 0xff, 0x00,
    0xff, 0x00, 0xff, 0x00, 0xff, 0x00, 0xff, 0x00, 0xff, 0x00, 0xff, 0x00, 0xff, 0x00, 0xff, 0x00,
    0xff, 0x00, 0xff, 0x00, 0xff, 0x00, 0xff, 0x00, 0xff, 0x00, 0xff, 0x00, 0xff, 0x00, 0xff, 0x00,
    0xff, 0x00, 0xff, 0x00, 0xff, 0x00, 0xff, 0x00, 0xff, 0x00, 0xff, 0x00, 0xff, 0x00, 0xff, 0x00,
    0xff, 0x00, 0xff, 0x00, 0xff, 0x00, 0xff, 0x00, 0xff, 0x00, 0xff, 0x00, 0xff, 0x00, 0xff, 0x00,
    0xff, 0x00, 0xff, 0x00, 0xff, 0x00, 0xff, 0x00, 0xff, 0x00, 0xff, 0x00, 0xff, 0x00, 0xff, 0x00,
    0xff, 0x00, 0xff, 0x00, 0xff, 0x00, 0xff, 0x00, 0xff, 0x00, 0xff, 0x00, 0xff, 0x00, 0xff, 0x00,
    0xff, 0x00, 0xff, 0x00, 0xff, 0x00, 0xff, 0x00, 0xff, 0x00, 0xff, 0x00, 0xff, 0x00, 0xff, 0x00,
    0xff, 0x00, 0xff, 0x00, 0xff, 0x00, 0xff, 0x00, 0xff, 0x00, 0xff, 0x00, 0xff, 0x00, 0xff, 0x00,
    0xff, 0x00, 0xff, 0x00, 0xbb, 0x00, 0xff, 0x00, 0xff, 0x00, 0xff, 0x00, 0xff, 0x00, 0xff, 0x00,
    0xff, 0x00, 0xff, 0x00, 0xff, 0x00, 0xff, 0x00, 0xff, 0x00, 0xff, 0x00, 0xff, 0x00, 0xff, 0x00,
    0xff, 0x00, 0xff, 0x00, 0xff, 0x00, 0xff, 0x00, 0xff, 0x00, 0xff, 0x00, 0xff, 0x00, 0xff, 0x00,
    0xff, 0x00, 0xff, 0x00, 0xff, 0x00, 0xff, 0x00, 0xff, 0x00, 0xff, 0x00, 0xff, 0x00, 0xff, 0x00,
    0xff, 0x00, 0xff, 0x00, 0xff, 0x00, 0xff, 0x00, 0xff, 0x00, 0xff, 0x00, 0xff, 0x00, 0xff, 0x00,
    0xff, 0x00, 0xff, 0x00, 0xff, 0x00, 0xff, 0x00, 0xff, 0x00, 0xff, 0x00, 0xff, 0x00, 0xff, 0x00,
    0xff, 0x00, 0xff, 0x00, 0xff, 0x00, 0xff, 0x00, 0xff, 0x00, 0xff, 0x00, 0xff, 0x00, 0xff, 0x00,
    0xff, 0x00, 0xff, 0x00, 0xff, 0x00, 0xff, 0x00, 0xff, 0x00, 0xff, 0x00, 0xff, 0x00, 0xff, 0x00,
    0xff, 0x00, 0xff, 0x00, 0xff, 0x00, 0xff, 0x00, 0xff, 0x00, 0xff, 0x00, 0xff, 0x00, 0xff, 0x00,
    0xff, 0x00, 0xff, 0x00, 0xff, 0x00, 0xff, 0x00, 0xff, 0x00, 0xff, 0x00, 0xff, 0x00, 0xff, 0x00,
    0xff, 0x00, 0xff, 0x00, 0xff, 0x00, 0xff, 0x00, 0xff, 0x00, 0xff, 0x00, 0xe8, 0x00, 0x0a, 0x01,
    0xe5, 0x00, 0x13, 0x01, 0xdd, 0x00, 0x19, 0x01, 0xd6, 0x00, 0x1f, 0x01, 0xd1, 0x00, 0x25, 0x01,
    0xca, 0x00, 0x2b, 0x01, 0xc5, 0x00, 0x2f, 0x01, 0xc1, 0x00, 0x34, 0x01, 0xbb, 0x00, 0x3a, 0x01,
    0xb6, 0x00, 0x3e, 0x01, 0xb2, 0x00, 0x43, 0x01, 0xac, 0x00, 0x49, 0x01, 0xa7, 0x00, 0x4d, 0x01,
    0xa3, 0x00, 0x52, 0x01, 0x9e, 0x00, 0x56, 0x01, 0x99, 0x00, 0x5c, 0x01, 0x94, 0x00, 0x60, 0x01,
    0x90, 0x00, 0x65, 0x01, 0x8b, 0x00, 0x69, 0x01, 0x87, 0x00, 0x6e, 0x01, 0x81, 0x00, 0x73, 0x01,
    0x7d, 0x00, 0x78, 0x01, 0x78, 0x00, 0x7c, 0x01, 0x74, 0x00, 0x81, 0x01, 0x6f, 0x00, 0x85, 0x01,
    0x6b, 0x00, 0x89, 0x01, 0x67, 0x00, 0x8d, 0x01, 0x63, 0x00, 0x91, 0x01, 0x5f, 0x00, 0x95, 0x01,
    0x5b, 0x00, 0x99, 0x01, 0x57, 0x00, 0x9d, 0x01, 0x52, 0x00, 0xa1, 0x01, 0x50, 0x00, 0x9d, 0x01,
    0x53, 0x00, 0x99, 0x01, 0x57, 0x00, 0x95, 0x01, 0x5b, 0x00, 0x91, 0x01, 0x5f, 0x00, 0x8d, 0x01,
    0x63, 0x00, 0x89, 0x01, 0x67, 0x00, 0x85, 0x01, 0x6b, 0x00, 0x81, 0x01, 0x6f, 0x00, 0x7c, 0x01,
    0x74, 0x00, 0x78, 0x01, 0x78, 0x00, 0x73, 0x01, 0x7e, 0x00, 0x6e, 0x01, 0x82, 0x00, 0x69, 0x01,
    0x87, 0x00, 0x65, 0x01, 0x8b, 0x00, 0x60, 0x01, 0x90, 0x00, 0x5c, 0x01, 0x95, 0x00, 0x56, 0x01,
    0x9a, 0x00, 0x52, 0x01, 0x9e, 0x00, 0x4d, 0x01, 0xa3, 0x00, 0x49, 0x01, 0xa8, 0x00, 0x43, 0x01,
    0xad, 0x00, 0x3e, 0x01, 0xb2, 0x00, 0x3a, 0x01, 0xb7, 0x00, 0x34, 0x01, 0xbc, 0x00, 0x2f, 0x01,
    0xc1, 0x00, 0x2b, 0x01, 0xc6, 0x00, 0x25, 0x01, 0xcb, 0x00, 0x1f, 0x01, 0xd2, 0x00, 0x19, 0x01,
    0xd7, 0x00, 0x13, 0x01, 0xde, 0x00, 0x0a, 0x01, 0xff, 0x00, 0xff, 0x00, 0xff, 0x00, 0xff, 0x00,
    0xff, 0x00, 0xff, 0x00, 0xff, 0x00, 0xff, 0x00, 0xff, 0x00, 0xff, 0x00, 0xff, 0x00, 0xff, 0x00,
    0xff, 0x00, 0xff, 0x00, 0xff, 0x00, 0xff, 0x00, 0xff, 0x00, 0xff, 0x00, 0xff, 0x00, 0xff, 0x00,
    0xff, 0x00, 0xff, 0x00, 0xff, 0x00, 0xff, 0x00, 0xff, 0x00, 0xff, 0x00, 0xff, 0x00, 0xff, 0x00,
    0xff, 0x00, 0xff, 0x00, 0xff, 0x00, 0xff, 0x00, 0xff, 0x00, 0xff, 0x00, 0xff, 0x00, 0xff, 0x00,
    0xff, 0x00, 0xff, 0x00, 0xff, 0x00, 0xff, 0x00, 0xff, 0x00, 0xff, 0x00, 0xff, 0x00, 0xff, 0x00,
    0xff, 0x00, 0xff, 0x00, 0xff, 0x00, 0xff, 0x00, 0xff, 0x00, 0xff, 0x00, 0xff, 0x00, 0xff, 0x00,
    0xff, 0x00, 0xff, 0x00, 0xff, 0x00, 0xff, 0x00, 0xff, 0x00, 0xff, 0x00, 0xff, 0x00, 0xff, 0x00,
    0xff, 0x00, 0xff, 0x00, 0xff, 0x00, 0xff, 0x00, 0xff, 0x00, 0xff, 0x00, 0xff, 0x00, 0xff, 0x00,
    0xff, 0x00, 0xff, 0x00, 0xff, 0x00, 0xff, 0x00, 0xff, 0x00, 0xff, 0x00, 0xff, 0x00, 0xff, 0x00,
    0xff, 0x00, 0xff, 0x00, 0xff, 0x00, 0xff, 0x00, 0xff, 0x00, 0xff, 0x00, 0xff, 0x00, 0x94, 0x00,
    0xff, 0x00, 0xff, 0x00, 0xff, 0x00, 0xff, 0x00, 0xff, 0x00, 0xff, 0x00, 0xff, 0x00, 0xff, 0x00,
    0xff, 0x00, 0xff, 0x00, 0xff, 0x00, 0xff, 0x00, 0xff, 0x00, 0xff, 0x00, 0xff, 0x00, 0xff, 0x00,
    0xff, 0x00, 0xff, 0x00, 0xff, 0x00, 0xff, 0x00, 0xff, 0x00, 0xff, 0x00, 0xff, 0x00, 0xff, 0x00,
    0xff, 0x00, 0xff, 0x00, 0xff, 0x00, 0xff, 0x00, 0xff, 0x00, 0xff, 0x00, 0xff, 0x00, 0xff, 0x00,
    0xff, 0x00, 0xff, 0x00, 0xff, 0x00, 0xff, 0x00, 0xff, 0x00, 0xff, 0x00, 0xff, 0x00, 0xff, 0x00,
    0xff, 0x00, 0xff, 0x00, 0xff, 0x00, 0xff, 0x00, 0xff, 0x00, 0xff, 0x00, 0xff, 0x00, 0xff, 0x00,
    0xff, 0x00, 0xff, 0x00, 0xff, 0x00, 0xff, 0x00, 0xff, 0x00, 0xff, 0x00, 0xff, 0x00, 0xff, 0x00,
    0xff, 0x00, 0xff, 0x00, 0xff, 0x00, 0xff, 0x00, 0xff, 0x00, 0xff, 0x00, 0xff, 0x00, 0xff, 0x00,
    0xff, 0x00, 0xff, 0x00, 0xff, 0x00, 0xff, 0x00, 0xff, 0x00, 0xff, 0x00, 0xff, 0x00, 0xff, 0x00,
    0xff, 0x00, 0xff, 0x00, 0xff, 0x00, 0xff, 0x00, 0xeb, 0x00, 0x13, 0x01, 0xd3, 0x00, 0x23, 0x01,
    0xc6, 0x00, 0x2b, 0x01, 0xbe, 0x00, 0x33, 0x01, 0xb7, 0x00, 0x39, 0x01, 0xb2, 0x00, 0x3f, 0x01,
    0xab, 0x00, 0x45, 0x01, 0xa6, 0x00, 0x4b, 0x01, 0xa1, 0x00, 0x4f, 0x01, 0x9c, 0x00, 0x55, 0x01,
    0x97, 0x00, 0x59, 0x01, 0x92, 0x00, 0x5f, 0x01, 0x8d, 0x00, 0x63, 0x01, 0x89, 0x00, 0x68, 0x01,
    0x84, 0x00, 0x6c, 0x01, 0x80, 0x00, 0x70, 0x01, 0x7d, 0x00, 0x74, 0x01, 0x78, 0x00, 0x78, 0x01,
    0x74, 0x00, 0x7c, 0x01, 0x71, 0x00, 0x80, 0x01, 0x6d, 0x00, 0x83, 0x01, 0x6a, 0x00, 0x86, 0x01,
    0x67, 0x00, 0x89, 0x01, 0x64, 0x00, 0x8d, 0x01, 0x60, 0x00, 0x90, 0x01, 0x5d, 0x00, 0x93, 0x01,
    0x5b, 0x00, 0x95, 0x01, 0x58, 0x00, 0x98, 0x01, 0x56, 0x00, 0x9b, 0x01, 0x53, 0x00, 0x9d, 0x01,
    0x51, 0x00, 0x9f, 0x01, 0x4e, 0x00, 0xa2, 0x01, 0x4d, 0x00, 0xa3, 0x01, 0x4b, 0x00, 0xa5, 0x01,
    0x49, 0x00, 0xa7, 0x01, 0x47, 0x00, 0xa9, 0x01, 0x46, 0x00, 0xaa, 0x01, 0x45, 0x00, 0xab, 0x01,
    0x43, 0x00, 0xad, 0x01, 0x42, 0x00, 0xaf, 0x01, 0x42, 0x00, 0xad, 0x01, 0x45, 0x00, 0xab, 0x01,
    0x46, 0x00, 0xaa, 0x01, 0x47, 0x00, 0xa9, 0x01, 0x49, 0x00, 0xa7, 0x01, 0x4b, 0x00, 0xa5, 0x01,
    0x4d, 0x00, 0xa3, 0x01, 0x4e, 0x00, 0xa2, 0x01, 0x51, 0x00, 0x9f, 0x01, 0x53, 0x00, 0x9d, 0x01,
    0x55, 0x00, 0x9b, 0x01, 0x57, 0x00, 0x98, 0x01, 0x5b, 0x00, 0x95, 0x01, 0x5d, 0x00, 0x93, 0x01,
    0x60, 0x00, 0x90, 0x01, 0x63, 0x00, 0x8d, 0x01, 0x66, 0x00, 0x89, 0x01, 0x6a, 0x00, 0x86, 0x01,
    0x6d, 0x00, 0x83, 0x01, 0x70, 0x00, 0x80, 0x01, 0x73, 0x00, 0x7c, 0x01, 0x78, 0x00, 0x78, 0x01,
    0x7c, 0x00, 0x74, 0x01, 0x7f, 0x00, 0x70, 0x01, 0x84, 0x00, 0x6c, 0x01, 0x88, 0x00, 0x68, 0x01,
    0x8c, 0x00, 0x63, 0x01, 0x91, 0x00, 0x5f, 0x01, 0x96, 0x00, 0x59, 0x01, 0x9b, 0x00, 0x55, 0x01,
    0xa0, 0x00, 0x4f, 0x01, 0xa5, 0x00, 0x4b, 0x01, 0xaa, 0x00, 0x45, 0x01, 0xb1, 0x00, 0x3f, 0x01,
    0xb6, 0x00, 0x39, 0x01, 0xbd, 0x00, 0x33, 0x01, 0xc4, 0x00, 0x2b, 0x01, 0xcc, 0x00, 0x23, 0x01,
    0xd7, 0x00, 0x13, 0x01, 0xff, 0x00, 0xff, 0x00, 0xff, 0x00, 0xff, 0x00, 0xff, 0x00, 0xff, 0x00,
    0xff, 0x00, 0xff, 0x00, 0xff, 0x00, 0xff, 0x00, 0xff, 0x00, 0xff, 0x00, 0xff, 0x00, 0xff, 0x00,
    0xff, 0x00, 0xff, 0x00, 0xff, 0x00, 0xff, 0x00, 0xff, 0x00, 0xff, 0x00, 0xff, 0x00, 0xff, 0x00,
    0xff, 0x00, 0xff, 0x00, 0xff, 0x00, 0xff, 0x00, 0xff, 0x00, 0xff, 0x00, 0xff, 0x00, 0xff, 0x00,
    0xff, 0x00, 0xff, 0x00, 0xff, 0x00, 0xff, 0x00, 0xff, 0x00, 0xff, 0x00, 0xff, 0x00, 0xff, 0x00,
    0xff, 0x00, 0xff, 0x00, 0xff, 0x00, 0xff, 0x00, 0xff, 0x00, 0xff, 0x00, 0xff, 0x00, 0xff, 0x00,
    0xff, 0x00, 0xff, 0x00, 0xff, 0x00, 0xff, 0x00, 0xff, 0x00, 0xff, 0x00, 0xff, 0x00, 0xff, 0x00,
    0xff, 0x00, 0xff, 0x00, 0xff, 0x00, 0xff, 0x00, 0xff, 0x00, 0xff, 0x00, 0xff, 0x00, 0xff, 0x00,
    0xff, 0x00, 0xff, 0x00, 0xff, 0x00, 0xff, 0x00, 0xff, 0x00, 0xff, 0x00, 0xff, 0x00, 0xff, 0x00,
    0xff, 0x00, 0xff, 0x00, 0xff, 0x00, 0xff, 0x00, 0xff, 0x00, 0x79, 0x00, 0xff, 0x00, 0xff, 0x00,
    0xff, 0x00, 0xff, 0x00, 0xff, 0x00, 0xff, 0x00, 0xff, 0x00, 0xff, 0x00, 0xff, 0x00, 0xff, 0x00,
    0xff, 0x00, 0xff, 0x00, 0xff, 0x00, 0xff, 0x00, 0xff, 0x00, 0xff, 0x00, 0xff, 0x00, 0xff, 0x00,
    0xff, 0x00, 0xff, 0x00, 0xff, 0x00, 0xff, 0x00, 0xff, 0x00, 0xff, 0x00, 0xff, 0x00, 0xff, 0x00,
    0xff, 0x00, 0xff, 0x00, 0xff, 0x00, 0xff, 0x00, 0xff, 0x00, 0xff, 0x00, 0xff, 0x00, 0xff, 0x00,
    0xff, 0x00, 0xff, 0x00, 0xff, 0x00, 0xff, 0x00, 0xff, 0x00, 0xff, 0x00, 0xff, 0x00, 0xff, 0x00,
    0xff, 0x00, 0xff, 0x00, 0xff, 0x00, 0xff, 0x00, 0xff, 0x00, 0xff, 0x00, 0xff, 0x00, 0xff, 0x00,
    0xff, 0x00, 0xff, 0x00, 0xff, 0x00, 0xff, 0x00, 0xff, 0x00, 0xff, 0x00, 0xff, 0x00, 0xff, 0x00,
    0xff, 0x00, 0xff, 0x00, 0xff, 0x00, 0xff, 0x00, 0xff, 0x00, 0xff, 0x00, 0xff, 0x00, 0xff, 0x00,
    0xff, 0x00, 0xff, 0x00, 0xff, 0x00, 0xff, 0x00, 0xff, 0x00, 0xff, 0x00, 0xff, 0x00, 0xff, 0x00,
    0xff, 0x00, 0xff, 0x00, 0xff, 0x00, 0xff, 0x00, 0xff, 0x00, 0xff, 0x00, 0xff, 0x00, 0xad, 0x00,
    0x0d, 0x01, 0xd9, 0x00, 0x19, 0x01, 0xd0, 0x00, 0x21, 0x01, 0xc9, 0x00, 0x27, 0x01, 0xc3, 0x00,
    0x2e, 0x01, 0xbd, 0x00, 0x33, 0x01, 0xb8, 0x00, 0x39, 0x01, 0xb2, 0x00, 0x3e, 0x01, 0xad, 0x00,
    0x44, 0x01, 0xa7, 0x00, 0x49, 0x01, 0xa2, 0x00, 0x4e, 0x01, 0x9e, 0x00, 0x53, 0x01, 0x98, 0x00,
    0x58, 0x01, 0x94, 0x00, 0x5c, 0x01, 0x8f, 0x00, 0x62, 0x01, 0x8a, 0x00, 0x66, 0x01, 0x85, 0x00,
    0x6b, 0x01, 0x81, 0x00, 0x6f, 0x01, 0x7d, 0x00, 0x74, 0x01, 0x78, 0x00, 0x78, 0x01, 0x74, 0x00,
    0x7c, 0x01, 0x70, 0x00, 0x80, 0x01, 0x6c, 0x00, 0x84, 0x01, 0x68, 0x00, 0x89, 0x01, 0x64, 0x00,
    0x8c, 0x01, 0x60, 0x00, 0x90, 0x01, 0x5d, 0x00, 0x93, 0x01, 0x5a, 0x00, 0x96, 0x01, 0x57, 0x00,
    0x99, 0x01, 0x54, 0x00, 0x9c, 0x01, 0x51, 0x00, 0x9f, 0x01, 0x4f, 0x00, 0xa1, 0x01, 0x4c, 0x00,
    0xa4, 0x01, 0x4a, 0x00, 0xa6, 0x01, 0x48, 0x00, 0xa9, 0x01, 0x49, 0x00, 0xa6, 0x01, 0x4c, 0x00,
    0xa4, 0x01, 0x4f, 0x00, 0xa1, 0x01, 0x51, 0x00, 0x9f, 0x01, 0x54, 0x00, 0x9c, 0x01, 0x57, 0x00,
    0x99, 0x01, 0x5a, 0x00, 0x96, 0x01, 0x5d, 0x00, 0x93, 0x01, 0x60, 0x00, 0x90, 0x01, 0x64, 0x00,
    0x8c, 0x01, 0x67, 0x00, 0x89, 0x01, 0x6b, 0x00, 0x84, 0x01, 0x70, 0x00, 0x80, 0x01, 0x74, 0x00,
    0x7c, 0x01, 0x78, 0x00, 0x78, 0x01, 0x7c, 0x00, 0x74, 0x01, 0x80, 0x00, 0x6f, 0x01, 0x85, 0x00,
    0x6b, 0x01, 0x8a, 0x00, 0x66, 0x01, 0x8e, 0x00, 0x62, 0x01, 0x93, 0x00, 0x5c, 0x01, 0x98, 0x00,
    0x58, 0x01, 0x9d, 0x00, 0x53, 0x01, 0xa1, 0x00, 0x4e, 0x01, 0xa7, 0x00, 0x49, 0x01, 0xac, 0x00,
    0x44, 0x01, 0xb1, 0x00, 0x3e, 0x01, 0xb7, 0x00, 0x39, 0x01, 0xbc, 0x00, 0x33, 0x01, 0xc2, 0x00,
    0x2e, 0x01, 0xc8, 0x00, 0x27, 0x01, 0xcf, 0x00, 0x21, 0x01, 0xd6, 0x00, 0x19, 0x01, 0xe1, 0x00,
    0x0d, 0x01, 0xff, 0x00, 0xff, 0x00, 0xff, 0x00, 0xff, 0x00, 0xff, 0x00, 0xff, 0x00, 0xff, 0x00,
    0xff, 0x00, 0xff, 0x00, 0xff, 0x00, 0xff, 0x00, 0xff, 0x00, 0xff, 0x00, 0xff, 0x00, 0xff, 0x00,
    0xff, 0x00, 0xff, 0x00, 0xff, 0x00, 0xff, 0x00, 0xff, 0x00, 0xff, 0x00, 0xff, 0x00, 0xff, 0x00,
    0xff, 0x00, 0xff, 0x00, 0xff, 0x00, 0xff, 0x00, 0xff, 0x00, 0xff, 0x00, 0xff, 0x00, 0xff, 0x00,
    0xff, 0x00, 0xff, 0x00, 0xff, 0x00, 0xff, 0x00, 0xff, 0x00, 0xff, 0x00, 0xff, 0x00, 0xff, 0x00,
    0xff, 0x00, 0xff, 0x00, 0xff, 0x00, 0xff, 0x00, 0xff, 0x00, 0xff, 0x00, 0xff, 0x00, 0xff, 0x00,
    0xff, 0x00, 0xff, 0x00, 0xff, 0x00, 0xff, 0x00, 0xff, 0x00, 0xff, 0x00, 0xff, 0x00, 0xff, 0x00,
    0xff, 0x00, 0xff, 0x00, 0xff, 0x00, 0xff, 0x00, 0xff, 0x00, 0xff, 0x00, 0xff, 0x00, 0xff, 0x00,
    0xff, 0x00, 0xff, 0x00, 0xff, 0x00, 0xff, 0x00, 0xff, 0x00, 0xff, 0x00, 0xff, 0x00, 0xff, 0x00,
    0xff, 0x00, 0xff, 0x00, 0xff, 0x00, 0xff, 0x00, 0xff, 0x00, 0xff, 0x00, 0xff, 0x00, 0xff, 0x00,
    0xff, 0x00, 0x27, 0x00, 0xff, 0x00, 0xff, 0x00, 0xff, 0x00, 0xff, 0x00, 0xff, 0x00, 0xff, 0x00,
    0xff, 0x00, 0xff, 0x00, 0xff, 0x00, 0xff, 0x00, 0xff, 0x00, 0xff, 0x00, 0xff, 0x00, 0xff, 0x00,
    0xff, 0x00, 0xff, 0x00, 0xff, 0x00, 0xff, 0x00, 0xff, 0x00, 0xff, 0x00, 0xff, 0x00, 0xff, 0x00,
    0xff, 0x00, 0xff, 0x00, 0xff, 0x00, 0xff, 0x00, 0xff, 0x00, 0xff, 0x00, 0xff, 0x00, 0xff, 0x00,
    0xff, 0x00, 0xff, 0x00, 0xff, 0x00, 0xff, 0x00, 0xff, 0x00, 0xff, 0x00, 0xff, 0x00, 0xff, 0x00,
    0xff, 0x00, 0xff, 0x00, 0xff, 0x00, 0xff, 0x00, 0xff, 0x00, 0xff, 0x00, 0xff, 0x00, 0xff, 0x00,
    0xff, 0x00, 0xff, 0x00, 0xff, 0x00, 0xff, 0x00, 0xff, 0x00, 0xff, 0x00, 0xff, 0x00, 0xff, 0x00,
    0xff, 0x00, 0xff, 0x00, 0xff, 0x00, 0xff, 0x00, 0xff, 0x00, 0xff, 0x00, 0xff, 0x00, 0xff, 0x00,
    0xff, 0x00, 0xff, 0x00, 0xff, 0x00, 0xff, 0x00, 0xff, 0x00, 0xff, 0x00, 0xff, 0x00, 0xff, 0x00,
    0xff, 0x00, 0xff, 0x00, 0xff, 0x00, 0xff, 0x00, 0xff, 0x00, 0xff, 0x00, 0xff, 0x00, 0xff, 0x00,
    0xff, 0x00, 0xff, 0x00, 0xff, 0x00, 0xff, 0x00, 0xff, 0x00, 0xff, 0x00, 0x86, 0x00, 0x0a, 0x01,
    0xde, 0x00, 0x13, 0x01, 0xd7, 0x00, 0x19, 0x01, 0xd2, 0x00, 0x1f, 0x01, 0xcb, 0x00, 0x25, 0x01,
    0xc6, 0x00, 0x2b, 0x01, 0xc1, 0x00, 0x2f, 0x01, 0xbc, 0x00, 0x34, 0x01, 0xb7, 0x00, 0x3a, 0x01,
    0xb2, 0x00, 0x3e, 0x01, 0xad, 0x00, 0x43, 0x01, 0xa8, 0x00, 0x49, 0x01, 0xa3, 0x00, 0x4d, 0x01,
    0x9e, 0x00, 0x52, 0x01, 0x9a, 0x00, 0x56, 0x01, 0x95, 0x00, 0x5c, 0x01, 0x90, 0x00, 0x60, 0x01,
    0x8b, 0x00, 0x65, 0x01, 0x87, 0x00, 0x69, 0x01, 0x82, 0x00, 0x6e, 0x01, 0x7e, 0x00, 0x73, 0x01,
    0x78, 0x00, 0x78, 0x01, 0x74, 0x00, 0x7c, 0x01, 0x6f, 0x00, 0x81, 0x01, 0x6b, 0x00, 0x85, 0x01,
    0x67, 0x00, 0x89, 0x01, 0x63, 0x00, 0x8d, 0x01, 0x5f, 0x00, 0x91, 0x01, 0x5b, 0x00, 0x95, 0x01,
    0x57, 0x00, 0x99, 0x01, 0x53, 0x00, 0x9d, 0x01, 0x50, 0x00, 0xa1, 0x01, 0x52, 0x00, 0x9d, 0x01,
    0x57, 0x00, 0x99, 0x01, 0x5b, 0x00, 0x95, 0x01, 0x5f, 0x00, 0x91, 0x01, 0x63, 0x00, 0x8d, 0x01,
    0x67, 0x00, 0x89, 0x01, 0x6b, 0x00, 0x85, 0x01, 0x6f, 0x00, 0x81, 0x01, 0x74, 0x00, 0x7c, 0x01,
    0x78, 0x00, 0x78, 0x01, 0x7d, 0x00, 0x73, 0x01, 0x81, 0x00, 0x6e, 0x01, 0x87, 0x00, 0x69, 0x01,
    0x8b, 0x00, 0x65, 0x01, 0x90, 0x00, 0x60, 0x01, 0x94, 0x00, 0x5c, 0x01, 0x99, 0x00, 0x56, 0x01,
    0x9e, 0x00, 0x52, 0x01, 0xa3, 0x00, 0x4d, 0x01, 0xa7, 0x00, 0x49, 0x01, 0xac, 0x00, 0x43, 0x01,
    0xb2, 0x00, 0x3e, 0x01, 0xb6, 0x00, 0x3a, 0x01, 0xbb, 0x00, 0x34, 0x01, 0xc1, 0x00, 0x2f, 0x01,
    0xc5, 0x00, 0x2b, 0x01, 0xca, 0x00, 0x25, 0x01, 0xd1, 0x00, 0x1f, 0x01, 0xd6, 0x00, 0x19, 0x01,
    0xdd, 0x00, 0x13, 0x01, 0xe5, 0x00, 0x0a, 0x01, 0xff, 0x00, 0xff, 0x00, 0xff, 0x00, 0xff, 0x00,
    0xff, 0x00, 0xff, 0x00, 0xff, 0x00, 0xff, 0x00, 0xff, 0x00, 0xff, 0x00, 0xff, 0x00, 0xff, 0x00,
    0xff, 0x00, 0xff, 0x00, 0xff, 0x00, 0xff, 0x00, 0xff, 0x00, 0xff, 0x00, 0xff, 0x00, 0xff, 0x00,
    0xff, 0x00, 0xff, 0x00, 0xff, 0x00, 0xff, 0x00, 0xff, 0x00, 0xff, 0x00, 0xff, 0x00, 0xff, 0x00,
    0xff, 0x00, 0xff, 0x00, 0xff, 0x00, 0xff, 0x00, 0xff, 0x00, 0xff, 0x00, 0xff, 0x00, 0xff, 0x00,
    0xff, 0x00, 0xff, 0x00, 0xff, 0x00, 0xff, 0x00, 0xff, 0x00, 0xff, 0x00, 0xff, 0x00, 0xff, 0x00,
    0xff, 0x00, 0xff, 0x00, 0xff, 0x00, 0xff, 0x00, 0xff, 0x00, 0xff, 0x00, 0xff, 0x00, 0xff, 0x00,
    0xff, 0x00, 0xff, 0x00, 0xff, 0x00, 0xff, 0x00, 0xff, 0x00, 0xff, 0x00, 0xff, 0x00, 0xff, 0x00,
    0xff, 0x00, 0xff, 0x00, 0xff, 0x00, 0xff, 0x00, 0xff, 0x00, 0xff, 0x00, 0xff, 0x00, 0xff, 0x00,
    0xff, 0x00, 0xff, 0x00, 0xff, 0x00, 0xff, 0x00, 0xff, 0x00, 0xff, 0x00, 0xff, 0x00, 0xff, 0x00,
    0xff, 0x00, 0xff, 0x00, 0xff, 0x00, 0xff, 0x00, 0xff, 0x00, 0xff, 0x00, 0xf6, 0x00, 0xff, 0x00,
    0xff, 0x00, 0xff, 0x00, 0xff, 0x00, 0xff, 0x00, 0xff, 0x00, 0xff, 0x00, 0xff, 0x00, 0xff, 0x00,
    0xff, 0x00, 0xff, 0x00, 0xff, 0x00, 0xff, 0x00, 0xff, 0x00, 0xff, 0x00, 0xff, 0x00, 0xff, 0x00,
    0xff, 0x00, 0xff, 0x00, 0xff, 0x00, 0xff, 0x00, 0xff, 0x00, 0xff, 0x00, 0xff, 0x00, 0xff, 0x00,
    0xff, 0x00, 0xff, 0x00, 0xff, 0x00, 0xff, 0x00, 0xff, 0x00, 0xff, 0x00, 0xff, 0x00, 0xff, 0x00,
    0xff, 0x00, 0xff, 0x00, 0xff, 0x00, 0xff, 0x00, 0xff, 0x00, 0x1e, 0x00, 0x01, 0x01, 0xe1, 0x00,
    0x1d, 0x01, 0xcd, 0x00, 0x29, 0x01, 0xc3, 0x00, 0x31, 0x01, 0xbb, 0x00, 0x39, 0x01, 0xb4, 0x00,
    0x3f, 0x01, 0xae, 0x00, 0x45, 0x01, 0xa8, 0x00, 0x4b, 0x01, 0xa3, 0x00, 0x4f, 0x01, 0x9f, 0x00,
    0x53, 0x01, 0x9a, 0x00, 0x59, 0x01, 0x95, 0x00, 0x5d, 0x01, 0x92, 0x00, 0x5f, 0x01, 0x8f, 0x00,
    0x63, 0x01, 0x8b, 0x00, 0x67, 0x01, 0x87, 0x00, 0x6b, 0x01, 0x84, 0x00, 0x6d, 0x01, 0x81, 0x00,
    0x71, 0x01, 0x7e, 0x00, 0x73, 0x01, 0x7c, 0x00, 0x75, 0x01, 0x79, 0x00, 0x79, 0x01, 0x76, 0x00,
    0x7b, 0x01, 0x74, 0x00, 0x7d, 0x01, 0x72, 0x00, 0x7f, 0x01, 0x70, 0x00, 0x81, 0x01, 0x6d, 0x00,
    0x85, 0x01, 0x6a, 0x00, 0x87, 0x01, 0x68, 0x00, 0x89, 0x01, 0x66, 0x00, 0x8b, 0x01, 0x64, 0x00,
    0x8d, 0x01, 0x62, 0x00, 0x8f, 0x01, 0x61, 0x00, 0x8f, 0x01, 0x60, 0x00, 0x91, 0x01, 0x5e, 0x00,
    0x93, 0x01, 0x5c, 0x00, 0x95, 0x01, 0x5a, 0x00, 0x97, 0x01, 0x59, 0x00, 0x97, 0x01, 0x58, 0x00,
    0x99, 0x01, 0x56, 0x00, 0x9b, 0x01, 0x54, 0x00, 0x9d, 0x01, 0x53, 0x00, 0x9d, 0x01, 0x52, 0x00,
    0x9f, 0x01, 0x50, 0x00, 0xa1, 0x01, 0x4f, 0x00, 0xa1, 0x01, 0x4e, 0x00, 0xa3, 0x01, 0x4d, 0x00,
    0xa3, 0x01, 0x4c, 0x00, 0xa5, 0x01, 0x4b, 0x00, 0xa5, 0x01, 0x4a, 0x00, 0xa7, 0x01, 0x49, 0x00,
    0x53, 0x01, 0x01, 0x00, 0x53, 0x01, 0x48, 0x00, 0x50, 0x01, 0x09, 0x00, 0x50, 0x01, 0x47, 0x00,
    0x4e, 0x01, 0x0d, 0x00, 0x4e, 0x01, 0x46, 0x00, 0x4d, 0x01, 0x11, 0x00, 0x4d, 0x01, 0x45, 0x00,
    0x4c, 0x01, 0x13, 0x00, 0x4c, 0x01, 0x44, 0x00, 0x4c, 0x01, 0x15, 0x00, 0x4c, 0x01, 0x43, 0x00,
    0x4b, 0x01, 0x17, 0x00, 0x4b, 0x01, 0x43, 0x00, 0x4a, 0x01, 0x19, 0x00, 0x4a, 0x01, 0x42, 0x00,
    0x4b, 0x01, 0x19, 0x00, 0x4b, 0x01, 0x41, 0x00, 0x4a, 0x01, 0x1b, 0x00, 0x4a, 0x01, 0x41, 0x00,
    0x4a, 0x01, 0x1b, 0x00, 0x4a, 0x01, 0x40, 0x00, 0x4a, 0x01, 0x1d, 0x00, 0x4a, 0x01, 0x3f, 0x00,
    0x49, 0x01, 0x1f, 0x00, 0x49, 0x01, 0x3f, 0x00, 0x49, 0x01, 0x1f, 0x00, 0x49, 0x01, 0x3f, 0x00,
    0x49, 0x01, 0x1f, 0x00, 0x49, 0x01, 0x3e, 0x00, 0x49, 0x01, 0x21, 0x00, 0x49, 0x01, 0x3d, 0x00,
    0x49, 0x01, 0x21, 0x00, 0x49, 0x01, 0x3d, 0x00, 0x49, 0x01, 0x0a, 0x00, 0x01, 0x03, 0x16, 0x00,
    0x49, 0x01, 0x3d, 0x00, 0x48, 0x01, 0x09, 0x00, 0x05, 0x03, 0x15, 0x00, 0x48, 0x01, 0x3d, 0x00,
    0x48, 0x01, 0x08, 0x00, 0x07, 0x03, 0x14, 0x00, 0x48, 0x01, 0x3c, 0x00, 0x49, 0x01, 0x08, 0x00,
    0x07, 0x03, 0x14, 0x00, 0x49, 0x01, 0x3b, 0x00, 0x49, 0x01, 0x07, 0x00, 0x09, 0x03, 0x13, 0x00,
    0x49, 0x01, 0x3b, 0x00, 0x48, 0x01, 0x09, 0x00, 0x07, 0x03, 0x15, 0x00, 0x48, 0x01, 0x3b, 0x00,
    0x48, 0x01, 0x09, 0x00, 0x07, 0x03, 0x15, 0x00, 0x48, 0x01, 0x3b, 0x00, 0x48, 0x01, 0x0a, 0x00,
    0x05, 0x03, 0x16, 0x00, 0x48, 0x01, 0x3b, 0x00, 0x48, 0x01, 0x0c, 0x00, 0x01, 0x03, 0x18, 0x00,
    0x48, 0x01, 0x3b, 0x00, 0x48, 0x01, 0x25, 0x00, 0x48, 0x01, 0x3b, 0x00, 0x48, 0x01, 0x25, 0x00,
    0x48, 0x01, 0x3b, 0x00, 0x48, 0x01, 0x25, 0x00, 0x48, 0x01, 0x3b, 0x00, 0x48, 0x01, 0x25, 0x00,
    0x48, 0x01, 0x3b, 0x00, 0x48, 0x01, 0x25, 0x00, 0x48, 0x01, 0x3a, 0x00, 0x48, 0x01, 0x27, 0x00,
    0x48, 0x01, 0x3a, 0x00, 0x48, 0x01, 0x25, 0x00, 0x48, 0x01, 0x3b, 0x00, 0x48, 0x01, 0x25, 0x00,
    0x48, 0x01, 0x3b, 0x00, 0x48, 0x01, 0x25, 0x00, 0x48, 0x01, 0x3b, 0x00, 0x48, 0x01, 0x25, 0x00,
    0x48, 0x01, 0x3b, 0x00, 0x48, 0x01, 0x25, 0x00, 0x48, 0x01, 0x3b, 0x00, 0x48, 0x01, 0x25, 0x00,
    0x48, 0x01, 0x3b, 0x00, 0x48, 0x01, 0x25, 0x00, 0x48, 0x01, 0x3b, 0x00, 0x48, 0x01, 0x25, 0x00,
    0x48, 0x01, 0x3b, 0x00, 0x48, 0x01, 0x25, 0x00, 0x48, 0x01, 0x3b, 0x00, 0x49, 0x01, 0x23, 0x00,
    0x49, 0x01, 0x3b, 0x00, 0x49, 0x01, 0x23, 0x00, 0x49, 0x01, 0x3c, 0x00, 0x48, 0x01, 0x23, 0x00,
    0x48, 0x01, 0x3d, 0x00, 0x48, 0x01, 0x23, 0x00, 0x48, 0x01, 0x3d, 0x00, 0x49, 0x01, 0x21, 0x00,
    0x49, 0x01, 0x3d, 0x00, 0x49, 0x01, 0x21, 0x00, 0x49, 0x01, 0x3d, 0x00, 0x49, 0x01, 0x21, 0x00,
    0x49, 0x01, 0x3e, 0x00, 0x49, 0x01, 0x1f, 0x00, 0x49, 0x01, 0x3f, 0x00, 0x49, 0x01, 0x1f, 0x00,
    0x49, 0x01, 0x3f, 0x00, 0x49, 0x01, 0x1f, 0x00, 0x49, 0x01, 0x3f, 0x00, 0x4a, 0x01, 0x1d, 0x00,
    0x4a, 0x01, 0x40, 0x00, 0x4a, 0x01, 0x1b, 0x00, 0x4a, 0x01, 0x41, 0x00, 0x4a, 0x01, 0x1b, 0x00,
    0x4a, 0x01, 0x41, 0x00, 0x4b, 0x01, 0x19, 0x00, 0x4b, 0x01, 0x42, 0x00, 0x4a, 0x01, 0x19, 0x00,
    0x4a, 0x01, 0x43, 0x00, 0x4b, 0x01, 0x17, 0x00, 0x4b, 0x01, 0x43, 0x00, 0x4c, 0x01, 0x15, 0x00,
    0x4c, 0x01, 0x44, 0x00, 0x4c, 0x01, 0x13, 0x00, 0x4c, 0x01, 0x45, 0x00, 0x4d, 0x01, 0x11, 0x00,
    0x4d, 0x01, 0x46, 0x00, 0x4e, 0x01, 0x0d, 0x00, 0x4e, 0x01, 0x47, 0x00, 0x50, 0x01, 0x09, 0x00,
    0x50, 0x01, 0x48, 0x00, 0x53, 0x01, 0x01, 0x00, 0x53, 0x01, 0x49, 0x00, 0xa7, 0x01, 0x4a, 0x00,
    0xa5, 0x01, 0x4b, 0x00, 0xa5, 0x01, 0x4c, 0x00, 0xa3, 0x01, 0x4d, 0x00, 0xa3, 0x01, 0x4e, 0x00,
    0xa1, 0x01, 0x4f, 0x00, 0xa1, 0x01, 0x50, 0x00, 0x9f, 0x01, 0x52, 0x00, 0x9d, 0x01, 0x53, 0x00,
    0x9d, 0x01, 0x54, 0x00, 0x9b, 0x01, 0x56, 0x00, 0x99, 0x01, 0x58, 0x00, 0x97, 0x01, 0x59, 0x00,
    0x97, 0x01, 0x5a, 0x00, 0x95, 0x01, 0x5c, 0x00, 0x93, 0x01, 0x5e, 0x00, 0x91, 0x01, 0x60, 0x00,
    0x8f, 0x01, 0x61, 0x00, 0x8f, 0x01, 0x62, 0x00, 0x8d, 0x01, 0x64, 0x00, 0x8b, 0x01, 0x66, 0x00,
    0x89, 0x01, 0x68, 0x00, 0x87, 0x01, 0x6a, 0x00, 0x85, 0x01, 0x6d, 0x00, 0x81, 0x01, 0x70, 0x00,
    0x7f, 0x01, 0x72, 0x00, 0x7d, 0x01, 0x74, 0x00, 0x7b, 0x01, 0x76, 0x00, 0x79, 0x01, 0x79, 0x00,
    0x75, 0x01, 0x7c, 0x00, 0x73, 0x01, 0x7e, 0x00, 0x71, 0x01, 0x81, 0x00, 0x6d, 0x01, 0x84, 0x00,
    0x6b, 0x01, 0x87, 0x00, 0x67, 0x01, 0x8b, 0x00, 0x63, 0x01, 0x8f, 0x00, 0x5f, 0x01, 0x92, 0x00,
    0x5d, 0x01, 0x95, 0x00, 0x59, 0x01, 0x9a, 0x00, 0x53, 0x01, 0x9f, 0x00, 0x4f, 0x01, 0xa3, 0x00,
    0x4b, 0x01, 0xa8, 0x00, 0x45, 0x01, 0xae, 0x00, 0x3f, 0x01, 0xb4, 0x00, 0x39, 0x01, 0xbb, 0x00,
    0x31, 0x01, 0xc3, 0x00, 0x29, 0x01, 0xcd, 0x00, 0x1d, 0x01, 0xe1, 0x00, 0x01, 0x01, 0xff, 0x00,
    0xff, 0x00, 0xff, 0x00, 0xff, 0x00, 0xff, 0x00, 0xff, 0x00, 0xff, 0x00, 0xff, 0x00, 0xff, 0x00,
    0xff, 0x00, 0xff, 0x00, 0xff, 0x00, 0xff, 0x00, 0xff, 0x00, 0xff, 0x00, 0xff, 0x00, 0xff, 0x00,
    0xff, 0x00, 0xff, 0x00, 0xff, 0x00, 0xff, 0x00, 0xff, 0x00, 0xff, 0x00, 0xff, 0x00, 0xff, 0x00,
    0xff, 0x00, 0xff, 0x00, 0xff, 0x00, 0xff, 0x00, 0xff, 0x00, 0xff, 0x00, 0xff, 0x00, 0xff, 0x00,
    0xff, 0x00, 0xff, 0x00, 0xff, 0x00, 0xff, 0x00, 0x2c, 0x00, 0xff, 0x00, 0xff, 0x00, 0xff, 0x00,
    0xff, 0x00, 0xff, 0x00, 0xff, 0x00, 0xff, 0x00, 0xff, 0x00, 0xff, 0x00, 0xff, 0x00, 0xff, 0x00,
    0xff, 0x00, 0xff, 0x00, 0xff, 0x00, 0xff, 0x00, 0xff, 0x00, 0xff, 0x00, 0xff, 0x00, 0xff, 0x00,
    0xff, 0x00, 0xff, 0x00, 0xff, 0x00, 0xff, 0x00, 0xff, 0x00, 0xff, 0x00, 0xff, 0x00, 0xff, 0x00,
    0xff, 0x00, 0xff, 0x00, 0xff, 0x00, 0xff, 0x00, 0xff, 0x00, 0xff, 0x00, 0xff, 0x00, 0xff, 0x00,
    0xff, 0x00, 0xff, 0x00, 0xff, 0x00, 0x1e, 0x00, 0x01, 0x01, 0xe1, 0x00, 0x1d, 0x01, 0xcd, 0x00,
    0x29, 0x01, 0xc3, 0x00, 0x31, 0x01, 0xbb, 0x00, 0x39, 0x01, 0xb4, 0x00, 0x3f, 0x01, 0xae, 0x00,
    0x45, 0x01, 0xa8, 0x00, 0x4b, 0x01, 0xa3, 0x00, 0x4f, 0x01, 0x9f, 0x00, 0x53, 0x01, 0x9a, 0x00,
    0x59, 0x01, 0x95, 0x00, 0x5d, 0x01, 0x92, 0x00, 0x5f, 0x01, 0x8f, 0x00, 0x63, 0x01, 0x8b, 0x00,
    0x67, 0x01, 0x87, 0x00, 0x6b, 0x01, 0x84, 0x00, 0x6d, 0x01, 0x81, 0x00, 0x71, 0x01, 0x7e, 0x00,
    0x73, 0x01, 0x7c, 0x00, 0x75, 0x01, 0x79, 0x00, 0x79, 0x01, 0x76, 0x00, 0x7b, 0x01, 0x74, 0x00,
    0x7d, 0x01, 0x72, 0x00, 0x7f, 0x01, 0x70, 0x00, 0x81, 0x01, 0x6d, 0x00, 0x85, 0x01, 0x6a, 0x00,
    0x87, 0x01, 0x68, 0x00, 0x89, 0x01, 0x66, 0x00, 0x8b, 0x01, 0x64, 0x00, 0x8d, 0x01, 0x62, 0x00,
    0x8f, 0x01, 0x61, 0x00, 0x8f, 0x01, 0x60, 0x00, 0x91, 0x01, 0x5e, 0x00, 0x93, 0x01, 0x5c, 0x00,
    0x95, 0x01, 0x5a, 0x00, 0x97, 0x01, 0x59, 0x00, 0x97, 0x01, 0x58, 0x00, 0x99, 0x01, 0x56, 0x00,
    0x9b, 0x01, 0x54, 0x00, 0x9d, 0x01, 0x53, 0x00, 0x9d, 0x01, 0x52, 0x00, 0x9f, 0x01, 0x50, 0x00,
    0xa1, 0x01, 0x4f, 0x00, 0xa1, 0x01, 0x4e, 0x00, 0xa3, 0x01, 0x4d, 0x00, 0xa3, 0x01, 0x4c, 0x00,
    0xa5, 0x01, 0x4b, 0x00, 0xa5, 0x01, 0x4a, 0x00, 0xa7, 0x01, 0x49, 0x00, 0xa7, 0x01, 0x48, 0x00,
    0x52, 0x01, 0x09, 0x00, 0x4e, 0x01, 0x47, 0x00, 0x50, 0x01, 0x0d, 0x00, 0x4c, 0x01, 0x46, 0x00,
    0x4f, 0x01, 0x11, 0x00, 0x4b, 0x01, 0x45, 0x00, 0x4e, 0x01, 0x13, 0x00, 0x4a, 0x01, 0x44, 0x00,
    0x4e, 0x01, 0x15, 0x00, 0x4a, 0x01, 0x43, 0x00, 0x4d, 0x01, 0x17, 0x00, 0x49, 0x01, 0x43, 0x00,
    0x4d, 0x01, 0x18, 0x00, 0x48, 0x01, 0x42, 0x00, 0x4d, 0x01, 0x19, 0x00, 0x49, 0x01, 0x41, 0x00,
    0x4c, 0x01, 0x1b, 0x00, 0x48, 0x01, 0x41, 0x00, 0x4c, 0x01, 0x1c, 0x00, 0x47, 0x01, 0x40, 0x00,
    0x4c, 0x01, 0x1d, 0x00, 0x48, 0x01, 0x3f, 0x00, 0x4c, 0x01, 0x1e, 0x00, 0x47, 0x01, 0x3f, 0x00,
    0x4b, 0x01, 0x1f, 0x00, 0x47, 0x01, 0x3f, 0x00, 0x4b, 0x01, 0x20, 0x00, 0x46, 0x01, 0x3e, 0x00,
    0x4b, 0x01, 0x21, 0x00, 0x47, 0x01, 0x3d, 0x00, 0x4b, 0x01, 0x21, 0x00, 0x47, 0x01, 0x3d, 0x00,
    0x4b, 0x01, 0x22, 0x00, 0x46, 0x01, 0x3d, 0x00, 0x4a, 0x01, 0x09, 0x00, 0x05, 0x03, 0x15, 0x00,
    0x46, 0x01, 0x3d, 0x00, 0x4a, 0x01, 0x08, 0x00, 0x07, 0x03, 0x14, 0x00, 0x46, 0x01, 0x3c, 0x00,
    0x4b, 0x01, 0x08, 0x00, 0x07, 0x03, 0x14, 0x00, 0x47, 0x01, 0x3b, 0x00, 0x4b, 0x01, 0x08, 0x00,
    0x08, 0x03, 0x14, 0x00, 0x46, 0x01, 0x3b, 0x00, 0x4a, 0x01, 0x09, 0x00, 0x07, 0x03, 0x15, 0x00,
    0x46, 0x01, 0x3b, 0x00, 0x4a, 0x01, 0x09, 0x00, 0x07, 0x03, 0x15, 0x00, 0x46, 0x01, 0x3b, 0x00,
    0x4a, 0x01, 0x0a, 0x00, 0x05, 0x03, 0x16, 0x00, 0x46, 0x01, 0x3b, 0x00, 0x4a, 0x01, 0x25, 0x00,
    0x46, 0x01, 0x3b, 0x00, 0x4a, 0x01, 0x25, 0x00, 0x46, 0x01, 0x3b, 0x00, 0x4a, 0x01, 0x25, 0x00,
    0x46, 0x01, 0x3b, 0x00, 0x4a, 0x01, 0x26, 0x00, 0x45, 0x01, 0x3b, 0x00, 0x4a, 0x01, 0x26, 0x00,
    0x45, 0x01, 0x3b, 0x00, 0x4a, 0x01, 0x26, 0x00, 0x45, 0x01, 0x3a, 0x00, 0x4b, 0x01, 0x26, 0x00,
    0x46, 0x01, 0x3a, 0x00, 0x4a, 0x01, 0x26, 0x00, 0x45, 0x01, 0x3b, 0x00, 0x4a, 0x01, 0x26, 0x00,
    0x45, 0x01, 0x3b, 0x00, 0x4a, 0x01, 0x26, 0x00, 0x45, 0x01, 0x3b, 0x00, 0x4a, 0x01, 0x25, 0x00,
    0x46, 0x01, 0x3b, 0x00, 0x4a, 0x01, 0x25, 0x00, 0x46, 0x01, 0x3b, 0x00, 0x4a, 0x01, 0x25, 0x00,
    0x46, 0x01, 0x3b, 0x00, 0x4a, 0x01, 0x25, 0x00, 0x46, 0x01, 0x3b, 0x00, 0x4a, 0x01, 0x25, 0x00,
    0x46, 0x01, 0x3b, 0x00, 0x4a, 0x01, 0x25, 0x00, 0x46, 0x01, 0x3b, 0x00, 0x4b, 0x01, 0x24, 0x00,
    0x46, 0x01, 0x3b, 0x00, 0x4b, 0x01, 0x23, 0x00, 0x47, 0x01, 0x3c, 0x00, 0x4a, 0x01, 0x23, 0x00,
    0x46, 0x01, 0x3d, 0x00, 0x4a, 0x01, 0x23, 0x00, 0x46, 0x01, 0x3d, 0x00, 0x4b, 0x01, 0x22, 0x00,
    0x46, 0x01, 0x3d, 0x00, 0x4b, 0x01, 0x21, 0x00, 0x47, 0x01, 0x3d, 0x00, 0x4b, 0x01, 0x21, 0x00,
    0x47, 0x01, 0x3e, 0x00, 0x4b, 0x01, 0x20, 0x00, 0x46, 0x01, 0x3f, 0x00, 0x4b, 0x01, 0x1f, 0x00,
    0x47, 0x01, 0x3f, 0x00, 0x4c, 0x01, 0x1e, 0x00, 0x47, 0x01, 0x3f, 0x00, 0x4c, 0x01, 0x1d, 0x00,
    0x48, 0x01, 0x40, 0x00, 0x4c, 0x01, 0x1c, 0x00, 0x47, 0x01, 0x41, 0x00, 0x4c, 0x01, 0x1b, 0x00,
    0x48, 0x01, 0x41, 0x00, 0x4d, 0x01, 0x19, 0x00, 0x49, 0x01, 0x42, 0x00, 0x4d, 0x01, 0x18, 0x00,
    0x48, 0x01, 0x43, 0x00, 0x4d, 0x01, 0x17, 0x00, 0x49, 0x01, 0x43, 0x00, 0x4e, 0x01, 0x15, 0x00,
    0x4a, 0x01, 0x44, 0x00, 0x4e, 0x01, 0x13, 0x00, 0x4a, 0x01, 0x45, 0x00, 0x4f, 0x01, 0x11, 0x00,
    0x4b, 0x01, 0x46, 0x00, 0x50, 0x01, 0x0d, 0x00, 0x4c, 0x01, 0x47, 0x00, 0x52, 0x01, 0x09, 0x00,
    0x4e, 0x01, 0x48, 0x00, 0xa7, 0x01, 0x49, 0x00, 0xa7, 0x01, 0x4a, 0x00, 0xa5, 0x01, 0x4b, 0x00,
    0xa5, 0x01, 0x4c, 0x00, 0xa3, 0x01, 0x4d, 0x00, 0xa3, 0x01, 0x4e, 0x00, 0xa1, 0x01, 0x4f, 0x00,
    0xa1, 0x01, 0x50, 0x00, 0x9f, 0x01, 0x52, 0x00, 0x9d, 0x01, 0x53, 0x00, 0x9d, 0x01, 0x54, 0x00,
    0x9b, 0x01, 0x56, 0x00, 0x99, 0x01, 0x58, 0x00, 0x97, 0x01, 0x59, 0x00, 0x97, 0x01, 0x5a, 0x00,
    0x95, 0x01, 0x5c, 0x00, 0x93, 0x01, 0x5e, 0x00, 0x91, 0x01, 0x60, 0x00, 0x8f, 0x01, 0x61, 0x00,
    0x8f, 0x01, 0x62, 0x00, 0x8d, 0x01, 0x64, 0x00, 0x8b, 0x01, 0x66, 0x00, 0x89, 0x01, 0x68, 0x00,
    0x87, 0x01, 0x6a, 0x00, 0x85, 0x01, 0x6d, 0x00, 0x81, 0x01, 0x70, 0x00, 0x7f, 0x01, 0x72, 0x00,
    0x7d, 0x01, 0x74, 0x00, 0x7b, 0x01, 0x76, 0x00, 0x79, 0x01, 0x79, 0x00, 0x75, 0x01, 0x7c, 0x00,
    0x73, 0x01, 0x7e, 0x00, 0x71, 0x01, 0x81, 0x00, 0x6d, 0x01, 0x84, 0x00, 0x6b, 0x01, 0x87, 0x00,
    0x67, 0x01, 0x8b, 0x00, 0x63, 0x01, 0x8f, 0x00, 0x5f, 0x01, 0x92, 0x00, 0x5d, 0x01, 0x95, 0x00,
    0x59, 0x01, 0x9a, 0x00, 0x53, 0x01, 0x9f, 0x00, 0x4f, 0x01, 0xa3, 0x00, 0x4b, 0x01, 0xa8, 0x00,
    0x45, 0x01, 0xae, 0x00, 0x3f, 0x01, 0xb4, 0x00, 0x39, 0x01, 0xbb, 0x00, 0x31, 0x01, 0xc3, 0x00,
    0x29, 0x01, 0xcd, 0x00, 0x1d, 0x01, 0xe1, 0x00, 0x01, 0x01, 0xff, 0x00, 0xff, 0x00, 0xff, 0x00,
    0xff, 0x00, 0xff, 0x00, 0xff, 0x00, 0xff, 0x00, 0xff, 0x00, 0xff, 0x00, 0xff, 0x00, 0xff, 0x00,
    0xff, 0x00, 0xff, 0x00, 0xff, 0x00, 0xff, 0x00, 0xff, 0x00, 0xff, 0x00, 0xff, 0x00, 0xff, 0x00,
    0xff, 0x00, 0xff, 0x00, 0xff, 0x00, 0xff, 0x00, 0xff, 0x00, 0xff, 0x00, 0xff, 0x00, 0xff, 0x00,
    0xff, 0x00, 0xff, 0x00, 0xff, 0x00, 0xff, 0x00, 0xff, 0x00, 0xff, 0x00, 0xff, 0x00, 0xff, 0x00,
    0xff, 0x00, 0xff, 0x00, 0x2c, 0x00, 0xff, 0x00, 0xff, 0x00, 0xff, 0x00, 0xff, 0x00, 0xff, 0x00,
    0xff, 0x00, 0xff, 0x00, 0xff, 0x00, 0xff, 0x00, 0xff, 0x00, 0xff, 0x00, 0xff, 0x00, 0xff, 0x00,
    0xff, 0x00, 0xff, 0x00, 0xff, 0x00, 0xff, 0x00, 0xff, 0x00, 0xff, 0x00, 0xff, 0x00, 0xff, 0x00,
    0xff, 0x00, 0xff, 0x00, 0xff, 0x00, 0xff, 0x00, 0xff, 0x00, 0xff, 0x00, 0xff, 0x00, 0xff, 0x00,
    0xff, 0x00, 0xff, 0x00, 0xff, 0x00, 0xff, 0x00, 0xff, 0x00, 0xff, 0x00, 0xff, 0x00, 0xff, 0x00,
    0xff, 0x00, 0x1e, 0x00, 0x01, 0x01, 0xe1, 0x00, 0x1d, 0x01, 0xcd, 0x00, 0x29, 0x01, 0xc3, 0x00,
    0x31, 0x01, 0xbb, 0x00, 0x39, 0x01, 0xb4, 0x00, 0x3f, 0x01, 0xae, 0x00, 0x45, 0x01, 0xa8, 0x00,
    0x4b, 0x01, 0xa3, 0x00, 0x4f, 0x01, 0x9f, 0x00, 0x53, 0x01, 0x9a, 0x00, 0x59, 0x01, 0x95, 0x00,
    0x5d, 0x01, 0x92, 0x00, 0x5f, 0x01, 0x8f, 0x00, 0x63, 0x01, 0x8b, 0x00, 0x67, 0x01, 0x87, 0x00,
    0x6b, 0x01, 0x84, 0x00, 0x6d, 0x01, 0x81, 0x00, 0x71, 0x01, 0x7e, 0x00, 0x73, 0x01, 0x7c, 0x00,
    0x75, 0x01, 0x79, 0x00, 0x79, 0x01, 0x76, 0x00, 0x7b, 0x01, 0x74, 0x00, 0x7d, 0x01, 0x72, 0x00,
    0x7f, 0x01, 0x70, 0x00, 0x81, 0x01, 0x6d, 0x00, 0x85, 0x01, 0x6a, 0x00, 0x87, 0x01, 0x68, 0x00,
    0x89, 0x01, 0x66, 0x00, 0x8b, 0x01, 0x64, 0x00, 0x8d, 0x01, 0x62, 0x00, 0x8f, 0x01, 0x61, 0x00,
    0x8f, 0x01, 0x60, 0x00, 0x91, 0x01, 0x5e, 0x00, 0x93, 0x01, 0x5c, 0x00, 0x95, 0x01, 0x5a, 0x00,
    0x97, 0x01, 0x59, 0x00, 0x97, 0x01, 0x58, 0x00, 0x99, 0x01, 0x56, 0x00, 0x9b, 0x01, 0x54, 0x00,
    0x9d, 0x01, 0x53, 0x00, 0x9d, 0x01, 0x52, 0x00, 0x9f, 0x01, 0x50, 0x00, 0xa1, 0x01, 0x4f, 0x00,
    0xa1, 0x01, 0x4e, 0x00, 0xa3, 0x01, 0x4d, 0x00, 0xa3, 0x01, 0x4c, 0x00, 0xa5, 0x01, 0x4b, 0x00,
    0xa5, 0x01, 0x4a, 0x00, 0xa7, 0x01, 0x49, 0x00, 0x56, 0x01, 0x01, 0x00, 0x50, 0x01, 0x48, 0x00,
    0x53, 0x01, 0x09, 0x00, 0x4d, 0x01, 0x47, 0x00, 0x51, 0x01, 0x0d, 0x00, 0x4b, 0x01, 0x46, 0x00,
    0x50, 0x01, 0x11, 0x00, 0x4a, 0x01, 0x45, 0x00, 0x4f, 0x01, 0x13, 0x00, 0x49, 0x01, 0x44, 0x00,
    0x4f, 0x01, 0x15, 0x00, 0x49, 0x01, 0x43, 0x00, 0x4e, 0x01, 0x17, 0x00, 0x48, 0x01, 0x43, 0x00,
    0x4d, 0x01, 0x19, 0x00, 0x47, 0x01, 0x42, 0x00, 0x4e, 0x01, 0x19, 0x00, 0x48, 0x01, 0x41, 0x00,
    0x4d, 0x01, 0x1b, 0x00, 0x47, 0x01, 0x41, 0x00, 0x4d, 0x01, 0x1b, 0x00, 0x47, 0x01, 0x40, 0x00,
    0x4d, 0x01, 0x1d, 0x00, 0x47, 0x01, 0x3f, 0x00, 0x4c, 0x01, 0x1f, 0x00, 0x46, 0x01, 0x3f, 0x00,
    0x4c, 0x01, 0x1f, 0x00, 0x46, 0x01, 0x3f, 0x00, 0x4c, 0x01, 0x1f, 0x00, 0x46, 0x01, 0x3e, 0x00,
    0x4c, 0x01, 0x21, 0x00, 0x46, 0x01, 0x3d, 0x00, 0x4c, 0x01, 0x21, 0x00, 0x46, 0x01, 0x3d, 0x00,
    0x4c, 0x01, 0x0a, 0x00, 0x01, 0x03, 0x16, 0x00, 0x46, 0x01, 0x3d, 0x00, 0x4b, 0x01, 0x09, 0x00,
    0x05, 0x03, 0x15, 0x00, 0x45, 0x01, 0x3d, 0x00, 0x4b, 0x01, 0x08, 0x00, 0x07, 0x03, 0x14, 0x00,
    0x45, 0x01, 0x3c, 0x00, 0x4c, 0x01, 0x08, 0x00, 0x07, 0x03, 0x14, 0x00, 0x46, 0x01, 0x3b, 0x00,
    0x4c, 0x01, 0x07, 0x00, 0x09, 0x03, 0x13, 0x00, 0x46, 0x01, 0x3b, 0x00, 0x4b, 0x01, 0x09, 0x00,
    0x07, 0x03, 0x15, 0x00, 0x45, 0x01, 0x3b, 0x00, 0x4b, 0x01, 0x09, 0x00, 0x07, 0x03, 0x15, 0x00,
    0x45, 0x01, 0x3b, 0x00, 0x4b, 0x01, 0x0a, 0x00, 0x05, 0x03, 0x16, 0x00, 0x45, 0x01, 0x3b, 0x00,
    0x4b, 0x01, 0x0c, 0x00, 0x01, 0x03, 0x18, 0x00, 0x45, 0x01, 0x3b, 0x00, 0x4b, 0x01, 0x25, 0x00,
    0x45, 0x01, 0x3b, 0x00, 0x4b, 0x01, 0x25, 0x00, 0x45, 0x01, 0x3b, 0x00, 0x4b, 0x01, 0x25, 0x00,
    0x45, 0x01, 0x3b, 0x00, 0x4b, 0x01, 0x25, 0x00, 0x45, 0x01, 0x3b, 0x00, 0x4b, 0x01, 0x25, 0x00,
    0x45, 0x01, 0x3a, 0x00, 0x4b, 0x01, 0x27, 0x00, 0x45, 0x01, 0x3a, 0x00, 0x4b, 0x01, 0x25, 0x00,
    0x45, 0x01, 0x3b, 0x00, 0x4b, 0x01, 0x25, 0x00, 0x45, 0x01, 0x3b, 0x00, 0x4b, 0x01, 0x25, 0x00,
    0x45, 0x01, 0x3b, 0x00, 0x4b, 0x01, 0x25, 0x00, 0x45, 0x01, 0x3b, 0x00, 0x4b, 0x01, 0x25, 0x00,
    0x45, 0x01, 0x3b, 0x00, 0x4b, 0x01, 0x25, 0x00, 0x45, 0x01, 0x3b, 0x00, 0x4b, 0x01, 0x25, 0x00,
    0x45, 0x01, 0x3b, 0x00, 0x4b, 0x01, 0x25, 0x00, 0x45, 0x01, 0x3b, 0x00, 0x4b, 0x01, 0x25, 0x00,
    0x45, 0x01, 0x3b, 0x00, 0x4c, 0x01, 0x23, 0x00, 0x46, 0x01, 0x3b, 0x00, 0x4c, 0x01, 0x23, 0x00,
    0x46, 0x01, 0x3c, 0x00, 0x4b, 0x01, 0x23, 0x00, 0x45, 0x01, 0x3d, 0x00, 0x4b, 0x01, 0x23, 0x00,
    0x45, 0x01, 0x3d, 0x00, 0x4c, 0x01, 0x21, 0x00, 0x46, 0x01, 0x3d, 0x00, 0x4c, 0x01, 0x21, 0x00,
    0x46, 0x01, 0x3d, 0x00, 0x4c, 0x01, 0x21, 0x00, 0x46, 0x01, 0x3e, 0x00, 0x4c, 0x01, 0x1f, 0x00,
    0x46, 0x01, 0x3f, 0x00, 0x4c, 0x01, 0x1f, 0x00, 0x46, 0x01, 0x3f, 0x00, 0x4c, 0x01, 0x1f, 0x00,
    0x46, 0x01, 0x3f, 0x00, 0x4d, 0x01, 0x1d, 0x00, 0x47, 0x01, 0x40, 0x00, 0x4d, 0x01, 0x1b, 0x00,
    0x47, 0x01, 0x41, 0x00, 0x4d, 0x01, 0x1b, 0x00, 0x47, 0x01, 0x41, 0x00, 0x4e, 0x01, 0x19, 0x00,
    0x48, 0x01, 0x42, 0x00, 0x4d, 0x01, 0x19, 0x00, 0x47, 0x01, 0x43, 0x00, 0x4e, 0x01, 0x17, 0x00,
    0x48, 0x01, 0x43, 0x00, 0x4f, 0x01, 0x15, 0x00, 0x49, 0x01, 0x44, 0x00, 0x4f, 0x01, 0x13, 0x00,
    0x49, 0x01, 0x45, 0x00, 0x50, 0x01, 0x11, 0x00, 0x4a, 0x01, 0x46, 0x00, 0x51, 0x01, 0x0d, 0x00,
    0x4b, 0x01, 0x47, 0x00, 0x53, 0x01, 0x09, 0x00, 0x4d, 0x01, 0x48, 0x00, 0x56, 0x01, 0x01, 0x00,
    0x50, 0x01, 0x49, 0x00, 0xa7, 0x01, 0x4a, 0x00, 0xa5, 0x01, 0x4b, 0x00, 0xa5, 0x01, 0x4c, 0x00,
    0xa3, 0x01, 0x4d, 0x00, 0xa3, 0x01, 0x4e, 0x00, 0xa1, 0x01, 0x4f, 0x00, 0xa1, 0x01, 0x50, 0x00,
    0x9f, 0x01, 0x52, 0x00, 0x9d, 0x01, 0x53, 0x00, 0x9d, 0x01, 0x54, 0x00, 0x9b, 0x01, 0x56, 0x00,
    0x99, 0x01, 0x58, 0x00, 0x97, 0x01, 0x59, 0x00, 0x97, 0x01, 0x5a, 0x00, 0x95, 0x01, 0x5c, 0x00,
    0x93, 0x01, 0x5e, 0x00, 0x91, 0x01, 0x60, 0x00, 0x8f, 0x01, 0x61, 0x00, 0x8f, 0x01, 0x62, 0x00,
    0x8d, 0x01, 0x64, 0x00, 0x8b, 0x01, 0x66, 0x00, 0x89, 0x01, 0x68, 0x00, 0x87, 0x01, 0x6a, 0x00,
    0x85, 0x01, 0x6d, 0x00, 0x81, 0x01, 0x70, 0x00, 0x7f, 0x01, 0x72, 0x00, 0x7d, 0x01, 0x74, 0x00,
    0x7b, 0x01, 0x76, 0x00, 0x79, 0x01, 0x79, 0x00, 0x75, 0x01, 0x7c, 0x00, 0x73, 0x01, 0x7e, 0x00,
    0x71, 0x01, 0x81, 0x00, 0x6d, 0x01, 0x84, 0x00, 0x6b, 0x01, 0x87, 0x00, 0x67, 0x01, 0x8b, 0x00,
    0x63, 0x01, 0x8f, 0x00, 0x5f, 0x01, 0x92, 0x00, 0x5d, 0x01, 0x95, 0x00, 0x59, 0x01, 0x9a, 0x00,
    0x53, 0x01, 0x9f, 0x00, 0x4f, 0x01, 0xa3, 0x00, 0x4b, 0x01, 0xa8, 0x00, 0x45, 0x01, 0xae, 0x00,
    0x3f, 0x01, 0xb4, 0x00, 0x39, 0x01, 0xbb, 0x00, 0x31, 0x01, 0xc3, 0x00, 0x29, 0x01, 0xcd, 0x00,
    0x1d, 0x01, 0xe1, 0x00, 0x01, 0x01, 0xff, 0x00, 0xff, 0x00, 0xff, 0x00, 0xff, 0x00, 0xff, 0x00,
    0xff, 0x00, 0xff, 0x00, 0xff, 0x00, 0xff, 0x00, 0xff, 0x00, 0xff, 0x00, 0xff, 0x00, 0xff, 0x00,
    0xff, 0x00, 0xff, 0x00, 0xff, 0x00, 0xff, 0x00, 0xff, 0x00, 0xff, 0x00, 0xff, 0x00, 0xff, 0x00,
    0xff, 0x00, 0xff, 0x00, 0xff, 0x00, 0xff, 0x00, 0xff, 0x00, 0xff, 0x00, 0xff, 0x00, 0xff, 0x00,
    0xff, 0x00, 0xff, 0x00, 0xff, 0x00, 0xff, 0x00, 0xff, 0x00, 0xff, 0x00, 0xff, 0x00, 0xff, 0x00,
    0x2c, 0x00, 0xff, 0x00, 0xff, 0x00, 0xff, 0x00, 0xff, 0x00, 0xff, 0x00, 0xff, 0x00, 0xff, 0x00,
    0xff, 0x00, 0xff, 0x00, 0xff, 0x00, 0xff, 0x00, 0xff, 0x00, 0xff, 0x00, 0xff, 0x00, 0xff, 0x00,
    0xff, 0x00, 0xff, 0x00, 0xff, 0x00, 0xff, 0x00, 0xff, 0x00, 0xff, 0x00, 0xff, 0x00, 0xff, 0x00,
    0xff, 0x00, 0xff, 0x00, 0xff, 0x00, 0xff, 0x00, 0xff, 0x00, 0xff, 0x00, 0xff, 0x00, 0xff, 0x00,
    0xff, 0x00, 0xff, 0x00, 0xff, 0x00, 0xff, 0x00, 0xff, 0x00, 0xff, 0x00, 0xff, 0x00, 0xff, 0x00,
    0xff, 0x00, 0xff, 0x00, 0xff, 0x00, 0xff, 0x00, 0xff, 0x00, 0xff, 0x00, 0xff, 0x00, 0xff, 0x00,
    0xff, 0x00, 0xff, 0x00, 0xff, 0x00, 0xff, 0x00, 0xff, 0x00, 0xff, 0x00, 0x2d, 0x00, 0x01, 0x01,
    0xdf, 0x00, 0x21, 0x01, 0xc9, 0x00, 0x2d, 0x01, 0xbe, 0x00, 0x37, 0x01, 0xb5, 0x00, 0x3f, 0x01,
    0xad, 0x00, 0x47, 0x01, 0xa6, 0x00, 0x4d, 0x01, 0xa0, 0x00, 0x53, 0x01, 0x9a, 0x00, 0x59, 0x01,
    0x95, 0x00, 0x5d, 0x01, 0x91, 0x00, 0x61, 0x01, 0x8c, 0x00, 0x67, 0x01, 0x87, 0x00, 0x6b, 0x01,
    0x84, 0x00, 0x6d, 0x01, 0x81, 0x00, 0x71, 0x01, 0x7d, 0x00, 0x75, 0x01, 0x79, 0x00, 0x79, 0x01,
    0x76, 0x00, 0x7b, 0x01, 0x73, 0x00, 0x7f, 0x01, 0x70, 0x00, 0x81, 0x01, 0x6d, 0x00, 0x85, 0x01,
    0x6a, 0x00, 0x87, 0x01, 0x68, 0x00, 0x89, 0x01, 0x66, 0x00, 0x8b, 0x01, 0x63, 0x00, 0x8f, 0x01,
    0x60, 0x00, 0x91, 0x01, 0x5e, 0x00, 0x93, 0x01, 0x5c, 0x00, 0x95, 0x01, 0x5a, 0x00, 0x97, 0x01,
    0x58, 0x00, 0x99, 0x01, 0x56, 0x00, 0x9b, 0x01, 0x55, 0x00, 0x9b, 0x01, 0x54, 0x00, 0x9d, 0x01,
    0x52, 0x00, 0x4f, 0x01, 0x01, 0x00, 0x4f, 0x01, 0x50, 0x00, 0x4c, 0x01, 0x09, 0x00, 0x4c, 0x01,
    0x4e, 0x00, 0x4b, 0x01, 0x0d, 0x00, 0x4b, 0x01, 0x4d, 0x00, 0x49, 0x01, 0x11, 0x00, 0x49, 0x01,
    0x4c, 0x00, 0x49, 0x01, 0x13, 0x00, 0x49, 0x01, 0x4a, 0x00, 0x49, 0x01, 0x15, 0x00, 0x49, 0x01,
    0x49, 0x00, 0x48, 0x01, 0x17, 0x00, 0x48, 0x01, 0x48, 0x00, 0x48, 0x01, 0x19, 0x00, 0x48, 0x01,
    0x47, 0x00, 0x48, 0x01, 0x19, 0x00, 0x48, 0x01, 0x46, 0x00, 0x48, 0x01, 0x1b, 0x00, 0x48, 0x01,
    0x45, 0x00, 0x48, 0x01, 0x1b, 0x00, 0x48, 0x01, 0x44, 0x00, 0x48, 0x01, 0x1d, 0x00, 0x48, 0x01,
    0x43, 0x00, 0x47, 0x01, 0x1f, 0x00, 0x47, 0x01, 0x42, 0x00, 0x48, 0x01, 0x1f, 0x00, 0x48, 0x01,
    0x41, 0x00, 0x48, 0x01, 0x1f, 0x00, 0x48, 0x01, 0x40, 0x00, 0x48, 0x01, 0x21, 0x00, 0x48, 0x01,
    0x3f, 0x00, 0x48, 0x01, 0x21, 0x00, 0x48, 0x01, 0x3f, 0x00, 0x48, 0x01, 0x0a, 0x00, 0x01, 0x03,
    0x16, 0x00, 0x48, 0x01, 0x3e, 0x00, 0x48, 0x01, 0x09, 0x00, 0x05, 0x03, 0x15, 0x00, 0x48, 0x01,
    0x3d, 0x00, 0x48, 0x01, 0x08, 0x00, 0x07, 0x03, 0x14, 0x00, 0x48, 0x01, 0x3d, 0x00, 0x48, 0x01,
    0x08, 0x00, 0x07, 0x03, 0x14, 0x00, 0x48, 0x01, 0x3d, 0x00, 0x48, 0x01, 0x07, 0x00, 0x09, 0x03,
    0x13, 0x00, 0x48, 0x01, 0x3c, 0x00, 0x48, 0x01, 0x09, 0x00, 0x07, 0x03, 0x15, 0x00, 0x48, 0x01,
    0x3b, 0x00, 0x48, 0x01, 0x09, 0x00, 0x07, 0x03, 0x15, 0x00, 0x48, 0x01, 0x3b, 0x00, 0x48, 0x01,
    0x0a, 0x00, 0x05, 0x03, 0x16, 0x00, 0x48, 0x01, 0x3b, 0x00, 0x48, 0x01, 0x0c, 0x00, 0x01, 0x03,
    0x18, 0x00, 0x48, 0x01, 0x3b, 0x00, 0x48, 0x01, 0x25, 0x00, 0x48, 0x01, 0x3b, 0x00, 0x48, 0x01,
    0x25, 0x00, 0x48, 0x01, 0x3b, 0x00, 0x48, 0x01, 0x25, 0x00, 0x48, 0x01, 0x3b, 0x00, 0x48, 0x01,
    0x25, 0x00, 0x48, 0x01, 0x3b, 0x00, 0x48, 0x01, 0x25, 0x00, 0x48, 0x01, 0x3a, 0x00, 0x48, 0x01,
    0x27, 0x00, 0x48, 0x01, 0x3a, 0x00, 0x48, 0x01, 0x25, 0x00, 0x48, 0x01, 0x3b, 0x00, 0x48, 0x01,
    0x25, 0x00, 0x48, 0x01, 0x3b, 0x00, 0x48, 0x01, 0x25, 0x00, 0x48, 0x01, 0x3b, 0x00, 0x48, 0x01,
    0x25, 0x00, 0x48, 0x01, 0x3b, 0x00, 0x48, 0x01, 0x25, 0x00, 0x48, 0x01, 0x3b, 0x00, 0x48, 0x01,
    0x25, 0x00, 0x48, 0x01, 0x3b, 0x00, 0x48, 0x01, 0x25, 0x00, 0x48, 0x01, 0x3b, 0x00, 0x48, 0x01,
    0x25, 0x00, 0x48, 0x01, 0x3b, 0x00, 0x48, 0x01, 0x25, 0x00, 0x48, 0x01, 0x3c, 0x00, 0x48, 0x01,
    0x23, 0x00, 0x48, 0x01, 0x3d, 0x00, 0x48, 0x01, 0x23, 0x00, 0x48, 0x01, 0x3d, 0x00, 0x48, 0x01,
    0x23, 0x00, 0x48, 0x01, 0x3d, 0x00, 0x48, 0x01, 0x23, 0x00, 0x48, 0x01, 0x3e, 0x00, 0x48, 0x01,
    0x21, 0x00, 0x48, 0x01, 0x3f, 0x00, 0x48, 0x01, 0x21, 0x00, 0x48, 0x01, 0x3f, 0x00, 0x48, 0x01,
    0x21, 0x00, 0x48, 0x01, 0x40, 0x00, 0x48, 0x01, 0x1f, 0x00, 0x48, 0x01, 0x41, 0x00, 0x48, 0x01,
    0x1f, 0x00, 0x48, 0x01, 0x42, 0x00, 0x47, 0x01, 0x1f, 0x00, 0x47, 0x01, 0x43, 0x00, 0x48, 0x01,
    0x1d, 0x00, 0x48, 0x01, 0x44, 0x00, 0x48, 0x01, 0x1b, 0x00, 0x48, 0x01, 0x45, 0x00, 0x48, 0x01,
    0x1b, 0x00, 0x48, 0x01, 0x46, 0x00, 0x48, 0x01, 0x19, 0x00, 0x48, 0x01, 0x47, 0x00, 0x48, 0x01,
    0x19, 0x00, 0x48, 0x01, 0x48, 0x00, 0x48, 0x01, 0x17, 0x00, 0x48, 0x01, 0x49, 0x00, 0x49, 0x01,
    0x15, 0x00, 0x49, 0x01, 0x4a, 0x00, 0x49, 0x01, 0x13, 0x00, 0x49, 0x01, 0x4c, 0x00, 0x49, 0x01,
    0x11, 0x00, 0x49, 0x01, 0x4d, 0x00, 0x4b, 0x01, 0x0d, 0x00, 0x4b, 0x01, 0x4e, 0x00, 0x4c, 0x01,
    0x09, 0x00, 0x4c, 0x01, 0x50, 0x00, 0x4f, 0x01, 0x01, 0x00, 0x4f, 0x01, 0x52, 0x00, 0x9d, 0x01,
    0x54, 0x00, 0x9b, 0x01, 0x55, 0x00, 0x9b, 0x01, 0x56, 0x00, 0x99, 0x01, 0x58, 0x00, 0x97, 0x01,
    0x5a, 0x00, 0x95, 0x01, 0x5c, 0x00, 0x93, 0x01, 0x5e, 0x00, 0x91, 0x01, 0x60, 0x00, 0x8f, 0x01,
    0x63, 0x00, 0x8b, 0x01, 0x66, 0x00, 0x89, 0x01, 0x68, 0x00, 0x87, 0x01, 0x6a, 0x00, 0x85, 0x01,
    0x6d, 0x00, 0x81, 0x01, 0x70, 0x00, 0x7f, 0x01, 0x73, 0x00, 0x7b, 0x01, 0x76, 0x00, 0x79, 0x01,
    0x79, 0x00, 0x75, 0x01, 0x7d, 0x00, 0x71, 0x01, 0x81, 0x00, 0x6d, 0x01, 0x84, 0x00, 0x6b, 0x01,
    0x87, 0x00, 0x67, 0x01, 0x8c, 0x00, 0x61, 0x01, 0x91, 0x00, 0x5d, 0x01, 0x95, 0x00, 0x59, 0x01,
    0x9a, 0x00, 0x53, 0x01, 0xa0, 0x00, 0x4d, 0x01, 0xa6, 0x00, 0x47, 0x01, 0xad, 0x00, 0x3f, 0x01,
    0xb5, 0x00, 0x37, 0x01, 0xbe, 0x00, 0x2d, 0x01, 0xc9, 0x00, 0x21, 0x01, 0xdf, 0x00, 0x01, 0x01,
    0xff, 0x00, 0xff, 0x00, 0xff, 0x00, 0xff, 0x00, 0xff, 0x00, 0xff, 0x00, 0xff, 0x00, 0xff, 0x00,
    0xff, 0x00, 0xff, 0x00, 0xff, 0x00, 0xff, 0x00, 0xff, 0x00, 0xff, 0x00, 0xff, 0x00, 0xff, 0x00,
    0xff, 0x00, 0xff, 0x00, 0xff, 0x00, 0xff, 0x00, 0xff, 0x00, 0xff, 0x00, 0xff, 0x00, 0xff, 0x00,
    0xff, 0x00, 0xff, 0x00, 0xff, 0x00, 0xff, 0x00, 0xff, 0x00, 0xff, 0x00, 0xff, 0x00, 0xff, 0x00,
    0xff, 0x00, 0xff, 0x00, 0xff, 0x00, 0xff, 0x00, 0xff, 0x00, 0xff, 0x00, 0xff, 0x00, 0xff, 0x00,
    0xff, 0x00, 0xff, 0x00, 0xff, 0x00, 0xff, 0x00, 0xff, 0x00, 0xff, 0x00, 0xff, 0x00, 0xff, 0x00,
    0xff, 0x00, 0xff, 0x00, 0xff, 0x00, 0xff, 0x00, 0x3b, 0x00, 0xff, 0x00, 0xff, 0x00, 0xff, 0x00,
    0xff, 0x00, 0xff, 0x00, 0xff, 0x00, 0xff, 0x00, 0xff, 0x00, 0xff, 0x00, 0xff, 0x00, 0xff, 0x00,
    0xff, 0x00, 0xff, 0x00, 0xff, 0x00, 0xff, 0x00, 0xff, 0x00, 0xff, 0x00, 0xff, 0x00, 0xff, 0x00,
    0xff, 0x00, 0xff, 0x00, 0xff, 0x00, 0xff, 0x00, 0xff, 0x00, 0xff, 0x00, 0xff, 0x00, 0xff, 0x00,
    0xff, 0x00, 0xff, 0x00, 0xff, 0x00, 0xff, 0x00, 0xff, 0x00, 0xff, 0x00, 0xff, 0x00, 0xff, 0x00,
    0xff, 0x00, 0xff, 0x00, 0xff, 0x00, 0xff, 0x00, 0xff, 0x00, 0xff, 0x00, 0xff, 0x00, 0xff, 0x00,
    0xff, 0x00, 0xff, 0x00, 0xff, 0x00, 0xff, 0x00, 0xff, 0x00, 0xff, 0x00, 0xff, 0x00, 0xff, 0x00,
    0xff, 0x00, 0xff, 0x00, 0xff, 0x00, 0xff, 0x00, 0xff, 0x00, 0xff, 0x00, 0xff, 0x00, 0xff, 0x00,
    0xff, 0x00, 0xff, 0x00, 0xff, 0x00, 0xff, 0x00, 0xff, 0x00, 0xff, 0x00, 0xff, 0x00, 0xff, 0x00,
    0xff, 0x00, 0xff, 0x00, 0xff, 0x00, 0xff, 0x00, 0xff, 0x00, 0xff, 0x00, 0xff, 0x00, 0xff, 0x00,
    0xff, 0x00, 0xff, 0x00, 0xff, 0x00, 0xff, 0x00, 0xff, 0x00, 0xff, 0x00, 0xff, 0x00, 0xff, 0x00,
    0xff, 0x00, 0xff, 0x00, 0xff, 0x00, 0xff, 0x00, 0xe7, 0x00, 0x0d, 0x01, 0x13, 0x00, 0x11, 0x01,
    0xb6, 0x00, 0x15, 0x01, 0x15, 0x00, 0x19, 0x01, 0xa6, 0x00, 0x1b, 0x01, 0x17, 0x00, 0x1f, 0x01,
    0x99, 0x00, 0x20, 0x01, 0x18, 0x00, 0x25, 0x01, 0x8e, 0x00, 0x25, 0x01, 0x19, 0x00, 0x29, 0x01,
    0x84, 0x00, 0x29, 0x01, 0x1b, 0x00, 0x2d, 0x01, 0x7b, 0x00, 0x2c, 0x01, 0x1c, 0x00, 0x31, 0x01,
    0x74, 0x00, 0x2f, 0x01, 0x1d, 0x00, 0x33, 0x01, 0x6e, 0x00, 0x31, 0x01, 0x1e, 0x00, 0x36, 0x01,
    0x68, 0x00, 0x34, 0x01, 0x1f, 0x00, 0x38, 0x01, 0x62, 0x00, 0x36, 0x01, 0x20, 0x00, 0x3b, 0x01,
    0x5d, 0x00, 0x38, 0x01, 0x21, 0x00, 0x3c, 0x01, 0x59, 0x00, 0x3a, 0x01, 0x21, 0x00, 0x3e, 0x01,
    0x55, 0x00, 0x3b, 0x01, 0x22, 0x00, 0x40, 0x01, 0x51, 0x00, 0x3d, 0x01, 0x09, 0x00, 0x05, 0x03,
    0x15, 0x00, 0x41, 0x01, 0x4d, 0x00, 0x3f, 0x01, 0x08, 0x00, 0x07, 0x03, 0x14, 0x00, 0x43, 0x01,
    0x4a, 0x00, 0x40, 0x01, 0x08, 0x00, 0x07, 0x03, 0x14, 0x00, 0x44, 0x01, 0x48, 0x00, 0x40, 0x01,
    0x08, 0x00, 0x08, 0x03, 0x14, 0x00, 0x45, 0x01, 0x45, 0x00, 0x42, 0x01, 0x09, 0x00, 0x07, 0x03,
    0x15, 0x00, 0x46, 0x01, 0x42, 0x00, 0x43, 0x01, 0x09, 0x00, 0x07, 0x03, 0x15, 0x00, 0x47, 0x01,
    0x40, 0x00, 0x44, 0x01, 0x0a, 0x00, 0x05, 0x03, 0x16, 0x00, 0x48, 0x01, 0x3f, 0x00, 0x44, 0x01,
    0x25, 0x00, 0x48, 0x01, 0x3e, 0x00, 0x45, 0x01, 0x25, 0x00, 0x49, 0x01, 0x3c, 0x00, 0x46, 0x01,
    0x25, 0x00, 0x4a, 0x01, 0x3b, 0x00, 0x45, 0x01, 0x26, 0x00, 0x4a, 0x01, 0x3b, 0x00, 0x45, 0x01,
    0x26, 0x00, 0x4a, 0x01, 0x3b, 0x00, 0x45, 0x01, 0x26, 0x00, 0x4a, 0x01, 0x3a, 0x00, 0x46, 0x01,
    0x26, 0x00, 0x4b, 0x01, 0x3a, 0x00, 0x45, 0x01, 0x26, 0x00, 0x4a, 0x01, 0x3b, 0x00, 0x45, 0x01,
    0x26, 0x00, 0x4a, 0x01, 0x3b, 0x00, 0x45, 0x01, 0x26, 0x00, 0x4a, 0x01, 0x3b, 0x00, 0x46, 0x01,
    0x25, 0x00, 0x4a, 0x01, 0x3c, 0x00, 0x45, 0x01, 0x25, 0x00, 0x49, 0x01, 0x3e, 0x00, 0x44, 0x01,
    0x25, 0x00, 0x48, 0x01, 0x3f, 0x00, 0x44, 0x01, 0x25, 0x00, 0x48, 0x01, 0x40, 0x00, 0x43, 0x01,
    0x25, 0x00, 0x47, 0x01, 0x42, 0x00, 0x42, 0x01, 0x25, 0x00, 0x46, 0x01, 0x45, 0x00, 0x40, 0x01,
    0x24, 0x00, 0x45, 0x01, 0x48, 0x00, 0x40, 0x01, 0x23, 0x00, 0x44, 0x01, 0x4a, 0x00, 0x3f, 0x01,
    0x23, 0x00, 0x43, 0x01, 0x4d, 0x00, 0x3d, 0x01, 0x23, 0x00, 0x41, 0x01, 0x51, 0x00, 0x3b, 0x01,
    0x22, 0x00, 0x40, 0x01, 0x55, 0x00, 0x3a, 0x01, 0x21, 0x00, 0x3e, 0x01, 0x59, 0x00, 0x38, 0x01,
    0x21, 0x00, 0x3c, 0x01, 0x5d, 0x00, 0x36, 0x01, 0x20, 0x00, 0x3b, 0x01, 0x62, 0x00, 0x34, 0x01,
    0x1f, 0x00, 0x38, 0x01, 0x68, 0x00, 0x31, 0x01, 0x1e, 0x00, 0x36, 0x01, 0x6e, 0x00, 0x2f, 0x01,
    0x1d, 0x00, 0x33, 0x01, 0x74, 0x00, 0x2c, 0x01, 0x1c, 0x00, 0x31, 0x01, 0x7b, 0x00, 0x29, 0x01,
    0x1b, 0x00, 0x2d, 0x01, 0x84, 0x00, 0x25, 0x01, 0x19, 0x00, 0x29, 0x01, 0x8e, 0x00, 0x20, 0x01,
    0x18, 0x00, 0x25, 0x01, 0x99, 0x00, 0x1b, 0x01, 0x17, 0x00, 0x1f, 0x01, 0xa6, 0x00, 0x15, 0x01,
    0x15, 0x00, 0x19, 0x01, 0xb6, 0x00, 0x0d, 0x01, 0x13, 0x00, 0x11, 0x01, 0xff, 0x00, 0xff, 0x00,
    0xff, 0x00, 0xff, 0x00, 0xff, 0x00, 0xff, 0x00, 0xff, 0x00, 0xff, 0x00, 0xff, 0x00, 0xff, 0x00,
    0xff, 0x00, 0xff, 0x00, 0xff, 0x00, 0xff, 0x00, 0xff, 0x00, 0xff, 0x00, 0xff, 0x00, 0xff, 0x00,
    0xff, 0x00, 0xff, 0x00, 0xff, 0x00, 0xff, 0x00, 0xff, 0x00, 0xff, 0x00, 0xff, 0x00, 0xff, 0x00,
    0xff, 0x00, 0xff, 0x00, 0xff, 0x00, 0xff, 0x00, 0xff, 0x00, 0xff, 0x00, 0xff, 0x00, 0xff, 0x00,
    0xff, 0x00, 0xff, 0x00, 0xff, 0x00, 0xff, 0x00, 0xff, 0x00, 0xff, 0x00, 0xff, 0x00, 0xff, 0x00,
    0xff, 0x00, 0xff, 0x00, 0xff, 0x00, 0xff, 0x00, 0xff, 0x00, 0xff, 0x00, 0xff, 0x00, 0xff, 0x00,
    0xff, 0x00, 0xff, 0x00, 0xff, 0x00, 0xff, 0x00, 0xff, 0x00, 0xff, 0x00, 0xff, 0x00, 0xff, 0x00,
    0xff, 0x00, 0xff, 0x00, 0xff, 0x00, 0xff, 0x00, 0xff, 0x00, 0xff, 0x00, 0xff, 0x00, 0xff, 0x00,
    0xff, 0x00, 0xff, 0x00, 0xff, 0x00, 0xff, 0x00, 0xff, 0x00, 0xff, 0x00, 0xff, 0x00, 0xff, 0x00,
    0xff, 0x00, 0xff, 0x00, 0xff, 0x00, 0xff, 0x00, 0xff, 0x00, 0xff, 0x00, 0xff, 0x00, 0xff, 0x00,
    0xff, 0x00, 0xff, 0x00, 0xff, 0x00, 0xff, 0x00, 0xf5, 0x00, 0xff, 0x00, 0xff, 0x00, 0xff, 0x00,
    0xff, 0x00, 0xff, 0x00, 0xff, 0x00, 0xff, 0x00, 0xff, 0x00, 0xff, 0x00, 0xff, 0x00, 0xff, 0x00,
    0xff, 0x00, 0xff, 0x00, 0xff, 0x00, 0xff, 0x00, 0xff, 0x00, 0xff, 0x00, 0xff, 0x00, 0xff, 0x00,
    0xff, 0x00, 0xff, 0x00, 0xff, 0x00, 0xff, 0x00, 0xff, 0x00, 0xff, 0x00, 0xff, 0x00, 0xff, 0x00,
    0xff, 0x00, 0xff, 0x00, 0xff, 0x00, 0xff, 0x00, 0xff, 0x00, 0xff, 0x00, 0xff, 0x00, 0xff, 0x00,
    0xff, 0x00, 0xff, 0x00, 0xff, 0x00, 0xff, 0x00, 0xff, 0x00, 0xff, 0x00, 0xff, 0x00, 0xff, 0x00,
    0xff, 0x00, 0xff, 0x00, 0xff, 0x00, 0xff, 0x00, 0xff, 0x00, 0xff, 0x00, 0xff, 0x00, 0xff, 0x00,
    0xff, 0x00, 0xff, 0x00, 0xff, 0x00, 0xff, 0x00, 0xff, 0x00, 0xff, 0x00, 0xff, 0x00, 0xff, 0x00,
    0xff, 0x00, 0xff, 0x00, 0xff, 0x00, 0xff, 0x00, 0xff, 0x00, 0xff, 0x00, 0xff, 0x00, 0xff, 0x00,
    0xff, 0x00, 0xff, 0x00, 0xff, 0x00, 0xff, 0x00, 0xff, 0x00, 0xff, 0x00, 0xff, 0x00, 0xff, 0x00,
    0xff, 0x00, 0xff, 0x00, 0xff, 0x00, 0xff, 0x00, 0xff, 0x00, 0xff, 0x00, 0xff, 0x00, 0xff, 0x00,
    0xff, 0x00, 0xff, 0x00, 0xff, 0x00, 0xff, 0x00, 0xff, 0x00, 0xff, 0x00, 0xff, 0x00, 0xff, 0x00,
    0xff, 0x00, 0xff, 0x00, 0xff, 0x00, 0xff, 0x00, 0xff, 0x00, 0xff, 0x00, 0xff, 0x00, 0xff, 0x00,
    0xff, 0x00, 0xff, 0x00, 0xff, 0x00, 0xff, 0x00, 0xff, 0x00, 0xff, 0x00, 0xff, 0x00, 0xff, 0x00,
    0xa4, 0x00, 0x0a, 0x01, 0x0c, 0x00, 0x01, 0x03, 0x18, 0x00, 0x10, 0x01, 0x98, 0x00, 0x23, 0x01,
    0x25, 0x00, 0x29, 0x01, 0x70, 0x00, 0x32, 0x01, 0x25, 0x00, 0x38, 0x01, 0x58, 0x00, 0x3b, 0x01,
    0x25, 0x00, 0x41, 0x01, 0x49, 0x00, 0x41, 0x01, 0x25, 0x00, 0x47, 0x01, 0x40, 0x00, 0x44, 0x01,
    0x25, 0x00, 0x4a, 0x01, 0x3b, 0x00, 0x45, 0x01, 0x27, 0x00, 0x4b, 0x01, 0x3b, 0x00, 0x44, 0x01,
    0x25, 0x00, 0x4a, 0x01, 0x40, 0x00, 0x41, 0x01, 0x25, 0x00, 0x47, 0x01, 0x49, 0x00, 0x3b, 0x01,
    0x25, 0x00, 0x41, 0x01, 0x58, 0x00, 0x32, 0x01, 0x25, 0x00, 0x38, 0x01, 0x70, 0x00, 0x23, 0x01,
    0x25, 0x00, 0x29, 0x01, 0x98, 0x00, 0x0a, 0x01, 0x25, 0x00, 0x10, 0x01, 0xff, 0x00, 0xff, 0x00,
    0xff, 0x00, 0xff, 0x00, 0xff, 0x00, 0xff, 0x00, 0xff, 0x00, 0xff, 0x00, 0xff, 0x00, 0xff, 0x00,
    0xff, 0x00, 0xff, 0x00, 0xff, 0x00, 0xff, 0x00, 0xff, 0x00, 0xff, 0x00, 0xff, 0x00, 0xff, 0x00,
    0xff, 0x00, 0xff, 0x00, 0xff, 0x00, 0xff, 0x00, 0xff, 0x00, 0xff, 0x00, 0xff, 0x00, 0xff, 0x00,
    0xff, 0x00, 0xff, 0x00, 0xff, 0x00, 0xff, 0x00, 0xff, 0x00, 0xff, 0x00, 0xff, 0x00, 0xff, 0x00,
    0xff, 0x00, 0xff, 0x00, 0xff, 0x00, 0xff, 0x00, 0xff, 0x00, 0xff, 0x00, 0xff, 0x00, 0xff, 0x00,
    0xff, 0x00, 0xff, 0x00, 0xff, 0x00, 0xff, 0x00, 0xff, 0x00, 0xff, 0x00, 0xff, 0x00, 0xff, 0x00,
    0xff, 0x00, 0xff, 0x00, 0xff, 0x00, 0xff, 0x00, 0xff, 0x00, 0xff, 0x00, 0xff, 0x00, 0xff, 0x00,
    0xff, 0x00, 0xff, 0x00, 0xff, 0x00, 0xff, 0x00, 0xff, 0x00, 0xff, 0x00, 0xff, 0x00, 0xff, 0x00,
    0xff, 0x00, 0xff, 0x00, 0xff, 0x00, 0xff, 0x00, 0xff, 0x00, 0xff, 0x00, 0xff, 0x00, 0xff, 0x00,
    0xff, 0x00, 0xff, 0x00, 0xff, 0x00, 0xff, 0x00, 0xff, 0x00, 0xff, 0x00, 0xff, 0x00, 0xff, 0x00,
    0xff, 0x00, 0xff, 0x00, 0xff, 0x00, 0xff, 0x00, 0xff, 0x00, 0xff, 0x00, 0xff, 0x00, 0xff, 0x00,
    0xff, 0x00, 0xff, 0x00, 0xff, 0x00, 0xff, 0x00, 0xff, 0x00, 0xff, 0x00, 0xff, 0x00, 0xff, 0x00,
    0xff, 0x00, 0xff, 0x00, 0xff, 0x00, 0xff, 0x00, 0xff, 0x00, 0xff, 0x00, 0xff, 0x00, 0xff, 0x00,
    0xb2, 0x00, 0xff, 0x00, 0xff, 0x00, 0xff, 0x00, 0xff, 0x00, 0xff, 0x00, 0xff, 0x00, 0xff, 0x00,
    0xff, 0x00, 0xff, 0x00, 0xff, 0x00, 0xff, 0x00, 0xff, 0x00, 0xff, 0x00, 0xff, 0x00, 0xff, 0x00,
    0xff, 0x00, 0xff, 0x00, 0xff, 0x00, 0xff, 0x00, 0xff, 0x00, 0xff, 0x00, 0xff, 0x00, 0xff, 0x00,
    0xff, 0x00, 0xff, 0x00, 0xff, 0x00, 0xff, 0x00, 0xff, 0x00, 0xff, 0x00, 0xff, 0x00, 0xff, 0x00,
    0xff, 0x00, 0xff, 0x00, 0xff, 0x00, 0xff, 0x00, 0xff, 0x00, 0xff, 0x00, 0xff, 0x00, 0xff, 0x00,
    0xff, 0x00, 0xff, 0x00, 0xff, 0x00, 0xff, 0x00, 0xff, 0x00, 0xff, 0x00, 0xff, 0x00, 0xff, 0x00,
    0xff, 0x00, 0xff, 0x00, 0xff, 0x00, 0xff, 0x00, 0xff, 0x00, 0xff, 0x00, 0xff, 0x00, 0xff, 0x00,
    0xff, 0x00, 0xff, 0x00, 0xff, 0x00, 0xff, 0x00, 0xff, 0x00, 0xff, 0x00, 0xff, 0x00, 0xff, 0x00,
    0xff, 0x00, 0xff, 0x00, 0xff, 0x00, 0xff, 0x00, 0xff, 0x00, 0xff, 0x00, 0xff, 0x00, 0xff, 0x00,
    0xff, 0x00, 0xff, 0x00, 0xff, 0x00, 0xff, 0x00, 0xc3, 0x00, 0x01, 0x01, 0xdb, 0x00, 0x29, 0x01,
    0xbf, 0x00, 0x39, 0x01, 0xb1, 0x00, 0x45, 0x01, 0xa6, 0x00, 0x4f, 0x01, 0x9c, 0x00, 0x59, 0x01,
    0x94, 0x00, 0x5f, 0x01, 0x8d, 0x00, 0x67, 0x01, 0x86, 0x00, 0x6d, 0x01, 0x80, 0x00, 0x73, 0x01,
    0x7a, 0x00, 0x36, 0x01, 0x09, 0x00, 0x3a, 0x01, 0x75, 0x00, 0x36, 0x01, 0x0d, 0x00, 0x3a, 0x01,
    0x71, 0x00, 0x36, 0x01, 0x11, 0x00, 0x3a, 0x01, 0x6c, 0x00, 0x38, 0x01, 0x13, 0x00, 0x3c, 0x01,
    0x67, 0x00, 0x39, 0x01, 0x15, 0x00, 0x3d, 0x01, 0x63, 0x00, 0x3a, 0x01, 0x17, 0x00, 0x3e, 0x01,
    0x60, 0x00, 0x3a, 0x01, 0x18, 0x00, 0x3f, 0x01, 0x5d, 0x00, 0x3c, 0x01, 0x19, 0x00, 0x40, 0x01,
    0x5a, 0x00, 0x3c, 0x01, 0x1b, 0x00, 0x40, 0x01, 0x57, 0x00, 0x3d, 0x01, 0x1c, 0x00, 0x42, 0x01,
    0x54, 0x00, 0x3e, 0x01, 0x1d, 0x00, 0x42, 0x01, 0x51, 0x00, 0x3f, 0x01, 0x1e, 0x00, 0x44, 0x01,
    0x4e, 0x00, 0x40, 0x01, 0x1f, 0x00, 0x44, 0x01, 0x4c, 0x00, 0x40, 0x01, 0x20, 0x00, 0x45, 0x01,
    0x4a, 0x00, 0x41, 0x01, 0x21, 0x00, 0x45, 0x01, 0x48, 0x00, 0x42, 0x01, 0x21, 0x00, 0x46, 0x01,
    0x46, 0x00, 0x42, 0x01, 0x22, 0x00, 0x47, 0x01, 0x44, 0x00, 0x43, 0x01, 0x09, 0x00, 0x05, 0x03,
    0x15, 0x00, 0x47, 0x01, 0x43, 0x00, 0x43, 0x01, 0x08, 0x00, 0x07, 0x03, 0x14, 0x00, 0x47, 0x01,
    0x42, 0x00, 0x44, 0x01, 0x08, 0x00, 0x07, 0x03, 0x14, 0x00, 0x48, 0x01, 0x40, 0x00, 0x44, 0x01,
    0x08, 0x00, 0x08, 0x03, 0x14, 0x00, 0x49, 0x01, 0x3f, 0x00, 0x44, 0x01, 0x09, 0x00, 0x07, 0x03,
    0x15, 0x00, 0x48, 0x01, 0x3e, 0x00, 0x45, 0x01, 0x09, 0x00, 0x07, 0x03, 0x15, 0x00, 0x49, 0x01,
    0x3d, 0x00, 0x45, 0x01, 0x0a, 0x00, 0x05, 0x03, 0x16, 0x00, 0x49, 0x01, 0x3d, 0x00, 0x45, 0x01,
    0x25, 0x00, 0x49, 0x01, 0x3c, 0x00, 0x46, 0x01, 0x25, 0x00, 0x4a, 0x01, 0x3b, 0x00, 0x46, 0x01,
    0x25, 0x00, 0x4a, 0x01, 0x3b, 0x00, 0x45, 0x01, 0x26, 0x00, 0x4a, 0x01, 0x3b, 0x00, 0x45, 0x01,
    0x26, 0x00, 0x4a, 0x01, 0x3b, 0x00, 0x45, 0x01, 0x26, 0x00, 0x4a, 0x01, 0x3a, 0x00, 0x46, 0x01,
    0x26, 0x00, 0x4b, 0x01, 0x3a, 0x00, 0x45, 0x01, 0x26, 0x00, 0x4a, 0x01, 0x3b, 0x00, 0x45, 0x01,
    0x26, 0x00, 0x4a, 0x01, 0x3b, 0x00, 0x45, 0x01, 0x26, 0x00, 0x4a, 0x01, 0x3b, 0x00, 0x46, 0x01,
    0x25, 0x00, 0x4a, 0x01, 0x3b, 0x00, 0x46, 0x01, 0x25, 0x00, 0x4a, 0x01, 0x3c, 0x00, 0x45, 0x01,
    0x25, 0x00, 0x49, 0x01, 0x3d, 0x00, 0x45, 0x01, 0x25, 0x00, 0x49, 0x01, 0x3d, 0x00, 0x45, 0x01,
    0x25, 0x00, 0x49, 0x01, 0x3e, 0x00, 0x44, 0x01, 0x25, 0x00, 0x48, 0x01, 0x3f, 0x00, 0x44, 0x01,
    0x24, 0x00, 0x49, 0x01, 0x40, 0x00, 0x44, 0x01, 0x23, 0x00, 0x48, 0x01, 0x42, 0x00, 0x43, 0x01,
    0x23, 0x00, 0x47, 0x01, 0x43, 0x00, 0x43, 0x01, 0x23, 0x00, 0x47, 0x01, 0x44, 0x00, 0x42, 0x01,
    0x22, 0x00, 0x47, 0x01, 0x46, 0x00, 0x42, 0x01, 0x21, 0x00, 0x46, 0x01, 0x48, 0x00, 0x41, 0x01,
    0x21, 0x00, 0x45, 0x01, 0x4a, 0x00, 0x40, 0x01, 0x20, 0x00, 0x45, 0x01, 0x4c, 0x00, 0x40, 0x01,
    0x1f, 0x00, 0x44, 0x01, 0x4e, 0x00, 0x3f, 0x01, 0x1e, 0x00, 0x44, 0x01, 0x51, 0x00, 0x3e, 0x01,
    0x1d, 0x00, 0x42, 0x01, 0x54, 0x00, 0x3d, 0x01, 0x1c, 0x00, 0x42, 0x01, 0x57, 0x00, 0x3c, 0x01,
    0x1b, 0x00, 0x40, 0x01, 0x5a, 0x00, 0x3c, 0x01, 0x19, 0x00, 0x40, 0x01, 0x5d, 0x00, 0x3a, 0x01,
    0x18, 0x00, 0x3f, 0x01, 0x60, 0x00, 0x3a, 0x01, 0x17, 0x00, 0x3e, 0x01, 0x63, 0x00, 0x39, 0x01,
    0x15, 0x00, 0x3d, 0x01, 0x67, 0x00, 0x38, 0x01, 0x13, 0x00, 0x3c, 0x01, 0x6c, 0x00, 0x36, 0x01,
    0x11, 0x00, 0x3a, 0x01, 0x71, 0x00, 0x36, 0x01, 0x0d, 0x00, 0x3a, 0x01, 0x75, 0x00, 0x36, 0x01,
    0x09, 0x00, 0x3a, 0x01, 0x7a, 0x00, 0x73, 0x01, 0x80, 0x00, 0x6d, 0x01, 0x86, 0x00, 0x67, 0x01,
    0x8d, 0x00, 0x5f, 0x01, 0x94, 0x00, 0x59, 0x01, 0x9c, 0x00, 0x4f, 0x01, 0xa6, 0x00, 0x45, 0x01,
    0xb1, 0x00, 0x39, 0x01, 0xbf, 0x00, 0x29, 0x01, 0xdb, 0x00, 0x01, 0x01, 0xff, 0x00, 0xff, 0x00,
    0xff, 0x00, 0xff, 0x00, 0xff, 0x00, 0xff, 0x00, 0xff, 0x00, 0xff, 0x00, 0xff, 0x00, 0xff, 0x00,
    0xff, 0x00, 0xff, 0x00, 0xff, 0x00, 0xff, 0x00, 0xff, 0x00, 0xff, 0x00, 0xff, 0x00, 0xff, 0x00,
    0xff, 0x00, 0xff, 0x00, 0xff, 0x00, 0xff, 0x00, 0xff, 0x00, 0xff, 0x00, 0xff, 0x00, 0xff, 0x00,
    0xff, 0x00, 0xff, 0x00, 0xff, 0x00, 0xff, 0x00, 0xff, 0x00, 0xff, 0x00, 0xff, 0x00, 0xff, 0x00,
    0xff, 0x00, 0xff, 0x00, 0xff, 0x00, 0xff, 0x00, 0xff, 0x00, 0xff, 0x00, 0xff, 0x00, 0xff, 0x00,
    0xff, 0x00, 0xff, 0x00, 0xff, 0x00, 0xff, 0x00, 0xff, 0x00, 0xff, 0x00, 0xff, 0x00, 0xff, 0x00,
    0xff, 0x00, 0xff, 0x00, 0xff, 0x00, 0xff, 0x00, 0xff, 0x00, 0xff, 0x00, 0xff, 0x00, 0xff, 0x00,
    0xff, 0x00, 0xff, 0x00, 0xff, 0x00, 0xff, 0x00, 0xff, 0x00, 0xff, 0x00, 0xff, 0x00, 0xff, 0x00,
    0xff, 0x00, 0xff, 0x00, 0xff, 0x00, 0xff, 0x00, 0xff, 0x00, 0xff, 0x00, 0xff, 0x00, 0xff, 0x00,
    0xd1, 0x00, 0xff, 0x00, 0xff, 0x00, 0xff, 0x00, 0xff, 0x00, 0xff, 0x00, 0xff, 0x00, 0xff, 0x00,
    0xff, 0x00, 0xff, 0x00, 0xff, 0x00, 0xff, 0x00, 0xff, 0x00, 0xff, 0x00, 0xff, 0x00, 0xff, 0x00,
    0xff, 0x00, 0xff, 0x00, 0xff, 0x00, 0xff, 0x00, 0xff, 0x00, 0xff, 0x00, 0xff, 0x00, 0xff, 0x00,
    0xff, 0x00, 0xff, 0x00, 0xff, 0x00, 0xff, 0x00, 0xff, 0x00, 0xff, 0x00, 0xff, 0x00, 0xff, 0x00,
    0xff, 0x00, 0xff, 0x00, 0xff, 0x00, 0xff, 0x00, 0xff, 0x00, 0xff, 0x00, 0xff, 0x00, 0x1e, 0x00,
    0x01, 0x01, 0xe1, 0x00, 0x1d, 0x01, 0xcd, 0x00, 0x29, 0x01, 0xc3, 0x00, 0x31, 0x01, 0xbb, 0x00,
    0x39, 0x01, 0xb4, 0x00, 0x3f, 0x01, 0xae, 0x00, 0x45, 0x01, 0xa8, 0x00, 0x4b, 0x01, 0xa3, 0x00,
    0x4f, 0x01, 0x9f, 0x00, 0x53, 0x01, 0x9a, 0x00, 0x59, 0x01, 0x95, 0x00, 0x5d, 0x01, 0x92, 0x00,
    0x5f, 0x01, 0x8f, 0x00, 0x63, 0x01, 0x8b, 0x00, 0x67, 0x01, 0x87, 0x00, 0x6b, 0x01, 0x84, 0x00,
    0x6d, 0x01, 0x81, 0x00, 0x71, 0x01, 0x7e, 0x00, 0x73, 0x01, 0x7c, 0x00, 0x75, 0x01, 0x79, 0x00,
    0x79, 0x01, 0x76, 0x00, 0x7b, 0x01, 0x74, 0x00, 0x7d, 0x01, 0x72, 0x00, 0x7f, 0x01, 0x70, 0x00,
    0x81, 0x01, 0x6d, 0x00, 0x85, 0x01, 0x6a, 0x00, 0x87, 0x01, 0x68, 0x00, 0x89, 0x01, 0x66, 0x00,
    0x8b, 0x01, 0x64, 0x00, 0x8d, 0x01, 0x62, 0x00, 0x8f, 0x01, 0x61, 0x00, 0x8f, 0x01, 0x60, 0x00,
    0x91, 0x01, 0x5e, 0x00, 0x93, 0x01, 0x5c, 0x00, 0x95, 0x01, 0x5a, 0x00, 0x97, 0x01, 0x59, 0x00,
    0x97, 0x01, 0x58, 0x00, 0x99, 0x01, 0x56, 0x00, 0x9b, 0x01, 0x54, 0x00, 0x9d, 0x01, 0x53, 0x00,
    0x9d, 0x01, 0x52, 0x00, 0x9f, 0x01, 0x50, 0x00, 0xa1, 0x01, 0x4f, 0x00, 0xa1, 0x01, 0x4e, 0x00,
    0xa3, 0x01, 0x4d, 0x00, 0xa3, 0x01, 0x4c, 0x00, 0xa5, 0x01, 0x4b, 0x00, 0xa5, 0x01, 0x4a, 0x00,
    0xa7, 0x01, 0x49, 0x00, 0x34, 0x01, 0x01, 0x00, 0x72, 0x01, 0x48, 0x00, 0x31, 0x01, 0x09, 0x00,
    0x6f, 0x01, 0x47, 0x00, 0x2f, 0x01, 0x0d, 0x00, 0x6d, 0x01, 0x46, 0x00, 0x2e, 0x01, 0x11, 0x00,
    0x6c, 0x01, 0x45, 0x00, 0x2d, 0x01, 0x13, 0x00, 0x6b, 0x01, 0x44, 0x00, 0x2d, 0x01, 0x15, 0x00,
    0x6b, 0x01, 0x43, 0x00, 0x2c, 0x01, 0x17, 0x00, 0x6a, 0x01, 0x43, 0x00, 0x2b, 0x01, 0x19, 0x00,
    0x69, 0x01, 0x42, 0x00, 0x2c, 0x01, 0x19, 0x00, 0x6a, 0x01, 0x41, 0x00, 0x2b, 0x01, 0x1b, 0x00,
    0x69, 0x01, 0x41, 0x00, 0x2b, 0x01, 0x1b, 0x00, 0x69, 0x01, 0x40, 0x00, 0x2b, 0x01, 0x1d, 0x00,
    0x69, 0x01, 0x3f, 0x00, 0x2a, 0x01, 0x1f, 0x00, 0x68, 0x01, 0x3f, 0x00, 0x2a, 0x01, 0x1f, 0x00,
    0x68, 0x01, 0x3f, 0x00, 0x2a, 0x01, 0x1f, 0x00, 0x68, 0x01, 0x3e, 0x00, 0x2a, 0x01, 0x21, 0x00,
    0x68, 0x01, 0x3d, 0x00, 0x2a, 0x01, 0x21, 0x00, 0x68, 0x01, 0x3d, 0x00, 0x2a, 0x01, 0x0a, 0x00,
    0x01, 0x03, 0x16, 0x00, 0x68, 0x01, 0x3d, 0x00, 0x29, 0x01, 0x09, 0x00, 0x05, 0x03, 0x15, 0x00,
    0x67, 0x01, 0x3d, 0x00, 0x29, 0x01, 0x08, 0x00, 0x07, 0x03, 0x14, 0x00, 0x67, 0x01, 0x3c, 0x00,
    0x2a, 0x01, 0x08, 0x00, 0x07, 0x03, 0x14, 0x00, 0x68, 0x01, 0x3b, 0x00, 0x2a, 0x01, 0x07, 0x00,
    0x09, 0x03, 0x13, 0x00, 0x68, 0x01, 0x3b, 0x00, 0x29, 0x01, 0x09, 0x00, 0x07, 0x03, 0x15, 0x00,
    0x67, 0x01, 0x3b, 0x00, 0x29, 0x01, 0x09, 0x00, 0x07, 0x03, 0x15, 0x00, 0x67, 0x01, 0x3b, 0x00,
    0x29, 0x01, 0x0a, 0x00, 0x05, 0x03, 0x16, 0x00, 0x67, 0x01, 0x3b, 0x00, 0x29, 0x01, 0x0c, 0x00,
    0x01, 0x03, 0x18, 0x00, 0x67, 0x01, 0x3b, 0x00, 0x29, 0x01, 0x25, 0x00, 0x67, 0x01, 0x3b, 0x00,
    0x29, 0x01, 0x25, 0x00, 0x67, 0x01, 0x3b, 0x00, 0x29, 0x01, 0x25, 0x00, 0x67, 0x01, 0x3b, 0x00,
    0x29, 0x01, 0x25, 0x00, 0x67, 0x01, 0x3b, 0x00, 0x29, 0x01, 0x25, 0x00, 0x67, 0x01, 0x3a, 0x00,
    0x29, 0x01, 0x27, 0x00, 0x67, 0x01, 0x3a, 0x00, 0x29, 0x01, 0x25, 0x00, 0x67, 0x01, 0x3b, 0x00,
    0x29, 0x01, 0x25, 0x00, 0x67, 0x01, 0x3b, 0x00, 0x29, 0x01, 0x25, 0x00, 0x67, 0x01, 0x3b, 0x00,
    0x29, 0x01, 0x25, 0x00, 0x67, 0x01, 0x3b, 0x00, 0x29, 0x01, 0x25, 0x00, 0x67, 0x01, 0x3b, 0x00,
    0x29, 0x01, 0x25, 0x00, 0x67, 0x01, 0x3b, 0x00, 0x29, 0x01, 0x25, 0x00, 0x67, 0x01, 0x3b, 0x00,
    0x29, 0x01, 0x25, 0x00, 0x67, 0x01, 0x3b, 0x00, 0x29, 0x01, 0x25, 0x00, 0x67, 0x01, 0x3b, 0x00,
    0x2a, 0x01, 0x23, 0x00, 0x68, 0x01, 0x3b, 0x00, 0x2a, 0x01, 0x23, 0x00, 0x68, 0x01, 0x3c, 0x00,
    0x29, 0x01, 0x23, 0x00, 0x67, 0x01, 0x3d, 0x00, 0x29, 0x01, 0x23, 0x00, 0x67, 0x01, 0x3d, 0x00,
    0x2a, 0x01, 0x21, 0x00, 0x68, 0x01, 0x3d, 0x00, 0x2a, 0x01, 0x21, 0x00, 0x68, 0x01, 0x3d, 0x00,
    0x2a, 0x01, 0x21, 0x00, 0x68, 0x01, 0x3e, 0x00, 0x2a, 0x01, 0x1f, 0x00, 0x68, 0x01, 0x3f, 0x00,
    0x2a, 0x01, 0x1f, 0x00, 0x68, 0x01, 0x3f, 0x00, 0x2a, 0x01, 0x1f, 0x00, 0x68, 0x01, 0x3f, 0x00,
    0x2b, 0x01, 0x1d, 0x00, 0x69, 0x01, 0x40, 0x00, 0x2b, 0x01, 0x1b, 0x00, 0x69, 0x01, 0x41, 0x00,
    0x2b, 0x01, 0x1b, 0x00, 0x69, 0x01, 0x41, 0x00, 0x2c, 0x01, 0x19, 0x00, 0x6a, 0x01, 0x42, 0x00,
    0x2b, 0x01, 0x19, 0x00, 0x69, 0x01, 0x43, 0x00, 0x2c, 0x01, 0x17, 0x00, 0x6a, 0x01, 0x43, 0x00,
    0x2d, 0x01, 0x15, 0x00, 0x6b, 0x01, 0x44, 0x00, 0x2d, 0x01, 0x13, 0x00, 0x6b, 0x01, 0x45, 0x00,
    0x2e, 0x01, 0x11, 0x00, 0x6c, 0x01, 0x46, 0x00, 0x2f, 0x01, 0x0d, 0x00, 0x6d, 0x01, 0x47, 0x00,
    0x31, 0x01, 0x09, 0x00, 0x6f, 0x01, 0x48, 0x00, 0x34, 0x01, 0x01, 0x00, 0x72, 0x01, 0x49, 0x00,
    0xa7, 0x01, 0x4a, 0x00, 0xa5, 0x01, 0x4b, 0x00, 0xa5, 0x01, 0x4c, 0x00, 0xa3, 0x01, 0x4d, 0x00,
    0xa3, 0x01, 0x4e, 0x00, 0xa1, 0x01, 0x4f, 0x00, 0xa1, 0x01, 0x50, 0x00, 0x9f, 0x01, 0x52, 0x00,
    0x9d, 0x01, 0x53, 0x00, 0x9d, 0x01, 0x54, 0x00, 0x9b, 0x01, 0x56, 0x00, 0x99, 0x01, 0x58, 0x00,
    0x97, 0x01, 0x59, 0x00, 0x97, 0x01, 0x5a, 0x00, 0x95, 0x01, 0x5c, 0x00, 0x93, 0x01, 0x5e, 0x00,
    0x91, 0x01, 0x60, 0x00, 0x8f, 0x01, 0x61, 0x00, 0x8f, 0x01, 0x62, 0x00, 0x8d, 0x01, 0x64, 0x00,
    0x8b, 0x01, 0x66, 0x00, 0x89, 0x01, 0x68, 0x00, 0x87, 0x01, 0x6a, 0x00, 0x85, 0x01, 0x6d, 0x00,
    0x81, 0x01, 0x70, 0x00, 0x7f, 0x01, 0x72, 0x00, 0x7d, 0x01, 0x74, 0x00, 0x7b, 0x01, 0x76, 0x00,
    0x79, 0x01, 0x79, 0x00, 0x75, 0x01, 0x7c, 0x00, 0x73, 0x01, 0x7e, 0x00, 0x71, 0x01, 0x81, 0x00,
    0x6d, 0x01, 0x84, 0x00, 0x6b, 0x01, 0x87, 0x00, 0x67, 0x01, 0x8b, 0x00, 0x63, 0x01, 0x8f, 0x00,
    0x5f, 0x01, 0x92, 0x00, 0x5d, 0x01, 0x95, 0x00, 0x59, 0x01, 0x9a, 0x00, 0x53, 0x01, 0x9f, 0x00,
    0x4f, 0x01, 0xa3, 0x00, 0x4b, 0x01, 0xa8, 0x00, 0x45, 0x01, 0xae, 0x00, 0x3f, 0x01, 0xb4, 0x00,
    0x39, 0x01, 0xbb, 0x00, 0x31, 0x01, 0xc3, 0x00, 0x29, 0x01, 0xcd, 0x00, 0x1d, 0x01, 0xe1, 0x00,
    0x01, 0x01, 0xff, 0x00, 0xff, 0x00, 0xff, 0x00, 0xff, 0x00, 0xff, 0x00, 0xff, 0x00, 0xff, 0x00,
    0xff, 0x00, 0xff, 0x00, 0xff, 0x00, 0xff, 0x00, 0xff, 0x00, 0xff, 0x00, 0xff, 0x00, 0xff, 0x00,
    0xff, 0x00, 0xff, 0x00, 0xff, 0x00, 0xff, 0x00, 0xff, 0x00, 0xff, 0x00, 0xff, 0x00, 0xff, 0x00,
    0xff, 0x00, 0xff, 0x00, 0xff, 0x00, 0xff, 0x00, 0xff, 0x00, 0xff, 0x00, 0xff, 0x00, 0xff, 0x00,
    0xff, 0x00, 0xff, 0x00, 0xff, 0x00, 0xff, 0x00, 0xff, 0x00, 0xff, 0x00, 0x2c, 0x00, 0xff, 0x00,
    0xff, 0x00, 0xff, 0x00, 0xff, 0x00, 0xff, 0x00, 0xff, 0x00, 0xff, 0x00, 0xff, 0x00, 0xff, 0x00,
    0xff, 0x00, 0xff, 0x00, 0xff, 0x00, 0xb4, 0x00, 0x01, 0x04, 0xec, 0x00, 0x07, 0x04, 0xe8, 0x00,
    0x09, 0x04, 0xe6, 0x00, 0x0b, 0x04, 0xe4, 0x00, 0x0d, 0x04, 0xe3, 0x00, 0x0d, 0x04, 0xe3, 0x00,
    0x0d, 0x04, 0xe2, 0x00, 0x0f, 0x04, 0xe2, 0x00, 0x0d, 0x04, 0xe3, 0x00, 0x0d, 0x04, 0xe3, 0x00,
    0x0d, 0x04, 0xe4, 0x00, 0x0b, 0x04, 0xe6, 0x00, 0x09, 0x04, 0xe8, 0x00, 0x07, 0x04, 0xec, 0x00,
    0x01, 0x04, 0xff, 0x00, 0xff, 0x00, 0xff, 0x00, 0xff, 0x00, 0xff, 0x00, 0xff, 0x00, 0xff, 0x00,
    0xff, 0x00, 0xff, 0x00, 0xff, 0x00, 0xff, 0x00, 0xff, 0x00, 0xff, 0x00, 0xff, 0x00, 0xff, 0x00,
    0xff, 0x00, 0xff, 0x00, 0xff, 0x00, 0xff, 0x00, 0xc2, 0x00, 0x01, 0x01, 0xe0, 0x00, 0x1f, 0x01,
    0xcb, 0x00, 0x2b, 0x01, 0xc1, 0x00, 0x33, 0x01, 0xb9, 0x00, 0x3b, 0x01, 0xb1, 0x00, 0x43, 0x01,
    0xaa, 0x00, 0x49, 0x01, 0xa4, 0x00, 0x4f, 0x01, 0x9f, 0x00, 0x53, 0x01, 0x9a, 0x00, 0x59, 0x01,
    0x95, 0x00, 0x5d, 0x01, 0x91, 0x00, 0x61, 0x01, 0x8d, 0x00, 0x65, 0x01, 0x89, 0x00, 0x69, 0x01,
    0x86, 0x00, 0x6b, 0x01, 0x83, 0x00, 0x6f, 0x01, 0x7f, 0x00, 0x73, 0x01, 0x7c, 0x00, 0x75, 0x01,
    0x79, 0x00, 0x79, 0x01, 0x76, 0x00, 0x7b, 0x01, 0x74, 0x00, 0x7d, 0x01, 0x71, 0x00, 0x81, 0x01,
    0x6e, 0x00, 0x83, 0x01, 0x6c, 0x00, 0x85, 0x01, 0x6a, 0x00, 0x87, 0x01, 0x68, 0x00, 0x89, 0x01,
    0x65, 0x00, 0x8d, 0x01, 0x62, 0x00, 0x8f, 0x01, 0x60, 0x00, 0x91, 0x01, 0x5f, 0x00, 0x91, 0x01,
    0x5e, 0x00, 0x93, 0x01, 0x5c, 0x00, 0x95, 0x01, 0x5a, 0x00, 0x97, 0x01, 0x58, 0x00, 0x99, 0x01,
    0x56, 0x00, 0x9b, 0x01, 0x54, 0x00, 0x9d, 0x01, 0x53, 0x00, 0x9d, 0x01, 0x52, 0x00, 0x9f, 0x01,
    0x50, 0x00, 0xa1, 0x01, 0x4f, 0x00, 0xa1, 0x01, 0x4e, 0x00, 0xa3, 0x01, 0x4c, 0x00, 0x52, 0x01,
    0x01, 0x00, 0x52, 0x01, 0x4b, 0x00, 0x4e, 0x01, 0x09, 0x00, 0x4e, 0x01, 0x4a, 0x00, 0x4d, 0x01,
    0x0d, 0x00, 0x4d, 0x01, 0x49, 0x00, 0x4b, 0x01, 0x11, 0x00, 0x4b, 0x01, 0x48, 0x00, 0x4b, 0x01,
    0x13, 0x00, 0x4b, 0x01, 0x47, 0x00, 0x4a, 0x01, 0x15, 0x00, 0x4a, 0x01, 0x46, 0x00, 0x4a, 0x01,
    0x17, 0x00, 0x4a, 0x01, 0x45, 0x00, 0x49, 0x01, 0x19, 0x00, 0x49, 0x01, 0x44, 0x00, 0x4a, 0x01,
    0x19, 0x00, 0x4a, 0x01, 0x43, 0x00, 0x49, 0x01, 0x1b, 0x00, 0x49, 0x01, 0x42, 0x00, 0x4a, 0x01,
    0x1b, 0x00, 0x4a, 0x01, 0x41, 0x00, 0x49, 0x01, 0x1d, 0x00, 0x49, 0x01, 0x41, 0x00, 0x48, 0x01,
    0x1f, 0x00, 0x48, 0x01, 0x40, 0x00, 0x49, 0x01, 0x1f, 0x00, 0x49, 0x01, 0x3f, 0x00, 0x49, 0x01,
    0x1f, 0x00, 0x49, 0x01, 0x3f, 0x00, 0x48, 0x01, 0x21, 0x00, 0x48, 0x01, 0x3e, 0x00, 0x49, 0x01,
    0x21, 0x00, 0x49, 0x01, 0x3d, 0x00, 0x49, 0x01, 0x0a, 0x00, 0x01, 0x03, 0x16, 0x00, 0x49, 0x01,
    0x3d, 0x00, 0x48, 0x01, 0x09, 0x00, 0x05, 0x03, 0x15, 0x00, 0x48, 0x01, 0x3d, 0x00, 0x48, 0x01,
    0x08, 0x00, 0x07, 0x03, 0x14, 0x00, 0x48, 0x01, 0x3d, 0x00, 0x48, 0x01, 0x08, 0x00, 0x07, 0x03,
    0x14, 0x00, 0x48, 0x01, 0x3c, 0x00, 0x49, 0x01, 0x07, 0x00, 0x09, 0x03, 0x13, 0x00, 0x49, 0x01,
    0x3b, 0x00, 0x48, 0x01, 0x09, 0x00, 0x07, 0x03, 0x15, 0x00, 0x48, 0x01, 0x3b, 0x00, 0x48, 0x01,
    0x09, 0x00, 0x07, 0x03, 0x15, 0x00, 0x48, 0x01, 0x3b, 0x00, 0x48, 0x01, 0x0a, 0x00, 0x05, 0x03,
    0x16, 0x00, 0x48, 0x01, 0x3b, 0x00, 0x48, 0x01, 0x0c, 0x00, 0x01, 0x03, 0x18, 0x00, 0x48, 0x01,
    0x3b, 0x00, 0x48, 0x01, 0x25, 0x00, 0x48, 0x01, 0x3b, 0x00, 0x48, 0x01, 0x25, 0x00, 0x48, 0x01,
    0x3b, 0x00, 0x48, 0x01, 0x25, 0x00, 0x48, 0x01, 0x3b, 0x00, 0x48, 0x01, 0x25, 0x00, 0x48, 0x01,
    0x3b, 0x00, 0x48, 0x01, 0x25, 0x00, 0x48, 0x01, 0x3a, 0x00, 0x48, 0x01, 0x27, 0x00, 0x48, 0x01,
    0x3a, 0x00, 0x48, 0x01, 0x25, 0x00, 0x48, 0x01, 0x3b, 0x00, 0x48, 0x01, 0x25, 0x00, 0x48, 0x01,
    0x3b, 0x00, 0x48, 0x01, 0x25, 0x00, 0x48, 0x01, 0x3b, 0x00, 0x48, 0x01, 0x25, 0x00, 0x48, 0x01,
    0x3b, 0x00, 0x48, 0x01, 0x25, 0x00, 0x48, 0x01, 0x3b, 0x00, 0x48, 0x01, 0x25, 0x00, 0x48, 0x01,
    0x3b, 0x00, 0x48, 0x01, 0x25, 0x00, 0x48, 0x01, 0x3b, 0x00, 0x48, 0x01, 0x25, 0x00, 0x48, 0x01,
    0x3b, 0x00, 0x48, 0x01, 0x25, 0x00, 0x48, 0x01, 0x3b, 0x00, 0x49, 0x01, 0x23, 0x00, 0x49, 0x01,
    0x3c, 0x00, 0x48, 0x01, 0x23, 0x00, 0x48, 0x01, 0x3d, 0x00, 0x48, 0x01, 0x23, 0x00, 0x48, 0x01,
    0x3d, 0x00, 0x48, 0x01, 0x23, 0x00, 0x48, 0x01, 0x3d, 0x00, 0x49, 0x01, 0x21, 0x00, 0x49, 0x01,
    0x3d, 0x00, 0x49, 0x01, 0x21, 0x00, 0x49, 0x01, 0x3e, 0x00, 0x48, 0x01, 0x21, 0x00, 0x48, 0x01,
    0x3f, 0x00, 0x49, 0x01, 0x1f, 0x00, 0x49, 0x01, 0x3f, 0x00, 0x49, 0x01, 0x1f, 0x00, 0x49, 0x01,
    0x40, 0x00, 0x48, 0x01, 0x1f, 0x00, 0x48, 0x01, 0x41, 0x00, 0x49, 0x01, 0x1d, 0x00, 0x49, 0x01,
    0x41, 0x00, 0x4a, 0x01, 0x1b, 0x00, 0x4a, 0x01, 0x42, 0x00, 0x49, 0x01, 0x1b, 0x00, 0x49, 0x01,
    0x43, 0x00, 0x4a, 0x01, 0x19, 0x00, 0x4a, 0x01, 0x44, 0x00, 0x49, 0x01, 0x19, 0x00, 0x49, 0x01,
    0x45, 0x00, 0x4a, 0x01, 0x17, 0x00, 0x4a, 0x01, 0x46, 0x00, 0x4a, 0x01, 0x15, 0x00, 0x4a, 0x01,
    0x47, 0x00, 0x4b, 0x01, 0x13, 0x00, 0x4b, 0x01, 0x48, 0x00, 0x4b, 0x01, 0x11, 0x00, 0x4b, 0x01,
    0x49, 0x00, 0x4d, 0x01, 0x0d, 0x00, 0x4d, 0x01, 0x4a, 0x00, 0x4e, 0x01, 0x09, 0x00, 0x4e, 0x01,
    0x4b, 0x00, 0x52, 0x01, 0x01, 0x00, 0x52, 0x01, 0x4c, 0x00, 0xa3, 0x01, 0x4e, 0x00, 0xa1, 0x01,
    0x4f, 0x00, 0xa1, 0x01, 0x50, 0x00, 0x9f, 0x01, 0x52, 0x00, 0x9d, 0x01, 0x53, 0x00, 0x9d, 0x01,
    0x54, 0x00, 0x9b, 0x01, 0x56, 0x00, 0x99, 0x01, 0x58, 0x00, 0x97, 0x01, 0x5a, 0x00, 0x95, 0x01,
    0x5c, 0x00, 0x93, 0x01, 0x5e, 0x00, 0x91, 0x01, 0x5f, 0x00, 0x91, 0x01, 0x60, 0x00, 0x8f, 0x01,
    0x62, 0x00, 0x8d, 0x01, 0x65, 0x00, 0x89, 0x01, 0x68, 0x00, 0x87, 0x01, 0x6a, 0x00, 0x85, 0x01,
    0x6c, 0x00, 0x83, 0x01, 0x6e, 0x00, 0x81, 0x01, 0x71, 0x00, 0x7d, 0x01, 0x74, 0x00, 0x7b, 0x01,
    0x76, 0x00, 0x79, 0x01, 0x79, 0x00, 0x75, 0x01, 0x7c, 0x00, 0x73, 0x01, 0x7f, 0x00, 0x6f, 0x01,
    0x83, 0x00, 0x6b, 0x01, 0x86, 0x00, 0x69, 0x01, 0x89, 0x00, 0x65, 0x01, 0x8d, 0x00, 0x61, 0x01,
    0x91, 0x00, 0x5d, 0x01, 0x95, 0x00, 0x59, 0x01, 0x9a, 0x00, 0x53, 0x01, 0x9f, 0x00, 0x4f, 0x01,
    0xa4, 0x00, 0x49, 0x01, 0xaa, 0x00, 0x43, 0x01, 0xb1, 0x00, 0x3b, 0x01, 0xb9, 0x00, 0x33, 0x01,
    0xc1, 0x00, 0x2b, 0x01, 0xcb, 0x00, 0x1f, 0x01, 0xe0, 0x00, 0x01, 0x01, 0xff, 0x00, 0xff, 0x00,
    0xff, 0x00, 0xff, 0x00, 0xff, 0x00, 0xff, 0x00, 0xff, 0x00, 0xff, 0x00, 0xff, 0x00, 0xff, 0x00,
    0xff, 0x00, 0xff, 0x00, 0xff, 0x00, 0xff, 0x00, 0xff, 0x00, 0xff, 0x00, 0xff, 0x00, 0xff, 0x00,
    0xff, 0x00, 0xff, 0x00, 0xff, 0x00, 0xff, 0x00, 0xff, 0x00, 0xff, 0x00, 0xff, 0x00, 0xff, 0x00,
    0xff, 0x00, 0xff, 0x00, 0xff, 0x00, 0xff, 0x00, 0xff, 0x00, 0xff, 0x00, 0xff, 0x00, 0xff, 0x00,
    0xff, 0x00, 0xff, 0x00, 0xff, 0x00, 0xff, 0x00, 0xff, 0x00, 0xff, 0x00, 0xff, 0x00, 0xff, 0x00,
    0xff, 0x00, 0xff, 0x00, 0xb3, 0x00, 0xff, 0x00, 0xff, 0x00, 0xff, 0x00, 0xff, 0x00, 0xff, 0x00,
    0xff, 0x00, 0xff, 0x00, 0xff, 0x00, 0xff, 0x00, 0xff, 0x00, 0xff, 0x00, 0xff, 0x00, 0xff, 0x00,
    0xff, 0x00, 0xff, 0x00, 0xff, 0x00, 0xff, 0x00, 0xff, 0x00, 0xff, 0x00, 0xff, 0x00, 0xff, 0x00,
    0xff, 0x00, 0xff, 0x00, 0xff, 0x00, 0xff, 0x00, 0xff, 0x00, 0xff, 0x00, 0xff, 0x00, 0xff, 0x00,
    0xff, 0x00, 0xff, 0x00, 0xff, 0x00, 0xff, 0x00, 0xff, 0x00, 0xff, 0x00, 0xff, 0x00, 0xff, 0x00,
    0xff, 0x00, 0xff, 0x00, 0xff, 0x00, 0xff, 0x00, 0x35, 0x00, 0x06, 0x04, 0xe9, 0x00, 0x09, 0x04,
    0xe6, 0x00, 0x0b, 0x04, 0xe4, 0x00, 0x0c, 0x04, 0xe4, 0x00, 0x0d, 0x04, 0xa2, 0x00, 0x01, 0x01,
    0x3f, 0x00, 0x0e, 0x04, 0x93, 0x00, 0x1f, 0x01, 0x30, 0x00, 0x0e, 0x04, 0x8d, 0x00, 0x2b, 0x01,
    0x2a, 0x00, 0x0e, 0x04, 0x89, 0x00, 0x33, 0x01, 0x26, 0x00, 0x0e, 0x04, 0x85, 0x00, 0x3b, 0x01,
    0x23, 0x00, 0x0d, 0x04, 0x81, 0x00, 0x43, 0x01, 0x1f, 0x00, 0x0c, 0x04, 0x7f, 0x00, 0x49, 0x01,
    0x1d, 0x00, 0x0a, 0x04, 0x7d, 0x00, 0x4f, 0x01, 0x1b, 0x00, 0x08, 0x04, 0x7c, 0x00, 0x53, 0x01,
    0x1b, 0x00, 0x04, 0x04, 0x7b, 0x00, 0x59, 0x01, 0x95, 0x00, 0x5d, 0x01, 0x91, 0x00, 0x61, 0x01,
    0x8d, 0x00, 0x65, 0x01, 0x89, 0x00, 0x69, 0x01, 0x86, 0x00, 0x6b, 0x01, 0x83, 0x00, 0x6f, 0x01,
    0x7f, 0x00, 0x73, 0x01, 0x7c, 0x00, 0x75, 0x01, 0x79, 0x00, 0x79, 0x01, 0x76, 0x00, 0x7b, 0x01,
    0x74, 0x00, 0x7d, 0x01, 0x71, 0x00, 0x81, 0x01, 0x6e, 0x00, 0x83, 0x01, 0x6c, 0x00, 0x85, 0x01,
    0x6a, 0x00, 0x87, 0x01, 0x68, 0x00, 0x89, 0x01, 0x65, 0x00, 0x8d, 0x01, 0x62, 0x00, 0x8f, 0x01,
    0x60, 0x00, 0x91, 0x01, 0x5f, 0x00, 0x91, 0x01, 0x5e, 0x00, 0x93, 0x01, 0x5c, 0x00, 0x95, 0x01,
    0x5a, 0x00, 0x97, 0x01, 0x58, 0x00, 0x99, 0x01, 0x56, 0x00, 0x9b, 0x01, 0x54, 0x00, 0x9d, 0x01,
    0x53, 0x00, 0x9d, 0x01, 0x52, 0x00, 0x9f, 0x01, 0x50, 0x00, 0xa1, 0x01, 0x4f, 0x00, 0xa1, 0x01,
    0x4e, 0x00, 0xa3, 0x01, 0x4c, 0x00, 0xa5, 0x01, 0x4b, 0x00, 0x5f, 0x01, 0x0a, 0x00, 0x3c, 0x01,
    0x4a, 0x00, 0x5e, 0x01, 0x0e, 0x00, 0x3b, 0x01, 0x49, 0x00, 0x5d, 0x01, 0x10, 0x00, 0x3a, 0x01,
    0x48, 0x00, 0x5d, 0x01, 0x13, 0x00, 0x39, 0x01, 0x47, 0x00, 0x5c, 0x01, 0x15, 0x00, 0x38, 0x01,
    0x46, 0x00, 0x5c, 0x01, 0x16, 0x00, 0x39, 0x01, 0x45, 0x00, 0x5b, 0x01, 0x18, 0x00, 0x38, 0x01,
    0x44, 0x00, 0x5b, 0x01, 0x1a, 0x00, 0x38, 0x01, 0x43, 0x00, 0x5b, 0x01, 0x1b, 0x00, 0x37, 0x01,
    0x42, 0x00, 0x5b, 0x01, 0x1c, 0x00, 0x38, 0x01, 0x41, 0x00, 0x5b, 0x01, 0x1d, 0x00, 0x37, 0x01,
    0x41, 0x00, 0x5a, 0x01, 0x1e, 0x00, 0x37, 0x01, 0x40, 0x00, 0x5b, 0x01, 0x1f, 0x00, 0x37, 0x01,
    0x3f, 0x00, 0x5a, 0x01, 0x20, 0x00, 0x37, 0x01, 0x3f, 0x00, 0x5a, 0x01, 0x20, 0x00, 0x37, 0x01,
    0x3e, 0x00, 0x5b, 0x01, 0x21, 0x00, 0x37, 0x01, 0x3d, 0x00, 0x5a, 0x01, 0x22, 0x00, 0x37, 0x01,
    0x3d, 0x00, 0x5a, 0x01, 0x09, 0x00, 0x05, 0x03, 0x14, 0x00, 0x37, 0x01, 0x3d, 0x00, 0x5a, 0x01,
    0x08, 0x00, 0x07, 0x03, 0x14, 0x00, 0x36, 0x01, 0x3d, 0x00, 0x59, 0x01, 0x08, 0x00, 0x08, 0x03,
    0x14, 0x00, 0x36, 0x01, 0x3c, 0x00, 0x5a, 0x01, 0x08, 0x00, 0x08, 0x03, 0x14, 0x00, 0x37, 0x01,
    0x3b, 0x00, 0x5a, 0x01, 0x08, 0x00, 0x08, 0x03, 0x14, 0x00, 0x37, 0x01, 0x3b, 0x00, 0x5a, 0x01,
    0x09, 0x00, 0x07, 0x03, 0x15, 0x00, 0x36, 0x01, 0x3b, 0x00, 0x5a, 0x01, 0x0a, 0x00, 0x05, 0x03,
    0x16, 0x00, 0x36, 0x01, 0x3b, 0x00, 0x5a, 0x01, 0x25, 0x00, 0x36, 0x01, 0x3b, 0x00, 0x59, 0x01,
    0x26, 0x00, 0x36, 0x01, 0x3b, 0x00, 0x59, 0x01, 0x26, 0x00, 0x36, 0x01, 0x3b, 0x00, 0x59, 0x01,
    0x26, 0x00, 0x36, 0x01, 0x3b, 0x00, 0x59, 0x01, 0x26, 0x00, 0x36, 0x01, 0x3b, 0x00, 0x59, 0x01,
    0x26, 0x00, 0x36, 0x01, 0x3a, 0x00, 0x5a, 0x01, 0x26, 0x00, 0x37, 0x01, 0x3a, 0x00, 0x59, 0x01,
    0x26, 0x00, 0x36, 0x01, 0x3b, 0x00, 0x59, 0x01, 0x26, 0x00, 0x36, 0x01, 0x3b, 0x00, 0x59, 0x01,
    0x26, 0x00, 0x36, 0x01, 0x3b, 0x00, 0x59, 0x01, 0x26, 0x00, 0x36, 0x01, 0x3b, 0x00, 0x59, 0x01,
    0x26, 0x00, 0x36, 0x01, 0x3b, 0x00, 0x5a, 0x01, 0x25, 0x00, 0x36, 0x01, 0x3b, 0x00, 0x5a, 0x01,
    0x25, 0x00, 0x36, 0x01, 0x3b, 0x00, 0x5a, 0x01, 0x25, 0x00, 0x36, 0x01, 0x3b, 0x00, 0x5a, 0x01,
    0x24, 0x00, 0x37, 0x01, 0x3b, 0x00, 0x5a, 0x01, 0x24, 0x00, 0x37, 0x01, 0x3c, 0x00, 0x59, 0x01,
    0x24, 0x00, 0x36, 0x01, 0x3d, 0x00, 0x5a, 0x01, 0x23, 0x00, 0x36, 0x01, 0x3d, 0x00, 0x5a, 0x01,
    0x22, 0x00, 0x37, 0x01, 0x3d, 0x00, 0x5a, 0x01, 0x22, 0x00, 0x37, 0x01, 0x3d, 0x00, 0x5b, 0x01,
    0x21, 0x00, 0x37, 0x01, 0x3e, 0x00, 0x5a, 0x01, 0x20, 0x00, 0x37, 0x01, 0x3f, 0x00, 0x5a, 0x01,
    0x20, 0x00, 0x37, 0x01, 0x3f, 0x00, 0x5b, 0x01, 0x1f, 0x00, 0x37, 0x01, 0x40, 0x00, 0x5a, 0x01,
    0x1e, 0x00, 0x37, 0x01, 0x41, 0x00, 0x5b, 0x01, 0x1d, 0x00, 0x37, 0x01, 0x41, 0x00, 0x5b, 0x01,
    0x1c, 0x00, 0x38, 0x01, 0x42, 0x00, 0x5b, 0x01, 0x1b, 0x00, 0x37, 0x01, 0x43, 0x00, 0x5b, 0x01,
    0x1a, 0x00, 0x38, 0x01, 0x44, 0x00, 0x5b, 0x01, 0x18, 0x00, 0x38, 0x01, 0x45, 0x00, 0x5c, 0x01,
    0x16, 0x00, 0x39, 0x01, 0x46, 0x00, 0x5c, 0x01, 0x15, 0x00, 0x38, 0x01, 0x47, 0x00, 0x5d, 0x01,
    0x13, 0x00, 0x39, 0x01, 0x48, 0x00, 0x5d, 0x01, 0x10, 0x00, 0x3a, 0x01, 0x49, 0x00, 0x5e, 0x01,
    0x0e, 0x00, 0x3b, 0x01, 0x4a, 0x00, 0x5f, 0x01, 0x0a, 0x00, 0x3c, 0x01, 0x4b, 0x00, 0xa5, 0x01,
    0x4c, 0x00, 0xa3, 0x01, 0x4e, 0x00, 0xa1, 0x01, 0x4f, 0x00, 0xa1, 0x01, 0x50, 0x00, 0x9f, 0x01,
    0x52, 0x00, 0x9d, 0x01, 0x53, 0x00, 0x9d, 0x01, 0x54, 0x00, 0x9b, 0x01, 0x56, 0x00, 0x99, 0x01,
    0x58, 0x00, 0x97, 0x01, 0x5a, 0x00, 0x95, 0x01, 0x5c, 0x00, 0x93, 0x01, 0x5e, 0x00, 0x91, 0x01,
    0x5f, 0x00, 0x91, 0x01, 0x60, 0x00, 0x8f, 0x01, 0x62, 0x00, 0x8d, 0x01, 0x65, 0x00, 0x89, 0x01,
    0x68, 0x00, 0x87, 0x01, 0x6a, 0x00, 0x85, 0x01, 0x6c, 0x00, 0x83, 0x01, 0x6e, 0x00, 0x81, 0x01,
    0x71, 0x00, 0x7d, 0x01, 0x74, 0x00, 0x7b, 0x01, 0x76, 0x00, 0x79, 0x01, 0x79, 0x00, 0x75, 0x01,
    0x7c, 0x00, 0x73, 0x01, 0x7f, 0x00, 0x6f, 0x01, 0x83, 0x00, 0x6b, 0x01, 0x86, 0x00, 0x69, 0x01,
    0x89, 0x00, 0x65, 0x01, 0x8d, 0x00, 0x61, 0x01, 0x91, 0x00, 0x5d, 0x01, 0x95, 0x00, 0x59, 0x01,
    0x9a, 0x00, 0x53, 0x01, 0x9f, 0x00, 0x4f, 0x01, 0xa4, 0x00, 0x49, 0x01, 0xaa, 0x00, 0x43, 0x01,
    0xb1, 0x00, 0x3b, 0x01, 0xb9, 0x00, 0x33, 0x01, 0xc1, 0x00, 0x2b, 0x01, 0xcb, 0x00, 0x1f, 0x01,
    0xe0, 0x00, 0x01, 0x01, 0xff, 0x00, 0xff, 0x00, 0xff, 0x00, 0xff, 0x00, 0xff, 0x00, 0xff, 0x00,
    0xff, 0x00, 0xff, 0x00, 0xff, 0x00, 0xff, 0x00, 0xff, 0x00, 0xff, 0x00, 0xff, 0x00, 0xff, 0x00,
    0xff, 0x00, 0xff, 0x00, 0xff, 0x00, 0xff, 0x00, 0xff, 0x00, 0xff, 0x00, 0xff, 0x00, 0xff, 0x00,
    0xff, 0x00, 0xff, 0x00, 0xff, 0x00, 0xff, 0x00, 0xff, 0x00, 0xff, 0x00, 0xff, 0x00, 0xff, 0x00,
    0xff, 0x00, 0xff, 0x00, 0xff, 0x00, 0xff, 0x00, 0xff, 0x00, 0xff, 0x00, 0xff, 0x00, 0xff, 0x00,
    0xff, 0x00, 0xff, 0x00, 0xff, 0x00, 0xff, 0x00, 0xff, 0x00, 0xff, 0x00, 0xb3, 0x00, 0xff, 0x00,
    0xff, 0x00, 0xff, 0x00, 0xff, 0x00, 0xff, 0x00, 0xff, 0x00, 0xff, 0x00, 0xff, 0x00, 0xff, 0x00,
    0xff, 0x00, 0xff, 0x00, 0xff, 0x00, 0xff, 0x00, 0xff, 0x00, 0xff, 0x00, 0xff, 0x00, 0xff, 0x00,
    0xff, 0x00, 0xff, 0x00, 0xff, 0x00, 0xff, 0x00, 0xff, 0x00, 0xff, 0x00, 0xff, 0x00, 0xff, 0x00,
    0xff, 0x00, 0xff, 0x00, 0xff, 0x00, 0xff, 0x00, 0xff, 0x00, 0xff, 0x00, 0xff, 0x00, 0xff, 0x00,
    0xff, 0x00, 0xff, 0x00, 0xff, 0x00, 0xff, 0x00, 0xff, 0x00, 0xff, 0x00, 0xff, 0x00, 0xff, 0x00,
    0xff, 0x00, 0xff, 0x00, 0xff, 0x00, 0xff, 0x00, 0xa5, 0x00, 0x01, 0x01, 0xe0, 0x00, 0x1f, 0x01,
    0xcb, 0x00, 0x2b, 0x01, 0xc1, 0x00, 0x33, 0x01, 0xb9, 0x00, 0x3b, 0x01, 0xb1, 0x00, 0x43, 0x01,
    0xaa, 0x00, 0x49, 0x01, 0xa4, 0x00, 0x4f, 0x01, 0x9f, 0x00, 0x53, 0x01, 0x9a, 0x00, 0x59, 0x01,
    0x95, 0x00, 0x5d, 0x01, 0x91, 0x00, 0x61, 0x01, 0x8d, 0x00, 0x65, 0x01, 0x89, 0x00, 0x69, 0x01,
    0x86, 0x00, 0x6b, 0x01, 0x83, 0x00, 0x6f, 0x01, 0x7f, 0x00, 0x73, 0x01, 0x7c, 0x00, 0x75, 0x01,
    0x79, 0x00, 0x79, 0x01, 0x76, 0x00, 0x7b, 0x01, 0x74, 0x00, 0x7d, 0x01, 0x71, 0x00, 0x81, 0x01,
    0x6e, 0x00, 0x83, 0x01, 0x6c, 0x00, 0x85, 0x01, 0x6a, 0x00, 0x87, 0x01, 0x68, 0x00, 0x89, 0x01,
    0x65, 0x00, 0x8d, 0x01, 0x62, 0x00, 0x8f, 0x01, 0x60, 0x00, 0x91, 0x01, 0x5f, 0x00, 0x91, 0x01,
    0x5e, 0x00, 0x93, 0x01, 0x5c, 0x00, 0x95, 0x01, 0x5a, 0x00, 0x97, 0x01, 0x58, 0x00, 0x99, 0x01,
    0x56, 0x00, 0x9b, 0x01, 0x54, 0x00, 0x9d, 0x01, 0x53, 0x00, 0x9d, 0x01, 0x52, 0x00, 0x9f, 0x01,
    0x50, 0x00, 0xa1, 0x01, 0x4f, 0x00, 0xa1, 0x01, 0x4e, 0x00, 0xa3, 0x01, 0x4c, 0x00, 0x6b, 0x01,
    0x01, 0x00, 0x39, 0x01, 0x4b, 0x00, 0x67, 0x01, 0x09, 0x00, 0x35, 0x01, 0x4a, 0x00, 0x66, 0x01,
    0x0d, 0x00, 0x34, 0x01, 0x49, 0x00, 0x64, 0x01, 0x11, 0x00, 0x32, 0x01, 0x48, 0x00, 0x64, 0x01,
    0x13, 0x00, 0x32, 0x01, 0x47, 0x00, 0x63, 0x01, 0x15, 0x00, 0x31, 0x01, 0x46, 0x00, 0x63, 0x01,
    0x17, 0x00, 0x31, 0x01, 0x45, 0x00, 0x62, 0x01, 0x19, 0x00, 0x30, 0x01, 0x44, 0x00, 0x63, 0x01,
    0x19, 0x00, 0x31, 0x01, 0x43, 0x00, 0x62, 0x01, 0x1b, 0x00, 0x30, 0x01, 0x42, 0x00, 0x63, 0x01,
    0x1b, 0x00, 0x31, 0x01, 0x41, 0x00, 0x62, 0x01, 0x1d, 0x00, 0x30, 0x01, 0x41, 0x00, 0x61, 0x01,
    0x1f, 0x00, 0x2f, 0x01, 0x40, 0x00, 0x62, 0x01, 0x1f, 0x00, 0x30, 0x01, 0x3f, 0x00, 0x62, 0x01,
    0x1f, 0x00, 0x30, 0x01, 0x3f, 0x00, 0x61, 0x01, 0x21, 0x00, 0x2f, 0x01, 0x3e, 0x00, 0x62, 0x01,
    0x21, 0x00, 0x30, 0x01, 0x3d, 0x00, 0x62, 0x01, 0x0a, 0x00, 0x01, 0x03, 0x16, 0x00, 0x30, 0x01,
    0x3d, 0x00, 0x61, 0x01, 0x09, 0x00, 0x05, 0x03, 0x15, 0x00, 0x2f, 0x01, 0x3d, 0x00, 0x61, 0x01,
    0x08, 0x00, 0x07, 0x03, 0x14, 0x00, 0x2f, 0x01, 0x3d, 0x00, 0x61, 0x01, 0x08, 0x00, 0x07, 0x03,
    0x14, 0x00, 0x2f, 0x01, 0x3c, 0x00, 0x62, 0x01, 0x07, 0x00, 0x09, 0x03, 0x13, 0x00, 0x30, 0x01,
    0x3b, 0x00, 0x61, 0x01, 0x09, 0x00, 0x07, 0x03, 0x15, 0x00, 0x2f, 0x01, 0x3b, 0x00, 0x61, 0x01,
    0x09, 0x00, 0x07, 0x03, 0x15, 0x00, 0x2f, 0x01, 0x3b, 0x00, 0x61, 0x01, 0x0a, 0x00, 0x05, 0x03,
    0x16, 0x00, 0x2f, 0x01, 0x09, 0x00, 0x01, 0x04, 0x31, 0x00, 0x61, 0x01, 0x0c, 0x00, 0x01, 0x03,
    0x18, 0x00, 0x2f, 0x01, 0x06, 0x00, 0x07, 0x04, 0x2e, 0x00, 0x61, 0x01, 0x25, 0x00, 0x2f, 0x01,
    0x05, 0x00, 0x09, 0x04, 0x2d, 0x00, 0x61, 0x01, 0x25, 0x00, 0x2f, 0x01, 0x04, 0x00, 0x0b, 0x04,
    0x2c, 0x00, 0x61, 0x01, 0x25, 0x00, 0x2f, 0x01, 0x03, 0x00, 0x0d, 0x04, 0x2b, 0x00, 0x61, 0x01,
    0x25, 0x00, 0x2f, 0x01, 0x03, 0x00, 0x0d, 0x04, 0x2b, 0x00, 0x61, 0x01, 0x25, 0x00, 0x2f, 0x01,
    0x03, 0x00, 0x0d, 0x04, 0x2a, 0x00, 0x61, 0x01, 0x27, 0x00, 0x2f, 0x01, 0x01, 0x00, 0x0f, 0x04,
    0x2a, 0x00, 0x61, 0x01, 0x25, 0x00, 0x2f, 0x01, 0x03, 0x00, 0x0d, 0x04, 0x2b, 0x00, 0x61, 0x01,
    0x25, 0x00, 0x2f, 0x01, 0x03, 0x00, 0x0d, 0x04, 0x2b, 0x00, 0x61, 0x01, 0x25, 0x00, 0x2f, 0x01,
    0x03, 0x00, 0x0d, 0x04, 0x2b, 0x00, 0x61, 0x01, 0x25, 0x00, 0x2f, 0x01, 0x04, 0x00, 0x0b, 0x04,
    0x2c, 0x00, 0x61, 0x01, 0x25, 0x00, 0x2f, 0x01, 0x05, 0x00, 0x09, 0x04, 0x2d, 0x00, 0x61, 0x01,
    0x25, 0x00, 0x2f, 0x01, 0x06, 0x00, 0x07, 0x04, 0x2e, 0x00, 0x61, 0x01, 0x25, 0x00, 0x2f, 0x01,
    0x09, 0x00, 0x01, 0x04, 0x31, 0x00, 0x61, 0x01, 0x25, 0x00, 0x2f, 0x01, 0x3b, 0x00, 0x61, 0x01,
    0x25, 0x00, 0x2f, 0x01, 0x3b, 0x00, 0x62, 0x01, 0x23, 0x00, 0x30, 0x01, 0x3c, 0x00, 0x61, 0x01,
    0x23, 0x00, 0x2f, 0x01, 0x3d, 0x00, 0x61, 0x01, 0x23, 0x00, 0x2f, 0x01, 0x3d, 0x00, 0x61, 0x01,
    0x23, 0x00, 0x2f, 0x01, 0x3d, 0x00, 0x62, 0x01, 0x21, 0x00, 0x30, 0x01, 0x3d, 0x00, 0x62, 0x01,
    0x21, 0x00, 0x30, 0x01, 0x3e, 0x00, 0x61, 0x01, 0x21, 0x00, 0x2f, 0x01, 0x3f, 0x00, 0x62, 0x01,
    0x1f, 0x00, 0x30, 0x01, 0x3f, 0x00, 0x62, 0x01, 0x1f, 0x00, 0x30, 0x01, 0x40, 0x00, 0x61, 0x01,
    0x1f, 0x00, 0x2f, 0x01, 0x41, 0x00, 0x62, 0x01, 0x1d, 0x00, 0x30, 0x01, 0x41, 0x00, 0x63, 0x01,
    0x1b, 0x00, 0x31, 0x01, 0x42, 0x00, 0x62, 0x01, 0x1b, 0x00, 0x30, 0x01, 0x43, 0x00, 0x63, 0x01,
    0x19, 0x00, 0x31, 0x01, 0x44, 0x00, 0x62, 0x01, 0x19, 0x00, 0x30, 0x01, 0x45, 0x00, 0x63, 0x01,
    0x17, 0x00, 0x31, 0x01, 0x46, 0x00, 0x63, 0x01, 0x15, 0x00, 0x31, 0x01, 0x47, 0x00, 0x64, 0x01,
    0x13, 0x00, 0x32, 0x01, 0x48, 0x00, 0x64, 0x01, 0x11, 0x00, 0x32, 0x01, 0x49, 0x00, 0x66, 0x01,
    0x0d, 0x00, 0x34, 0x01, 0x4a, 0x00, 0x67, 0x01, 0x09, 0x00, 0x35, 0x01, 0x4b, 0x00, 0x6b, 0x01,
    0x01, 0x00, 0x39, 0x01, 0x4c, 0x00, 0xa3, 0x01, 0x4e, 0x00, 0xa1, 0x01, 0x4f, 0x00, 0xa1, 0x01,
    0x50, 0x00, 0x9f, 0x01, 0x52, 0x00, 0x9d, 0x01, 0x53, 0x00, 0x9d, 0x01, 0x54, 0x00, 0x9b, 0x01,
    0x56, 0x00, 0x99, 0x01, 0x58, 0x00, 0x97, 0x01, 0x5a, 0x00, 0x95, 0x01, 0x5c, 0x00, 0x93, 0x01,
    0x5e, 0x00, 0x91, 0x01, 0x5f, 0x00, 0x91, 0x01, 0x60, 0x00, 0x8f, 0x01, 0x62, 0x00, 0x8d, 0x01,
    0x65, 0x00, 0x89, 0x01, 0x68, 0x00, 0x87, 0x01, 0x6a, 0x00, 0x85, 0x01, 0x6c, 0x00, 0x83, 0x01,
    0x6e, 0x00, 0x81, 0x01, 0x71, 0x00, 0x7d, 0x01, 0x74, 0x00, 0x7b, 0x01, 0x76, 0x00, 0x79, 0x01,
    0x79, 0x00, 0x75, 0x01, 0x7c, 0x00, 0x73, 0x01, 0x7f, 0x00, 0x6f, 0x01, 0x83, 0x00, 0x6b, 0x01,
    0x86, 0x00, 0x69, 0x01, 0x89, 0x00, 0x65, 0x01, 0x8d, 0x00, 0x61, 0x01, 0x91, 0x00, 0x5d, 0x01,
    0x95, 0x00, 0x59, 0x01, 0x9a, 0x00, 0x53, 0x01, 0x9f, 0x00, 0x4f, 0x01, 0xa4, 0x00, 0x49, 0x01,
    0xaa, 0x00, 0x43, 0x01, 0xb1, 0x00, 0x3b, 0x01, 0xb9, 0x00, 0x33, 0x01, 0xc1, 0x00, 0x2b, 0x01,
    0xcb, 0x00, 0x1f, 0x01, 0xe0, 0x00, 0x01, 0x01, 0xff, 0x00, 0xff, 0x00, 0xff, 0x00, 0xff, 0x00,
    0xff, 0x00, 0xff, 0x00, 0xff, 0x00, 0xff, 0x00, 0xff, 0x00, 0xff, 0x00, 0xff, 0x00, 0xff, 0x00,
    0xff, 0x00, 0xff, 0x00, 0xff, 0x00, 0xff, 0x00, 0xff, 0x00, 0xff, 0x00, 0xff, 0x00, 0xff, 0x00,
    0xff, 0x00, 0xff, 0x00, 0xff, 0x00, 0xff, 0x00, 0xff, 0x00, 0xff, 0x00, 0xff, 0x00, 0xff, 0x00,
    0xff, 0x00, 0xff, 0x00, 0xff, 0x00, 0xff, 0x00, 0xff, 0x00, 0xff, 0x00, 0xff, 0x00, 0xff, 0x00,
    0xff, 0x00, 0xff, 0x00, 0xff, 0x00, 0xff, 0x00, 0xff, 0x00, 0xff, 0x00, 0xff, 0x00, 0xff, 0x00,
    0xb3, 0x00, 0xff, 0x00, 0xff, 0x00, 0xff, 0x00, 0xff, 0x00, 0xff, 0x00, 0xff, 0x00, 0xff, 0x00,
    0xff, 0x00, 0xff, 0x00, 0xff, 0x00, 0xff, 0x00, 0xff, 0x00, 0xff, 0x00, 0xff, 0x00, 0xff, 0x00,
    0xff, 0x00, 0xff, 0x00, 0xff, 0x00, 0xff, 0x00, 0xff, 0x00, 0xff, 0x00, 0xff, 0x00, 0xff, 0x00,
    0xff, 0x00, 0xff, 0x00, 0xff, 0x00, 0xff, 0x00, 0xff, 0x00, 0xff, 0x00, 0xff, 0x00, 0xff, 0x00,
    0xff, 0x00, 0xff, 0x00, 0xff, 0x00, 0xff, 0x00, 0xff, 0x00, 0xff, 0x00, 0xff, 0x00, 0xff, 0x00,
    0xff, 0x00, 0xff, 0x00, 0xff, 0x00, 0xff, 0x00, 0xff, 0x00, 0xff, 0x00, 0xa5, 0x00, 0x01, 0x01,
    0xe0, 0x00, 0x1f, 0x01, 0xcb, 0x00, 0x2b, 0x01, 0xc1, 0x00, 0x33, 0x01, 0xb9, 0x00, 0x3b, 0x01,
    0xb1, 0x00, 0x43, 0x01, 0xaa, 0x00, 0x49, 0x01, 0xa4, 0x00, 0x4f, 0x01, 0x9f, 0x00, 0x53, 0x01,
    0x9a, 0x00, 0x59, 0x01, 0x95, 0x00, 0x5d, 0x01, 0x91, 0x00, 0x61, 0x01, 0x8d, 0x00, 0x65, 0x01,
    0x89, 0x00, 0x69, 0x01, 0x86, 0x00, 0x6b, 0x01, 0x83, 0x00, 0x6f, 0x01, 0x7f, 0x00, 0x73, 0x01,
    0x7c, 0x00, 0x75, 0x01, 0x79, 0x00, 0x79, 0x01, 0x76, 0x00, 0x7b, 0x01, 0x74, 0x00, 0x7d, 0x01,
    0x71, 0x00, 0x81, 0x01, 0x6e, 0x00, 0x83, 0x01, 0x6c, 0x00, 0x85, 0x01, 0x6a, 0x00, 0x87, 0x01,
    0x68, 0x00, 0x89, 0x01, 0x65, 0x00, 0x8d, 0x01, 0x62, 0x00, 0x8f, 0x01, 0x60, 0x00, 0x91, 0x01,
    0x5f, 0x00, 0x91, 0x01, 0x5e, 0x00, 0x93, 0x01, 0x5c, 0x00, 0x95, 0x01, 0x5a, 0x00, 0x97, 0x01,
    0x58, 0x00, 0x99, 0x01, 0x56, 0x00, 0x9b, 0x01, 0x54, 0x00, 0x9d, 0x01, 0x53, 0x00, 0x9d, 0x01,
    0x52, 0x00, 0x9f, 0x01, 0x50, 0x00, 0xa1, 0x01, 0x4f, 0x00, 0xa1, 0x01, 0x4e, 0x00, 0xa3, 0x01,
    0x4c, 0x00, 0xa5, 0x01, 0x4b, 0x00, 0x5f, 0x01, 0x0a, 0x00, 0x3c, 0x01, 0x4a, 0x00, 0x5e, 0x01,
    0x0e, 0x00, 0x3b, 0x01, 0x49, 0x00, 0x5d, 0x01, 0x10, 0x00, 0x3a, 0x01, 0x48, 0x00, 0x5d, 0x01,
    0x13, 0x00, 0x39, 0x01, 0x47, 0x00, 0x5c, 0x01, 0x15, 0x00, 0x38, 0x01, 0x46, 0x00, 0x5c, 0x01,
    0x16, 0x00, 0x39, 0x01, 0x45, 0x00, 0x5b, 0x01, 0x18, 0x00, 0x38, 0x01, 0x44, 0x00, 0x5b, 0x01,
    0x1a, 0x00, 0x38, 0x01, 0x43, 0x00, 0x5b, 0x01, 0x1b, 0x00, 0x37, 0x01, 0x42, 0x00, 0x5b, 0x01,
    0x1c, 0x00, 0x38, 0x01, 0x41, 0x00, 0x5b, 0x01, 0x1d, 0x00, 0x37, 0x01, 0x41, 0x00, 0x5a, 0x01,
    0x1e, 0x00, 0x37, 0x01, 0x40, 0x00, 0x5b, 0x01, 0x1f, 0x00, 0x37, 0x01, 0x3f, 0x00, 0x5a, 0x01,
    0x20, 0x00, 0x37, 0x01, 0x3f, 0x00, 0x5a, 0x01, 0x20, 0x00, 0x37, 0x01, 0x3e, 0x00, 0x5b, 0x01,
    0x21, 0x00, 0x37, 0x01, 0x3d, 0x00, 0x5a, 0x01, 0x22, 0x00, 0x37, 0x01, 0x3d, 0x00, 0x5a, 0x01,
    0x09, 0x00, 0x05, 0x03, 0x14, 0x00, 0x37, 0x01, 0x3d, 0x00, 0x5a, 0x01, 0x08, 0x00, 0x07, 0x03,
    0x14, 0x00, 0x36, 0x01, 0x3d, 0x00, 0x59, 0x01, 0x08, 0x00, 0x08, 0x03, 0x14, 0x00, 0x36, 0x01,
    0x3c, 0x00, 0x5a, 0x01, 0x08, 0x00, 0x08, 0x03, 0x14, 0x00, 0x37, 0x01, 0x3b, 0x00, 0x5a, 0x01,
    0x08, 0x00, 0x08, 0x03, 0x14, 0x00, 0x37, 0x01, 0x3b, 0x00, 0x5a, 0x01, 0x09, 0x00, 0x07, 0x03,
    0x15, 0x00, 0x36, 0x01, 0x3b, 0x00, 0x5a, 0x01, 0x0a, 0x00, 0x05, 0x03, 0x16, 0x00, 0x36, 0x01,
    0x3b, 0x00, 0x5a, 0x01, 0x25, 0x00, 0x36, 0x01, 0x3b, 0x00, 0x59, 0x01, 0x26, 0x00, 0x36, 0x01,
    0x3b, 0x00, 0x59, 0x01, 0x26, 0x00, 0x36, 0x01, 0x3b, 0x00, 0x59, 0x01, 0x26, 0x00, 0x36, 0x01,
    0x3b, 0x00, 0x59, 0x01, 0x26, 0x00, 0x36, 0x01, 0x3b, 0x00, 0x59, 0x01, 0x26, 0x00, 0x36, 0x01,
    0x3a, 0x00, 0x5a, 0x01, 0x26, 0x00, 0x37, 0x01, 0x3a, 0x00, 0x59, 0x01, 0x26, 0x00, 0x36, 0x01,
    0x3b, 0x00, 0x59, 0x01, 0x26, 0x00, 0x36, 0x01, 0x3b, 0x00, 0x59, 0x01, 0x26, 0x00, 0x36, 0x01,
    0x3b, 0x00, 0x59, 0x01, 0x26, 0x00, 0x36, 0x01, 0x3b, 0x00, 0x59, 0x01, 0x26, 0x00, 0x36, 0x01,
    0x3b, 0x00, 0x5a, 0x01, 0x25, 0x00, 0x36, 0x01, 0x3b, 0x00, 0x5a, 0x01, 0x25, 0x00, 0x36, 0x01,
    0x3b, 0x00, 0x5a, 0x01, 0x25, 0x00, 0x36, 0x01, 0x3b, 0x00, 0x5a, 0x01, 0x24, 0x00, 0x37, 0x01,
    0x3b, 0x00, 0x5a, 0x01, 0x24, 0x00, 0x37, 0x01, 0x3c, 0x00, 0x59, 0x01, 0x24, 0x00, 0x36, 0x01,
    0x3d, 0x00, 0x5a, 0x01, 0x23, 0x00, 0x36, 0x01, 0x3d, 0x00, 0x5a, 0x01, 0x22, 0x00, 0x37, 0x01,
    0x3d, 0x00, 0x5a, 0x01, 0x22, 0x00, 0x37, 0x01, 0x3d, 0x00, 0x5b, 0x01, 0x21, 0x00, 0x37, 0x01,
    0x3e, 0x00, 0x5a, 0x01, 0x20, 0x00, 0x37, 0x01, 0x3f, 0x00, 0x5a, 0x01, 0x20, 0x00, 0x37, 0x01,
    0x3f, 0x00, 0x5b, 0x01, 0x1f, 0x00, 0x37, 0x01, 0x40, 0x00, 0x5a, 0x01, 0x1e, 0x00, 0x37, 0x01,
    0x41, 0x00, 0x5b, 0x01, 0x1d, 0x00, 0x37, 0x01, 0x41, 0x00, 0x5b, 0x01, 0x1c, 0x00, 0x38, 0x01,
    0x42, 0x00, 0x5b, 0x01, 0x1b, 0x00, 0x37, 0x01, 0x43, 0x00, 0x5b, 0x01, 0x1a, 0x00, 0x38, 0x01,
    0x44, 0x00, 0x5b, 0x01, 0x18, 0x00, 0x38, 0x01, 0x45, 0x00, 0x5c, 0x01, 0x16, 0x00, 0x39, 0x01,
    0x46, 0x00, 0x5c, 0x01, 0x15, 0x00, 0x38, 0x01, 0x47, 0x00, 0x5d, 0x01, 0x13, 0x00, 0x39, 0x01,
    0x48, 0x00, 0x5d, 0x01, 0x10, 0x00, 0x3a, 0x01, 0x49, 0x00, 0x5e, 0x01, 0x0e, 0x00, 0x3b, 0x01,
    0x4a, 0x00, 0x5f, 0x01, 0x0a, 0x00, 0x3c, 0x01, 0x4b, 0x00, 0xa5, 0x01, 0x4c, 0x00, 0xa3, 0x01,
    0x4e, 0x00, 0xa1, 0x01, 0x4f, 0x00, 0xa1, 0x01, 0x50, 0x00, 0x9f, 0x01, 0x52, 0x00, 0x9d, 0x01,
    0x53, 0x00, 0x9d, 0x01, 0x54, 0x00, 0x9b, 0x01, 0x56, 0x00, 0x99, 0x01, 0x58, 0x00, 0x97, 0x01,
    0x5a, 0x00, 0x95, 0x01, 0x5c, 0x00, 0x93, 0x01, 0x5e, 0x00, 0x91, 0x01, 0x5f, 0x00, 0x91, 0x01,
    0x60, 0x00, 0x8f, 0x01, 0x62, 0x00, 0x8d, 0x01, 0x65, 0x00, 0x89, 0x01, 0x68, 0x00, 0x87, 0x01,
    0x6a, 0x00, 0x85, 0x01, 0x6c, 0x00, 0x83, 0x01, 0x6e, 0x00, 0x81, 0x01, 0x71, 0x00, 0x7d, 0x01,
    0x74, 0x00, 0x7b, 0x01, 0x76, 0x00, 0x79, 0x01, 0x79, 0x00, 0x75, 0x01, 0x7c, 0x00, 0x73, 0x01,
    0x7f, 0x00, 0x6f, 0x01, 0x83, 0x00, 0x6b, 0x01, 0x86, 0x00, 0x69, 0x01, 0x89, 0x00, 0x65, 0x01,
    0x8d, 0x00, 0x61, 0x01, 0x91, 0x00, 0x5d, 0x01, 0x95, 0x00, 0x59, 0x01, 0x9a, 0x00, 0x53, 0x01,
    0x1b, 0x00, 0x04, 0x04, 0x80, 0x00, 0x4f, 0x01, 0x1b, 0x00, 0x08, 0x04, 0x81, 0x00, 0x49, 0x01,
    0x1d, 0x00, 0x0a, 0x04, 0x83, 0x00, 0x43, 0x01, 0x1f, 0x00, 0x0c, 0x04, 0x86, 0x00, 0x3b, 0x01,
    0x23, 0x00, 0x0d, 0x04, 0x89, 0x00, 0x33, 0x01, 0x26, 0x00, 0x0e, 0x04, 0x8d, 0x00, 0x2b, 0x01,
    0x2a, 0x00, 0x0e, 0x04, 0x93, 0x00, 0x1f, 0x01, 0x30, 0x00, 0x0e, 0x04, 0xa2, 0x00, 0x01, 0x01,
    0x3f, 0x00, 0x0e, 0x04, 0xe3, 0x00, 0x0d, 0x04, 0xe3, 0x00, 0x0c, 0x04, 0xe5, 0x00, 0x0b, 0x04,
    0xe6, 0x00, 0x09, 0x04, 0xe8, 0x00, 0x06, 0x04, 0xff, 0x00, 0xff, 0x00, 0xff, 0x00, 0xff, 0x00,
    0xff, 0x00, 0xff, 0x00, 0xff, 0x00, 0xff, 0x00, 0xff, 0x00, 0xff, 0x00, 0xff, 0x00, 0xff, 0x00,
    0xff, 0x00, 0xff, 0x00, 0xff, 0x00, 0xff, 0x00, 0xff, 0x00, 0xff, 0x00, 0xff, 0x00, 0xff, 0x00,
    0xff, 0x00, 0xff, 0x00, 0xff, 0x00, 0xff, 0x00, 0xff, 0x00, 0xff, 0x00, 0xff, 0x00, 0xff, 0x00,
    0xff, 0x00, 0xff, 0x00, 0xff, 0x00, 0xff, 0x00, 0xff, 0x00, 0xff, 0x00, 0xff, 0x00, 0xff, 0x00,
    0xff, 0x00, 0xff, 0x00, 0xff, 0x00, 0xb5, 0x00, 0xff, 0x00, 0xff, 0x00, 0xff, 0x00, 0xff, 0x00,
    0xff, 0x00, 0xff, 0x00, 0xff, 0x00, 0xff, 0x00, 0xff, 0x00, 0xff, 0x00, 0xff, 0x00, 0xff, 0x00,
    0xff, 0x00, 0xff, 0x00, 0xff, 0x00, 0xff, 0x00, 0xff, 0x00, 0xff, 0x00, 0xff, 0x00, 0xff, 0x00,
    0xff, 0x00, 0xff, 0x00, 0xff, 0x00, 0xff, 0x00, 0xff, 0x00, 0xff, 0x00, 0xff, 0x00, 0xff, 0x00,
    0xff, 0x00, 0xff, 0x00, 0xff, 0x00, 0xff, 0x00, 0xff, 0x00, 0xff, 0x00, 0xff, 0x00, 0xff, 0x00,
    0xff, 0x00, 0xff, 0x00, 0xff, 0x00, 0xff, 0x00, 0xff, 0x00, 0xff, 0x00, 0xff, 0x00, 0xff, 0x00,
    0xff, 0x00, 0xa5, 0x00, 0x01, 0x01, 0xe0, 0x00, 0x1f, 0x01, 0xcb, 0x00, 0x2b, 0x01, 0xc1, 0x00,
    0x33, 0x01, 0xb9, 0x00, 0x3b, 0x01, 0xb1, 0x00, 0x43, 0x01, 0xaa, 0x00, 0x49, 0x01, 0xa4, 0x00,
    0x4f, 0x01, 0x9f, 0x00, 0x53, 0x01, 0x9a, 0x00, 0x59, 0x01, 0x95, 0x00, 0x5d, 0x01, 0x91, 0x00,
    0x61, 0x01, 0x8d, 0x00, 0x65, 0x01, 0x89, 0x00, 0x69, 0x01, 0x86, 0x00, 0x6b, 0x01, 0x83, 0x00,
    0x6f, 0x01, 0x7f, 0x00, 0x73, 0x01, 0x7c, 0x00, 0x75, 0x01, 0x79, 0x00, 0x79, 0x01, 0x76, 0x00,
    0x7b, 0x01, 0x74, 0x00, 0x7d, 0x01, 0x71, 0x00, 0x81, 0x01, 0x6e, 0x00, 0x83, 0x01, 0x6c, 0x00,
    0x85, 0x01, 0x6a, 0x00, 0x87, 0x01, 0x68, 0x00, 0x89, 0x01, 0x65, 0x00, 0x8d, 0x01, 0x62, 0x00,
    0x8f, 0x01, 0x60, 0x00, 0x91, 0x01, 0x5f, 0x00, 0x91, 0x01, 0x5e, 0x00, 0x93, 0x01, 0x5c, 0x00,
    0x95, 0x01, 0x5a, 0x00, 0x97, 0x01, 0x58, 0x00, 0x99, 0x01, 0x56, 0x00, 0x9b, 0x01, 0x54, 0x00,
    0x9d, 0x01, 0x53, 0x00, 0x9d, 0x01, 0x52, 0x00, 0x9f, 0x01, 0x50, 0x00, 0xa1, 0x01, 0x4f, 0x00,
    0xa1, 0x01, 0x4e, 0x00, 0xa3, 0x01, 0x4c, 0x00, 0x52, 0x01, 0x01, 0x00, 0x52, 0x01, 0x4b, 0x00,
    0x4e, 0x01, 0x09, 0x00, 0x4e, 0x01, 0x4a, 0x00, 0x4d, 0x01, 0x0d, 0x00, 0x4d, 0x01, 0x49, 0x00,
    0x4b, 0x01, 0x11, 0x00, 0x4b, 0x01, 0x48, 0x00, 0x4b, 0x01, 0x13, 0x00, 0x4b, 0x01, 0x47, 0x00,
    0x4a, 0x01, 0x15, 0x00, 0x4a, 0x01, 0x46, 0x00, 0x4a, 0x01, 0x17, 0x00, 0x4a, 0x01, 0x45, 0x00,
    0x49, 0x01, 0x19, 0x00, 0x49, 0x01, 0x44, 0x00, 0x4a, 0x01, 0x19, 0x00, 0x4a, 0x01, 0x43, 0x00,
    0x49, 0x01, 0x1b, 0x00, 0x49, 0x01, 0x42, 0x00, 0x4a, 0x01, 0x1b, 0x00, 0x4a, 0x01, 0x41, 0x00,
    0x49, 0x01, 0x1d, 0x00, 0x49, 0x01, 0x41, 0x00, 0x48, 0x01, 0x1f, 0x00, 0x48, 0x01, 0x40, 0x00,
    0x49, 0x01, 0x1f, 0x00, 0x49, 0x01, 0x3f, 0x00, 0x49, 0x01, 0x1f, 0x00, 0x49, 0x01, 0x3f, 0x00,
    0x48, 0x01, 0x21, 0x00, 0x48, 0x01, 0x3e, 0x00, 0x49, 0x01, 0x21, 0x00, 0x49, 0x01, 0x3d, 0x00,
    0x49, 0x01, 0x0a, 0x00, 0x01, 0x03, 0x16, 0x00, 0x49, 0x01, 0x3d, 0x00, 0x48, 0x01, 0x09, 0x00,
    0x05, 0x03, 0x15, 0x00, 0x48, 0x01, 0x3d, 0x00, 0x48, 0x01, 0x08, 0x00, 0x07, 0x03, 0x14, 0x00,
    0x48, 0x01, 0x3d, 0x00, 0x48, 0x01, 0x08, 0x00, 0x07, 0x03, 0x14, 0x00, 0x48, 0x01, 0x3c, 0x00,
    0x49, 0x01, 0x07, 0x00, 0x09, 0x03, 0x13, 0x00, 0x49, 0x01, 0x3b, 0x00, 0x48, 0x01, 0x09, 0x00,
    0x07, 0x03, 0x15, 0x00, 0x48, 0x01, 0x3b, 0x00, 0x48, 0x01, 0x09, 0x00, 0x07, 0x03, 0x15, 0x00,
    0x48, 0x01, 0x3b, 0x00, 0x48, 0x01, 0x0a, 0x00, 0x05, 0x03, 0x16, 0x00, 0x48, 0x01, 0x3b, 0x00,
    0x48, 0x01, 0x0c, 0x00, 0x01, 0x03, 0x18, 0x00, 0x48, 0x01, 0x3b, 0x00, 0x48, 0x01, 0x25, 0x00,
    0x48, 0x01, 0x3b, 0x00, 0x48, 0x01, 0x25, 0x00, 0x48, 0x01, 0x3b, 0x00, 0x48, 0x01, 0x25, 0x00,
    0x48, 0x01, 0x3b, 0x00, 0x48, 0x01, 0x25, 0x00, 0x48, 0x01, 0x3b, 0x00, 0x48, 0x01, 0x25, 0x00,
    0x48, 0x01, 0x3a, 0x00, 0x48, 0x01, 0x27, 0x00, 0x48, 0x01, 0x3a, 0x00, 0x48, 0x01, 0x25, 0x00,
    0x48, 0x01, 0x3b, 0x00, 0x48, 0x01, 0x25, 0x00, 0x48, 0x01, 0x3b, 0x00, 0x48, 0x01, 0x25, 0x00,
    0x48, 0x01, 0x3b, 0x00, 0x48, 0x01, 0x25, 0x00, 0x48, 0x01, 0x3b, 0x00, 0x48, 0x01, 0x25, 0x00,
    0x48, 0x01, 0x3b, 0x00, 0x48, 0x01, 0x25, 0x00, 0x48, 0x01, 0x3b, 0x00, 0x48, 0x01, 0x25, 0x00,
    0x48, 0x01, 0x3b, 0x00, 0x48, 0x01, 0x25, 0x00, 0x48, 0x01, 0x3b, 0x00, 0x48, 0x01, 0x25, 0x00,
    0x48, 0x01, 0x3b, 0x00, 0x49, 0x01, 0x23, 0x00, 0x49, 0x01, 0x3c, 0x00, 0x48, 0x01, 0x23, 0x00,
    0x48, 0x01, 0x3d, 0x00, 0x48, 0x01, 0x23, 0x00, 0x48, 0x01, 0x3d, 0x00, 0x48, 0x01, 0x23, 0x00,
    0x48, 0x01, 0x3d, 0x00, 0x49, 0x01, 0x21, 0x00, 0x49, 0x01, 0x3d, 0x00, 0x49, 0x01, 0x21, 0x00,
    0x49, 0x01, 0x3e, 0x00, 0x48, 0x01, 0x21, 0x00, 0x48, 0x01, 0x3f, 0x00, 0x49, 0x01, 0x1f, 0x00,
    0x49, 0x01, 0x3f, 0x00, 0x49, 0x01, 0x1f, 0x00, 0x49, 0x01, 0x40, 0x00, 0x48, 0x01, 0x1f, 0x00,
    0x48, 0x01, 0x41, 0x00, 0x49, 0x01, 0x1d, 0x00, 0x49, 0x01, 0x41, 0x00, 0x4a, 0x01, 0x1b, 0x00,
    0x4a, 0x01, 0x42, 0x00, 0x49, 0x01, 0x1b, 0x00, 0x49, 0x01, 0x43, 0x00, 0x4a, 0x01, 0x19, 0x00,
    0x4a, 0x01, 0x44, 0x00, 0x49, 0x01, 0x19, 0x00, 0x49, 0x01, 0x45, 0x00, 0x4a, 0x01, 0x17, 0x00,
    0x4a, 0x01, 0x46, 0x00, 0x4a, 0x01, 0x15, 0x00, 0x4a, 0x01, 0x47, 0x00, 0x4b, 0x01, 0x13, 0x00,
    0x4b, 0x01, 0x48, 0x00, 0x4b, 0x01, 0x11, 0x00, 0x4b, 0x01, 0x49, 0x00, 0x4d, 0x01, 0x0d, 0x00,
    0x4d, 0x01, 0x4a, 0x00, 0x4e, 0x01, 0x09, 0x00, 0x4e, 0x01, 0x4b, 0x00, 0x52, 0x01, 0x01, 0x00,
    0x52, 0x01, 0x4c, 0x00, 0xa3, 0x01, 0x4e, 0x00, 0xa1, 0x01, 0x4f, 0x00, 0xa1, 0x01, 0x50, 0x00,
    0x9f, 0x01, 0x52, 0x00, 0x9d, 0x01, 0x53, 0x00, 0x9d, 0x01, 0x54, 0x00, 0x9b, 0x01, 0x56, 0x00,
    0x99, 0x01, 0x58, 0x00, 0x97, 0x01, 0x5a, 0x00, 0x95, 0x01, 0x5c, 0x00, 0x93, 0x01, 0x5e, 0x00,
    0x91, 0x01, 0x5f, 0x00, 0x91, 0x01, 0x60, 0x00, 0x8f, 0x01, 0x62, 0x00, 0x8d, 0x01, 0x65, 0x00,
    0x89, 0x01, 0x68, 0x00, 0x87, 0x01, 0x6a, 0x00, 0x85, 0x01, 0x6c, 0x00, 0x83, 0x01, 0x6e, 0x00,
    0x81, 0x01, 0x71, 0x00, 0x7d, 0x01, 0x74, 0x00, 0x7b, 0x01, 0x76, 0x00, 0x79, 0x01, 0x79, 0x00,
    0x75, 0x01, 0x7c, 0x00, 0x73, 0x01, 0x7f, 0x00, 0x6f, 0x01, 0x83, 0x00, 0x6b, 0x01, 0x86, 0x00,
    0x69, 0x01, 0x89, 0x00, 0x65, 0x01, 0x8d, 0x00, 0x61, 0x01, 0x91, 0x00, 0x5d, 0x01, 0x95, 0x00,
    0x59, 0x01, 0x9a, 0x00, 0x53, 0x01, 0x9f, 0x00, 0x4f, 0x01, 0xa4, 0x00, 0x49, 0x01, 0xaa, 0x00,
    0x43, 0x01, 0xb1, 0x00, 0x3b, 0x01, 0xb9, 0x00, 0x33, 0x01, 0xc1, 0x00, 0x2b, 0x01, 0xcb, 0x00,
    0x1f, 0x01, 0xe0, 0x00, 0x01, 0x01, 0xff, 0x00, 0xff, 0x00, 0xff, 0x00, 0xff, 0x00, 0xff, 0x00,
    0xff, 0x00, 0xff, 0x00, 0xff, 0x00, 0xff, 0x00, 0xff, 0x00, 0xff, 0x00, 0xff, 0x00, 0xff, 0x00,
    0xff, 0x00, 0xff, 0x00, 0xff, 0x00, 0xff, 0x00, 0xff, 0x00, 0xff, 0x00, 0xc2, 0x00, 0x01, 0x04,
    0xec, 0x00, 0x07, 0x04, 0xe8, 0x00, 0x09, 0x04, 0xe6, 0x00, 0x0b, 0x04, 0xe4, 0x00, 0x0d, 0x04,
    0xe3, 0x00, 0x0d, 0x04, 0xe3, 0x00, 0x0d, 0x04, 0xe2, 0x00, 0x0f, 0x04, 0xe2, 0x00, 0x0d, 0x04,
    0xe3, 0x00, 0x0d, 0x04, 0xe3, 0x00, 0x0d, 0x04, 0xe4, 0x00, 0x0b, 0x04, 0xe6, 0x00, 0x09, 0x04,
    0xe8, 0x00, 0x07, 0x04, 0xec, 0x00, 0x01, 0x04, 0xff, 0x00, 0xff, 0x00, 0xff, 0x00, 0xff, 0x00,
    0xff, 0x00, 0xff, 0x00, 0xff, 0x00, 0xff, 0x00, 0xff, 0x00, 0xff, 0x00, 0xff, 0x00, 0xc2, 0x00,
    0xff, 0x00, 0xff, 0x00, 0xff, 0x00, 0xff, 0x00, 0xff, 0x00, 0xff, 0x00, 0xff, 0x00, 0xff, 0x00,
    0xff, 0x00, 0xff, 0x00, 0xff, 0x00, 0xff, 0x00, 0xff, 0x00, 0xff, 0x00, 0xff, 0x00, 0xff, 0x00,
    0xff, 0x00, 0xff, 0x00, 0xff, 0x00, 0xff, 0x00, 0xff, 0x00, 0xff, 0x00, 0xff, 0x00, 0xff, 0x00,
    0xff, 0x00, 0xff, 0x00, 0xff, 0x00, 0xff, 0x00, 0xff, 0x00, 0xff, 0x00, 0xff, 0x00, 0xff, 0x00,
    0xff, 0x00, 0xff, 0x00, 0xff, 0x00, 0xff, 0x00, 0xff, 0x00, 0xff, 0x00, 0xff, 0x00, 0xff, 0x00,
    0xff, 0x00, 0xff, 0x00, 0xff, 0x00, 0xff, 0x00, 0xff, 0x00, 0xa5, 0x00, 0x01, 0x01, 0xe0, 0x00,
    0x1f, 0x01, 0xcb, 0x00, 0x2b, 0x01, 0xc1, 0x00, 0x33, 0x01, 0xb9, 0x00, 0x3b, 0x01, 0xb1, 0x00,
    0x43, 0x01, 0xaa, 0x00, 0x49, 0x01, 0xa4, 0x00, 0x4f, 0x01, 0x9f, 0x00, 0x53, 0x01, 0x9a, 0x00,
    0x59, 0x01, 0x95, 0x00, 0x5d, 0x01, 0x91, 0x00, 0x61, 0x01, 0x8d, 0x00, 0x65, 0x01, 0x89, 0x00,
    0x69, 0x01, 0x86, 0x00, 0x6b, 0x01, 0x83, 0x00, 0x6f, 0x01, 0x7f, 0x00, 0x73, 0x01, 0x7c, 0x00,
    0x75, 0x01, 0x79, 0x00, 0x79, 0x01, 0x76, 0x00, 0x7b, 0x01, 0x74, 0x00, 0x7d, 0x01, 0x71, 0x00,
    0x81, 0x01, 0x6e, 0x00, 0x83, 0x01, 0x6c, 0x00, 0x85, 0x01, 0x6a, 0x00, 0x87, 0x01, 0x68, 0x00,
    0x89, 0x01, 0x65, 0x00, 0x8d, 0x01, 0x62, 0x00, 0x8f, 0x01, 0x60, 0x00, 0x91, 0x01, 0x5f, 0x00,
    0x91, 0x01, 0x5e, 0x00, 0x93, 0x01, 0x5c, 0x00, 0x95, 0x01, 0x5a, 0x00, 0x97, 0x01, 0x58, 0x00,
    0x99, 0x01, 0x56, 0x00, 0x9b, 0x01, 0x54, 0x00, 0x9d, 0x01, 0x53, 0x00, 0x9d, 0x01, 0x52, 0x00,
    0x9f, 0x01, 0x50, 0x00, 0xa1, 0x01, 0x4f, 0x00, 0xa1, 0x01, 0x4e, 0x00, 0xa3, 0x01, 0x4c, 0x00,
    0xa5, 0x01, 0x4b, 0x00, 0x3c, 0x01, 0x0a, 0x00, 0x5f, 0x01, 0x4a, 0x00, 0x3b, 0x01, 0x0e, 0x00,
    0x5e, 0x01, 0x49, 0x00, 0x3a, 0x01, 0x10, 0x00, 0x5d, 0x01, 0x48, 0x00, 0x39, 0x01, 0x13, 0x00,
    0x5d, 0x01, 0x47, 0x00, 0x38, 0x01, 0x15, 0x00, 0x5c, 0x01, 0x46, 0x00, 0x39, 0x01, 0x16, 0x00,
    0x5c, 0x01, 0x45, 0x00, 0x38, 0x01, 0x18, 0x00, 0x5b, 0x01, 0x44, 0x00, 0x38, 0x01, 0x1a, 0x00,
    0x5b, 0x01, 0x43, 0x00, 0x37, 0x01, 0x1b, 0x00, 0x5b, 0x01, 0x42, 0x00, 0x38, 0x01, 0x1c, 0x00,
    0x5b, 0x01, 0x41, 0x00, 0x37, 0x01, 0x1d, 0x00, 0x5b, 0x01, 0x41, 0x00, 0x37, 0x01, 0x1e, 0x00,
    0x5a, 0x01, 0x40, 0x00, 0x37, 0x01, 0x1f, 0x00, 0x5b, 0x01, 0x3f, 0x00, 0x37, 0x01, 0x20, 0x00,
    0x5a, 0x01, 0x3f, 0x00, 0x37, 0x01, 0x20, 0x00, 0x5a, 0x01, 0x3e, 0x00, 0x37, 0x01, 0x21, 0x00,
    0x5b, 0x01, 0x3d, 0x00, 0x37, 0x01, 0x22, 0x00, 0x5a, 0x01, 0x3d, 0x00, 0x37, 0x01, 0x08, 0x00,
    0x05, 0x03, 0x15, 0x00, 0x5a, 0x01, 0x3d, 0x00, 0x36, 0x01, 0x08, 0x00, 0x07, 0x03, 0x14, 0x00,
    0x5a, 0x01, 0x3d, 0x00, 0x36, 0x01, 0x08, 0x00, 0x08, 0x03, 0x14, 0x00, 0x59, 0x01, 0x3c, 0x00,
    0x37, 0x01, 0x08, 0x00, 0x08, 0x03, 0x14, 0x00, 0x5a, 0x01, 0x3b, 0x00, 0x37, 0x01, 0x08, 0x00,
    0x08, 0x03, 0x14, 0x00, 0x5a, 0x01, 0x3b, 0x00, 0x36, 0x01, 0x09, 0x00, 0x07, 0x03, 0x15, 0x00,
    0x5a, 0x01, 0x3b, 0x00, 0x36, 0x01, 0x0a, 0x00, 0x05, 0x03, 0x16, 0x00, 0x5a, 0x01, 0x3b, 0x00,
    0x36, 0x01, 0x25, 0x00, 0x5a, 0x01, 0x3b, 0x00, 0x36, 0x01, 0x26, 0x00, 0x59, 0x01, 0x3b, 0x00,
    0x36, 0x01, 0x26, 0x00, 0x59, 0x01, 0x3b, 0x00, 0x36, 0x01, 0x26, 0x00, 0x59, 0x01, 0x3b, 0x00,
    0x36, 0x01, 0x26, 0x00, 0x59, 0x01, 0x3b, 0x00, 0x36, 0x01, 0x26, 0x00, 0x59, 0x01, 0x3a, 0x00,
    0x37, 0x01, 0x26, 0x00, 0x5a, 0x01, 0x3a, 0x00, 0x36, 0x01, 0x26, 0x00, 0x59, 0x01, 0x3b, 0x00,
    0x36, 0x01, 0x26, 0x00, 0x59, 0x01, 0x3b, 0x00, 0x36, 0x01, 0x26, 0x00, 0x59, 0x01, 0x3b, 0x00,
    0x36, 0x01, 0x26, 0x00, 0x59, 0x01, 0x3b, 0x00, 0x36, 0x01, 0x26, 0x00, 0x59, 0x01, 0x3b, 0x00,
    0x36, 0x01, 0x25, 0x00, 0x5a, 0x01, 0x3b, 0x00, 0x36, 0x01, 0x25, 0x00, 0x5a, 0x01, 0x3b, 0x00,
    0x36, 0x01, 0x25, 0x00, 0x5a, 0x01, 0x3b, 0x00, 0x37, 0x01, 0x24, 0x00, 0x5a, 0x01, 0x3b, 0x00,
    0x37, 0x01, 0x24, 0x00, 0x5a, 0x01, 0x3c, 0x00, 0x36, 0x01, 0x24, 0x00, 0x59, 0x01, 0x3d, 0x00,
    0x36, 0x01, 0x23, 0x00, 0x5a, 0x01, 0x3d, 0x00, 0x37, 0x01, 0x22, 0x00, 0x5a, 0x01, 0x3d, 0x00,
    0x37, 0x01, 0x22, 0x00, 0x5a, 0x01, 0x3d, 0x00, 0x37, 0x01, 0x21, 0x00, 0x5b, 0x01, 0x3e, 0x00,
    0x37, 0x01, 0x20, 0x00, 0x5a, 0x01, 0x3f, 0x00, 0x37, 0x01, 0x20, 0x00, 0x5a, 0x01, 0x3f, 0x00,
    0x37, 0x01, 0x1f, 0x00, 0x5b, 0x01, 0x40, 0x00, 0x37, 0x01, 0x1e, 0x00, 0x5a, 0x01, 0x41, 0x00,
    0x37, 0x01, 0x1d, 0x00, 0x5b, 0x01, 0x41, 0x00, 0x38, 0x01, 0x1c, 0x00, 0x5b, 0x01, 0x42, 0x00,
    0x37, 0x01, 0x1b, 0x00, 0x5b, 0x01, 0x43, 0x00, 0x38, 0x01, 0x1a, 0x00, 0x5b, 0x01, 0x44, 0x00,
    0x38, 0x01, 0x18, 0x00, 0x5b, 0x01, 0x45, 0x00, 0x39, 0x01, 0x16, 0x00, 0x5c, 0x01, 0x46, 0x00,
    0x38, 0x01, 0x15, 0x00, 0x5c, 0x01, 0x47, 0x00, 0x39, 0x01, 0x13, 0x00, 0x5d, 0x01, 0x48, 0x00,
    0x3a, 0x01, 0x10, 0x00, 0x5d, 0x01, 0x49, 0x00, 0x3b, 0x01, 0x0e, 0x00, 0x5e, 0x01, 0x4a, 0x00,
    0x3c, 0x01, 0x0a, 0x00, 0x5f, 0x01, 0x4b, 0x00, 0xa5, 0x01, 0x4c, 0x00, 0xa3, 0x01, 0x4e, 0x00,
    0xa1, 0x01, 0x4f, 0x00, 0xa1, 0x01, 0x50, 0x00, 0x9f, 0x01, 0x52, 0x00, 0x9d, 0x01, 0x53, 0x00,
    0x9d, 0x01, 0x54, 0x00, 0x9b, 0x01, 0x56, 0x00, 0x99, 0x01, 0x58, 0x00, 0x97, 0x01, 0x5a, 0x00,
    0x95, 0x01, 0x5c, 0x00, 0x93, 0x01, 0x5e, 0x00, 0x91, 0x01, 0x5f, 0x00, 0x91, 0x01, 0x60, 0x00,
    0x8f, 0x01, 0x62, 0x00, 0x8d, 0x01, 0x65, 0x00, 0x89, 0x01, 0x68, 0x00, 0x87, 0x01, 0x6a, 0x00,
    0x85, 0x01, 0x6c, 0x00, 0x83, 0x01, 0x6e, 0x00, 0x81, 0x01, 0x71, 0x00, 0x7d, 0x01, 0x74, 0x00,
    0x7b, 0x01, 0x76, 0x00, 0x79, 0x01, 0x79, 0x00, 0x75, 0x01, 0x7c, 0x00, 0x73, 0x01, 0x7f, 0x00,
    0x6f, 0x01, 0x83, 0x00, 0x6b, 0x01, 0x86, 0x00, 0x69, 0x01, 0x89, 0x00, 0x65, 0x01, 0x8d, 0x00,
    0x61, 0x01, 0x91, 0x00, 0x5d, 0x01, 0x95, 0x00, 0x59, 0x01, 0x7b, 0x00, 0x04, 0x04, 0x1b, 0x00,
    0x53, 0x01, 0x7c, 0x00, 0x08, 0x04, 0x1b, 0x00, 0x4f, 0x01, 0x7d, 0x00, 0x0a, 0x04, 0x1d, 0x00,
    0x49, 0x01, 0x7f, 0x00, 0x0c, 0x04, 0x1f, 0x00, 0x43, 0x01, 0x81, 0x00, 0x0d, 0x04, 0x23, 0x00,
    0x3b, 0x01, 0x85, 0x00, 0x0e, 0x04, 0x26, 0x00, 0x33, 0x01, 0x89, 0x00, 0x0e, 0x04, 0x2a, 0x00,
    0x2b, 0x01, 0x8d, 0x00, 0x0e, 0x04, 0x30, 0x00, 0x1f, 0x01, 0x93, 0x00, 0x0e, 0x04, 0x3f, 0x00,
    0x01, 0x01, 0xa2, 0x00, 0x0d, 0x04, 0xe4, 0x00, 0x0c, 0x04, 0xe4, 0x00, 0x0b, 0x04, 0xe6, 0x00,
    0x09, 0x04, 0xe9, 0x00, 0x06, 0x04, 0xff, 0x00, 0xff, 0x00, 0xff, 0x00, 0xff, 0x00, 0xff, 0x00,
    0xff, 0x00, 0xff, 0x00, 0xff, 0x00, 0xff, 0x00, 0xff, 0x00, 0xff, 0x00, 0xff, 0x00, 0xff, 0x00,
    0xff, 0x00, 0xff, 0x00, 0xff, 0x00, 0xff, 0x00, 0xff, 0x00, 0xff, 0x00, 0xff, 0x00, 0xff, 0x00,
    0xff, 0x00, 0xff, 0x00, 0xff, 0x00, 0xff, 0x00, 0xff, 0x00, 0xff, 0x00, 0xff, 0x00, 0xff, 0x00,
    0xff, 0x00, 0xff, 0x00, 0xff, 0x00, 0xff, 0x00, 0xff, 0x00, 0xff, 0x00, 0xff, 0x00, 0xff, 0x00,
    0xff, 0x00, 0xff, 0x00, 0xff, 0x00, 0x43, 0x00, 0xff, 0x00, 0xff, 0x00, 0xff, 0x00, 0xff, 0x00,
    0xff, 0x00, 0xff, 0x00, 0xff, 0x00, 0xff, 0x00, 0xff, 0x00, 0xff, 0x00, 0xff, 0x00, 0xff, 0x00,
    0xff, 0x00, 0xff, 0x00, 0xff, 0x00, 0xff, 0x00, 0xff, 0x00, 0xff, 0x00, 0xff, 0x00, 0xff, 0x00,
    0xff, 0x00, 0xff, 0x00, 0xff, 0x00, 0xff, 0x00, 0xff, 0x00, 0xff, 0x00, 0xff, 0x00, 0xff, 0x00,
    0xff, 0x00, 0xff, 0x00, 0xff, 0x00, 0xff, 0x00, 0xff, 0x00, 0xff, 0x00, 0xff, 0x00, 0xff, 0x00,
    0xff, 0x00, 0xff, 0x00, 0xff, 0x00, 0xff, 0x00, 0xff, 0x00, 0xff, 0x00, 0xff, 0x00, 0xff, 0x00,
    0xff, 0x00, 0xa5, 0x00, 0x01, 0x01, 0xe0, 0x00, 0x1f, 0x01, 0xcb, 0x00, 0x2b, 0x01, 0xc1, 0x00,
    0x33, 0x01, 0xb9, 0x00, 0x3b, 0x01, 0xb1, 0x00, 0x43, 0x01, 0xaa, 0x00, 0x49, 0x01, 0xa4, 0x00,
    0x4f, 0x01, 0x9f, 0x00, 0x53, 0x01, 0x9a, 0x00, 0x59, 0x01, 0x95, 0x00, 0x5d, 0x01, 0x91, 0x00,
    0x61, 0x01, 0x8d, 0x00, 0x65, 0x01, 0x89, 0x00, 0x69, 0x01, 0x86, 0x00, 0x6b, 0x01, 0x83, 0x00,
    0x6f, 0x01, 0x7f, 0x00, 0x73, 0x01, 0x7c, 0x00, 0x75, 0x01, 0x79, 0x00, 0x79, 0x01, 0x76, 0x00,
    0x7b, 0x01, 0x74, 0x00, 0x7d, 0x01, 0x71, 0x00, 0x81, 0x01, 0x6e, 0x00, 0x83, 0x01, 0x6c, 0x00,
    0x85, 0x01, 0x6a, 0x00, 0x87, 0x01, 0x68, 0x00, 0x89, 0x01, 0x65, 0x00, 0x8d, 0x01, 0x62, 0x00,
    0x8f, 0x01, 0x60, 0x00, 0x91, 0x01, 0x5f, 0x00, 0x91, 0x01, 0x5e, 0x00, 0x93, 0x01, 0x5c, 0x00,
    0x95, 0x01, 0x5a, 0x00, 0x97, 0x01, 0x58, 0x00, 0x99, 0x01, 0x56, 0x00, 0x9b, 0x01, 0x54, 0x00,
    0x9d, 0x01, 0x53, 0x00, 0x9d, 0x01, 0x52, 0x00, 0x9f, 0x01, 0x50, 0x00, 0xa1, 0x01, 0x4f, 0x00,
    0xa1, 0x01, 0x4e, 0x00, 0xa3, 0x01, 0x4c, 0x00, 0x39, 0x01, 0x01, 0x00, 0x6b, 0x01, 0x4b, 0x00,
    0x35, 0x01, 0x09, 0x00, 0x67, 0x01, 0x4a, 0x00, 0x34, 0x01, 0x0d, 0x00, 0x66, 0x01, 0x49, 0x00,
    0x32, 0x01, 0x11, 0x00, 0x64, 0x01, 0x48, 0x00, 0x32, 0x01, 0x13, 0x00, 0x64, 0x01, 0x47, 0x00,
    0x31, 0x01, 0x15, 0x00, 0x63, 0x01, 0x46, 0x00, 0x31, 0x01, 0x17, 0x00, 0x63, 0x01, 0x45, 0x00,
    0x30, 0x01, 0x19, 0x00, 0x62, 0x01, 0x44, 0x00, 0x31, 0x01, 0x19, 0x00, 0x63, 0x01, 0x43, 0x00,
    0x30, 0x01, 0x1b, 0x00, 0x62, 0x01, 0x42, 0x00, 0x31, 0x01, 0x1b, 0x00, 0x63, 0x01, 0x41, 0x00,
    0x30, 0x01, 0x1d, 0x00, 0x62, 0x01, 0x41, 0x00, 0x2f, 0x01, 0x1f, 0x00, 0x61, 0x01, 0x40, 0x00,
    0x30, 0x01, 0x1f, 0x00, 0x62, 0x01, 0x3f, 0x00, 0x30, 0x01, 0x1f, 0x00, 0x62, 0x01, 0x3f, 0x00,
    0x2f, 0x01, 0x21, 0x00, 0x61, 0x01, 0x3e, 0x00, 0x30, 0x01, 0x21, 0x00, 0x62, 0x01, 0x3d, 0x00,
    0x30, 0x01, 0x0a, 0x00, 0x01, 0x03, 0x16, 0x00, 0x62, 0x01, 0x3d, 0x00, 0x2f, 0x01, 0x09, 0x00,
    0x05, 0x03, 0x15, 0x00, 0x61, 0x01, 0x3d, 0x00, 0x2f, 0x01, 0x08, 0x00, 0x07, 0x03, 0x14, 0x00,
    0x61, 0x01, 0x3d, 0x00, 0x2f, 0x01, 0x08, 0x00, 0x07, 0x03, 0x14, 0x00, 0x61, 0x01, 0x3c, 0x00,
    0x30, 0x01, 0x07, 0x00, 0x09, 0x03, 0x13, 0x00, 0x62, 0x01, 0x3b, 0x00, 0x2f, 0x01, 0x09, 0x00,
    0x07, 0x03, 0x15, 0x00, 0x61, 0x01, 0x3b, 0x00, 0x2f, 0x01, 0x09, 0x00, 0x07, 0x03, 0x15, 0x00,
    0x61, 0x01, 0x31, 0x00, 0x01, 0x04, 0x09, 0x00, 0x2f, 0x01, 0x0a, 0x00, 0x05, 0x03, 0x16, 0x00,
    0x61, 0x01, 0x2e, 0x00, 0x07, 0x04, 0x06, 0x00, 0x2f, 0x01, 0x0c, 0x00, 0x01, 0x03, 0x18, 0x00,
    0x61, 0x01, 0x2d, 0x00, 0x09, 0x04, 0x05, 0x00, 0x2f, 0x01, 0x25, 0x00, 0x61, 0x01, 0x2c, 0x00,
    0x0b, 0x04, 0x04, 0x00, 0x2f, 0x01, 0x25, 0x00, 0x61, 0x01, 0x2b, 0x00, 0x0d, 0x04, 0x03, 0x00,
    0x2f, 0x01, 0x25, 0x00, 0x61, 0x01, 0x2b, 0x00, 0x0d, 0x04, 0x03, 0x00, 0x2f, 0x01, 0x25, 0x00,
    0x61, 0x01, 0x2b, 0x00, 0x0d, 0x04, 0x03, 0x00, 0x2f, 0x01, 0x25, 0x00, 0x61, 0x01, 0x2a, 0x00,
    0x0f, 0x04, 0x01, 0x00, 0x2f, 0x01, 0x27, 0x00, 0x61, 0x01, 0x2a, 0x00, 0x0d, 0x04, 0x03, 0x00,
    0x2f, 0x01, 0x25, 0x00, 0x61, 0x01, 0x2b, 0x00, 0x0d, 0x04, 0x03, 0x00, 0x2f, 0x01, 0x25, 0x00,
    0x61, 0x01, 0x2b, 0x00, 0x0d, 0x04, 0x03, 0x00, 0x2f, 0x01, 0x25, 0x00, 0x61, 0x01, 0x2c, 0x00,
    0x0b, 0x04, 0x04, 0x00, 0x2f, 0x01, 0x25, 0x00, 0x61, 0x01, 0x2d, 0x00, 0x09, 0x04, 0x05, 0x00,
    0x2f, 0x01, 0x25, 0x00, 0x61, 0x01, 0x2e, 0x00, 0x07, 0x04, 0x06, 0x00, 0x2f, 0x01, 0x25, 0x00,
    0x61, 0x01, 0x31, 0x00, 0x01, 0x04, 0x09, 0x00, 0x2f, 0x01, 0x25, 0x00, 0x61, 0x01, 0x3b, 0x00,
    0x2f, 0x01, 0x25, 0x00, 0x61, 0x01, 0x3b, 0x00, 0x2f, 0x01, 0x25, 0x00, 0x61, 0x01, 0x3b, 0x00,
    0x30, 0x01, 0x23, 0x00, 0x62, 0x01, 0x3c, 0x00, 0x2f, 0x01, 0x23, 0x00, 0x61, 0x01, 0x3d, 0x00,
    0x2f, 0x01, 0x23, 0x00, 0x61, 0x01, 0x3d, 0x00, 0x2f, 0x01, 0x23, 0x00, 0x61, 0x01, 0x3d, 0x00,
    0x30, 0x01, 0x21, 0x00, 0x62, 0x01, 0x3d, 0x00, 0x30, 0x01, 0x21, 0x00, 0x62, 0x01, 0x3e, 0x00,
    0x2f, 0x01, 0x21, 0x00, 0x61, 0x01, 0x3f, 0x00, 0x30, 0x01, 0x1f, 0x00, 0x62, 0x01, 0x3f, 0x00,
    0x30, 0x01, 0x1f, 0x00, 0x62, 0x01, 0x40, 0x00, 0x2f, 0x01, 0x1f, 0x00, 0x61, 0x01, 0x41, 0x00,
    0x30, 0x01, 0x1d, 0x00, 0x62, 0x01, 0x41, 0x00, 0x31, 0x01, 0x1b, 0x00, 0x63, 0x01, 0x42, 0x00,
    0x30, 0x01, 0x1b, 0x00, 0x62, 0x01, 0x43, 0x00, 0x31, 0x01, 0x19, 0x00, 0x63, 0x01, 0x44, 0x00,
    0x30, 0x01, 0x19, 0x00, 0x62, 0x01, 0x45, 0x00, 0x31, 0x01, 0x17, 0x00, 0x63, 0x01, 0x46, 0x00,
    0x31, 0x01, 0x15, 0x00, 0x63, 0x01, 0x47, 0x00, 0x32, 0x01, 0x13, 0x00, 0x64, 0x01, 0x48, 0x00,
    0x32, 0x01, 0x11, 0x00, 0x64, 0x01, 0x49, 0x00, 0x34, 0x01, 0x0d, 0x00, 0x66, 0x01, 0x4a, 0x00,
    0x35, 0x01, 0x09, 0x00, 0x67, 0x01, 0x4b, 0x00, 0x39, 0x01, 0x01, 0x00, 0x6b, 0x01, 0x4c, 0x00,
    0xa3, 0x01, 0x4e, 0x00, 0xa1, 0x01, 0x4f, 0x00, 0xa1, 0x01, 0x50, 0x00, 0x9f, 0x01, 0x52, 0x00,
    0x9d, 0x01, 0x53, 0x00, 0x9d, 0x01, 0x54, 0x00, 0x9b, 0x01, 0x56, 0x00, 0x99, 0x01, 0x58, 0x00,
    0x97, 0x01, 0x5a, 0x00, 0x95, 0x01, 0x5c, 0x00, 0x93, 0x01, 0x5e, 0x00, 0x91, 0x01, 0x5f, 0x00,
    0x91, 0x01, 0x60, 0x00, 0x8f, 0x01, 0x62, 0x00, 0x8d, 0x01, 0x65, 0x00, 0x89, 0x01, 0x68, 0x00,
    0x87, 0x01, 0x6a, 0x00, 0x85, 0x01, 0x6c, 0x00, 0x83, 0x01, 0x6e, 0x00, 0x81, 0x01, 0x71, 0x00,
    0x7d, 0x01, 0x74, 0x00, 0x7b, 0x01, 0x76, 0x00, 0x79, 0x01, 0x79, 0x00, 0x75, 0x01, 0x7c, 0x00,
    0x73, 0x01, 0x7f, 0x00, 0x6f, 0x01, 0x83, 0x00, 0x6b, 0x01, 0x86, 0x00, 0x69, 0x01, 0x89, 0x00,
    0x65, 0x01, 0x8d, 0x00, 0x61, 0x01, 0x91, 0x00, 0x5d, 0x01, 0x95, 0x00, 0x59, 0x01, 0x9a, 0x00,
    0x53, 0x01, 0x9f, 0x00, 0x4f, 0x01, 0xa4, 0x00, 0x49, 0x01, 0xaa, 0x00, 0x43, 0x01, 0xb1, 0x00,
    0x3b, 0x01, 0xb9, 0x00, 0x33, 0x01, 0xc1, 0x00, 0x2b, 0x01, 0xcb, 0x00, 0x1f, 0x01, 0xe0, 0x00,
    0x01, 0x01, 0xff, 0x00, 0xff, 0x00, 0xff, 0x00, 0xff, 0x00, 0xff, 0x00, 0xff, 0x00, 0xff, 0x00,
    0xff, 0x00, 0xff, 0x00, 0xff, 0x00, 0xff, 0x00, 0xff, 0x00, 0xff, 0x00, 0xff, 0x00, 0xff, 0x00,
    0xff, 0x00, 0xff, 0x00, 0xff, 0x00, 0xff, 0x00, 0xff, 0x00, 0xff, 0x00, 0xff, 0x00, 0xff, 0x00,
    0xff, 0x00, 0xff, 0x00, 0xff, 0x00, 0xff, 0x00, 0xff, 0x00, 0xff, 0x00, 0xff, 0x00, 0xff, 0x00,
    0xff, 0x00, 0xff, 0x00, 0xff, 0x00, 0xff, 0x00, 0xff, 0x00, 0xff, 0x00, 0xff, 0x00, 0xff, 0x00,
    0xff, 0x00, 0xff, 0x00, 0xff, 0x00, 0xff, 0x00, 0xff, 0x00, 0xb3, 0x00, 0xff, 0x00, 0xff, 0x00,
    0xff, 0x00, 0xff, 0x00, 0xff, 0x00, 0xff, 0x00, 0xff, 0x00, 0xff, 0x00, 0xff, 0x00, 0xff, 0x00,
    0xff, 0x00, 0xff, 0x00, 0xff, 0x00, 0xff, 0x00, 0xff, 0x00, 0xff, 0x00, 0xff, 0x00, 0xff, 0x00,
    0xff, 0x00, 0xff, 0x00, 0xff, 0x00, 0xff, 0x00, 0xff, 0x00, 0xff, 0x00, 0xff, 0x00, 0xff, 0x00,
    0xff, 0x00, 0xff, 0x00, 0xff, 0x00, 0xff, 0x00, 0xff, 0x00, 0xff, 0x00, 0xff, 0x00, 0xff, 0x00,
    0xff, 0x00, 0xff, 0x00, 0xff, 0x00, 0xff, 0x00, 0xff, 0x00, 0xff, 0x00, 0xa7, 0x00, 0x06, 0x04,
    0xe8, 0x00, 0x09, 0x04, 0xe6, 0x00, 0x0b, 0x04, 0xe5, 0x00, 0x0c, 0x04, 0xe3, 0x00, 0x0d, 0x04,
    0xe3, 0x00, 0x0e, 0x04, 0x3f, 0x00, 0x01, 0x01, 0xa2, 0x00, 0x0e, 0x04, 0x30, 0x00, 0x1f, 0x01,
    0x93, 0x00, 0x0e, 0x04, 0x2a, 0x00, 0x2b, 0x01, 0x8d, 0x00, 0x0e, 0x04, 0x26, 0x00, 0x33, 0x01,
    0x89, 0x00, 0x0d, 0x04, 0x23, 0x00, 0x3b, 0x01, 0x86, 0x00, 0x0c, 0x04, 0x1f, 0x00, 0x43, 0x01,
    0x83, 0x00, 0x0a, 0x04, 0x1d, 0x00, 0x49, 0x01, 0x81, 0x00, 0x08, 0x04, 0x1b, 0x00, 0x4f, 0x01,
    0x80, 0x00, 0x04, 0x04, 0x1b, 0x00, 0x53, 0x01, 0x9a, 0x00, 0x59, 0x01, 0x95, 0x00, 0x5d, 0x01,
    0x91, 0x00, 0x61, 0x01, 0x8d, 0x00, 0x65, 0x01, 0x89, 0x00, 0x69, 0x01, 0x86, 0x00, 0x6b, 0x01,
    0x83, 0x00, 0x6f, 0x01, 0x7f, 0x00, 0x73, 0x01, 0x7c, 0x00, 0x75, 0x01, 0x79, 0x00, 0x79, 0x01,
    0x76, 0x00, 0x7b, 0x01, 0x74, 0x00, 0x7d, 0x01, 0x71, 0x00, 0x81, 0x01, 0x6e, 0x00, 0x83, 0x01,
    0x6c, 0x00, 0x85, 0x01, 0x6a, 0x00, 0x87, 0x01, 0x68, 0x00, 0x89, 0x01, 0x65, 0x00, 0x8d, 0x01,
    0x62, 0x00, 0x8f, 0x01, 0x60, 0x00, 0x91, 0x01, 0x5f, 0x00, 0x91, 0x01, 0x5e, 0x00, 0x93, 0x01,
    0x5c, 0x00, 0x95, 0x01, 0x5a, 0x00, 0x97, 0x01, 0x58, 0x00, 0x99, 0x01, 0x56, 0x00, 0x9b, 0x01,
    0x54, 0x00, 0x9d, 0x01, 0x53, 0x00, 0x9d, 0x01, 0x52, 0x00, 0x9f, 0x01, 0x50, 0x00, 0xa1, 0x01,
    0x4f, 0x00, 0xa1, 0x01, 0x4e, 0x00, 0xa3, 0x01, 0x4c, 0x00, 0xa5, 0x01, 0x4b, 0x00, 0x3c, 0x01,
    0x0a, 0x00, 0x5f, 0x01, 0x4a, 0x00, 0x3b, 0x01, 0x0e, 0x00, 0x5e, 0x01, 0x49, 0x00, 0x3a, 0x01,
    0x10, 0x00, 0x5d, 0x01, 0x48, 0x00, 0x39, 0x01, 0x13, 0x00, 0x5d, 0x01, 0x47, 0x00, 0x38, 0x01,
    0x15, 0x00, 0x5c, 0x01, 0x46, 0x00, 0x39, 0x01, 0x16, 0x00, 0x5c, 0x01, 0x45, 0x00, 0x38, 0x01,
    0x18, 0x00, 0x5b, 0x01, 0x44, 0x00, 0x38, 0x01, 0x1a, 0x00, 0x5b, 0x01, 0x43, 0x00, 0x37, 0x01,
    0x1b, 0x00, 0x5b, 0x01, 0x42, 0x00, 0x38, 0x01, 0x1c, 0x00, 0x5b, 0x01, 0x41, 0x00, 0x37, 0x01,
    0x1d, 0x00, 0x5b, 0x01, 0x41, 0x00, 0x37, 0x01, 0x1e, 0x00, 0x5a, 0x01, 0x40, 0x00, 0x37, 0x01,
    0x1f, 0x00, 0x5b, 0x01, 0x3f, 0x00, 0x37, 0x01, 0x20, 0x00, 0x5a, 0x01, 0x3f, 0x00, 0x37, 0x01,
    0x20, 0x00, 0x5a, 0x01, 0x3e, 0x00, 0x37, 0x01, 0x21, 0x00, 0x5b, 0x01, 0x3d, 0x00, 0x37, 0x01,
    0x22, 0x00, 0x5a, 0x01, 0x3d, 0x00, 0x37, 0x01, 0x08, 0x00, 0x05, 0x03, 0x15, 0x00, 0x5a, 0x01,
    0x3d, 0x00, 0x36, 0x01, 0x08, 0x00, 0x07, 0x03, 0x14, 0x00, 0x5a, 0x01, 0x3d, 0x00, 0x36, 0x01,
    0x08, 0x00, 0x08, 0x03, 0x14, 0x00, 0x59, 0x01, 0x3c, 0x00, 0x37, 0x01, 0x08, 0x00, 0x08, 0x03,
    0x14, 0x00, 0x5a, 0x01, 0x3b, 0x00, 0x37, 0x01, 0x08, 0x00, 0x08, 0x03, 0x14, 0x00, 0x5a, 0x01,
    0x3b, 0x00, 0x36, 0x01, 0x09, 0x00, 0x07, 0x03, 0x15, 0x00, 0x5a, 0x01, 0x3b, 0x00, 0x36, 0x01,
    0x0a, 0x00, 0x05, 0x03, 0x16, 0x00, 0x5a, 0x01, 0x3b, 0x00, 0x36, 0x01, 0x25, 0x00, 0x5a, 0x01,
    0x3b, 0x00, 0x36, 0x01, 0x26, 0x00, 0x59, 0x01, 0x3b, 0x00, 0x36, 0x01, 0x26, 0x00, 0x59, 0x01,
    0x3b, 0x00, 0x36, 0x01, 0x26, 0x00, 0x59, 0x01, 0x3b, 0x00, 0x36, 0x01, 0x26, 0x00, 0x59, 0x01,
    0x3b, 0x00, 0x36, 0x01, 0x26, 0x00, 0x59, 0x01, 0x3a, 0x00, 0x37, 0x01, 0x26, 0x00, 0x5a, 0x01,
    0x3a, 0x00, 0x36, 0x01, 0x26, 0x00, 0x59, 0x01, 0x3b, 0x00, 0x36, 0x01, 0x26, 0x00, 0x59, 0x01,
    0x3b, 0x00, 0x36, 0x01, 0x26, 0x00, 0x59, 0x01, 0x3b, 0x00, 0x36, 0x01, 0x26, 0x00, 0x59, 0x01,
    0x3b, 0x00, 0x36, 0x01, 0x26, 0x00, 0x59, 0x01, 0x3b, 0x00, 0x36, 0x01, 0x25, 0x00, 0x5a, 0x01,
    0x3b, 0x00, 0x36, 0x01, 0x25, 0x00, 0x5a, 0x01, 0x3b, 0x00, 0x36, 0x01, 0x25, 0x00, 0x5a, 0x01,
    0x3b, 0x00, 0x37, 0x01, 0x24, 0x00, 0x5a, 0x01, 0x3b, 0x00, 0x37, 0x01, 0x24, 0x00, 0x5a, 0x01,
    0x3c, 0x00, 0x36, 0x01, 0x24, 0x00, 0x59, 0x01, 0x3d, 0x00, 0x36, 0x01, 0x23, 0x00, 0x5a, 0x01,
    0x3d, 0x00, 0x37, 0x01, 0x22, 0x00, 0x5a, 0x01, 0x3d, 0x00, 0x37, 0x01, 0x22, 0x00, 0x5a, 0x01,
    0x3d, 0x00, 0x37, 0x01, 0x21, 0x00, 0x5b, 0x01, 0x3e, 0x00, 0x37, 0x01, 0x20, 0x00, 0x5a, 0x01,
    0x3f, 0x00, 0x37, 0x01, 0x20, 0x00, 0x5a, 0x01, 0x3f, 0x00, 0x37, 0x01, 0x1f, 0x00, 0x5b, 0x01,
    0x40, 0x00, 0x37, 0x01, 0x1e, 0x00, 0x5a, 0x01, 0x41, 0x00, 0x37, 0x01, 0x1d, 0x00, 0x5b, 0x01,
    0x41, 0x00, 0x38, 0x01, 0x1c, 0x00, 0x5b, 0x01, 0x42, 0x00, 0x37, 0x01, 0x1b, 0x00, 0x5b, 0x01,
    0x43, 0x00, 0x38, 0x01, 0x1a, 0x00, 0x5b, 0x01, 0x44, 0x00, 0x38, 0x01, 0x18, 0x00, 0x5b, 0x01,
    0x45, 0x00, 0x39, 0x01, 0x16, 0x00, 0x5c, 0x01, 0x46, 0x00, 0x38, 0x01, 0x15, 0x00, 0x5c, 0x01,
    0x47, 0x00, 0x39, 0x01, 0x13, 0x00, 0x5d, 0x01, 0x48, 0x00, 0x3a, 0x01, 0x10, 0x00, 0x5d, 0x01,
    0x49, 0x00, 0x3b, 0x01, 0x0e, 0x00, 0x5e, 0x01, 0x4a, 0x00, 0x3c, 0x01, 0x0a, 0x00, 0x5f, 0x01,
    0x4b, 0x00, 0xa5, 0x01, 0x4c, 0x00, 0xa3, 0x01, 0x4e, 0x00, 0xa1, 0x01, 0x4f, 0x00, 0xa1, 0x01,
    0x50, 0x00, 0x9f, 0x01, 0x52, 0x00, 0x9d, 0x01, 0x53, 0x00, 0x9d, 0x01, 0x54, 0x00, 0x9b, 0x01,
    0x56, 0x00, 0x99, 0x01, 0x58, 0x00, 0x97, 0x01, 0x5a, 0x00, 0x95, 0x01, 0x5c, 0x00, 0x93, 0x01,
    0x5e, 0x00, 0x91, 0x01, 0x5f, 0x00, 0x91, 0x01, 0x60, 0x00, 0x8f, 0x01, 0x62, 0x00, 0x8d, 0x01,
    0x65, 0x00, 0x89, 0x01, 0x68, 0x00, 0x87, 0x01, 0x6a, 0x00, 0x85, 0x01, 0x6c, 0x00, 0x83, 0x01,
    0x6e, 0x00, 0x81, 0x01, 0x71, 0x00, 0x7d, 0x01, 0x74, 0x00, 0x7b, 0x01, 0x76, 0x00, 0x79, 0x01,
    0x79, 0x00, 0x75, 0x01, 0x7c, 0x00, 0x73, 0x01, 0x7f, 0x00, 0x6f, 0x01, 0x83, 0x00, 0x6b, 0x01,
    0x86, 0x00, 0x69, 0x01, 0x89, 0x00, 0x65, 0x01, 0x8d, 0x00, 0x61, 0x01, 0x91, 0x00, 0x5d, 0x01,
    0x95, 0x00, 0x59, 0x01, 0x9a, 0x00, 0x53, 0x01, 0x9f, 0x00, 0x4f, 0x01, 0xa4, 0x00, 0x49, 0x01,
    0xaa, 0x00, 0x43, 0x01, 0xb1, 0x00, 0x3b, 0x01, 0xb9, 0x00, 0x33, 0x01, 0xc1, 0x00, 0x2b, 0x01,
    0xcb, 0x00, 0x1f, 0x01, 0xe0, 0x00, 0x01, 0x01, 0xff, 0x00, 0xff, 0x00, 0xff, 0x00, 0xff, 0x00,
    0xff, 0x00, 0xff, 0x00, 0xff, 0x00, 0xff, 0x00, 0xff, 0x00, 0xff, 0x00, 0xff, 0x00, 0xff, 0x00,
    0xff, 0x00, 0xff, 0x00, 0xff, 0x00, 0xff, 0x00, 0xff, 0x00, 0xff, 0x00, 0xff, 0x00, 0xff, 0x00,
    0xff, 0x00, 0xff, 0x00, 0xff, 0x00, 0xff, 0x00, 0xff, 0x00, 0xff, 0x00, 0xff, 0x00, 0xff, 0x00,
    0xff, 0x00, 0xff, 0x00, 0xff, 0x00, 0xff, 0x00, 0xff, 0x00, 0xff, 0x00, 0xff, 0x00, 0xff, 0x00,
    0xff, 0x00, 0xff, 0x00, 0xff, 0x00, 0xff, 0x00, 0xff, 0x00, 0xff, 0x00, 0xff, 0x00, 0xff, 0x00,
    0xb3, 0x00, 0xff, 0x00, 0xff, 0x00, 0xff, 0x00, 0xff, 0x00, 0xff, 0x00, 0xff, 0x00, 0xff, 0x00,
    0xff, 0x00, 0xff, 0x00, 0xff, 0x00, 0xff, 0x00, 0xff, 0x00, 0xb4, 0x00, 0x01, 0x0e, 0xec, 0x00,
    0x07, 0x0e, 0xe8, 0x00, 0x09, 0x0e, 0xe6, 0x00, 0x0b, 0x0e, 0xe4, 0x00, 0x0d, 0x0e, 0xe3, 0x00,
    0x0d, 0x0e, 0xe3, 0x00, 0x0d, 0x0e, 0xe2, 0x00, 0x0f, 0x0e, 0xe2, 0x00, 0x0d, 0x0e, 0xe3, 0x00,
    0x0d, 0x0e, 0xe3, 0x00, 0x0d, 0x0e, 0xe4, 0x00, 0x0b, 0x0e, 0xe6, 0x00, 0x09, 0x0e, 0xe8, 0x00,
    0x07, 0x0e, 0xec, 0x00, 0x01, 0x0e, 0xff, 0x00, 0xff, 0x00, 0xff, 0x00, 0xff, 0x00, 0xff, 0x00,
    0xff, 0x00, 0xff, 0x00, 0xff, 0x00, 0xff, 0x00, 0xff, 0x00, 0xff, 0x00, 0xff, 0x00, 0xff, 0x00,
    0xff, 0x00, 0xff, 0x00, 0xff, 0x00, 0xff, 0x00, 0xff, 0x00, 0xff, 0x00, 0xff, 0x00, 0xff, 0x00,
    0xff, 0x00, 0xff, 0x00, 0xff, 0x00, 0xff, 0x00, 0xff, 0x00, 0xff, 0x00, 0xff, 0x00, 0xff, 0x00,
    0xff, 0x00, 0xff, 0x00, 0xff, 0x00, 0xff, 0x00, 0xff, 0x00, 0xff, 0x00, 0xff, 0x00, 0xff, 0x00,
    0xff, 0x00, 0xff, 0x00, 0xff, 0x00, 0xff, 0x00, 0xff, 0x00, 0xff, 0x00, 0xff, 0x00, 0xff, 0x00,
    0xff, 0x00, 0xff, 0x00, 0xff, 0x00, 0xff, 0x00, 0xff, 0x00, 0xff, 0x00, 0xff, 0x00, 0xff, 0x00,
    0xff, 0x00, 0xff, 0x00, 0xff, 0x00, 0xff, 0x00, 0xff, 0x00, 0xff, 0x00, 0xff, 0x00, 0xff, 0x00,
    0xff, 0x00, 0xff, 0x00, 0xff, 0x00, 0xff, 0x00, 0xff, 0x00, 0xff, 0x00, 0xff, 0x00, 0xff, 0x00,
    0xff, 0x00, 0xff, 0x00, 0xff, 0x00, 0xff, 0x00, 0xff, 0x00, 0x0b, 0x01, 0x9d, 0x00, 0x0b, 0x01,
    0x3d, 0x00, 0x11, 0x01, 0x91, 0x00, 0x11, 0x01, 0x3d, 0x00, 0x16, 0x01, 0x87, 0x00, 0x16, 0x01,
    0x3c, 0x00, 0x1d, 0x01, 0x7b, 0x00, 0x1d, 0x01, 0x3b, 0x00, 0x23, 0x01, 0x6f, 0x00, 0x23, 0x01,
    0x3b, 0x00, 0x29, 0x01, 0x63, 0x00, 0x29, 0x01, 0x3b, 0x00, 0x30, 0x01, 0x55, 0x00, 0x30, 0x01,
    0x3b, 0x00, 0x38, 0x01, 0x45, 0x00, 0x38, 0x01, 0x3b, 0x00, 0x42, 0x01, 0x31, 0x00, 0x42, 0x01,
    0x3b, 0x00, 0xb5, 0x01, 0x3b, 0x00, 0xb5, 0x01, 0x3b, 0x00, 0xb5, 0x01, 0x3b, 0x00, 0xb5, 0x01,
    0x3b, 0x00, 0xb5, 0x01, 0x3a, 0x00, 0xb7, 0x01, 0x3a, 0x00, 0xb5, 0x01, 0x3b, 0x00, 0xb5, 0x01,
    0x3b, 0x00, 0xb5, 0x01, 0x3b, 0x00, 0xb5, 0x01, 0x3b, 0x00, 0xb5, 0x01, 0x3b, 0x00, 0x42, 0x01,
    0x31, 0x00, 0x42, 0x01, 0x3b, 0x00, 0x38, 0x01, 0x45, 0x00, 0x38, 0x01, 0x3b, 0x00, 0x30, 0x01,
    0x55, 0x00, 0x30, 0x01, 0x3b, 0x00, 0x29, 0x01, 0x63, 0x00, 0x29, 0x01, 0x3b, 0x00, 0x23, 0x01,
    0x6f, 0x00, 0x23, 0x01, 0x3b, 0x00, 0x1d, 0x01, 0x7b, 0x00, 0x1d, 0x01, 0x3c, 0x00, 0x16, 0x01,
    0x87, 0x00, 0x16, 0x01, 0x3d, 0x00, 0x11, 0x01, 0x91, 0x00, 0x11, 0x01, 0x3d, 0x00, 0x0b, 0x01,
    0x9d, 0x00, 0x0b, 0x01, 0xff, 0x00, 0xff, 0x00, 0xff, 0x00, 0xff, 0x00, 0xff, 0x00, 0xff, 0x00,
    0xff, 0x00, 0xff, 0x00, 0xff, 0x00, 0xff, 0x00, 0xff, 0x00, 0xff, 0x00, 0xff, 0x00, 0xff, 0x00,
    0xff, 0x00, 0xff, 0x00, 0xff, 0x00, 0xff, 0x00, 0xff, 0x00, 0xff, 0x00, 0xff, 0x00, 0xff, 0x00,
    0xff, 0x00, 0xff, 0x00, 0xff, 0x00, 0xff, 0x00, 0xff, 0x00, 0xff, 0x00, 0xff, 0x00, 0xff, 0x00,
    0xff, 0x00, 0xff, 0x00, 0xff, 0x00, 0xff, 0x00, 0xff, 0x00, 0xff, 0x00, 0xff, 0x00, 0xff, 0x00,
    0xff, 0x00, 0xff, 0x00, 0xff, 0x00, 0xff, 0x00, 0xff, 0x00, 0xff, 0x00, 0xff, 0x00, 0xff, 0x00,
    0xff, 0x00, 0xff, 0x00, 0xff, 0x00, 0xff, 0x00, 0xff, 0x00, 0xff, 0x00, 0xff, 0x00, 0xff, 0x00,
    0xff, 0x00, 0xff, 0x00, 0xff, 0x00, 0xff, 0x00, 0xff, 0x00, 0xff, 0x00, 0xff, 0x00, 0xff, 0x00,
    0xff, 0x00, 0xff, 0x00, 0xff, 0x00, 0xff, 0x00, 0xff, 0x00, 0xff, 0x00, 0xff, 0x00, 0xff, 0x00,
    0xff, 0x00, 0xff, 0x00, 0xff, 0x00, 0xff, 0x00, 0xff, 0x00, 0xff, 0x00, 0xff, 0x00, 0xff, 0x00,
    0xff, 0x00, 0xff, 0x00, 0xff, 0x00, 0xff, 0x00, 0xff, 0x00, 0xff, 0x00, 0xff, 0x00, 0xff, 0x00,
    0xff, 0x00, 0xff, 0x00, 0xff, 0x00, 0xff, 0x00, 0xff, 0x00, 0xff, 0x00, 0xff, 0x00, 0xff, 0x00,
    0xff, 0x00, 0xff, 0x00, 0xff, 0x00, 0xff, 0x00, 0xf0, 0x00, 0xff, 0x00, 0xff, 0x00, 0xff, 0x00,
    0xff, 0x00, 0xff, 0x00, 0xff, 0x00, 0xff, 0x00, 0xff, 0x00, 0xff, 0x00, 0xff, 0x00, 0xff, 0x00,
    0xff, 0x00, 0xff, 0x00, 0xff, 0x00, 0xff, 0x00, 0xff, 0x00, 0xff, 0x00, 0xff, 0x00, 0xff, 0x00,
    0xff, 0x00, 0xff, 0x00, 0xff, 0x00, 0xff, 0x00, 0xff, 0x00, 0xff, 0x00, 0xff, 0x00, 0xff, 0x00,
    0xff, 0x00, 0xff, 0x00, 0xff, 0x00, 0xff, 0x00, 0xff, 0x00, 0xff, 0x00, 0xff, 0x00, 0xff, 0x00,
    0xff, 0x00, 0xff, 0x00, 0xff, 0x00, 0xff, 0x00, 0xff, 0x00, 0xff, 0x00, 0xff, 0x00, 0xff, 0x00,
    0xff, 0x00, 0xff, 0x00, 0xff, 0x00, 0xff, 0x00, 0xff, 0x00, 0xff, 0x00, 0xff, 0x00, 0xff, 0x00,
    0xff, 0x00, 0xff, 0x00, 0xff, 0x00, 0xff, 0x00, 0xff, 0x00, 0xff, 0x00, 0xff, 0x00, 0xff, 0x00,
    0xff, 0x00, 0xff, 0x00, 0x08, 0x00, 0x08, 0x09, 0xe7, 0x00, 0x0a, 0x09, 0xe5, 0x00, 0x0c, 0x09,
    0xe4, 0x00, 0x0c, 0x09, 0xe3, 0x00, 0x0e, 0x09, 0xe2, 0x00, 0x0e, 0x09, 0xe2, 0x00, 0x0e, 0x09,
    0xe2, 0x00, 0x0e, 0x09, 0xe2, 0x00, 0x0e, 0x09, 0xe3, 0x00, 0x0c, 0x09, 0xe4, 0x00, 0x0c, 0x09,
    0xe5, 0x00, 0x0a, 0x09, 0xe7, 0x00, 0x08, 0x09, 0xff, 0x00, 0xff, 0x00, 0xff, 0x00, 0xff, 0x00,
    0xff, 0x00, 0xff, 0x00, 0xff, 0x00, 0xff, 0x00, 0xff, 0x00, 0xff, 0x00, 0xff, 0x00, 0xff, 0x00,
    0xff, 0x00, 0xff, 0x00, 0xff, 0x00, 0xff, 0x00, 0xff, 0x00, 0xff, 0x00, 0xff, 0x00, 0xff, 0x00,
    0xff, 0x00, 0xff, 0x00, 0xff, 0x00, 0xff, 0x00, 0xff, 0x00, 0xff, 0x00, 0xff, 0x00, 0x87, 0x00,
    0x0b, 0x01, 0x9d, 0x00, 0x0b, 0x01, 0x3d, 0x00, 0x11, 0x01, 0x91, 0x00, 0x11, 0x01, 0x3d, 0x00,
    0x16, 0x01, 0x87, 0x00, 0x16, 0x01, 0x3c, 0x00, 0x1d, 0x01, 0x7b, 0x00, 0x1d, 0x01, 0x3b, 0x00,
    0x23, 0x01, 0x6f, 0x00, 0x23, 0x01, 0x3b, 0x00, 0x29, 0x01, 0x63, 0x00, 0x29, 0x01, 0x3b, 0x00,
    0x30, 0x01, 0x55, 0x00, 0x30, 0x01, 0x3b, 0x00, 0x38, 0x01, 0x45, 0x00, 0x38, 0x01, 0x3b, 0x00,
    0x42, 0x01, 0x31, 0x00, 0x42, 0x01, 0x3b, 0x00, 0xb5, 0x01, 0x3b, 0x00, 0xb5, 0x01, 0x3b, 0x00,
    0xb5, 0x01, 0x3b, 0x00, 0xb5, 0x01, 0x3b, 0x00, 0xb5, 0x01, 0x3a, 0x00, 0xb7, 0x01, 0x3a, 0x00,
    0xb5, 0x01, 0x3b, 0x00, 0xb5, 0x01, 0x3b, 0x00, 0xb5, 0x01, 0x3b, 0x00, 0xb5, 0x01, 0x3b, 0x00,
    0xb5, 0x01, 0x3b, 0x00, 0x42, 0x01, 0x31, 0x00, 0x42, 0x01, 0x3b, 0x00, 0x38, 0x01, 0x45, 0x00,
    0x38, 0x01, 0x3b, 0x00, 0x30, 0x01, 0x55, 0x00, 0x30, 0x01, 0x3b, 0x00, 0x29, 0x01, 0x63, 0x00,
    0x29, 0x01, 0x3b, 0x00, 0x23, 0x01, 0x6f, 0x00, 0x23, 0x01, 0x3b, 0x00, 0x1d, 0x01, 0x7b, 0x00,
    0x1d, 0x01, 0x3c, 0x00, 0x16, 0x01, 0x87, 0x00, 0x16, 0x01, 0x3d, 0x00, 0x11, 0x01, 0x91, 0x00,
    0x11, 0x01, 0x3d, 0x00, 0x0b, 0x01, 0x9d, 0x00, 0x0b, 0x01, 0xff, 0x00, 0xff, 0x00, 0xff, 0x00,
    0xff, 0x00, 0xff, 0x00, 0xff, 0x00, 0xff, 0x00, 0xff, 0x00, 0xff, 0x00, 0xff, 0x00, 0xff, 0x00,
    0xff, 0x00, 0xff, 0x00, 0xff, 0x00, 0xff, 0x00, 0xff, 0x00, 0xff, 0x00, 0xff, 0x00, 0xff, 0x00,
    0xff, 0x00, 0xff, 0x00, 0xff, 0x00, 0xff, 0x00, 0xff, 0x00, 0xff, 0x00, 0xff, 0x00, 0xff, 0x00,
    0xff, 0x00, 0xff, 0x00, 0xff, 0x00, 0xff, 0x00, 0xff, 0x00, 0xff, 0x00, 0xff, 0x00, 0xff, 0x00,
    0xff, 0x00, 0xff, 0x00, 0xff, 0x00, 0xff, 0x00, 0xff, 0x00, 0xff, 0x00, 0xff, 0x00, 0xff, 0x00,
    0xff, 0x00, 0xff, 0x00, 0xff, 0x00, 0xff, 0x00, 0xff, 0x00, 0xff, 0x00, 0xff, 0x00, 0xff, 0x00,
    0xff, 0x00, 0xff, 0x00, 0xff, 0x00, 0xff, 0x00, 0xff, 0x00, 0xff, 0x00, 0xff, 0x00, 0xff, 0x00,
    0xff, 0x00, 0xff, 0x00, 0xff, 0x00, 0xff, 0x00, 0xff, 0x00, 0xff, 0x00, 0xff, 0x00, 0xff, 0x00,
    0xff, 0x00, 0xff, 0x00, 0xff, 0x00, 0xff, 0x00, 0xff, 0x00, 0xff, 0x00, 0xff, 0x00, 0xff, 0x00,
    0xff, 0x00, 0xff, 0x00, 0xff, 0x00, 0xff, 0x00, 0xff, 0x00, 0xff, 0x00, 0xff, 0x00, 0xff, 0x00,
    0xff, 0x00, 0xff, 0x00, 0xff, 0x00, 0xff, 0x00, 0xff, 0x00, 0xff, 0x00, 0xff, 0x00, 0xff, 0x00,
    0xff, 0x00, 0xff, 0x00, 0xff, 0x00, 0xff, 0x00, 0xff, 0x00, 0xff, 0x00, 0xff, 0x00, 0xf0, 0x00,
    0xff, 0x00, 0xff, 0x00, 0xff, 0x00, 0xff, 0x00, 0xff, 0x00, 0xff, 0x00, 0xff, 0x00, 0xff, 0x00,
    0xff, 0x00, 0xff, 0x00, 0xff, 0x00, 0xff, 0x00, 0xff, 0x00, 0xff, 0x00, 0xff, 0x00, 0xff, 0x00,
    0xff, 0x00, 0xff, 0x00, 0xff, 0x00, 0xff, 0x00, 0xff, 0x00, 0xff, 0x00, 0xff, 0x00, 0xff, 0x00,
    0xff, 0x00, 0xff, 0x00, 0xff, 0x00, 0xff, 0x00, 0xff, 0x00, 0xff, 0x00, 0xff, 0x00, 0xff, 0x00,
    0xff, 0x00, 0xff, 0x00, 0xff, 0x00, 0xff, 0x00, 0xff, 0x00, 0xff, 0x00, 0x1e, 0x00, 0x01, 0x01,
    0xe1, 0x00, 0x1d, 0x01, 0xcd, 0x00, 0x29, 0x01, 0xc3, 0x00, 0x31, 0x01, 0xbb, 0x00, 0x39, 0x01,
    0xb4, 0x00, 0x3f, 0x01, 0xae, 0x00, 0x45, 0x01, 0xa8, 0x00, 0x4b, 0x01, 0xa3, 0x00, 0x4f, 0x01,
    0x9f, 0x00, 0x53, 0x01, 0x9a, 0x00, 0x59, 0x01, 0x95, 0x00, 0x5d, 0x01, 0x92, 0x00, 0x5f, 0x01,
    0x8f, 0x00, 0x63, 0x01, 0x8b, 0x00, 0x67, 0x01, 0x87, 0x00, 0x6b, 0x01, 0x84, 0x00, 0x6d, 0x01,
    0x81, 0x00, 0x71, 0x01, 0x7e, 0x00, 0x73, 0x01, 0x7c, 0x00, 0x75, 0x01, 0x79, 0x00, 0x79, 0x01,
    0x76, 0x00, 0x7b, 0x01, 0x74, 0x00, 0x7d, 0x01, 0x72, 0x00, 0x7f, 0x01, 0x70, 0x00, 0x81, 0x01,
    0x6d, 0x00, 0x85, 0x01, 0x6a, 0x00, 0x87, 0x01, 0x68, 0x00, 0x89, 0x01, 0x66, 0x00, 0x8b, 0x01,
    0x64, 0x00, 0x8d, 0x01, 0x62, 0x00, 0x8f, 0x01, 0x61, 0x00, 0x8f, 0x01, 0x60, 0x00, 0x91, 0x01,
    0x5e, 0x00, 0x93, 0x01, 0x5c, 0x00, 0x95, 0x01, 0x5a, 0x00, 0x97, 0x01, 0x59, 0x00, 0x97, 0x01,
    0x58, 0x00, 0x99, 0x01, 0x56, 0x00, 0x9b, 0x01, 0x54, 0x00, 0x9d, 0x01, 0x53, 0x00, 0x9d, 0x01,
    0x52, 0x00, 0x9f, 0x01, 0x50, 0x00, 0xa1, 0x01, 0x4f, 0x00, 0xa1, 0x01, 0x4e, 0x00, 0xa3, 0x01,
    0x4d, 0x00, 0xa3, 0x01, 0x4c, 0x00, 0xa5, 0x01, 0x4b, 0x00, 0xa5, 0x01, 0x4a, 0x00, 0xa7, 0x01,
    0x49, 0x00, 0xa7, 0x01, 0x48, 0x00, 0xa9, 0x01, 0x47, 0x00, 0xa9, 0x01, 0x46, 0x00, 0x55, 0x01,
    0x01, 0x00, 0x55, 0x01, 0x45, 0x00, 0x55, 0x01, 0x01, 0x00, 0x55, 0x01, 0x44, 0x00, 0x56, 0x01,
    0x01, 0x00, 0x56, 0x01, 0x43, 0x00, 0x55, 0x01, 0x03, 0x00, 0x55, 0x01, 0x43, 0x00, 0x55, 0x01,
    0x03, 0x00, 0x55, 0x01, 0x42, 0x00, 0x56, 0x01, 0x03, 0x00, 0x56, 0x01, 0x41, 0x00, 0x55, 0x01,
    0x05, 0x00, 0x55, 0x01, 0x41, 0x00, 0x55, 0x01, 0x05, 0x00, 0x55, 0x01, 0x40, 0x00, 0x56, 0x01,
    0x05, 0x00, 0x56, 0x01, 0x3f, 0x00, 0x55, 0x01, 0x07, 0x00, 0x55, 0x01, 0x3f, 0x00, 0x55, 0x01,
    0x07, 0x00, 0x55, 0x01, 0x3f, 0x00, 0x55, 0x01, 0x07, 0x00, 0x55, 0x01, 0x3e, 0x00, 0x55, 0x01,
    0x09, 0x00, 0x55, 0x01, 0x3d, 0x00, 0x55, 0x01, 0x09, 0x00, 0x55, 0x01, 0x3d, 0x00, 0x54, 0x01,
    0x0b, 0x00, 0x54, 0x01, 0x3d, 0x00, 0x52, 0x01, 0x03, 0x03, 0x0a, 0x00, 0x54, 0x01, 0x3d, 0x00,
    0x51, 0x01, 0x06, 0x03, 0x08, 0x00, 0x54, 0x01, 0x3c, 0x00, 0x51, 0x01, 0x07, 0x03, 0x09, 0x00,
    0x54, 0x01, 0x3b, 0x00, 0x51, 0x01, 0x08, 0x03, 0x08, 0x00, 0x54, 0x01, 0x3b, 0x00, 0x49, 0x01,
    0x08, 0x00, 0x08, 0x03, 0x13, 0x00, 0x49, 0x01, 0x3b, 0x00, 0x40, 0x01, 0x11, 0x00, 0x07, 0x03,
    0x1d, 0x00, 0x40, 0x01, 0x3b, 0x00, 0x42, 0x01, 0x10, 0x00, 0x06, 0x03, 0x1b, 0x00, 0x42, 0x01,
    0x3b, 0x00, 0x43, 0x01, 0x10, 0x00, 0x03, 0x03, 0x1c, 0x00, 0x43, 0x01, 0x3b, 0x00, 0x44, 0x01,
    0x2d, 0x00, 0x44, 0x01, 0x3b, 0x00, 0x46, 0x01, 0x29, 0x00, 0x46, 0x01, 0x3b, 0x00, 0x47, 0x01,
    0x27, 0x00, 0x47, 0x01, 0x3b, 0x00, 0x48, 0x01, 0x25, 0x00, 0x48, 0x01, 0x3b, 0x00, 0x4a, 0x01,
    0x21, 0x00, 0x4a, 0x01, 0x3a, 0x00, 0x4c, 0x01, 0x1f, 0x00, 0x4c, 0x01, 0x3a, 0x00, 0x4c, 0x01,
    0x1d, 0x00, 0x4c, 0x01, 0x3b, 0x00, 0x4e, 0x01, 0x19, 0x00, 0x4e, 0x01, 0x3b, 0x00, 0x4f, 0x01,
    0x17, 0x00, 0x4f, 0x01, 0x3b, 0x00, 0x50, 0x01, 0x15, 0x00, 0x50, 0x01, 0x3b, 0x00, 0x4f, 0x01,
    0x17, 0x00, 0x4f, 0x01, 0x3b, 0x00, 0x4f, 0x01, 0x17, 0x00, 0x4f, 0x01, 0x3b, 0x00, 0x4f, 0x01,
    0x17, 0x00, 0x4f, 0x01, 0x3b, 0x00, 0x4e, 0x01, 0x19, 0x00, 0x4e, 0x01, 0x3b, 0x00, 0x4e, 0x01,
    0x19, 0x00, 0x4e, 0x01, 0x3b, 0x00, 0x4e, 0x01, 0x19, 0x00, 0x4e, 0x01, 0x3b, 0x00, 0x4d, 0x01,
    0x1b, 0x00, 0x4d, 0x01, 0x3c, 0x00, 0x4c, 0x01, 0x0d, 0x00, 0x01, 0x01, 0x0d, 0x00, 0x4c, 0x01,
    0x3d, 0x00, 0x4c, 0x01, 0x0b, 0x00, 0x05, 0x01, 0x0b, 0x00, 0x4c, 0x01, 0x3d, 0x00, 0x4b, 0x01,
    0x0b, 0x00, 0x07, 0x01, 0x0b, 0x00, 0x4b, 0x01, 0x3d, 0x00, 0x4b, 0x01, 0x09, 0x00, 0x0b, 0x01,
    0x09, 0x00, 0x4b, 0x01, 0x3d, 0x00, 0x4b, 0x01, 0x08, 0x00, 0x0d, 0x01, 0x08, 0x00, 0x4b, 0x01,
    0x3e, 0x00, 0x4a, 0x01, 0x06, 0x00, 0x11, 0x01, 0x06, 0x00, 0x4a, 0x01, 0x3f, 0x00, 0x49, 0x01,
    0x06, 0x00, 0x13, 0x01, 0x06, 0x00, 0x49, 0x01, 0x3f, 0x00, 0x49, 0x01, 0x05, 0x00, 0x15, 0x01,
    0x05, 0x00, 0x49, 0x01, 0x3f, 0x00, 0x49, 0x01, 0x03, 0x00, 0x19, 0x01, 0x03, 0x00, 0x49, 0x01,
    0x40, 0x00, 0x47, 0x01, 0x03, 0x00, 0x1b, 0x01, 0x03, 0x00, 0x47, 0x01, 0x41, 0x00, 0x47, 0x01,
    0x01, 0x00, 0x1f, 0x01, 0x01, 0x00, 0x47, 0x01, 0x41, 0x00, 0xaf, 0x01, 0x42, 0x00, 0xad, 0x01,
    0x43, 0x00, 0xad, 0x01, 0x43, 0x00, 0xad, 0x01, 0x44, 0x00, 0xab, 0x01, 0x45, 0x00, 0xab, 0x01,
    0x46, 0x00, 0xa9, 0x01, 0x47, 0x00, 0xa9, 0x01, 0x48, 0x00, 0xa7, 0x01, 0x49, 0x00, 0xa7, 0x01,
    0x4a, 0x00, 0xa5, 0x01, 0x4b, 0x00, 0xa5, 0x01, 0x4c, 0x00, 0xa3, 0x01, 0x4d, 0x00, 0xa3, 0x01,
    0x4e, 0x00, 0xa1, 0x01, 0x4f, 0x00, 0xa1, 0x01, 0x50, 0x00, 0x9f, 0x01, 0x52, 0x00, 0x9d, 0x01,
    0x53, 0x00, 0x9d, 0x01, 0x54, 0x00, 0x9b, 0x01, 0x56, 0x00, 0x99, 0x01, 0x58, 0x00, 0x97, 0x01,
    0x07, 0x00, 0x08, 0x0e, 0x4a, 0x00, 0x97, 0x01, 0x06, 0x00, 0x0a, 0x0e, 0x4a, 0x00, 0x95, 0x01,
    0x06, 0x00, 0x0c, 0x0e, 0x4a, 0x00, 0x93, 0x01, 0x07, 0x00, 0x0c, 0x0e, 0x4b, 0x00, 0x91, 0x01,
    0x07, 0x00, 0x0e, 0x0e, 0x4b, 0x00, 0x8f, 0x01, 0x08, 0x00, 0x0e, 0x0e, 0x4b, 0x00, 0x8f, 0x01,
    0x08, 0x00, 0x0e, 0x0e, 0x4c, 0x00, 0x8d, 0x01, 0x09, 0x00, 0x0e, 0x0e, 0x4d, 0x00, 0x8b, 0x01,
    0x0a, 0x00, 0x0e, 0x0e, 0x4e, 0x00, 0x89, 0x01, 0x0c, 0x00, 0x0c, 0x0e, 0x50, 0x00, 0x87, 0x01,
    0x0d, 0x00, 0x0c, 0x0e, 0x51, 0x00, 0x85, 0x01, 0x0f, 0x00, 0x0a, 0x0e, 0x54, 0x00, 0x81, 0x01,
    0x12, 0x00, 0x08, 0x0e, 0x56, 0x00, 0x7f, 0x01, 0x72, 0x00, 0x7d, 0x01, 0x74, 0x00, 0x7b, 0x01,
    0x76, 0x00, 0x79, 0x01, 0x79, 0x00, 0x75, 0x01, 0x7c, 0x00, 0x73, 0x01, 0x7e, 0x00, 0x71, 0x01,
    0x81, 0x00, 0x6d, 0x01, 0x84, 0x00, 0x6b, 0x01, 0x87, 0x00, 0x67, 0x01, 0x8b, 0x00, 0x63, 0x01,
    0x8f, 0x00, 0x5f, 0x01, 0x92, 0x00, 0x5d, 0x01, 0x95, 0x00, 0x59, 0x01, 0x9a, 0x00, 0x53, 0x01,
    0x9f, 0x00, 0x4f, 0x01, 0xa3, 0x00, 0x4b, 0x01, 0xa8, 0x00, 0x45, 0x01, 0xae, 0x00, 0x3f, 0x01,
    0xb4, 0x00, 0x39, 0x01, 0xbb, 0x00, 0x31, 0x01, 0xc3, 0x00, 0x29, 0x01, 0xcd, 0x00, 0x1d, 0x01,
    0xe1, 0x00, 0x01, 0x01, 0xff, 0x00, 0xff, 0x00, 0xff, 0x00, 0xff, 0x00, 0xff, 0x00, 0xff, 0x00,
    0xff, 0x00, 0xff, 0x00, 0xff, 0x00, 0xff, 0x00, 0xff, 0x00, 0xff, 0x00, 0xff, 0x00, 0xff, 0x00,
    0xff, 0x00, 0xff, 0x00, 0xff, 0x00, 0xff, 0x00, 0xff, 0x00, 0xff, 0x00, 0xff, 0x00, 0xff, 0x00,
    0xff, 0x00, 0xff, 0x00, 0xff, 0x00, 0xff, 0x00, 0xff, 0x00, 0xff, 0x00, 0xff, 0x00, 0xff, 0x00,
    0xff, 0x00, 0xff, 0x00, 0xff, 0x00, 0xff, 0x00, 0xff, 0x00, 0xff, 0x00, 0xff, 0x00, 0x2c, 0x00,
    0xff, 0x00, 0xff, 0x00, 0xff, 0x00, 0xff, 0x00, 0xff, 0x00, 0xff, 0x00, 0xff, 0x00, 0xff, 0x00,
    0xff, 0x00, 0xff, 0x00, 0xff, 0x00, 0xff, 0x00, 0xff, 0x00, 0xff, 0x00, 0xff, 0x00, 0xff, 0x00,
    0xff, 0x00, 0xff, 0x00, 0xff, 0x00, 0xff, 0x00, 0xff, 0x00, 0xff, 0x00, 0xff, 0x00, 0xff, 0x00,
    0xff, 0x00, 0xff, 0x00, 0xff, 0x00, 0xff, 0x00, 0xff, 0x00, 0xff, 0x00, 0xff, 0x00, 0xff, 0x00,
    0xff, 0x00, 0xff, 0x00, 0xff, 0x00, 0xff, 0x00, 0xff, 0x00, 0xff, 0x00, 0x1e, 0x00, 0x01, 0x01,
    0xe1, 0x00, 0x1d, 0x01, 0xcd, 0x00, 0x29, 0x01, 0xc3, 0x00, 0x31, 0x01, 0xbb, 0x00, 0x39, 0x01,
    0xb4, 0x00, 0x3f, 0x01, 0xae, 0x00, 0x45, 0x01, 0xa8, 0x00, 0x4b, 0x01, 0xa3, 0x00, 0x4f, 0x01,
    0x9f, 0x00, 0x53, 0x01, 0x9a, 0x00, 0x59, 0x01, 0x95, 0x00, 0x5d, 0x01, 0x92, 0x00, 0x5f, 0x01,
    0x8f, 0x00, 0x63, 0x01, 0x8b, 0x00, 0x67, 0x01, 0x87, 0x00, 0x6b, 0x01, 0x84, 0x00, 0x6d, 0x01,
    0x81, 0x00, 0x71, 0x01, 0x7e, 0x00, 0x73, 0x01, 0x7c, 0x00, 0x75, 0x01, 0x79, 0x00, 0x79, 0x01,
    0x76, 0x00, 0x7b, 0x01, 0x74, 0x00, 0x7d, 0x01, 0x72, 0x00, 0x7f, 0x01, 0x70, 0x00, 0x81, 0x01,
    0x6d, 0x00, 0x85, 0x01, 0x6a, 0x00, 0x87, 0x01, 0x68, 0x00, 0x89, 0x01, 0x66, 0x00, 0x8b, 0x01,
    0x64, 0x00, 0x8d, 0x01, 0x62, 0x00, 0x8f, 0x01, 0x61, 0x00, 0x8f, 0x01, 0x60, 0x00, 0x91, 0x01,
    0x5e, 0x00, 0x93, 0x01, 0x5c, 0x00, 0x95, 0x01, 0x5a, 0x00, 0x97, 0x01, 0x59, 0x00, 0x97, 0x01,
    0x58, 0x00, 0x99, 0x01, 0x56, 0x00, 0x9b, 0x01, 0x54, 0x00, 0x9d, 0x01, 0x53, 0x00, 0x9d, 0x01,
    0x52, 0x00, 0x9f, 0x01, 0x50, 0x00, 0xa1, 0x01, 0x4f, 0x00, 0xa1, 0x01, 0x4e, 0x00, 0xa3, 0x01,
    0x4d, 0x00, 0xa3, 0x01, 0x4c, 0x00, 0xa5, 0x01, 0x4b, 0x00, 0xa5, 0x01, 0x4a, 0x00, 0xa7, 0x01,
    0x49, 0x00, 0xa7, 0x01, 0x48, 0x00, 0xa9, 0x01, 0x47, 0x00, 0xa9, 0x01, 0x46, 0x00, 0x55, 0x01,
    0x01, 0x00, 0x55, 0x01, 0x45, 0x00, 0x55, 0x01, 0x01, 0x00, 0x55, 0x01, 0x44, 0x00, 0x56, 0x01,
    0x01, 0x00, 0x56, 0x01, 0x43, 0x00, 0x55, 0x01, 0x03, 0x00, 0x55, 0x01, 0x43, 0x00, 0x55, 0x01,
    0x03, 0x00, 0x55, 0x01, 0x42, 0x00, 0x56, 0x01, 0x03, 0x00, 0x56, 0x01, 0x41, 0x00, 0x55, 0x01,
    0x05, 0x00, 0x55, 0x01, 0x41, 0x00, 0x55, 0x01, 0x05, 0x00, 0x55, 0x01, 0x40, 0x00, 0x56, 0x01,
    0x05, 0x00, 0x56, 0x01, 0x3f, 0x00, 0x55, 0x01, 0x07, 0x00, 0x55, 0x01, 0x3f, 0x00, 0x55, 0x01,
    0x07, 0x00, 0x55, 0x01, 0x3f, 0x00, 0x55, 0x01, 0x07, 0x00, 0x55, 0x01, 0x3e, 0x00, 0x55, 0x01,
    0x09, 0x00, 0x55, 0x01, 0x3d, 0x00, 0x55, 0x01, 0x09, 0x00, 0x55, 0x01, 0x3d, 0x00, 0x54, 0x01,
    0x0b, 0x00, 0x54, 0x01, 0x3d, 0x00, 0x52, 0x01, 0x03, 0x03, 0x0a, 0x00, 0x54, 0x01, 0x3d, 0x00,
    0x51, 0x01, 0x06, 0x03, 0x08, 0x00, 0x54, 0x01, 0x3c, 0x00, 0x51, 0x01, 0x07, 0x03, 0x09, 0x00,
    0x54, 0x01, 0x3b, 0x00, 0x51, 0x01, 0x08, 0x03, 0x08, 0x00, 0x54, 0x01, 0x3b, 0x00, 0x49, 0x01,
    0x08, 0x00, 0x08, 0x03, 0x13, 0x00, 0x49, 0x01, 0x3b, 0x00, 0x40, 0x01, 0x11, 0x00, 0x07, 0x03,
    0x1d, 0x00, 0x40, 0x01, 0x3b, 0x00, 0x42, 0x01, 0x10, 0x00, 0x06, 0x03, 0x1b, 0x00, 0x42, 0x01,
    0x3b, 0x00, 0x43, 0x01, 0x10, 0x00, 0x03, 0x03, 0x1c, 0x00, 0x43, 0x01, 0x3b, 0x00, 0x44, 0x01,
    0x2d, 0x00, 0x44, 0x01, 0x3b, 0x00, 0x46, 0x01, 0x29, 0x00, 0x46, 0x01, 0x3b, 0x00, 0x47, 0x01,
    0x27, 0x00, 0x47, 0x01, 0x3b, 0x00, 0x48, 0x01, 0x25, 0x00, 0x48, 0x01, 0x3b, 0x00, 0x4a, 0x01,
    0x21, 0x00, 0x4a, 0x01, 0x3a, 0x00, 0x4c, 0x01, 0x1f, 0x00, 0x4c, 0x01, 0x3a, 0x00, 0x4c, 0x01,
    0x1d, 0x00, 0x4c, 0x01, 0x3b, 0x00, 0x4e, 0x01, 0x19, 0x00, 0x4e, 0x01, 0x3b, 0x00, 0x4f, 0x01,
    0x17, 0x00, 0x4f, 0x01, 0x3b, 0x00, 0x50, 0x01, 0x15, 0x00, 0x50, 0x01, 0x3b, 0x00, 0x4f, 0x01,
    0x17, 0x00, 0x4f, 0x01, 0x3b, 0x00, 0x4f, 0x01, 0x17, 0x00, 0x4f, 0x01, 0x3b, 0x00, 0x4f, 0x01,
    0x17, 0x00, 0x4f, 0x01, 0x3b, 0x00, 0x4e, 0x01, 0x19, 0x00, 0x4e, 0x01, 0x3b, 0x00, 0x4e, 0x01,
    0x19, 0x00, 0x4e, 0x01, 0x3b, 0x00, 0x4e, 0x01, 0x19, 0x00, 0x4e, 0x01, 0x3b, 0x00, 0x4d, 0x01,
    0x1b, 0x00, 0x4d, 0x01, 0x3c, 0x00, 0x4c, 0x01, 0x0d, 0x00, 0x01, 0x01, 0x0d, 0x00, 0x4c, 0x01,
    0x3d, 0x00, 0x4c, 0x01, 0x0b, 0x00, 0x05, 0x01, 0x0b, 0x00, 0x4c, 0x01, 0x3d, 0x00, 0x4b, 0x01,
    0x0b, 0x00, 0x07, 0x01, 0x0b, 0x00, 0x4b, 0x01, 0x3d, 0x00, 0x4b, 0x01, 0x09, 0x00, 0x0b, 0x01,
    0x09, 0x00, 0x4b, 0x01, 0x3d, 0x00, 0x4b, 0x01, 0x08, 0x00, 0x0d, 0x01, 0x08, 0x00, 0x4b, 0x01,
    0x3e, 0x00, 0x4a, 0x01, 0x06, 0x00, 0x11, 0x01, 0x06, 0x00, 0x4a, 0x01, 0x3f, 0x00, 0x49, 0x01,
    0x06, 0x00, 0x13, 0x01, 0x06, 0x00, 0x49, 0x01, 0x3f, 0x00, 0x49, 0x01, 0x05, 0x00, 0x15, 0x01,
    0x05, 0x00, 0x49, 0x01, 0x3f, 0x00, 0x49, 0x01, 0x03, 0x00, 0x19, 0x01, 0x03, 0x00, 0x49, 0x01,
    0x40, 0x00, 0x47, 0x01, 0x03, 0x00, 0x1b, 0x01, 0x03, 0x00, 0x47, 0x01, 0x41, 0x00, 0x47, 0x01,
    0x01, 0x00, 0x1f, 0x01, 0x01, 0x00, 0x47, 0x01, 0x41, 0x00, 0xaf, 0x01, 0x42, 0x00, 0xad, 0x01,
    0x43, 0x00, 0xad, 0x01, 0x43, 0x00, 0xad, 0x01, 0x44, 0x00, 0xab, 0x01, 0x45, 0x00, 0xab, 0x01,
    0x46, 0x00, 0xa9, 0x01, 0x47, 0x00, 0xa9, 0x01, 0x48, 0x00, 0xa7, 0x01, 0x49, 0x00, 0xa7, 0x01,
    0x4a, 0x00, 0xa5, 0x01, 0x4b, 0x00, 0xa5, 0x01, 0x4c, 0x00, 0xa3, 0x01, 0x4d, 0x00, 0xa3, 0x01,
    0x4e, 0x00, 0xa1, 0x01, 0x4f, 0x00, 0xa1, 0x01, 0x50, 0x00, 0x9f, 0x01, 0x52, 0x00, 0x9d, 0x01,
    0x53, 0x00, 0x9d, 0x01, 0x54, 0x00, 0x9b, 0x01, 0x56, 0x00, 0x99, 0x01, 0x58, 0x00, 0x97, 0x01,
    0x59, 0x00, 0x97, 0x01, 0x5a, 0x00, 0x95, 0x01, 0x5c, 0x00, 0x93, 0x01, 0x5e, 0x00, 0x91, 0x01,
    0x60, 0x00, 0x8f, 0x01, 0x61, 0x00, 0x8f, 0x01, 0x62, 0x00, 0x8d, 0x01, 0x64, 0x00, 0x8b, 0x01,
    0x66, 0x00, 0x89, 0x01, 0x68, 0x00, 0x87, 0x01, 0x6a, 0x00, 0x85, 0x01, 0x6d, 0x00, 0x81, 0x01,
    0x70, 0x00, 0x7f, 0x01, 0x72, 0x00, 0x7d, 0x01, 0x74, 0x00, 0x7b, 0x01, 0x76, 0x00, 0x79, 0x01,
    0x79, 0x00, 0x75, 0x01, 0x7c, 0x00, 0x73, 0x01, 0x7e, 0x00, 0x71, 0x01, 0x81, 0x00, 0x6d, 0x01,
    0x84, 0x00, 0x6b, 0x01, 0x87, 0x00, 0x67, 0x01, 0x8b, 0x00, 0x63, 0x01, 0x8f, 0x00, 0x5f, 0x01,
    0x92, 0x00, 0x5d, 0x01, 0x95, 0x00, 0x59, 0x01, 0x9a, 0x00, 0x53, 0x01, 0x9f, 0x00, 0x4f, 0x01,
    0xa3, 0x00, 0x4b, 0x01, 0xa8, 0x00, 0x45, 0x01, 0xae, 0x00, 0x3f, 0x01, 0xb4, 0x00, 0x39, 0x01,
    0xbb, 0x00, 0x31, 0x01, 0xc3, 0x00, 0x29, 0x01, 0xcd, 0x00, 0x1d, 0x01, 0xe1, 0x00, 0x01, 0x01,
    0xff, 0x00, 0xff, 0x00, 0xff, 0x00, 0xff, 0x00, 0xff, 0x00, 0xff, 0x00, 0xff, 0x00, 0xff, 0x00,
    0xff, 0x00, 0xff, 0x00, 0xff, 0x00, 0xff, 0x00, 0x3b, 0x00, 0x01, 0x09, 0xec, 0x00, 0x07, 0x09,
    0xe8, 0x00, 0x09, 0x09, 0xe6, 0x00, 0x0b, 0x09, 0xe4, 0x00, 0x0d, 0x09, 0xe3, 0x00, 0x0d, 0x09,
    0xe3, 0x00, 0x0d, 0x09, 0xe2, 0x00, 0x0f, 0x09, 0xe2, 0x00, 0x0d, 0x09, 0xe3, 0x00, 0x0d, 0x09,
    0xe3, 0x00, 0x0d, 0x09, 0xe4, 0x00, 0x0b, 0x09, 0xe6, 0x00, 0x09, 0x09, 0xe8, 0x00, 0x07, 0x09,
    0xec, 0x00, 0x01, 0x09, 0xff, 0x00, 0xff, 0x00, 0xff, 0x00, 0xff, 0x00, 0xff, 0x00, 0xff, 0x00,
    0xff, 0x00, 0xff, 0x00, 0xff, 0x00, 0xff, 0x00, 0xff, 0x00, 0xc2, 0x00, 0xff, 0x00, 0xff, 0x00,
    0xff, 0x00, 0xff, 0x00, 0xff, 0x00, 0xff, 0x00, 0xff, 0x00, 0xff, 0x00, 0xff, 0x00, 0xff, 0x00,
    0xff, 0x00, 0xff, 0x00, 0xff, 0x00, 0xff, 0x00, 0xff, 0x00, 0xff, 0x00, 0xff, 0x00, 0xff, 0x00,
    0xff, 0x00, 0xff, 0x00, 0xff, 0x00, 0xff, 0x00, 0xff, 0x00, 0xff, 0x00, 0xff, 0x00, 0xff, 0x00,
    0xff, 0x00, 0xff, 0x00, 0xff, 0x00, 0xff, 0x00, 0xff, 0x00, 0xff, 0x00, 0xff, 0x00, 0xff, 0x00,
    0xff, 0x00, 0xff, 0x00, 0xff, 0x00, 0xff, 0x00, 0xff, 0x00, 0xff, 0x00, 0xff, 0x00, 0xff, 0x00,
    0xff, 0x00, 0xff, 0x00, 0xff, 0x00, 0xff, 0x00, 0xff, 0x00, 0xff, 0x00, 0xff, 0x00, 0xff, 0x00,
    0xff, 0x00, 0xff, 0x00, 0xff, 0x00, 0xff, 0x00, 0xff, 0x00, 0xff, 0x00, 0xff, 0x00, 0xff, 0x00,
    0xff, 0x00, 0xff, 0x00, 0xff, 0x00, 0xff, 0x00, 0xff, 0x00, 0xff, 0x00, 0xff, 0x00, 0xff, 0x00,
    0xff, 0x00, 0xff, 0x00, 0xff, 0x00, 0xff, 0x00, 0xff, 0x00, 0xff, 0x00, 0xff, 0x00, 0xff, 0x00,
    0xff, 0x00, 0xff, 0x00, 0xff, 0x00, 0xff, 0x00, 0xff, 0x00, 0xff, 0x00, 0xff, 0x00, 0xff, 0x00,
    0xff, 0x00, 0xff, 0x00, 0xff, 0x00, 0xff, 0x00, 0xff, 0x00, 0xff, 0x00, 0xff, 0x00, 0xff, 0x00,
    0xff, 0x00, 0xff, 0x00, 0xff, 0x00, 0xff, 0x00, 0xff, 0x00, 0xff, 0x00, 0xff, 0x00, 0xff, 0x00,
    0xff, 0x00, 0xe2, 0x00, 0x0b, 0x01, 0x9d, 0x00, 0x0b, 0x01, 0x3d, 0x00, 0x11, 0x01, 0x91, 0x00,
    0x11, 0x01, 0x3d, 0x00, 0x16, 0x01, 0x87, 0x00, 0x16, 0x01, 0x3c, 0x00, 0x1d, 0x01, 0x7b, 0x00,
    0x1d, 0x01, 0x3b, 0x00, 0x23, 0x01, 0x6f, 0x00, 0x23, 0x01, 0x3b, 0x00, 0x29, 0x01, 0x63, 0x00,
    0x29, 0x01, 0x3b, 0x00, 0x30, 0x01, 0x55, 0x00, 0x30, 0x01, 0x3b, 0x00, 0x38, 0x01, 0x45, 0x00,
    0x38, 0x01, 0x3b, 0x00, 0x42, 0x01, 0x31, 0x00, 0x42, 0x01, 0x3b, 0x00, 0xb5, 0x01, 0x3b, 0x00,
    0xb5, 0x01, 0x3b, 0x00, 0xb5, 0x01, 0x3b, 0x00, 0xb5, 0x01, 0x3b, 0x00, 0xb5, 0x01, 0x3a, 0x00,
    0xb7, 0x01, 0x3a, 0x00, 0xb5, 0x01, 0x3b, 0x00, 0xb5, 0x01, 0x3b, 0x00, 0xb5, 0x01, 0x3b, 0x00,
    0xb5, 0x01, 0x3b, 0x00, 0xb5, 0x01, 0x3b, 0x00, 0x42, 0x01, 0x31, 0x00, 0x42, 0x01, 0x3b, 0x00,
    0x38, 0x01, 0x45, 0x00, 0x38, 0x01, 0x3b, 0x00, 0x30, 0x01, 0x55, 0x00, 0x30, 0x01, 0x3b, 0x00,
    0x29, 0x01, 0x63, 0x00, 0x29, 0x01, 0x3b, 0x00, 0x23, 0x01, 0x6f, 0x00, 0x23, 0x01, 0x3b, 0x00,
    0x1d, 0x01, 0x7b, 0x00, 0x1d, 0x01, 0x3c, 0x00, 0x16, 0x01, 0x87, 0x00, 0x16, 0x01, 0x3d, 0x00,
    0x11, 0x01, 0x91, 0x00, 0x11, 0x01, 0x3d, 0x00, 0x0b, 0x01, 0x9d, 0x00, 0x0b, 0x01, 0xff, 0x00,
    0xff, 0x00, 0xff, 0x00, 0xff, 0x00, 0xff, 0x00, 0xff, 0x00, 0xff, 0x00, 0xff, 0x00, 0xff, 0x00,
    0xff, 0x00, 0xff, 0x00, 0xff, 0x00, 0xff, 0x00, 0xff, 0x00, 0xff, 0x00, 0xff, 0x00, 0xff, 0x00,
    0xff, 0x00, 0xff, 0x00, 0xff, 0x00, 0xff, 0x00, 0xff, 0x00, 0xff, 0x00, 0xff, 0x00, 0xff, 0x00,
    0xff, 0x00, 0xff, 0x00, 0x87, 0x00, 0x08, 0x0e, 0xe7, 0x00, 0x0a, 0x0e, 0xe5, 0x00, 0x0c, 0x0e,
    0xe4, 0x00, 0x0c, 0x0e, 0xe3, 0x00, 0x0e, 0x0e, 0xe2, 0x00, 0x0e, 0x0e, 0xe2, 0x00, 0x0e, 0x0e,
    0xe2, 0x00, 0x0e, 0x0e, 0xe2, 0x00, 0x0e, 0x0e, 0xe3, 0x00, 0x0c, 0x0e, 0xe4, 0x00, 0x0c, 0x0e,
    0xe5, 0x00, 0x0a, 0x0e, 0xe7, 0x00, 0x08, 0x0e, 0xff, 0x00, 0xff, 0x00, 0xff, 0x00, 0xff, 0x00,
    0xff, 0x00, 0xff, 0x00, 0xff, 0x00, 0xff, 0x00, 0xff, 0x00, 0xff, 0x00, 0xff, 0x00, 0xff, 0x00,
    0xff, 0x00, 0xff, 0x00, 0xff, 0x00, 0xff, 0x00, 0xff, 0x00, 0xff, 0x00, 0xff, 0x00, 0xff, 0x00,
    0xff, 0x00, 0xff, 0x00, 0xff, 0x00, 0xff, 0x00, 0xff, 0x00, 0xff, 0x00, 0xff, 0x00, 0xff, 0x00,
    0xff, 0x00, 0xff, 0x00, 0xff, 0x00, 0xff, 0x00, 0xff, 0x00, 0xff, 0x00, 0xff, 0x00, 0xff, 0x00,
    0xff, 0x00, 0xff, 0x00, 0xff, 0x00, 0xff, 0x00, 0xff, 0x00, 0xff, 0x00, 0xff, 0x00, 0xff, 0x00,
    0xff, 0x00, 0xff, 0x00, 0xff, 0x00, 0xff, 0x00, 0xff, 0x00, 0xff, 0x00, 0xff, 0x00, 0xff, 0x00,
    0xff, 0x00, 0xff, 0x00, 0xff, 0x00, 0xff, 0x00, 0xff, 0x00, 0xff, 0x00, 0xff, 0x00, 0xff, 0x00,
    0x16, 0x00, 0xff, 0x00, 0xff, 0x00, 0xff, 0x00, 0xff, 0x00, 0xff, 0x00, 0xff, 0x00, 0xff, 0x00,
    0xff, 0x00, 0xff, 0x00, 0xff, 0x00, 0xff, 0x00, 0xff, 0x00, 0xff, 0x00, 0xff, 0x00, 0xff, 0x00,
    0xff, 0x00, 0xff, 0x00, 0xff, 0x00, 0xff, 0x00, 0xff, 0x00, 0xff, 0x00, 0xff, 0x00, 0xff, 0x00,
    0xff, 0x00, 0xff, 0x00, 0xff, 0x00, 0xff, 0x00, 0xff, 0x00, 0xff, 0x00, 0xff, 0x00, 0xff, 0x00,
    0xff, 0x00, 0xff, 0x00, 0xff, 0x00, 0xff, 0x00, 0xff, 0x00, 0xff, 0x00, 0xff, 0x00, 0xff, 0x00,
    0xff, 0x00, 0xff, 0x00, 0xff, 0x00, 0xff, 0x00, 0xff, 0x00, 0xff, 0x00, 0xff, 0x00, 0xff, 0x00,
    0xff, 0x00, 0xff, 0x00, 0xff, 0x00, 0xff, 0x00, 0xff, 0x00, 0xff, 0x00, 0xff, 0x00, 0xff, 0x00,
    0xff, 0x00, 0xff, 0x00, 0xff, 0x00, 0xff, 0x00, 0xff, 0x00, 0x5a, 0x00, 0x08, 0x09, 0xe7, 0x00,
    0x0a, 0x09, 0xe5, 0x00, 0x0c, 0x09, 0xe4, 0x00, 0x0c, 0x09, 0xe3, 0x00, 0x0e, 0x09, 0xe2, 0x00,
    0x0e, 0x09, 0xe2, 0x00, 0x0e, 0x09, 0xe2, 0x00, 0x0e, 0x09, 0xe2, 0x00, 0x0e, 0x09, 0xe3, 0x00,
    0x0c, 0x09, 0xe4, 0x00, 0x0c, 0x09, 0xe5, 0x00, 0x0a, 0x09, 0xe7, 0x00, 0x08, 0x09, 0xff, 0x00,
    0xff, 0x00, 0xff, 0x00, 0xff, 0x00, 0xff, 0x00, 0xff, 0x00, 0xff, 0x00, 0xff, 0x00, 0xff, 0x00,
    0xff, 0x00, 0xff, 0x00, 0xff, 0x00, 0xff, 0x00, 0xff, 0x00, 0xff, 0x00, 0xff, 0x00, 0xff, 0x00,
    0xff, 0x00, 0xff, 0x00, 0xff, 0x00, 0xff, 0x00, 0xff, 0x00, 0xff, 0x00, 0xff, 0x00, 0xff, 0x00,
    0xff, 0x00, 0xff, 0x00, 0xff, 0x00, 0x35, 0x00, 0x0b, 0x01, 0x9d, 0x00, 0x0b, 0x01, 0x3d, 0x00,
    0x11, 0x01, 0x91, 0x00, 0x11, 0x01, 0x3d, 0x00, 0x16, 0x01, 0x87, 0x00, 0x16, 0x01, 0x3c, 0x00,
    0x1d, 0x01, 0x7b, 0x00, 0x1d, 0x01, 0x3b, 0x00, 0x23, 0x01, 0x6f, 0x00, 0x23, 0x01, 0x3b, 0x00,
    0x29, 0x01, 0x63, 0x00, 0x29, 0x01, 0x3b, 0x00, 0x30, 0x01, 0x55, 0x00, 0x30, 0x01, 0x3b, 0x00,
    0x38, 0x01, 0x45, 0x00, 0x38, 0x01, 0x3b, 0x00, 0x42, 0x01, 0x31, 0x00, 0x42, 0x01, 0x3b, 0x00,
    0xb5, 0x01, 0x3b, 0x00, 0xb5, 0x01, 0x3b, 0x00, 0xb5, 0x01, 0x3b, 0x00, 0xb5, 0x01, 0x3b, 0x00,
    0xb5, 0x01, 0x3a, 0x00, 0xb7, 0x01, 0x3a, 0x00, 0xb5, 0x01, 0x3b, 0x00, 0xb5, 0x01, 0x3b, 0x00,
    0xb5, 0x01, 0x3b, 0x00, 0xb5, 0x01, 0x3b, 0x00, 0xb5, 0x01, 0x3b, 0x00, 0x42, 0x01, 0x31, 0x00,
    0x42, 0x01, 0x3b, 0x00, 0x38, 0x01, 0x45, 0x00, 0x38, 0x01, 0x3b, 0x00, 0x30, 0x01, 0x55, 0x00,
    0x30, 0x01, 0x3b, 0x00, 0x29, 0x01, 0x63, 0x00, 0x29, 0x01, 0x3b, 0x00, 0x23, 0x01, 0x6f, 0x00,
    0x23, 0x01, 0x3b, 0x00, 0x1d, 0x01, 0x7b, 0x00, 0x1d, 0x01, 0x3c, 0x00, 0x16, 0x01, 0x87, 0x00,
    0x16, 0x01, 0x3d, 0x00, 0x11, 0x01, 0x91, 0x00, 0x11, 0x01, 0x3d, 0x00, 0x0b, 0x01, 0x9d, 0x00,
    0x0b, 0x01, 0xff, 0x00, 0xff, 0x00, 0xff, 0x00, 0xff, 0x00, 0xff, 0x00, 0xff, 0x00, 0xff, 0x00,
    0xff, 0x00, 0xff, 0x00, 0xff, 0x00, 0xff, 0x00, 0xff, 0x00, 0xff, 0x00, 0xff, 0x00, 0xff, 0x00,
    0xff, 0x00, 0xff, 0x00, 0xff, 0x00, 0xff, 0x00, 0xff, 0x00, 0xff, 0x00, 0xff, 0x00, 0xff, 0x00,
    0xff, 0x00, 0xff, 0x00, 0xff, 0x00, 0xff, 0x00, 0xff, 0x00, 0xff, 0x00, 0xff, 0x00, 0xff, 0x00,
    0xff, 0x00, 0xff, 0x00, 0xff, 0x00, 0xff, 0x00, 0xff, 0x00, 0xff, 0x00, 0xff, 0x00, 0xff, 0x00,
    0xff, 0x00, 0xff, 0x00, 0xff, 0x00, 0xff, 0x00, 0xff, 0x00, 0xff, 0x00, 0xff, 0x00, 0xff, 0x00,
    0xff, 0x00, 0xff, 0x00, 0xff, 0x00, 0xff, 0x00, 0xff, 0x00, 0xff, 0x00, 0xff, 0x00, 0xff, 0x00,
    0xff, 0x00, 0xff, 0x00, 0xff, 0x00, 0xff, 0x00, 0xff, 0x00, 0xff, 0x00, 0xff, 0x00, 0xff, 0x00,
    0xff, 0x00, 0xff, 0x00, 0xff, 0x00, 0xff, 0x00, 0xff, 0x00, 0xff, 0x00, 0xff, 0x00, 0xff, 0x00,
    0xff, 0x00, 0xff, 0x00, 0xff, 0x00, 0xff, 0x00, 0xff, 0x00, 0xff, 0x00, 0xff, 0x00, 0xff, 0x00,
    0xff, 0x00, 0xff, 0x00, 0xff, 0x00, 0xff, 0x00, 0xff, 0x00, 0xff, 0x00, 0xff, 0x00, 0xff, 0x00,
    0xff, 0x00, 0xff, 0x00, 0xff, 0x00, 0xff, 0x00, 0xff, 0x00, 0xff, 0x00, 0xff, 0x00, 0xff, 0x00,
    0xff, 0x00, 0xff, 0x00, 0xff, 0x00, 0xf0, 0x00, 0xff, 0x00, 0xff, 0x00, 0xff, 0x00, 0xff, 0x00,
    0xff, 0x00, 0xff, 0x00, 0xff, 0x00, 0xff, 0x00, 0xff, 0x00, 0xff, 0x00, 0xff, 0x00, 0xff, 0x00,
    0xb4, 0x00, 0x01, 0x0e, 0xec, 0x00, 0x07, 0x0e, 0xe8, 0x00, 0x09, 0x0e, 0xe6, 0x00, 0x0b, 0x0e,
    0xe4, 0x00, 0x0d, 0x0e, 0xe3, 0x00, 0x0d, 0x0e, 0xe3, 0x00, 0x0d, 0x0e, 0xe2, 0x00, 0x0f, 0x0e,
    0xe2, 0x00, 0x0d, 0x0e, 0xe3, 0x00, 0x0d, 0x0e, 0xe3, 0x00, 0x0d, 0x0e, 0xe4, 0x00, 0x0b, 0x0e,
    0xe6, 0x00, 0x09, 0x0e, 0xe8, 0x00, 0x07, 0x0e, 0xec, 0x00, 0x01, 0x0e, 0xff, 0x00, 0xff, 0x00,
    0xff, 0x00, 0xff, 0x00, 0xff, 0x00, 0xff, 0x00, 0xff, 0x00, 0xff, 0x00, 0xff, 0x00, 0xff, 0x00,
    0xff, 0x00, 0xff, 0x00, 0x3b, 0x00, 0x01, 0x01, 0xe1, 0x00, 0x1d, 0x01, 0xcd, 0x00, 0x29, 0x01,
    0xc3, 0x00, 0x31, 0x01, 0xbb, 0x00, 0x39, 0x01, 0xb4, 0x00, 0x3f, 0x01, 0xae, 0x00, 0x45, 0x01,
    0xa8, 0x00, 0x4b, 0x01, 0xa3, 0x00, 0x4f, 0x01, 0x9f, 0x00, 0x53, 0x01, 0x9a, 0x00, 0x59, 0x01,
    0x95, 0x00, 0x5d, 0x01, 0x92, 0x00, 0x5f, 0x01, 0x8f, 0x00, 0x63, 0x01, 0x8b, 0x00, 0x67, 0x01,
    0x87, 0x00, 0x6b, 0x01, 0x84, 0x00, 0x6d, 0x01, 0x81, 0x00, 0x71, 0x01, 0x7e, 0x00, 0x73, 0x01,
    0x7c, 0x00, 0x75, 0x01, 0x79, 0x00, 0x79, 0x01, 0x76, 0x00, 0x7b, 0x01, 0x74, 0x00, 0x7d, 0x01,
    0x72, 0x00, 0x7f, 0x01, 0x70, 0x00, 0x81, 0x01, 0x6d, 0x00, 0x85, 0x01, 0x6a, 0x00, 0x87, 0x01,
    0x68, 0x00, 0x89, 0x01, 0x66, 0x00, 0x8b, 0x01, 0x64, 0x00, 0x8d, 0x01, 0x62, 0x00, 0x8f, 0x01,
    0x61, 0x00, 0x8f, 0x01, 0x60, 0x00, 0x91, 0x01, 0x5e, 0x00, 0x93, 0x01, 0x5c, 0x00, 0x95, 0x01,
    0x5a, 0x00, 0x97, 0x01, 0x59, 0x00, 0x97, 0x01, 0x58, 0x00, 0x99, 0x01, 0x56, 0x00, 0x9b, 0x01,
    0x54, 0x00, 0x9d, 0x01, 0x53, 0x00, 0x9d, 0x01, 0x52, 0x00, 0x9f, 0x01, 0x50, 0x00, 0xa1, 0x01,
    0x4f, 0x00, 0xa1, 0x01, 0x4e, 0x00, 0xa3, 0x01, 0x4d, 0x00, 0xa3, 0x01, 0x4c, 0x00, 0xa5, 0x01,
    0x4b, 0x00, 0xa5, 0x01, 0x4a, 0x00, 0xa7, 0x01, 0x49, 0x00, 0xa7, 0x01, 0x48, 0x00, 0xa9, 0x01,
    0x47, 0x00, 0xa9, 0x01, 0x46, 0x00, 0x55, 0x01, 0x01, 0x00, 0x55, 0x01, 0x45, 0x00, 0x55, 0x01,
    0x01, 0x00, 0x55, 0x01, 0x44, 0x00, 0x56, 0x01, 0x01, 0x00, 0x56, 0x01, 0x43, 0x00, 0x55, 0x01,
    0x03, 0x00, 0x55, 0x01, 0x43, 0x00, 0x55, 0x01, 0x03, 0x00, 0x55, 0x01, 0x42, 0x00, 0x56, 0x01,
    0x03, 0x00, 0x56, 0x01, 0x41, 0x00, 0x55, 0x01, 0x05, 0x00, 0x55, 0x01, 0x41, 0x00, 0x55, 0x01,
    0x05, 0x00, 0x55, 0x01, 0x40, 0x00, 0x56, 0x01, 0x05, 0x00, 0x56, 0x01, 0x3f, 0x00, 0x55, 0x01,
    0x07, 0x00, 0x55, 0x01, 0x3f, 0x00, 0x55, 0x01, 0x07, 0x00, 0x55, 0x01, 0x3f, 0x00, 0x55, 0x01,
    0x07, 0x00, 0x55, 0x01, 0x3e, 0x00, 0x55, 0x01, 0x09, 0x00, 0x55, 0x01, 0x3d, 0x00, 0x55, 0x01,
    0x09, 0x00, 0x55, 0x01, 0x3d, 0x00, 0x54, 0x01, 0x0b, 0x00, 0x54, 0x01, 0x3d, 0x00, 0x52, 0x01,
    0x03, 0x03, 0x0a, 0x00, 0x54, 0x01, 0x3d, 0x00, 0x51, 0x01, 0x06, 0x03, 0x08, 0x00, 0x54, 0x01,
    0x3c, 0x00, 0x51, 0x01, 0x07, 0x03, 0x09, 0x00, 0x54, 0x01, 0x3b, 0x00, 0x51, 0x01, 0x08, 0x03,
    0x08, 0x00, 0x54, 0x01, 0x3b, 0x00, 0x49, 0x01, 0x08, 0x00, 0x08, 0x03, 0x13, 0x00, 0x49, 0x01,
    0x3b, 0x00, 0x40, 0x01, 0x11, 0x00, 0x07, 0x03, 0x1d, 0x00, 0x40, 0x01, 0x3b, 0x00, 0x42, 0x01,
    0x10, 0x00, 0x06, 0x03, 0x1b, 0x00, 0x42, 0x01, 0x3b, 0x00, 0x43, 0x01, 0x10, 0x00, 0x03, 0x03,
    0x1c, 0x00, 0x43, 0x01, 0x3b, 0x00, 0x44, 0x01, 0x2d, 0x00, 0x44, 0x01, 0x3b, 0x00, 0x46, 0x01,
    0x29, 0x00, 0x46, 0x01, 0x3b, 0x00, 0x47, 0x01, 0x27, 0x00, 0x47, 0x01, 0x3b, 0x00, 0x48, 0x01,
    0x25, 0x00, 0x48, 0x01, 0x3b, 0x00, 0x4a, 0x01, 0x21, 0x00, 0x4a, 0x01, 0x3a, 0x00, 0x4c, 0x01,
    0x1f, 0x00, 0x4c, 0x01, 0x3a, 0x00, 0x4c, 0x01, 0x1d, 0x00, 0x4c, 0x01, 0x3b, 0x00, 0x4e, 0x01,
    0x19, 0x00, 0x4e, 0x01, 0x3b, 0x00, 0x4f, 0x01, 0x17, 0x00, 0x4f, 0x01, 0x3b, 0x00, 0x50, 0x01,
    0x15, 0x00, 0x50, 0x01, 0x3b, 0x00, 0x4f, 0x01, 0x17, 0x00, 0x4f, 0x01, 0x3b, 0x00, 0x4f, 0x01,
    0x17, 0x00, 0x4f, 0x01, 0x3b, 0x00, 0x4f, 0x01, 0x17, 0x00, 0x4f, 0x01, 0x3b, 0x00, 0x4e, 0x01,
    0x19, 0x00, 0x4e, 0x01, 0x3b, 0x00, 0x4e, 0x01, 0x19, 0x00, 0x4e, 0x01, 0x3b, 0x00, 0x4e, 0x01,
    0x19, 0x00, 0x4e, 0x01, 0x3b, 0x00, 0x4d, 0x01, 0x1b, 0x00, 0x4d, 0x01, 0x3c, 0x00, 0x4c, 0x01,
    0x0d, 0x00, 0x01, 0x01, 0x0d, 0x00, 0x4c, 0x01, 0x3d, 0x00, 0x4c, 0x01, 0x0b, 0x00, 0x05, 0x01,
    0x0b, 0x00, 0x4c, 0x01, 0x3d, 0x00, 0x4b, 0x01, 0x0b, 0x00, 0x07, 0x01, 0x0b, 0x00, 0x4b, 0x01,
    0x3d, 0x00, 0x4b, 0x01, 0x09, 0x00, 0x0b, 0x01, 0x09, 0x00, 0x4b, 0x01, 0x3d, 0x00, 0x4b, 0x01,
    0x08, 0x00, 0x0d, 0x01, 0x08, 0x00, 0x4b, 0x01, 0x3e, 0x00, 0x4a, 0x01, 0x06, 0x00, 0x11, 0x01,
    0x06, 0x00, 0x4a, 0x01, 0x3f, 0x00, 0x49, 0x01, 0x06, 0x00, 0x13, 0x01, 0x06, 0x00, 0x49, 0x01,
    0x3f, 0x00, 0x49, 0x01, 0x05, 0x00, 0x15, 0x01, 0x05, 0x00, 0x49, 0x01, 0x3f, 0x00, 0x49, 0x01,
    0x03, 0x00, 0x19, 0x01, 0x03, 0x00, 0x49, 0x01, 0x40, 0x00, 0x47, 0x01, 0x03, 0x00, 0x1b, 0x01,
    0x03, 0x00, 0x47, 0x01, 0x41, 0x00, 0x47, 0x01, 0x01, 0x00, 0x1f, 0x01, 0x01, 0x00, 0x47, 0x01,
    0x41, 0x00, 0xaf, 0x01, 0x42, 0x00, 0xad, 0x01, 0x43, 0x00, 0xad, 0x01, 0x43, 0x00, 0xad, 0x01,
    0x44, 0x00, 0xab, 0x01, 0x45, 0x00, 0xab, 0x01, 0x46, 0x00, 0xa9, 0x01, 0x47, 0x00, 0xa9, 0x01,
    0x48, 0x00, 0xa7, 0x01, 0x49, 0x00, 0xa7, 0x01, 0x4a, 0x00, 0xa5, 0x01, 0x4b, 0x00, 0xa5, 0x01,
    0x4c, 0x00, 0xa3, 0x01, 0x4d, 0x00, 0xa3, 0x01, 0x4e, 0x00, 0xa1, 0x01, 0x4f, 0x00, 0xa1, 0x01,
    0x50, 0x00, 0x9f, 0x01, 0x52, 0x00, 0x9d, 0x01, 0x53, 0x00, 0x9d, 0x01, 0x54, 0x00, 0x9b, 0x01,
    0x56, 0x00, 0x99, 0x01, 0x58, 0x00, 0x97, 0x01, 0x59, 0x00, 0x97, 0x01, 0x5a, 0x00, 0x95, 0x01,
    0x5c, 0x00, 0x93, 0x01, 0x5e, 0x00, 0x91, 0x01, 0x60, 0x00, 0x8f, 0x01, 0x61, 0x00, 0x8f, 0x01,
    0x62, 0x00, 0x8d, 0x01, 0x64, 0x00, 0x8b, 0x01, 0x66, 0x00, 0x89, 0x01, 0x68, 0x00, 0x87, 0x01,
    0x6a, 0x00, 0x85, 0x01, 0x6d, 0x00, 0x81, 0x01, 0x70, 0x00, 0x7f, 0x01, 0x72, 0x00, 0x7d, 0x01,
    0x74, 0x00, 0x7b, 0x01, 0x76, 0x00, 0x79, 0x01, 0x79, 0x00, 0x75, 0x01, 0x7c, 0x00, 0x73, 0x01,
    0x7e, 0x00, 0x71, 0x01, 0x81, 0x00, 0x6d, 0x01, 0x84, 0x00, 0x6b, 0x01, 0x87, 0x00, 0x67, 0x01,
    0x8b, 0x00, 0x63, 0x01, 0x8f, 0x00, 0x5f, 0x01, 0x92, 0x00, 0x5d, 0x01, 0x95, 0x00, 0x59, 0x01,
    0x9a, 0x00, 0x53, 0x01, 0x9f, 0x00, 0x4f, 0x01, 0xa3, 0x00, 0x4b, 0x01, 0xa8, 0x00, 0x45, 0x01,
    0xae, 0x00, 0x3f, 0x01, 0xb4, 0x00, 0x39, 0x01, 0xbb, 0x00, 0x31, 0x01, 0xc3, 0x00, 0x29, 0x01,
    0xcd, 0x00, 0x1d, 0x01, 0xe1, 0x00, 0x01, 0x01, 0xff, 0x00, 0xff, 0x00, 0xff, 0x00, 0xff, 0x00,
    0xff, 0x00, 0xff, 0x00, 0xff, 0x00, 0xff, 0x00, 0xff, 0x00, 0xff, 0x00, 0xff, 0x00, 0xff, 0x00,
    0xff, 0x00, 0xff, 0x00, 0xff, 0x00, 0xff, 0x00, 0xff, 0x00, 0xff, 0x00, 0xff, 0x00, 0xff, 0x00,
    0xff, 0x00, 0xff, 0x00, 0xff, 0x00, 0xff, 0x00, 0xff, 0x00, 0xff, 0x00, 0xff, 0x00, 0xff, 0x00,
    0xff, 0x00, 0xff, 0x00, 0xff, 0x00, 0xff, 0x00, 0xff, 0x00, 0xff, 0x00, 0xff, 0x00, 0xff, 0x00,
    0xff, 0x00, 0x2c, 0x00, 0xff, 0x00, 0xff, 0x00, 0xff, 0x00, 0xff, 0x00, 0xff, 0x00, 0xff, 0x00,
    0xff, 0x00, 0xff, 0x00, 0xff, 0x00, 0xff, 0x00, 0xff, 0x00, 0xff, 0x00, 0xff, 0x00, 0xff, 0x00,
    0xff, 0x00, 0xff, 0x00, 0xff, 0x00, 0xff, 0x00, 0xff, 0x00, 0xff, 0x00, 0xff, 0x00, 0xff, 0x00,
    0xff, 0x00, 0xff, 0x00, 0xff, 0x00, 0xff, 0x00, 0xff, 0x00, 0xff, 0x00, 0xff, 0x00, 0xff, 0x00,
    0xff, 0x00, 0xff, 0x00, 0xff, 0x00, 0xff, 0x00, 0xff, 0x00, 0xff, 0x00, 0xff, 0x00, 0xff, 0x00,
    0x1e, 0x00, 0x01, 0x01, 0xe1, 0x00, 0x1d, 0x01, 0xcd, 0x00, 0x29, 0x01, 0xc3, 0x00, 0x31, 0x01,
    0xbb, 0x00, 0x39, 0x01, 0xb4, 0x00, 0x3f, 0x01, 0xae, 0x00, 0x45, 0x01, 0xa8, 0x00, 0x4b, 0x01,
    0xa3, 0x00, 0x4f, 0x01, 0x9f, 0x00, 0x53, 0x01, 0x9a, 0x00, 0x59, 0x01, 0x95, 0x00, 0x5d, 0x01,
    0x92, 0x00, 0x5f, 0x01, 0x8f, 0x00, 0x63, 0x01, 0x8b, 0x00, 0x67, 0x01, 0x87, 0x00, 0x6b, 0x01,
    0x84, 0x00, 0x6d, 0x01, 0x81, 0x00, 0x71, 0x01, 0x7e, 0x00, 0x73, 0x01, 0x7c, 0x00, 0x75, 0x01,
    0x79, 0x00, 0x79, 0x01, 0x76, 0x00, 0x7b, 0x01, 0x74, 0x00, 0x7d, 0x01, 0x72, 0x00, 0x7f, 0x01,
    0x70, 0x00, 0x81, 0x01, 0x12, 0x00, 0x08, 0x09, 0x53, 0x00, 0x85, 0x01, 0x0f, 0x00, 0x0a, 0x09,
    0x51, 0x00, 0x87, 0x01, 0x0d, 0x00, 0x0c, 0x09, 0x4f, 0x00, 0x89, 0x01, 0x0c, 0x00, 0x0c, 0x09,
    0x4e, 0x00, 0x8b, 0x01, 0x0a, 0x00, 0x0e, 0x09, 0x4c, 0x00, 0x8d, 0x01, 0x09, 0x00, 0x0e, 0x09,
    0x4b, 0x00, 0x8f, 0x01, 0x08, 0x00, 0x0e, 0x09, 0x4b, 0x00, 0x8f, 0x01, 0x08, 0x00, 0x0e, 0x09,
    0x4a, 0x00, 0x91, 0x01, 0x07, 0x00, 0x0e, 0x09, 0x49, 0x00, 0x93, 0x01, 0x07, 0x00, 0x0c, 0x09,
    0x49, 0x00, 0x95, 0x01, 0x06, 0x00, 0x0c, 0x09, 0x48, 0x00, 0x97, 0x01, 0x06, 0x00, 0x0a, 0x09,
    0x49, 0x00, 0x97, 0x01, 0x07, 0x00, 0x08, 0x09, 0x49, 0x00, 0x99, 0x01, 0x56, 0x00, 0x9b, 0x01,
    0x54, 0x00, 0x9d, 0x01, 0x53, 0x00, 0x9d, 0x01, 0x52, 0x00, 0x9f, 0x01, 0x50, 0x00, 0xa1, 0x01,
    0x4f, 0x00, 0xa1, 0x01, 0x4e, 0x00, 0xa3, 0x01, 0x4d, 0x00, 0xa3, 0x01, 0x4c, 0x00, 0xa5, 0x01,
    0x4b, 0x00, 0xa5, 0x01, 0x4a, 0x00, 0xa7, 0x01, 0x49, 0x00, 0xa7, 0x01, 0x48, 0x00, 0xa9, 0x01,
    0x47, 0x00, 0xa9, 0x01, 0x46, 0x00, 0x55, 0x01, 0x01, 0x00, 0x55, 0x01, 0x45, 0x00, 0x55, 0x01,
    0x01, 0x00, 0x55, 0x01, 0x44, 0x00, 0x56, 0x01, 0x01, 0x00, 0x56, 0x01, 0x43, 0x00, 0x55, 0x01,
    0x03, 0x00, 0x55, 0x01, 0x43, 0x00, 0x55, 0x01, 0x03, 0x00, 0x55, 0x01, 0x42, 0x00, 0x56, 0x01,
    0x03, 0x00, 0x56, 0x01, 0x41, 0x00, 0x55, 0x01, 0x05, 0x00, 0x55, 0x01, 0x41, 0x00, 0x55, 0x01,
    0x05, 0x00, 0x55, 0x01, 0x40, 0x00, 0x56, 0x01, 0x05, 0x00, 0x56, 0x01, 0x3f, 0x00, 0x55, 0x01,
    0x07, 0x00, 0x55, 0x01, 0x3f, 0x00, 0x55, 0x01, 0x07, 0x00, 0x55, 0x01, 0x3f, 0x00, 0x55, 0x01,
    0x07, 0x00, 0x55, 0x01, 0x3e, 0x00, 0x55, 0x01, 0x09, 0x00, 0x55, 0x01, 0x3d, 0x00, 0x55, 0x01,
    0x09, 0x00, 0x55, 0x01, 0x3d, 0x00, 0x54, 0x01, 0x0b, 0x00, 0x54, 0x01, 0x3d, 0x00, 0x52, 0x01,
    0x03, 0x03, 0x0a, 0x00, 0x54, 0x01, 0x3d, 0x00, 0x51, 0x01, 0x06, 0x03, 0x08, 0x00, 0x54, 0x01,
    0x3c, 0x00, 0x51, 0x01, 0x07, 0x03, 0x09, 0x00, 0x54, 0x01, 0x3b, 0x00, 0x51, 0x01, 0x08, 0x03,
    0x08, 0x00, 0x54, 0x01, 0x3b, 0x00, 0x49, 0x01, 0x08, 0x00, 0x08, 0x03, 0x13, 0x00, 0x49, 0x01,
    0x3b, 0x00, 0x40, 0x01, 0x11, 0x00, 0x07, 0x03, 0x1d, 0x00, 0x40, 0x01, 0x3b, 0x00, 0x42, 0x01,
    0x10, 0x00, 0x06, 0x03, 0x1b, 0x00, 0x42, 0x01, 0x3b, 0x00, 0x43, 0x01, 0x10, 0x00, 0x03, 0x03,
    0x1c, 0x00, 0x43, 0x01, 0x3b, 0x00, 0x44, 0x01, 0x2d, 0x00, 0x44, 0x01, 0x3b, 0x00, 0x46, 0x01,
    0x29, 0x00, 0x46, 0x01, 0x3b, 0x00, 0x47, 0x01, 0x27, 0x00, 0x47, 0x01, 0x3b, 0x00, 0x48, 0x01,
    0x25, 0x00, 0x48, 0x01, 0x3b, 0x00, 0x4a, 0x01, 0x21, 0x00, 0x4a, 0x01, 0x3a, 0x00, 0x4c, 0x01,
    0x1f, 0x00, 0x4c, 0x01, 0x3a, 0x00, 0x4c, 0x01, 0x1d, 0x00, 0x4c, 0x01, 0x3b, 0x00, 0x4e, 0x01,
    0x19, 0x00, 0x4e, 0x01, 0x3b, 0x00, 0x4f, 0x01, 0x17, 0x00, 0x4f, 0x01, 0x3b, 0x00, 0x50, 0x01,
    0x15, 0x00, 0x50, 0x01, 0x3b, 0x00, 0x4f, 0x01, 0x17, 0x00, 0x4f, 0x01, 0x3b, 0x00, 0x4f, 0x01,
    0x17, 0x00, 0x4f, 0x01, 0x3b, 0x00, 0x4f, 0x01, 0x17, 0x00, 0x4f, 0x01, 0x3b, 0x00, 0x4e, 0x01,
    0x19, 0x00, 0x4e, 0x01, 0x3b, 0x00, 0x4e, 0x01, 0x19, 0x00, 0x4e, 0x01, 0x3b, 0x00, 0x4e, 0x01,
    0x19, 0x00, 0x4e, 0x01, 0x3b, 0x00, 0x4d, 0x01, 0x1b, 0x00, 0x4d, 0x01, 0x3c, 0x00, 0x4c, 0x01,
    0x0d, 0x00, 0x01, 0x01, 0x0d, 0x00, 0x4c, 0x01, 0x3d, 0x00, 0x4c, 0x01, 0x0b, 0x00, 0x05, 0x01,
    0x0b, 0x00, 0x4c, 0x01, 0x3d, 0x00, 0x4b, 0x01, 0x0b, 0x00, 0x07, 0x01, 0x0b, 0x00, 0x4b, 0x01,
    0x3d, 0x00, 0x4b, 0x01, 0x09, 0x00, 0x0b, 0x01, 0x09, 0x00, 0x4b, 0x01, 0x3d, 0x00, 0x4b, 0x01,
    0x08, 0x00, 0x0d, 0x01, 0x08, 0x00, 0x4b, 0x01, 0x3e, 0x00, 0x4a, 0x01, 0x06, 0x00, 0x11, 0x01,
    0x06, 0x00, 0x4a, 0x01, 0x3f, 0x00, 0x49, 0x01, 0x06, 0x00, 0x13, 0x01, 0x06, 0x00, 0x49, 0x01,
    0x3f, 0x00, 0x49, 0x01, 0x05, 0x00, 0x15, 0x01, 0x05, 0x00, 0x49, 0x01, 0x3f, 0x00, 0x49, 0x01,
    0x03, 0x00, 0x19, 0x01, 0x03, 0x00, 0x49, 0x01, 0x40, 0x00, 0x47, 0x01, 0x03, 0x00, 0x1b, 0x01,
    0x03, 0x00, 0x47, 0x01, 0x41, 0x00, 0x47, 0x01, 0x01, 0x00, 0x1f, 0x01, 0x01, 0x00, 0x47, 0x01,
    0x41, 0x00, 0xaf, 0x01, 0x42, 0x00, 0xad, 0x01, 0x43, 0x00, 0xad, 0x01, 0x43, 0x00, 0xad, 0x01,
    0x44, 0x00, 0xab, 0x01, 0x45, 0x00, 0xab, 0x01, 0x46, 0x00, 0xa9, 0x01, 0x47, 0x00, 0xa9, 0x01,
    0x48, 0x00, 0xa7, 0x01, 0x49, 0x00, 0xa7, 0x01, 0x4a, 0x00, 0xa5, 0x01, 0x4b, 0x00, 0xa5, 0x01,
    0x4c, 0x00, 0xa3, 0x01, 0x4d, 0x00, 0xa3, 0x01, 0x4e, 0x00, 0xa1, 0x01, 0x4f, 0x00, 0xa1, 0x01,
    0x50, 0x00, 0x9f, 0x01, 0x52, 0x00, 0x9d, 0x01, 0x53, 0x00, 0x9d, 0x01, 0x54, 0x00, 0x9b, 0x01,
    0x56, 0x00, 0x99, 0x01, 0x58, 0x00, 0x97, 0x01, 0x59, 0x00, 0x97, 0x01, 0x5a, 0x00, 0x95, 0x01,
    0x5c, 0x00, 0x93, 0x01, 0x5e, 0x00, 0x91, 0x01, 0x60, 0x00, 0x8f, 0x01, 0x61, 0x00, 0x8f, 0x01,
    0x62, 0x00, 0x8d, 0x01, 0x64, 0x00, 0x8b, 0x01, 0x66, 0x00, 0x89, 0x01, 0x68, 0x00, 0x87, 0x01,
    0x6a, 0x00, 0x85, 0x01, 0x6d, 0x00, 0x81, 0x01, 0x70, 0x00, 0x7f, 0x01, 0x72, 0x00, 0x7d, 0x01,
    0x74, 0x00, 0x7b, 0x01, 0x76, 0x00, 0x79, 0x01, 0x79, 0x00, 0x75, 0x01, 0x7c, 0x00, 0x73, 0x01,
    0x7e, 0x00, 0x71, 0x01, 0x81, 0x00, 0x6d, 0x01, 0x84, 0x00, 0x6b, 0x01, 0x87, 0x00, 0x67, 0x01,
    0x8b, 0x00, 0x63, 0x01, 0x8f, 0x00, 0x5f, 0x01, 0x92, 0x00, 0x5d, 0x01, 0x95, 0x00, 0x59, 0x01,
    0x9a, 0x00, 0x53, 0x01, 0x9f, 0x00, 0x4f, 0x01, 0xa3, 0x00, 0x4b, 0x01, 0xa8, 0x00, 0x45, 0x01,
    0xae, 0x00, 0x3f, 0x01, 0xb4, 0x00, 0x39, 0x01, 0xbb, 0x00, 0x31, 0x01, 0xc3, 0x00, 0x29, 0x01,
    0xcd, 0x00, 0x1d, 0x01, 0xe1, 0x00, 0x01, 0x01, 0xff, 0x00, 0xff, 0x00, 0xff, 0x00, 0xff, 0x00,
    0xff, 0x00, 0xff, 0x00, 0xff, 0x00, 0xff, 0x00, 0xff, 0x00, 0xff, 0x00, 0xff, 0x00, 0xff, 0x00,
    0xff, 0x00, 0xff, 0x00, 0xff, 0x00, 0xff, 0x00, 0xff, 0x00, 0xff, 0x00, 0xff, 0x00, 0xff, 0x00,
    0xff, 0x00, 0xff, 0x00, 0xff, 0x00, 0xff, 0x00, 0xff, 0x00, 0xff, 0x00, 0xff, 0x00, 0xff, 0x00,
    0xff, 0x00, 0xff, 0x00, 0xff, 0x00, 0xff, 0x00, 0xff, 0x00, 0xff, 0x00, 0xff, 0x00, 0xff, 0x00,
    0xff, 0x00, 0x2c, 0x00, 0xff, 0x00, 0xff, 0x00, 0xff, 0x00, 0xff, 0x00, 0xff, 0x00, 0xff, 0x00,
    0xff, 0x00, 0xff, 0x00, 0xff, 0x00, 0xff, 0x00, 0xff, 0x00, 0xff, 0x00, 0xff, 0x00, 0xff, 0x00,
    0xff, 0x00, 0xff, 0x00, 0xff, 0x00, 0xff, 0x00, 0xff, 0x00, 0xff, 0x00, 0xff, 0x00, 0xff, 0x00,
    0xff, 0x00, 0xff, 0x00, 0xff, 0x00, 0xff, 0x00, 0xff, 0x00, 0xff, 0x00, 0xff, 0x00, 0xff, 0x00,
    0xff, 0x00, 0xff, 0x00, 0xff, 0x00, 0xff, 0x00, 0xff, 0x00, 0xff, 0x00, 0xff, 0x00, 0xff, 0x00,
    0xff, 0x00, 0xff, 0x00, 0xff, 0x00, 0xff, 0x00, 0xff, 0x00, 0xff, 0x00, 0xff, 0x00, 0xff, 0x00,
    0xff, 0x00, 0xff, 0x00, 0xff, 0x00, 0xff, 0x00, 0xff, 0x00, 0xff, 0x00, 0xff, 0x00, 0xff, 0x00,
    0xff, 0x00, 0xff, 0x00, 0xff, 0x00, 0xff, 0x00, 0xff, 0x00, 0xff, 0x00, 0xff, 0x00, 0xff, 0x00,
    0xff, 0x00, 0xff, 0x00, 0xff, 0x00, 0xff, 0x00, 0xff, 0x00, 0xff, 0x00, 0xff, 0x00, 0xff, 0x00,
    0xff, 0x00, 0xff, 0x00, 0xff, 0x00, 0xff, 0x00, 0xff, 0x00, 0xff, 0x00, 0xff, 0x00, 0xff, 0x00,
    0xff, 0x00, 0xff, 0x00, 0xff, 0x00, 0xff, 0x00, 0xff, 0x00, 0xff, 0x00, 0xff, 0x00, 0xff, 0x00,
    0xff, 0x00, 0xff, 0x00, 0xff, 0x00, 0xff, 0x00, 0xff, 0x00, 0xff, 0x00, 0xff, 0x00, 0xff, 0x00,
    0xff, 0x00, 0xff, 0x00, 0xff, 0x00, 0xff, 0x00, 0xff, 0x00, 0xe2, 0x00, 0x0b, 0x01, 0x9d, 0x00,
    0x0b, 0x01, 0x3d, 0x00, 0x11, 0x01, 0x91, 0x00, 0x11, 0x01, 0x3d, 0x00, 0x16, 0x01, 0x87, 0x00,
    0x16, 0x01, 0x3c, 0x00, 0x1d, 0x01, 0x7b, 0x00, 0x1d, 0x01, 0x3b, 0x00, 0x23, 0x01, 0x6f, 0x00,
    0x23, 0x01, 0x3b, 0x00, 0x29, 0x01, 0x63, 0x00, 0x29, 0x01, 0x3b, 0x00, 0x30, 0x01, 0x55, 0x00,
    0x30, 0x01, 0x3b, 0x00, 0x38, 0x01, 0x45, 0x00, 0x38, 0x01, 0x3b, 0x00, 0x42, 0x01, 0x31, 0x00,
    0x42, 0x01, 0x3b, 0x00, 0xb5, 0x01, 0x3b, 0x00, 0xb5, 0x01, 0x3b, 0x00, 0xb5, 0x01, 0x3b, 0x00,
    0xb5, 0x01, 0x3b, 0x00, 0xb5, 0x01, 0x3a, 0x00, 0xb7, 0x01, 0x3a, 0x00, 0xb5, 0x01, 0x3b, 0x00,
    0xb5, 0x01, 0x3b, 0x00, 0xb5, 0x01, 0x3b, 0x00, 0xb5, 0x01, 0x3b, 0x00, 0xb5, 0x01, 0x3b, 0x00,
    0x42, 0x01, 0x31, 0x00, 0x42, 0x01, 0x3b, 0x00, 0x38, 0x01, 0x45, 0x00, 0x38, 0x01, 0x3b, 0x00,
    0x30, 0x01, 0x55, 0x00, 0x30, 0x01, 0x3b, 0x00, 0x29, 0x01, 0x63, 0x00, 0x29, 0x01, 0x3b, 0x00,
    0x23, 0x01, 0x6f, 0x00, 0x23, 0x01, 0x3b, 0x00, 0x1d, 0x01, 0x7b, 0x00, 0x1d, 0x01, 0x3c, 0x00,
    0x16, 0x01, 0x87, 0x00, 0x16, 0x01, 0x3d, 0x00, 0x11, 0x01, 0x91, 0x00, 0x11, 0x01, 0x3d, 0x00,
    0x0b, 0x01, 0x9d, 0x00, 0x0b, 0x01, 0xff, 0x00, 0xff, 0x00, 0xff, 0x00, 0xff, 0x00, 0xff, 0x00,
    0xff, 0x00, 0xff, 0x00, 0xff, 0x00, 0xff, 0x00, 0xff, 0x00, 0xff, 0x00, 0xff, 0x00, 0xff, 0x00,
    0xff, 0x00, 0xff, 0x00, 0xff, 0x00, 0xff, 0x00, 0xff, 0x00, 0xff, 0x00, 0xff, 0x00, 0xff, 0x00,
    0xff, 0x00, 0xff, 0x00, 0xff, 0x00, 0xff, 0x00, 0xff, 0x00, 0xff, 0x00, 0xff, 0x00, 0x35, 0x00,
    0x08, 0x0e, 0xe7, 0x00, 0x0a, 0x0e, 0xe5, 0x00, 0x0c, 0x0e, 0xe4, 0x00, 0x0c, 0x0e, 0xe3, 0x00,
    0x0e, 0x0e, 0xe2, 0x00, 0x0e, 0x0e, 0xe2, 0x00, 0x0e, 0x0e, 0xe2, 0x00, 0x0e, 0x0e, 0xe2, 0x00,
    0x0e, 0x0e, 0xe3, 0x00, 0x0c, 0x0e, 0xe4, 0x00, 0x0c, 0x0e, 0xe5, 0x00, 0x0a, 0x0e, 0xe7, 0x00,
    0x08, 0x0e, 0xff, 0x00, 0xff, 0x00, 0xff, 0x00, 0xff, 0x00, 0xff, 0x00, 0xff, 0x00, 0xff, 0x00,
    0xff, 0x00, 0xff, 0x00, 0xff, 0x00, 0xff, 0x00, 0xff, 0x00, 0xff, 0x00, 0xff, 0x00, 0xff, 0x00,
    0xff, 0x00, 0xff, 0x00, 0xff, 0x00, 0xff, 0x00, 0xff, 0x00, 0xff, 0x00, 0xff, 0x00, 0xff, 0x00,
    0xff, 0x00, 0xff, 0x00, 0xff, 0x00, 0xff, 0x00, 0xff, 0x00, 0xff, 0x00, 0xff, 0x00, 0xff, 0x00,
    0xff, 0x00, 0xff, 0x00, 0xff, 0x00, 0xff, 0x00, 0xff, 0x00, 0xff, 0x00, 0xff, 0x00, 0xff, 0x00,
    0xff, 0x00, 0xff, 0x00, 0xff, 0x00, 0xff, 0x00, 0xff, 0x00, 0xff, 0x00, 0xff, 0x00, 0xff, 0x00,
    0xff, 0x00, 0xff, 0x00, 0xff, 0x00, 0xff, 0x00, 0xff, 0x00, 0xff, 0x00, 0xff, 0x00, 0xff, 0x00,
    0xff, 0x00, 0xff, 0x00, 0xff, 0x00, 0xff, 0x00, 0x68, 0x00, 0xff, 0x00, 0xff, 0x00, 0xff, 0x00,
    0xff, 0x00, 0xff, 0x00, 0xff, 0x00, 0xff, 0x00, 0xff, 0x00, 0xff, 0x00, 0xff, 0x00, 0xff, 0x00,
    0xff, 0x00, 0xff, 0x00, 0xff, 0x00, 0xff, 0x00, 0xff, 0x00, 0xff, 0x00, 0xff, 0x00, 0xff, 0x00,
    0xff, 0x00, 0xff, 0x00, 0xff, 0x00, 0xff, 0x00, 0xff, 0x00, 0xff, 0x00, 0xff, 0x00, 0xff, 0x00,
    0xff, 0x00, 0xff, 0x00, 0xff, 0x00, 0xff, 0x00, 0xff, 0x00, 0xff, 0x00, 0xff, 0x00, 0xff, 0x00,
    0xff, 0x00, 0xff, 0x00, 0xff, 0x00, 0xff, 0x00, 0xff, 0x00, 0xff, 0x00, 0xff, 0x00, 0xff, 0x00,
    0xff, 0x00, 0xff, 0x00, 0xff, 0x00, 0xff, 0x00, 0xff, 0x00, 0xff, 0x00, 0xff, 0x00, 0xff, 0x00,
    0xff, 0x00, 0xff, 0x00, 0xff, 0x00, 0xff, 0x00, 0xff, 0x00, 0xff, 0x00, 0xff, 0x00, 0xff, 0x00,
    0xff, 0x00, 0xff, 0x00, 0xff, 0x00, 0xff, 0x00, 0xff, 0x00, 0xff, 0x00, 0xff, 0x00, 0xff, 0x00,
    0xff, 0x00, 0xff, 0x00, 0xff, 0x00, 0xff, 0x00, 0xff, 0x00, 0xff, 0x00, 0xff, 0x00, 0xff, 0x00,
    0xff, 0x00, 0xff, 0x00, 0xff, 0x00, 0xff, 0x00, 0xff, 0x00, 0xff, 0x00, 0xff, 0x00, 0xff, 0x00,
    0xff, 0x00, 0xff, 0x00, 0xff, 0x00, 0xff, 0x00, 0xff, 0x00, 0xff, 0x00, 0xff, 0x00, 0xff, 0x00,
    0xff, 0x00, 0xff, 0x00, 0xff, 0x00, 0xff, 0x00, 0xff, 0x00, 0xff, 0x00, 0xff, 0x00, 0xff, 0x00,
    0xe2, 0x00, 0x0b, 0x01, 0x9d, 0x00, 0x0b, 0x01, 0x3d, 0x00, 0x11, 0x01, 0x91, 0x00, 0x11, 0x01,
    0x3d, 0x00, 0x16, 0x01, 0x87, 0x00, 0x16, 0x01, 0x3c, 0x00, 0x1d, 0x01, 0x7b, 0x00, 0x1d, 0x01,
    0x3b, 0x00, 0x23, 0x01, 0x6f, 0x00, 0x23, 0x01, 0x3b, 0x00, 0x29, 0x01, 0x63, 0x00, 0x29, 0x01,
    0x3b, 0x00, 0x30, 0x01, 0x55, 0x00, 0x30, 0x01, 0x3b, 0x00, 0x38, 0x01, 0x45, 0x00, 0x38, 0x01,
    0x3b, 0x00, 0x42, 0x01, 0x31, 0x00, 0x42, 0x01, 0x3b, 0x00, 0xb5, 0x01, 0x3b, 0x00, 0xb5, 0x01,
    0x3b, 0x00, 0xb5, 0x01, 0x3b, 0x00, 0xb5, 0x01, 0x3b, 0x00, 0xb5, 0x01, 0x3a, 0x00, 0xb7, 0x01,
    0x3a, 0x00, 0xb5, 0x01, 0x3b, 0x00, 0xb5, 0x01, 0x3b, 0x00, 0xb5, 0x01, 0x3b, 0x00, 0xb5, 0x01,
    0x3b, 0x00, 0xb5, 0x01, 0x3b, 0x00, 0x42, 0x01, 0x31, 0x00, 0x42, 0x01, 0x3b, 0x00, 0x38, 0x01,
    0x45, 0x00, 0x38, 0x01, 0x3b, 0x00, 0x30, 0x01, 0x55, 0x00, 0x30, 0x01, 0x3b, 0x00, 0x29, 0x01,
    0x63, 0x00, 0x29, 0x01, 0x3b, 0x00, 0x23, 0x01, 0x6f, 0x00, 0x23, 0x01, 0x3b, 0x00, 0x1d, 0x01,
    0x7b, 0x00, 0x1d, 0x01, 0x3c, 0x00, 0x16, 0x01, 0x87, 0x00, 0x16, 0x01, 0x3d, 0x00, 0x11, 0x01,
    0x91, 0x00, 0x11, 0x01, 0x3d, 0x00, 0x0b, 0x01, 0x9d, 0x00, 0x0b, 0x01, 0xff, 0x00, 0xff, 0x00,
    0xff, 0x00, 0xff, 0x00, 0xff, 0x00, 0xff, 0x00, 0xff, 0x00, 0xff, 0x00, 0xff, 0x00, 0xff, 0x00,
    0xff, 0x00, 0xff, 0x00, 0xff, 0x00, 0xff, 0x00, 0xff, 0x00, 0xff, 0x00, 0xff, 0x00, 0xff, 0x00,
    0xff, 0x00, 0xff, 0x00, 0xff, 0x00, 0xff, 0x00, 0xff, 0x00, 0xff, 0x00, 0xff, 0x00, 0xff, 0x00,
    0xff, 0x00, 0xff, 0x00, 0xff, 0x00, 0xff, 0x00, 0xff, 0x00, 0xff, 0x00, 0xff, 0x00, 0xff, 0x00,
    0xff, 0x00, 0xff, 0x00, 0xff, 0x00, 0xff, 0x00, 0xff, 0x00, 0xff, 0x00, 0xff, 0x00, 0xff, 0x00,
    0xff, 0x00, 0xff, 0x00, 0xff, 0x00, 0xff, 0x00, 0xff, 0x00, 0xff, 0x00, 0xff, 0x00, 0xff, 0x00,
    0xff, 0x00, 0xff, 0x00, 0xff, 0x00, 0xff, 0x00, 0xff, 0x00, 0xff, 0x00, 0xff, 0x00, 0xff, 0x00,
    0xff, 0x00, 0xff, 0x00, 0xff, 0x00, 0xff, 0x00, 0xff, 0x00, 0xff, 0x00, 0xff, 0x00, 0xff, 0x00,
    0xff, 0x00, 0xff, 0x00, 0xff, 0x00, 0xff, 0x00, 0xff, 0x00, 0xff, 0x00, 0xff, 0x00, 0xff, 0x00,
    0x01, 0x09, 0xec, 0x00, 0x07, 0x09, 0xe8, 0x00, 0x09, 0x09, 0xe6, 0x00, 0x0b, 0x09, 0xe4, 0x00,
    0x0d, 0x09, 0xe3, 0x00, 0x0d, 0x09, 0xe3, 0x00, 0x0d, 0x09, 0xe2, 0x00, 0x0f, 0x09, 0xe2, 0x00,
    0x0d, 0x09, 0xe3, 0x00, 0x0d, 0x09, 0xe3, 0x00, 0x0d, 0x09, 0xe4, 0x00, 0x0b, 0x09, 0xe6, 0x00,
    0x09, 0x09, 0xe8, 0x00, 0x07, 0x09, 0xec, 0x00, 0x01, 0x09, 0xff, 0x00, 0xff, 0x00, 0xff, 0x00,
    0xff, 0x00, 0xff, 0x00, 0xff, 0x00, 0xff, 0x00, 0xff, 0x00, 0xff, 0x00, 0xff, 0x00, 0xff, 0x00,
    0xc2, 0x00, 0xff, 0x00, 0xff, 0x00, 0xff, 0x00, 0xff, 0x00, 0xff, 0x00, 0xff, 0x00, 0xff, 0x00,
    0xff, 0x00, 0xff, 0x00, 0xff, 0x00, 0xff, 0x00, 0xff, 0x00, 0xff, 0x00, 0xff, 0x00, 0xff, 0x00,
    0xff, 0x00, 0xff, 0x00, 0xff, 0x00, 0xff, 0x00, 0xff, 0x00, 0xff, 0x00, 0xff, 0x00, 0xff, 0x00,
    0xff, 0x00, 0xff, 0x00, 0xff, 0x00, 0xff, 0x00, 0xff, 0x00, 0xff, 0x00, 0xff, 0x00, 0xff, 0x00,
    0xff, 0x00, 0xff, 0x00, 0xff, 0x00, 0xff, 0x00, 0xff, 0x00, 0xff, 0x00, 0xff, 0x00, 0x1e, 0x00,
    0x01, 0x01, 0xe1, 0x00, 0x1d, 0x01, 0xcd, 0x00, 0x29, 0x01, 0xc3, 0x00, 0x31, 0x01, 0xbb, 0x00,
    0x39, 0x01, 0xb4, 0x00, 0x3f, 0x01, 0xae, 0x00, 0x45, 0x01, 0xa8, 0x00, 0x4b, 0x01, 0xa3, 0x00,
    0x4f, 0x01, 0x9f, 0x00, 0x53, 0x01, 0x9a, 0x00, 0x59, 0x01, 0x95, 0x00, 0x5d, 0x01, 0x92, 0x00,
    0x5f, 0x01, 0x8f, 0x00, 0x63, 0x01, 0x8b, 0x00, 0x67, 0x01, 0x87, 0x00, 0x6b, 0x01, 0x84, 0x00,
    0x6d, 0x01, 0x81, 0x00, 0x71, 0x01, 0x7e, 0x00, 0x73, 0x01, 0x7c, 0x00, 0x75, 0x01, 0x79, 0x00,
    0x79, 0x01, 0x76, 0x00, 0x7b, 0x01, 0x74, 0x00, 0x7d, 0x01, 0x72, 0x00, 0x7f, 0x01, 0x70, 0x00,
    0x81, 0x01, 0x6d, 0x00, 0x85, 0x01, 0x6a, 0x00, 0x87, 0x01, 0x68, 0x00, 0x89, 0x01, 0x66, 0x00,
    0x8b, 0x01, 0x64, 0x00, 0x8d, 0x01, 0x62, 0x00, 0x8f, 0x01, 0x61, 0x00, 0x8f, 0x01, 0x60, 0x00,
    0x91, 0x01, 0x5e, 0x00, 0x93, 0x01, 0x5c, 0x00, 0x95, 0x01, 0x5a, 0x00, 0x97, 0x01, 0x59, 0x00,
    0x97, 0x01, 0x58, 0x00, 0x99, 0x01, 0x56, 0x00, 0x9b, 0x01, 0x54, 0x00, 0x9d, 0x01, 0x53, 0x00,
    0x9d, 0x01, 0x52, 0x00, 0x9f, 0x01, 0x50, 0x00, 0xa1, 0x01, 0x4f, 0x00, 0xa1, 0x01, 0x4e, 0x00,
    0xa3, 0x01, 0x4d, 0x00, 0xa3, 0x01, 0x4c, 0x00, 0xa5, 0x01, 0x4b, 0x00, 0xa5, 0x01, 0x4a, 0x00,
    0xa7, 0x01, 0x49, 0x00, 0xa7, 0x01, 0x48, 0x00, 0xa9, 0x01, 0x47, 0x00, 0xa9, 0x01, 0x46, 0x00,
    0x55, 0x01, 0x01, 0x00, 0x55, 0x01, 0x45, 0x00, 0x55, 0x01, 0x01, 0x00, 0x55, 0x01, 0x44, 0x00,
    0x56, 0x01, 0x01, 0x00, 0x56, 0x01, 0x43, 0x00, 0x55, 0x01, 0x03, 0x00, 0x55, 0x01, 0x43, 0x00,
    0x55, 0x01, 0x03, 0x00, 0x55, 0x01, 0x42, 0x00, 0x56, 0x01, 0x03, 0x00, 0x56, 0x01, 0x41, 0x00,
    0x55, 0x01, 0x05, 0x00, 0x55, 0x01, 0x41, 0x00, 0x55, 0x01, 0x05, 0x00, 0x55, 0x01, 0x40, 0x00,
    0x56, 0x01, 0x05, 0x00, 0x56, 0x01, 0x3f, 0x00, 0x55, 0x01, 0x07, 0x00, 0x55, 0x01, 0x3f, 0x00,
    0x55, 0x01, 0x07, 0x00, 0x55, 0x01, 0x3f, 0x00, 0x55, 0x01, 0x07, 0x00, 0x55, 0x01, 0x3e, 0x00,
    0x55, 0x01, 0x09, 0x00, 0x55, 0x01, 0x3d, 0x00, 0x55, 0x01, 0x09, 0x00, 0x55, 0x01, 0x3d, 0x00,
    0x54, 0x01, 0x0b, 0x00, 0x54, 0x01, 0x3d, 0x00, 0x52, 0x01, 0x03, 0x03, 0x0a, 0x00, 0x54, 0x01,
    0x3d, 0x00, 0x51, 0x01, 0x06, 0x03, 0x08, 0x00, 0x54, 0x01, 0x3c, 0x00, 0x51, 0x01, 0x07, 0x03,
    0x09, 0x00, 0x54, 0x01, 0x3b, 0x00, 0x51, 0x01, 0x08, 0x03, 0x08, 0x00, 0x54, 0x01, 0x3b, 0x00,
    0x49, 0x01, 0x08, 0x00, 0x08, 0x03, 0x13, 0x00, 0x49, 0x01, 0x3b, 0x00, 0x40, 0x01, 0x11, 0x00,
    0x07, 0x03, 0x1d, 0x00, 0x40, 0x01, 0x3b, 0x00, 0x42, 0x01, 0x10, 0x00, 0x06, 0x03, 0x1b, 0x00,
    0x42, 0x01, 0x3b, 0x00, 0x43, 0x01, 0x10, 0x00, 0x03, 0x03, 0x1c, 0x00, 0x43, 0x01, 0x3b, 0x00,
    0x44, 0x01, 0x2d, 0x00, 0x44, 0x01, 0x3b, 0x00, 0x46, 0x01, 0x29, 0x00, 0x46, 0x01, 0x3b, 0x00,
    0x47, 0x01, 0x27, 0x00, 0x47, 0x01, 0x3b, 0x00, 0x48, 0x01, 0x25, 0x00, 0x48, 0x01, 0x3b, 0x00,
    0x4a, 0x01, 0x21, 0x00, 0x4a, 0x01, 0x3a, 0x00, 0x4c, 0x01, 0x1f, 0x00, 0x4c, 0x01, 0x3a, 0x00,
    0x4c, 0x01, 0x1d, 0x00, 0x4c, 0x01, 0x3b, 0x00, 0x4e, 0x01, 0x19, 0x00, 0x4e, 0x01, 0x3b, 0x00,
    0x4f, 0x01, 0x17, 0x00, 0x4f, 0x01, 0x3b, 0x00, 0x50, 0x01, 0x15, 0x00, 0x50, 0x01, 0x3b, 0x00,
    0x4f, 0x01, 0x17, 0x00, 0x4f, 0x01, 0x3b, 0x00, 0x4f, 0x01, 0x17, 0x00, 0x4f, 0x01, 0x3b, 0x00,
    0x4f, 0x01, 0x17, 0x00, 0x4f, 0x01, 0x3b, 0x00, 0x4e, 0x01, 0x19, 0x00, 0x4e, 0x01, 0x3b, 0x00,
    0x4e, 0x01, 0x19, 0x00, 0x4e, 0x01, 0x3b, 0x00, 0x4e, 0x01, 0x19, 0x00, 0x4e, 0x01, 0x3b, 0x00,
    0x4d, 0x01, 0x1b, 0x00, 0x4d, 0x01, 0x3c, 0x00, 0x4c, 0x01, 0x0d, 0x00, 0x01, 0x01, 0x0d, 0x00,
    0x4c, 0x01, 0x3d, 0x00, 0x4c, 0x01, 0x0b, 0x00, 0x05, 0x01, 0x0b, 0x00, 0x4c, 0x01, 0x3d, 0x00,
    0x4b, 0x01, 0x0b, 0x00, 0x07, 0x01, 0x0b, 0x00, 0x4b, 0x01, 0x3d, 0x00, 0x4b, 0x01, 0x09, 0x00,
    0x0b, 0x01, 0x09, 0x00, 0x4b, 0x01, 0x3d, 0x00, 0x4b, 0x01, 0x08, 0x00, 0x0d, 0x01, 0x08, 0x00,
    0x4b, 0x01, 0x3e, 0x00, 0x4a, 0x01, 0x06, 0x00, 0x11, 0x01, 0x06, 0x00, 0x4a, 0x01, 0x3f, 0x00,
    0x49, 0x01, 0x06, 0x00, 0x13, 0x01, 0x06, 0x00, 0x49, 0x01, 0x3f, 0x00, 0x49, 0x01, 0x05, 0x00,
    0x15, 0x01, 0x05, 0x00, 0x49, 0x01, 0x3f, 0x00, 0x49, 0x01, 0x03, 0x00, 0x19, 0x01, 0x03, 0x00,
    0x49, 0x01, 0x40, 0x00, 0x47, 0x01, 0x03, 0x00, 0x1b, 0x01, 0x03, 0x00, 0x47, 0x01, 0x41, 0x00,
    0x47, 0x01, 0x01, 0x00, 0x1f, 0x01, 0x01, 0x00, 0x47, 0x01, 0x41, 0x00, 0xaf, 0x01, 0x42, 0x00,
    0xad, 0x01, 0x43, 0x00, 0xad, 0x01, 0x43, 0x00, 0xad, 0x01, 0x44, 0x00, 0xab, 0x01, 0x45, 0x00,
    0xab, 0x01, 0x46, 0x00, 0xa9, 0x01, 0x47, 0x00, 0xa9, 0x01, 0x48, 0x00, 0xa7, 0x01, 0x49, 0x00,
    0xa7, 0x01, 0x4a, 0x00, 0xa5, 0x01, 0x4b, 0x00, 0xa5, 0x01, 0x4c, 0x00, 0xa3, 0x01, 0x4d, 0x00,
    0xa3, 0x01, 0x4e, 0x00, 0xa1, 0x01, 0x4f, 0x00, 0xa1, 0x01, 0x50, 0x00, 0x9f, 0x01, 0x52, 0x00,
    0x9d, 0x01, 0x53, 0x00, 0x9d, 0x01, 0x54, 0x00, 0x9b, 0x01, 0x56, 0x00, 0x99, 0x01, 0x49, 0x00,
    0x08, 0x0e, 0x07, 0x00, 0x97, 0x01, 0x49, 0x00, 0x0a, 0x0e, 0x06, 0x00, 0x97, 0x01, 0x48, 0x00,
    0x0c, 0x0e, 0x06, 0x00, 0x95, 0x01, 0x49, 0x00, 0x0c, 0x0e, 0x07, 0x00, 0x93, 0x01, 0x49, 0x00,
    0x0e, 0x0e, 0x07, 0x00, 0x91, 0x01, 0x4a, 0x00, 0x0e, 0x0e, 0x08, 0x00, 0x8f, 0x01, 0x4b, 0x00,
    0x0e, 0x0e, 0x08, 0x00, 0x8f, 0x01, 0x4b, 0x00, 0x0e, 0x0e, 0x09, 0x00, 0x8d, 0x01, 0x4c, 0x00,
    0x0e, 0x0e, 0x0a, 0x00, 0x8b, 0x01, 0x4e, 0x00, 0x0c, 0x0e, 0x0c, 0x00, 0x89, 0x01, 0x4f, 0x00,
    0x0c, 0x0e, 0x0d, 0x00, 0x87, 0x01, 0x51, 0x00, 0x0a, 0x0e, 0x0f, 0x00, 0x85, 0x01, 0x53, 0x00,
    0x08, 0x0e, 0x12, 0x00, 0x81, 0x01, 0x70, 0x00, 0x7f, 0x01, 0x72, 0x00, 0x7d, 0x01, 0x74, 0x00,
    0x7b, 0x01, 0x76, 0x00, 0x79, 0x01, 0x79, 0x00, 0x75, 0x01, 0x7c, 0x00, 0x73, 0x01, 0x7e, 0x00,
    0x71, 0x01, 0x81, 0x00, 0x6d, 0x01, 0x84, 0x00, 0x6b, 0x01, 0x87, 0x00, 0x67, 0x01, 0x8b, 0x00,
    0x63, 0x01, 0x8f, 0x00, 0x5f, 0x01, 0x92, 0x00, 0x5d, 0x01, 0x95, 0x00, 0x59, 0x01, 0x9a, 0x00,
    0x53, 0x01, 0x9f, 0x00, 0x4f, 0x01, 0xa3, 0x00, 0x4b, 0x01, 0xa8, 0x00, 0x45, 0x01, 0xae, 0x00,
    0x3f, 0x01, 0xb4, 0x00, 0x39, 0x01, 0xbb, 0x00, 0x31, 0x01, 0xc3, 0x00, 0x29, 0x01, 0xcd, 0x00,
    0x1d, 0x01, 0xe1, 0x00, 0x01, 0x01, 0xff, 0x00, 0xff, 0x00, 0xff, 0x00, 0xff, 0x00, 0xff, 0x00,
    0xff, 0x00, 0xff, 0x00, 0xff, 0x00, 0xff, 0x00, 0xff, 0x00, 0xff, 0x00, 0xff, 0x00, 0xff, 0x00,
    0xff, 0x00, 0xff, 0x00, 0xff, 0x00, 0xff, 0x00, 0xff, 0x00, 0xff, 0x00, 0xff, 0x00, 0xff, 0x00,
    0xff, 0x00, 0xff, 0x00, 0xff, 0x00, 0xff, 0x00, 0xff, 0x00, 0xff, 0x00, 0xff, 0x00, 0xff, 0x00,
    0xff, 0x00, 0xff, 0x00, 0xff, 0x00, 0xff, 0x00, 0xff, 0x00, 0xff, 0x00, 0xff, 0x00, 0xff, 0x00,
    0x2c, 0x00, 0xff, 0x00, 0xff, 0x00, 0xff, 0x00, 0xff, 0x00, 0xff, 0x00, 0xff, 0x00, 0xff, 0x00,
    0xff, 0x00, 0xff, 0x00, 0xff, 0x00, 0xff, 0x00, 0xff, 0x00, 0xff, 0x00, 0xff, 0x00, 0xff, 0x00,
    0xff, 0x00, 0xff, 0x00, 0xff, 0x00, 0xff, 0x00, 0xff, 0x00, 0xff, 0x00, 0xff, 0x00, 0xff, 0x00,
    0xff, 0x00, 0xff, 0x00, 0xff, 0x00, 0xff, 0x00, 0xff, 0x00, 0xff, 0x00, 0xff, 0x00, 0xff, 0x00,
    0xff, 0x00, 0xff, 0x00, 0xff, 0x00, 0xff, 0x00, 0xff, 0x00, 0xff, 0x00, 0xff, 0x00, 0x1e, 0x00,
    0x01, 0x01, 0xe1, 0x00, 0x1d, 0x01, 0xcd, 0x00, 0x29, 0x01, 0xc3, 0x00, 0x31, 0x01, 0xbb, 0x00,
    0x39, 0x01, 0xb4, 0x00, 0x3f, 0x01, 0xae, 0x00, 0x45, 0x01, 0xa8, 0x00, 0x4b, 0x01, 0xa3, 0x00,
    0x4f, 0x01, 0x9f, 0x00, 0x53, 0x01, 0x9a, 0x00, 0x59, 0x01, 0x95, 0x00, 0x5d, 0x01, 0x92, 0x00,
    0x5f, 0x01, 0x8f, 0x00, 0x63, 0x01, 0x8b, 0x00, 0x67, 0x01, 0x87, 0x00, 0x6b, 0x01, 0x84, 0x00,
    0x6d, 0x01, 0x81, 0x00, 0x71, 0x01, 0x7e, 0x00, 0x73, 0x01, 0x7c, 0x00, 0x75, 0x01, 0x79, 0x00,
    0x79, 0x01, 0x76, 0x00, 0x7b, 0x01, 0x74, 0x00, 0x7d, 0x01, 0x72, 0x00, 0x7f, 0x01, 0x56, 0x00,
    0x08, 0x09, 0x12, 0x00, 0x81, 0x01, 0x54, 0x00, 0x0a, 0x09, 0x0f, 0x00, 0x85, 0x01, 0x51, 0x00,
    0x0c, 0x09, 0x0d, 0x00, 0x87, 0x01, 0x50, 0x00, 0x0c, 0x09, 0x0c, 0x00, 0x89, 0x01, 0x4e, 0x00,
    0x0e, 0x09, 0x0a, 0x00, 0x8b, 0x01, 0x4d, 0x00, 0x0e, 0x09, 0x09, 0x00, 0x8d, 0x01, 0x4c, 0x00,
    0x0e, 0x09, 0x08, 0x00, 0x8f, 0x01, 0x4b, 0x00, 0x0e, 0x09, 0x08, 0x00, 0x8f, 0x01, 0x4b, 0x00,
    0x0e, 0x09, 0x07, 0x00, 0x91, 0x01, 0x4b, 0x00, 0x0c, 0x09, 0x07, 0x00, 0x93, 0x01, 0x4a, 0x00,
    0x0c, 0x09, 0x06, 0x00, 0x95, 0x01, 0x4a, 0x00, 0x0a, 0x09, 0x06, 0x00, 0x97, 0x01, 0x4a, 0x00,
    0x08, 0x09, 0x07, 0x00, 0x97, 0x01, 0x58, 0x00, 0x99, 0x01, 0x56, 0x00, 0x9b, 0x01, 0x54, 0x00,
    0x9d, 0x01, 0x53, 0x00, 0x9d, 0x01, 0x52, 0x00, 0x9f, 0x01, 0x50, 0x00, 0xa1, 0x01, 0x4f, 0x00,
    0xa1, 0x01, 0x4e, 0x00, 0xa3, 0x01, 0x4d, 0x00, 0xa3, 0x01, 0x4c, 0x00, 0xa5, 0x01, 0x4b, 0x00,
    0xa5, 0x01, 0x4a, 0x00, 0xa7, 0x01, 0x49, 0x00, 0xa7, 0x01, 0x48, 0x00, 0xa9, 0x01, 0x47, 0x00,
    0xa9, 0x01, 0x46, 0x00, 0x55, 0x01, 0x01, 0x00, 0x55, 0x01, 0x45, 0x00, 0x55, 0x01, 0x01, 0x00,
    0x55, 0x01, 0x44, 0x00, 0x56, 0x01, 0x01, 0x00, 0x56, 0x01, 0x43, 0x00, 0x55, 0x01, 0x03, 0x00,
    0x55, 0x01, 0x43, 0x00, 0x55, 0x01, 0x03, 0x00, 0x55, 0x01, 0x42, 0x00, 0x56, 0x01, 0x03, 0x00,
    0x56, 0x01, 0x41, 0x00, 0x55, 0x01, 0x05, 0x00, 0x55, 0x01, 0x41, 0x00, 0x55, 0x01, 0x05, 0x00,
    0x55, 0x01, 0x40, 0x00, 0x56, 0x01, 0x05, 0x00, 0x56, 0x01, 0x3f, 0x00, 0x55, 0x01, 0x07, 0x00,
    0x55, 0x01, 0x3f, 0x00, 0x55, 0x01, 0x07, 0x00, 0x55, 0x01, 0x3f, 0x00, 0x55, 0x01, 0x07, 0x00,
    0x55, 0x01, 0x3e, 0x00, 0x55, 0x01, 0x09, 0x00, 0x55, 0x01, 0x3d, 0x00, 0x55, 0x01, 0x09, 0x00,
    0x55, 0x01, 0x3d, 0x00, 0x54, 0x01, 0x0b, 0x00, 0x54, 0x01, 0x3d, 0x00, 0x52, 0x01, 0x03, 0x03,
    0x0a, 0x00, 0x54, 0x01, 0x3d, 0x00, 0x51, 0x01, 0x06, 0x03, 0x08, 0x00, 0x54, 0x01, 0x3c, 0x00,
    0x51, 0x01, 0x07, 0x03, 0x09, 0x00, 0x54, 0x01, 0x3b, 0x00, 0x51, 0x01, 0x08, 0x03, 0x08, 0x00,
    0x54, 0x01, 0x3b, 0x00, 0x49, 0x01, 0x08, 0x00, 0x08, 0x03, 0x13, 0x00, 0x49, 0x01, 0x3b, 0x00,
    0x40, 0x01, 0x11, 0x00, 0x07, 0x03, 0x1d, 0x00, 0x40, 0x01, 0x3b, 0x00, 0x42, 0x01, 0x10, 0x00,
    0x06, 0x03, 0x1b, 0x00, 0x42, 0x01, 0x3b, 0x00, 0x43, 0x01, 0x10, 0x00, 0x03, 0x03, 0x1c, 0x00,
    0x43, 0x01, 0x3b, 0x00, 0x44, 0x01, 0x2d, 0x00, 0x44, 0x01, 0x3b, 0x00, 0x46, 0x01, 0x29, 0x00,
    0x46, 0x01, 0x3b, 0x00, 0x47, 0x01, 0x27, 0x00, 0x47, 0x01, 0x3b, 0x00, 0x48, 0x01, 0x25, 0x00,
    0x48, 0x01, 0x3b, 0x00, 0x4a, 0x01, 0x21, 0x00, 0x4a, 0x01, 0x3a, 0x00, 0x4c, 0x01, 0x1f, 0x00,
    0x4c, 0x01, 0x3a, 0x00, 0x4c, 0x01, 0x1d, 0x00, 0x4c, 0x01, 0x3b, 0x00, 0x4e, 0x01, 0x19, 0x00,
    0x4e, 0x01, 0x3b, 0x00, 0x4f, 0x01, 0x17, 0x00, 0x4f, 0x01, 0x3b, 0x00, 0x50, 0x01, 0x15, 0x00,
    0x50, 0x01, 0x3b, 0x00, 0x4f, 0x01, 0x17, 0x00, 0x4f, 0x01, 0x3b, 0x00, 0x4f, 0x01, 0x17, 0x00,
    0x4f, 0x01, 0x3b, 0x00, 0x4f, 0x01, 0x17, 0x00, 0x4f, 0x01, 0x3b, 0x00, 0x4e, 0x01, 0x19, 0x00,
    0x4e, 0x01, 0x3b, 0x00, 0x4e, 0x01, 0x19, 0x00, 0x4e, 0x01, 0x3b, 0x00, 0x4e, 0x01, 0x19, 0x00,
    0x4e, 0x01, 0x3b, 0x00, 0x4d, 0x01, 0x1b, 0x00, 0x4d, 0x01, 0x3c, 0x00, 0x4c, 0x01, 0x0d, 0x00,
    0x01, 0x01, 0x0d, 0x00, 0x4c, 0x01, 0x3d, 0x00, 0x4c, 0x01, 0x0b, 0x00, 0x05, 0x01, 0x0b, 0x00,
    0x4c, 0x01, 0x3d, 0x00, 0x4b, 0x01, 0x0b, 0x00, 0x07, 0x01, 0x0b, 0x00, 0x4b, 0x01, 0x3d, 0x00,
    0x4b, 0x01, 0x09, 0x00, 0x0b, 0x01, 0x09, 0x00, 0x4b, 0x01, 0x3d, 0x00, 0x4b, 0x01, 0x08, 0x00,
    0x0d, 0x01, 0x08, 0x00, 0x4b, 0x01, 0x3e, 0x00, 0x4a, 0x01, 0x06, 0x00, 0x11, 0x01, 0x06, 0x00,
    0x4a, 0x01, 0x3f, 0x00, 0x49, 0x01, 0x06, 0x00, 0x13, 0x01, 0x06, 0x00, 0x49, 0x01, 0x3f, 0x00,
    0x49, 0x01, 0x05, 0x00, 0x15, 0x01, 0x05, 0x00, 0x49, 0x01, 0x3f, 0x00, 0x49, 0x01, 0x03, 0x00,
    0x19, 0x01, 0x03, 0x00, 0x49, 0x01, 0x40, 0x00, 0x47, 0x01, 0x03, 0x00, 0x1b, 0x01, 0x03, 0x00,
    0x47, 0x01, 0x41, 0x00, 0x47, 0x01, 0x01, 0x00, 0x1f, 0x01, 0x01, 0x00, 0x47, 0x01, 0x41, 0x00,
    0xaf, 0x01, 0x42, 0x00, 0xad, 0x01, 0x43, 0x00, 0xad, 0x01, 0x43, 0x00, 0xad, 0x01, 0x44, 0x00,
    0xab, 0x01, 0x45, 0x00, 0xab, 0x01, 0x46, 0x00, 0xa9, 0x01, 0x47, 0x00, 0xa9, 0x01, 0x48, 0x00,
    0xa7, 0x01, 0x49, 0x00, 0xa7, 0x01, 0x4a, 0x00, 0xa5, 0x01, 0x4b, 0x00, 0xa5, 0x01, 0x4c, 0x00,
    0xa3, 0x01, 0x4d, 0x00, 0xa3, 0x01, 0x4e, 0x00, 0xa1, 0x01, 0x4f, 0x00, 0xa1, 0x01, 0x50, 0x00,
    0x9f, 0x01, 0x52, 0x00, 0x9d, 0x01, 0x53, 0x00, 0x9d, 0x01, 0x54, 0x00, 0x9b, 0x01, 0x56, 0x00,
    0x99, 0x01, 0x58, 0x00, 0x97, 0x01, 0x59, 0x00, 0x97, 0x01, 0x5a, 0x00, 0x95, 0x01, 0x5c, 0x00,
    0x93, 0x01, 0x5e, 0x00, 0x91, 0x01, 0x60, 0x00, 0x8f, 0x01, 0x61, 0x00, 0x8f, 0x01, 0x62, 0x00,
    0x8d, 0x01, 0x64, 0x00, 0x8b, 0x01, 0x66, 0x00, 0x89, 0x01, 0x68, 0x00, 0x87, 0x01, 0x6a, 0x00,
    0x85, 0x01, 0x6d, 0x00, 0x81, 0x01, 0x70, 0x00, 0x7f, 0x01, 0x72, 0x00, 0x7d, 0x01, 0x74, 0x00,
    0x7b, 0x01, 0x76, 0x00, 0x79, 0x01, 0x79, 0x00, 0x75, 0x01, 0x7c, 0x00, 0x73, 0x01, 0x7e, 0x00,
    0x71, 0x01, 0x81, 0x00, 0x6d, 0x01, 0x84, 0x00, 0x6b, 0x01, 0x87, 0x00, 0x67, 0x01, 0x8b, 0x00,
    0x63, 0x01, 0x8f, 0x00, 0x5f, 0x01, 0x92, 0x00, 0x5d, 0x01, 0x95, 0x00, 0x59, 0x01, 0x9a, 0x00,
    0x53, 0x01, 0x9f, 0x00, 0x4f, 0x01, 0xa3, 0x00, 0x4b, 0x01, 0xa8, 0x00, 0x45, 0x01, 0xae, 0x00,
    0x3f, 0x01, 0xb4, 0x00, 0x39, 0x01, 0xbb, 0x00, 0x31, 0x01, 0xc3, 0x00, 0x29, 0x01, 0xcd, 0x00,
    0x1d, 0x01, 0xe1, 0x00, 0x01, 0x01, 0xff, 0x00, 0xff, 0x00, 0xff, 0x00, 0xff, 0x00, 0xff, 0x00,
    0xff, 0x00, 0xff, 0x00, 0xff, 0x00, 0xff, 0x00, 0xff, 0x00, 0xff, 0x00, 0xff, 0x00, 0xff, 0x00,
    0xff, 0x00, 0xff, 0x00, 0xff, 0x00, 0xff, 0x00, 0xff, 0x00, 0xff, 0x00, 0xff, 0x00, 0xff, 0x00,
    0xff, 0x00, 0xff, 0x00, 0xff, 0x00, 0xff, 0x00, 0xff, 0x00, 0xff, 0x00, 0xff, 0x00, 0xff, 0x00,
    0xff, 0x00, 0xff, 0x00, 0xff, 0x00, 0xff, 0x00, 0xff, 0x00, 0xff, 0x00, 0xff, 0x00, 0xff, 0x00,
    0x2c, 0x00, 0xff, 0x00, 0xff, 0x00, 0xff, 0x00, 0xff, 0x00, 0xff, 0x00, 0xff, 0x00, 0xff, 0x00,
    0xff, 0x00, 0xff, 0x00, 0xff, 0x00, 0xff, 0x00, 0xff, 0x00, 0xff, 0x00, 0xff, 0x00, 0xff, 0x00,
    0xff, 0x00, 0xff, 0x00, 0xff, 0x00, 0xff, 0x00, 0xff, 0x00, 0xff, 0x00, 0xff, 0x00, 0xff, 0x00,
    0xff, 0x00, 0xff, 0x00, 0xff, 0x00, 0xff, 0x00, 0xff, 0x00, 0xff, 0x00, 0xff, 0x00, 0xff, 0x00,
    0xff, 0x00, 0xff, 0x00, 0xff, 0x00, 0xff, 0x00, 0xff, 0x00, 0xff, 0x00, 0xff, 0x00, 0xff, 0x00,
    0xff, 0x00, 0xff, 0x00, 0xff, 0x00, 0xff, 0x00, 0xff, 0x00, 0xff, 0x00, 0xff, 0x00, 0xff, 0x00,
    0xff, 0x00, 0xff, 0x00, 0xff, 0x00, 0xff, 0x00, 0xff, 0x00, 0xff, 0x00, 0xff, 0x00, 0xff, 0x00,
    0xff, 0x00, 0xff, 0x00, 0xff, 0x00, 0xff, 0x00, 0xff, 0x00, 0xff, 0x00, 0xff, 0x00, 0xff, 0x00,
    0xff, 0x00, 0xff, 0x00, 0xff, 0x00, 0xff, 0x00, 0xff, 0x00, 0xff, 0x00, 0xff, 0x00, 0xff, 0x00,
    0xff, 0x00, 0xff, 0x00, 0xff, 0x00, 0xff, 0x00, 0xff, 0x00, 0xff, 0x00, 0xff, 0x00, 0x91, 0x00,
    0x0b, 0x0c, 0xd8, 0x00, 0x25, 0x0c, 0xc4, 0x00, 0x33, 0x0c, 0xb8, 0x00, 0x3d, 0x0c, 0xae, 0x00,
    0x47, 0x0c, 0xa5, 0x00, 0x4f, 0x0c, 0x9e, 0x00, 0x55, 0x0c, 0x98, 0x00, 0x5b, 0x0c, 0x92, 0x00,
    0x61, 0x0c, 0x8c, 0x00, 0x67, 0x0c, 0x86, 0x00, 0x6d, 0x0c, 0x81, 0x00, 0x71, 0x0c, 0x7d, 0x00,
    0x75, 0x0c, 0x79, 0x00, 0x79, 0x0c, 0x75, 0x00, 0x7d, 0x0c, 0x71, 0x00, 0x81, 0x0c, 0x6d, 0x00,
    0x85, 0x0c, 0x69, 0x00, 0x89, 0x0c, 0x65, 0x00, 0x8d, 0x0c, 0x62, 0x00, 0x8f, 0x0c, 0x5f, 0x00,
    0x93, 0x0c, 0x5c, 0x00, 0x95, 0x0c, 0x59, 0x00, 0x99, 0x0c, 0x56, 0x00, 0x9b, 0x0c, 0x54, 0x00,
    0x9d, 0x0c, 0x52, 0x00, 0x9f, 0x0c, 0x50, 0x00, 0xa1, 0x0c, 0x4e, 0x00, 0xa3, 0x0c, 0x4c, 0x00,
    0x52, 0x0c, 0x01, 0x00, 0x52, 0x0c, 0x4a, 0x00, 0x51, 0x0c, 0x05, 0x00, 0x51, 0x0c, 0x48, 0x00,
    0x50, 0x0c, 0x09, 0x00, 0x50, 0x0c, 0x46, 0x00, 0x4f, 0x0c, 0x0d, 0x00, 0x4f, 0x0c, 0x44, 0x00,
    0x4f, 0x0c, 0x0f, 0x00, 0x4f, 0x0c, 0x42, 0x00, 0x4f, 0x0c, 0x11, 0x00, 0x4f, 0x0c, 0x41, 0x00,
    0x4e, 0x0c, 0x13, 0x00, 0x4e, 0x0c, 0x40, 0x00, 0x4f, 0x0c, 0x13, 0x00, 0x4f, 0x0c, 0x3f, 0x00,
    0x4e, 0x0c, 0x15, 0x00, 0x2d, 0x0c, 0x01, 0x0b, 0x20, 0x0c, 0x3e, 0x00, 0x4f, 0x0c, 0x15, 0x00,
    0x2d, 0x0c, 0x01, 0x0b, 0x21, 0x0c, 0x3e, 0x00, 0x4d, 0x0c, 0x17, 0x00, 0x2c, 0x0c, 0x01, 0x0b,
    0x20, 0x0c, 0x3f, 0x00, 0x4d, 0x0c, 0x17, 0x00, 0x2b, 0x0c, 0x03, 0x0b, 0x1f, 0x0c, 0x40, 0x00,
    0x4b, 0x0c, 0x19, 0x00, 0x2a, 0x0c, 0x03, 0x0b, 0x1e, 0x0c, 0x41, 0x00, 0x4b, 0x0c, 0x19, 0x00,
    0x2a, 0x0c, 0x03, 0x0b, 0x1e, 0x0c, 0x42, 0x00, 0x4a, 0x0c, 0x19, 0x00, 0x29, 0x0c, 0x05, 0x0b,
    0x1c, 0x0c, 0x44, 0x00, 0x48, 0x0c, 0x1b, 0x00, 0x28, 0x0c, 0x05, 0x0b, 0x1b, 0x0c, 0x46, 0x00,
    0x47, 0x0c, 0x1b, 0x00, 0x27, 0x0c, 0x07, 0x0b, 0x19, 0x0c, 0x48, 0x00, 0x46, 0x0c, 0x1b, 0x00,
    0x27, 0x0c, 0x07, 0x0b, 0x18, 0x0c, 0x4a, 0x00, 0x45, 0x0c, 0x1b, 0x00, 0x27, 0x0c, 0x07, 0x0b,
    0x17, 0x0c, 0x4c, 0x00, 0x44, 0x0c, 0x1b, 0x00, 0x26, 0x0c, 0x09, 0x0b, 0x15, 0x0c, 0x4e, 0x00,
    0x42, 0x0c, 0x1d, 0x00, 0x25, 0x0c, 0x09, 0x0b, 0x14, 0x0c, 0x50, 0x00, 0x41, 0x0c, 0x1d, 0x00,
    0x24, 0x0c, 0x0b, 0x0b, 0x12, 0x0c, 0x52, 0x00, 0x40, 0x0c, 0x1d, 0x00, 0x24, 0x0c, 0x0b, 0x0b,
    0x11, 0x0c, 0x54, 0x00, 0x3f, 0x0c, 0x1d, 0x00, 0x23, 0x0c, 0x0d, 0x0b, 0x0f, 0x0c, 0x56, 0x00,
    0x3e, 0x0c, 0x1d, 0x00, 0x23, 0x0c, 0x0d, 0x0b, 0x0e, 0x0c, 0x59, 0x00, 0x3c, 0x0c, 0x1d, 0x00,
    0x23, 0x0c, 0x0d, 0x0b, 0x0c, 0x0c, 0x5c, 0x00, 0x3b, 0x0c, 0x1d, 0x00, 0x22, 0x0c, 0x0f, 0x0b,
    0x0a, 0x0c, 0x5f, 0x00, 0x39, 0x0c, 0x1d, 0x00, 0x23, 0x0c, 0x0d, 0x0b, 0x09, 0x0c, 0x62, 0x00,
    0x38, 0x0c, 0x1d, 0x00, 0x23, 0x0c, 0x0d, 0x0b, 0x08, 0x0c, 0x65, 0x00, 0x37, 0x0c, 0x1b, 0x00,
    0x24, 0x0c, 0x0d, 0x0b, 0x06, 0x0c, 0x69, 0x00, 0x35, 0x0c, 0x1b, 0x00, 0x25, 0x0c, 0x0b, 0x0b,
    0x05, 0x0c, 0x6d, 0x00, 0x33, 0x0c, 0x1b, 0x00, 0x26, 0x0c, 0x09, 0x0b, 0x04, 0x0c, 0x71, 0x00,
    0x31, 0x0c, 0x1b, 0x00, 0x27, 0x0c, 0x07, 0x0b, 0x03, 0x0c, 0x75, 0x00, 0x2f, 0x0c, 0x1b, 0x00,
    0x2a, 0x0c, 0x01, 0x0b, 0x04, 0x0c, 0x79, 0x00, 0x2e, 0x0c, 0x19, 0x00, 0x2e, 0x0c, 0x7d, 0x00,
    0x2c, 0x0c, 0x19, 0x00, 0x2c, 0x0c, 0x81, 0x00, 0x2a, 0x0c, 0x19, 0x00, 0x2a, 0x0c, 0x86, 0x00,
    0x28, 0x0c, 0x17, 0x00, 0x28, 0x0c, 0x8c, 0x00, 0x25, 0x0c, 0x17, 0x00, 0x25, 0x0c, 0x92, 0x00,
    0x23, 0x0c, 0x15, 0x00, 0x23, 0x0c, 0x98, 0x00, 0x20, 0x0c, 0x15, 0x00, 0x20, 0x0c, 0x9e, 0x00,
    0x1e, 0x0c, 0x13, 0x00, 0x1e, 0x0c, 0xa5, 0x00, 0x1a, 0x0c, 0x13, 0x00, 0x1a, 0x0c, 0xae, 0x00,
    0x16, 0x0c, 0x11, 0x00, 0x16, 0x0c, 0xb8, 0x00, 0x12, 0x0c, 0x0f, 0x00, 0x12, 0x0c, 0xc4, 0x00,
    0x0c, 0x0c, 0x0d, 0x00, 0x0c, 0x0c, 0xd8, 0x00, 0x01, 0x0c, 0x09, 0x00, 0x01, 0x0c, 0xff, 0x00,
    0xff, 0x00, 0xff, 0x00, 0xff, 0x00, 0xff, 0x00, 0xff, 0x00, 0xff, 0x00, 0xff, 0x00, 0xff, 0x00,
    0xff, 0x00, 0xff, 0x00, 0xff, 0x00, 0xff, 0x00, 0xff, 0x00, 0xff, 0x00, 0xff, 0x00, 0xff, 0x00,
    0xff, 0x00, 0xff, 0x00, 0xff, 0x00, 0xff, 0x00, 0xff, 0x00, 0xff, 0x00, 0xff, 0x00, 0xff, 0x00,
    0xff, 0x00, 0xff, 0x00, 0xff, 0x00, 0xff, 0x00, 0xff, 0x00, 0xff, 0x00, 0xff, 0x00, 0xff, 0x00,
    0xff, 0x00, 0xff, 0x00, 0xff, 0x00, 0xff, 0x00, 0xff, 0x00, 0xff, 0x00, 0xff, 0x00, 0xff, 0x00,
    0xff, 0x00, 0xff, 0x00, 0xff, 0x00, 0xff, 0x00, 0xff, 0x00, 0xff, 0x00, 0xff, 0x00, 0xff, 0x00,
    0xff, 0x00, 0xff, 0x00, 0xff, 0x00, 0xff, 0x00, 0xff, 0x00, 0xff, 0x00, 0xff, 0x00, 0xff, 0x00,
    0xff, 0x00, 0xff, 0x00, 0xff, 0x00, 0xff, 0x00, 0xff, 0x00, 0xff, 0x00, 0xff, 0x00, 0xff, 0x00,
    0xff, 0x00, 0xff, 0x00, 0xff, 0x00, 0xff, 0x00, 0xff, 0x00, 0xff, 0x00, 0xff, 0x00, 0xff, 0x00,
    0xff, 0x00, 0xff, 0x00, 0xff, 0x00, 0xff, 0x00, 0x9f, 0x00, 0xff, 0x00, 0xff, 0x00, 0xff, 0x00,
    0xff, 0x00, 0xff, 0x00, 0xff, 0x00, 0xff, 0x00, 0xff, 0x00, 0xff, 0x00, 0xff, 0x00, 0xff, 0x00,
    0xff, 0x00, 0xff, 0x00, 0xff, 0x00, 0xff, 0x00, 0xff, 0x00, 0xff, 0x00, 0xff, 0x00, 0xff, 0x00,
    0xff, 0x00, 0xff, 0x00, 0xff, 0x00, 0xff, 0x00, 0xff, 0x00, 0xff, 0x00, 0xff, 0x00, 0xff, 0x00,
    0xff, 0x00, 0xff, 0x00, 0xff, 0x00, 0xff, 0x00, 0xff, 0x00, 0xff, 0x00, 0xff, 0x00, 0xff, 0x00,
    0xff, 0x00, 0xff, 0x00, 0xff, 0x00, 0xff, 0x00, 0xff, 0x00, 0xff, 0x00, 0xff, 0x00, 0xff, 0x00,
    0xff, 0x00, 0xff, 0x00, 0xff, 0x00, 0xff, 0x00, 0xff, 0x00, 0xff, 0x00, 0xff, 0x00, 0xff, 0x00,
    0xff, 0x00, 0xff, 0x00, 0xff, 0x00, 0xff, 0x00, 0xff, 0x00, 0xff, 0x00, 0xff, 0x00, 0xff, 0x00,
    0xff, 0x00, 0xff, 0x00, 0xff, 0x00, 0xff, 0x00, 0xff, 0x00, 0xff, 0x00, 0xff, 0x00, 0xff, 0x00,
    0xff, 0x00, 0xff, 0x00, 0xff, 0x00, 0xff, 0x00, 0xff, 0x00, 0xff, 0x00, 0xff, 0x00, 0xff, 0x00,
    0xff, 0x00, 0xff, 0x00, 0xff, 0x00, 0x91, 0x00, 0x0b, 0x0c, 0xd8, 0x00, 0x25, 0x0c, 0xc4, 0x00,
    0x33, 0x0c, 0xb8, 0x00, 0x3d, 0x0c, 0xae, 0x00, 0x47, 0x0c, 0xa5, 0x00, 0x4f, 0x0c, 0x9e, 0x00,
    0x55, 0x0c, 0x98, 0x00, 0x5b, 0x0c, 0x92, 0x00, 0x61, 0x0c, 0x8c, 0x00, 0x67, 0x0c, 0x86, 0x00,
    0x6d, 0x0c, 0x81, 0x00, 0x71, 0x0c, 0x7d, 0x00, 0x75, 0x0c, 0x79, 0x00, 0x79, 0x0c, 0x75, 0x00,
    0x7d, 0x0c, 0x71, 0x00, 0x81, 0x0c, 0x6d, 0x00, 0x85, 0x0c, 0x69, 0x00, 0x89, 0x0c, 0x65, 0x00,
    0x8d, 0x0c, 0x62, 0x00, 0x8f, 0x0c, 0x5f, 0x00, 0x93, 0x0c, 0x5c, 0x00, 0x95, 0x0c, 0x59, 0x00,
    0x99, 0x0c, 0x56, 0x00, 0x9b, 0x0c, 0x54, 0x00, 0x9d, 0x0c, 0x52, 0x00, 0x9f, 0x0c, 0x50, 0x00,
    0xa1, 0x0c, 0x4e, 0x00, 0xa3, 0x0c, 0x4c, 0x00, 0x52, 0x0c, 0x01, 0x00, 0x52, 0x0c, 0x4a, 0x00,
    0x51, 0x0c, 0x05, 0x00, 0x51, 0x0c, 0x48, 0x00, 0x50, 0x0c, 0x09, 0x00, 0x50, 0x0c, 0x46, 0x00,
    0x4f, 0x0c, 0x0d, 0x00, 0x4f, 0x0c, 0x44, 0x00, 0x4f, 0x0c, 0x0f, 0x00, 0x4f, 0x0c, 0x42, 0x00,
    0x4f, 0x0c, 0x11, 0x00, 0x4f, 0x0c, 0x41, 0x00, 0x4e, 0x0c, 0x13, 0x00, 0x4e, 0x0c, 0x40, 0x00,
    0x4f, 0x0c, 0x13, 0x00, 0x4f, 0x0c, 0x3f, 0x00, 0x4e, 0x0c, 0x15, 0x00, 0x4e, 0x0c, 0x3e, 0x00,
    0x4f, 0x0c, 0x15, 0x00, 0x4f, 0x0c, 0x3e, 0x00, 0x4d, 0x0c, 0x17, 0x00, 0x4d, 0x0c, 0x3f, 0x00,
    0x4d, 0x0c, 0x17, 0x00, 0x4d, 0x0c, 0x40, 0x00, 0x4b, 0x0c, 0x19, 0x00, 0x4b, 0x0c, 0x41, 0x00,
    0x4b, 0x0c, 0x19, 0x00, 0x4b, 0x0c, 0x42, 0x00, 0x4a, 0x0c, 0x19, 0x00, 0x4a, 0x0c, 0x44, 0x00,
    0x48, 0x0c, 0x1b, 0x00, 0x48, 0x0c, 0x46, 0x00, 0x47, 0x0c, 0x1b, 0x00, 0x47, 0x0c, 0x48, 0x00,
    0x46, 0x0c, 0x1b, 0x00, 0x2a, 0x0c, 0x01, 0x0b, 0x1b, 0x0c, 0x4a, 0x00, 0x45, 0x0c, 0x1b, 0x00,
    0x2a, 0x0c, 0x01, 0x0b, 0x1a, 0x0c, 0x4c, 0x00, 0x44, 0x0c, 0x1b, 0x00, 0x2a, 0x0c, 0x01, 0x0b,
    0x19, 0x0c, 0x4e, 0x00, 0x42, 0x0c, 0x1d, 0x00, 0x28, 0x0c, 0x03, 0x0b, 0x17, 0x0c, 0x50, 0x00,
    0x41, 0x0c, 0x1d, 0x00, 0x28, 0x0c, 0x03, 0x0b, 0x16, 0x0c, 0x52, 0x00, 0x40, 0x0c, 0x1d, 0x00,
    0x28, 0x0c, 0x03, 0x0b, 0x15, 0x0c, 0x54, 0x00, 0x3f, 0x0c, 0x1d, 0x00, 0x27, 0x0c, 0x05, 0x0b,
    0x13, 0x0c, 0x56, 0x00, 0x3e, 0x0c, 0x1d, 0x00, 0x27, 0x0c, 0x05, 0x0b, 0x12, 0x0c, 0x59, 0x00,
    0x3c, 0x0c, 0x1d, 0x00, 0x26, 0x0c, 0x07, 0x0b, 0x0f, 0x0c, 0x5c, 0x00, 0x3b, 0x0c, 0x1d, 0x00,
    0x26, 0x0c, 0x07, 0x0b, 0x0e, 0x0c, 0x5f, 0x00, 0x39, 0x0c, 0x1d, 0x00, 0x26, 0x0c, 0x07, 0x0b,
    0x0c, 0x0c, 0x62, 0x00, 0x38, 0x0c, 0x1d, 0x00, 0x25, 0x0c, 0x09, 0x0b, 0x0a, 0x0c, 0x65, 0x00,
    0x37, 0x0c, 0x1b, 0x00, 0x26, 0x0c, 0x09, 0x0b, 0x08, 0x0c, 0x69, 0x00, 0x35, 0x0c, 0x1b, 0x00,
    0x25, 0x0c, 0x0b, 0x0b, 0x05, 0x0c, 0x6d, 0x00, 0x33, 0x0c, 0x1b, 0x00, 0x25, 0x0c, 0x0b, 0x0b,
    0x03, 0x0c, 0x71, 0x00, 0x31, 0x0c, 0x1b, 0x00, 0x24, 0x0c, 0x0d, 0x0b, 0x75, 0x00, 0x2f, 0x0c,
    0x1b, 0x00, 0x24, 0x0c, 0x0d, 0x0b, 0x77, 0x00, 0x2e, 0x0c, 0x19, 0x00, 0x25, 0x0c, 0x0d, 0x0b,
    0x79, 0x00, 0x2c, 0x0c, 0x19, 0x00, 0x24, 0x0c, 0x0f, 0x0b, 0x7a, 0x00, 0x2a, 0x0c, 0x19, 0x00,
    0x25, 0x0c, 0x0d, 0x0b, 0x7e, 0x00, 0x28, 0x0c, 0x17, 0x00, 0x26, 0x0c, 0x0d, 0x0b, 0x81, 0x00,
    0x25, 0x0c, 0x17, 0x00, 0x25, 0x0c, 0x01, 0x00, 0x0d, 0x0b, 0x84, 0x00, 0x23, 0x0c, 0x15, 0x00,
    0x23, 0x0c, 0x05, 0x00, 0x0b, 0x0b, 0x88, 0x00, 0x20, 0x0c, 0x15, 0x00, 0x20, 0x0c, 0x09, 0x00,
    0x09, 0x0b, 0x8c, 0x00, 0x1e, 0x0c, 0x13, 0x00, 0x1e, 0x0c, 0x0d, 0x00, 0x07, 0x0b, 0x91, 0x00,
    0x1a, 0x0c, 0x13, 0x00, 0x1a, 0x0c, 0x14, 0x00, 0x01, 0x0b, 0x99, 0x00, 0x16, 0x0c, 0x11, 0x00,
    0x16, 0x0c, 0xb8, 0x00, 0x12, 0x0c, 0x0f, 0x00, 0x12, 0x0c, 0xc4, 0x00, 0x0c, 0x0c, 0x0d, 0x00,
    0x0c, 0x0c, 0xd8, 0x00, 0x01, 0x0c, 0x09, 0x00, 0x01, 0x0c, 0xff, 0x00, 0xff, 0x00, 0xff, 0x00,
    0xff, 0x00, 0xff, 0x00, 0xff, 0x00, 0xff, 0x00, 0xff, 0x00, 0xff, 0x00, 0xff, 0x00, 0xff, 0x00,
    0xff, 0x00, 0xff, 0x00, 0xff, 0x00, 0xff, 0x00, 0xff, 0x00, 0xff, 0x00, 0xff, 0x00, 0xff, 0x00,
    0xff, 0x00, 0xff, 0x00, 0xff, 0x00, 0xff, 0x00, 0xff, 0x00, 0xff, 0x00, 0xff, 0x00, 0xff, 0x00,
    0xff, 0x00, 0xff, 0x00, 0xff, 0x00, 0xff, 0x00, 0xff, 0x00, 0xff, 0x00, 0xff, 0x00, 0xff, 0x00,
    0xff, 0x00, 0xff, 0x00, 0xff, 0x00, 0xff, 0x00, 0xff, 0x00, 0xff, 0x00, 0xff, 0x00, 0xff, 0x00,
    0xff, 0x00, 0xff, 0x00, 0xff, 0x00, 0xff, 0x00, 0xff, 0x00, 0xff, 0x00, 0xff, 0x00, 0xff, 0x00,
    0xff, 0x00, 0xff, 0x00, 0xff, 0x00, 0xff, 0x00, 0xff, 0x00, 0xff, 0x00, 0xff, 0x00, 0xff, 0x00,
    0xff, 0x00, 0xff, 0x00, 0xff, 0x00, 0xff, 0x00, 0xff, 0x00, 0xff, 0x00, 0xff, 0x00, 0xff, 0x00,
    0xff, 0x00, 0xff, 0x00, 0xff, 0x00, 0xff, 0x00, 0xff, 0x00, 0xff, 0x00, 0xff, 0x00, 0xff, 0x00,
    0xff, 0x00, 0xff, 0x00, 0x9f, 0x00, 0xff, 0x00, 0xff, 0x00, 0xff, 0x00, 0xff, 0x00, 0xff, 0x00,
    0xff, 0x00, 0xff, 0x00, 0xff, 0x00, 0xff, 0x00, 0xff, 0x00, 0xff, 0x00, 0xff, 0x00, 0xff, 0x00,
    0xff, 0x00, 0xff, 0x00, 0xff, 0x00, 0xff, 0x00, 0xff, 0x00, 0xff, 0x00, 0xff, 0x00, 0xff, 0x00,
    0xff, 0x00, 0xff, 0x00, 0xff, 0x00, 0xff, 0x00, 0xff, 0x00, 0xff, 0x00, 0xff, 0x00, 0xff, 0x00,
    0xff, 0x00, 0xff, 0x00, 0xff, 0x00, 0xff, 0x00, 0xff, 0x00, 0xff, 0x00, 0xff, 0x00, 0xff, 0x00,
    0xff, 0x00, 0xff, 0x00, 0xff, 0x00, 0xff, 0x00, 0xff, 0x00, 0xff, 0x00, 0xff, 0x00, 0xff, 0x00,
    0xff, 0x00, 0xff, 0x00, 0xff, 0x00, 0xff, 0x00, 0xff, 0x00, 0xff, 0x00, 0xff, 0x00, 0xff, 0x00,
    0xff, 0x00, 0xff, 0x00, 0xff, 0x00, 0xff, 0x00, 0xff, 0x00, 0xff, 0x00, 0xff, 0x00, 0xff, 0x00,
    0xff, 0x00, 0xff, 0x00, 0xff, 0x00, 0xff, 0x00, 0xff, 0x00, 0xff, 0x00, 0xff, 0x00, 0xff, 0x00,
    0xff, 0x00, 0xff, 0x00, 0xff, 0x00, 0xff, 0x00, 0xff, 0x00, 0xff, 0x00, 0xff, 0x00, 0xff, 0x00,
    0xff, 0x00, 0x91, 0x00, 0x0b, 0x0c, 0xd8, 0x00, 0x25, 0x0c, 0xc4, 0x00, 0x33, 0x0c, 0xb8, 0x00,
    0x3d, 0x0c, 0xae, 0x00, 0x47, 0x0c, 0xa5, 0x00, 0x4f, 0x0c, 0x9e, 0x00, 0x55, 0x0c, 0x98, 0x00,
    0x5b, 0x0c, 0x92, 0x00, 0x61, 0x0c, 0x8c, 0x00, 0x67, 0x0c, 0x86, 0x00, 0x6d, 0x0c, 0x81, 0x00,
    0x71, 0x0c, 0x7d, 0x00, 0x75, 0x0c, 0x79, 0x00, 0x79, 0x0c, 0x75, 0x00, 0x7d, 0x0c, 0x71, 0x00,
    0x81, 0x0c, 0x6d, 0x00, 0x85, 0x0c, 0x69, 0x00, 0x89, 0x0c, 0x65, 0x00, 0x8d, 0x0c, 0x62, 0x00,
    0x8f, 0x0c, 0x5f, 0x00, 0x93, 0x0c, 0x5c, 0x00, 0x95, 0x0c, 0x59, 0x00, 0x99, 0x0c, 0x56, 0x00,
    0x9b, 0x0c, 0x54, 0x00, 0x9d, 0x0c, 0x52, 0x00, 0x9f, 0x0c, 0x50, 0x00, 0xa1, 0x0c, 0x4e, 0x00,
    0xa3, 0x0c, 0x4c, 0x00, 0x52, 0x0c, 0x01, 0x00, 0x52, 0x0c, 0x4a, 0x00, 0x51, 0x0c, 0x05, 0x00,
    0x51, 0x0c, 0x48, 0x00, 0x50, 0x0c, 0x09, 0x00, 0x50, 0x0c, 0x46, 0x00, 0x4f, 0x0c, 0x0d, 0x00,
    0x4f, 0x0c, 0x44, 0x00, 0x4f, 0x0c, 0x0f, 0x00, 0x4f, 0x0c, 0x42, 0x00, 0x4f, 0x0c, 0x11, 0x00,
    0x4f, 0x0c, 0x41, 0x00, 0x4e, 0x0c, 0x13, 0x00, 0x4e, 0x0c, 0x40, 0x00, 0x4f, 0x0c, 0x13, 0x00,
    0x4f, 0x0c, 0x3f, 0x00, 0x4e, 0x0c, 0x15, 0x00, 0x4e, 0x0c, 0x3e, 0x00, 0x4f, 0x0c, 0x15, 0x00,
    0x4f, 0x0c, 0x3e, 0x00, 0x4d, 0x0c, 0x17, 0x00, 0x4d, 0x0c, 0x3f, 0x00, 0x4d, 0x0c, 0x17, 0x00,
    0x4d, 0x0c, 0x40, 0x00, 0x4b, 0x0c, 0x19, 0x00, 0x4b, 0x0c, 0x41, 0x00, 0x4b, 0x0c, 0x19, 0x00,
    0x4b, 0x0c, 0x42, 0x00, 0x4a, 0x0c, 0x19, 0x00, 0x4a, 0x0c, 0x44, 0x00, 0x48, 0x0c, 0x1b, 0x00,
    0x48, 0x0c, 0x46, 0x00, 0x47, 0x0c, 0x1b, 0x00, 0x47, 0x0c, 0x48, 0x00, 0x46, 0x0c, 0x1b, 0x00,
    0x46, 0x0c, 0x4a, 0x00, 0x45, 0x0c, 0x1b, 0x00, 0x45, 0x0c, 0x4c, 0x00, 0x44, 0x0c, 0x1b, 0x00,
    0x44, 0x0c, 0x4e, 0x00, 0x42, 0x0c, 0x1d, 0x00, 0x42, 0x0c, 0x50, 0x00, 0x41, 0x0c, 0x1d, 0x00,
    0x41, 0x0c, 0x52, 0x00, 0x40, 0x0c, 0x1d, 0x00, 0x40, 0x0c, 0x54, 0x00, 0x3f, 0x0c, 0x1d, 0x00,
    0x3f, 0x0c, 0x56, 0x00, 0x3e, 0x0c, 0x1d, 0x00, 0x3e, 0x0c, 0x59, 0x00, 0x3c, 0x0c, 0x1d, 0x00,
    0x3c, 0x0c, 0x5c, 0x00, 0x3b, 0x0c, 0x1d, 0x00, 0x29, 0x0c, 0x01, 0x0b, 0x11, 0x0c, 0x5f, 0x00,
    0x39, 0x0c, 0x1d, 0x00, 0x29, 0x0c, 0x01, 0x0b, 0x0f, 0x0c, 0x62, 0x00, 0x38, 0x0c, 0x1d, 0x00,
    0x29, 0x0c, 0x01, 0x0b, 0x0e, 0x0c, 0x65, 0x00, 0x37, 0x0c, 0x1b, 0x00, 0x29, 0x0c, 0x03, 0x0b,
    0x0b, 0x0c, 0x69, 0x00, 0x35, 0x0c, 0x1b, 0x00, 0x29, 0x0c, 0x03, 0x0b, 0x09, 0x0c, 0x6d, 0x00,
    0x33, 0x0c, 0x1b, 0x00, 0x29, 0x0c, 0x03, 0x0b, 0x07, 0x0c, 0x71, 0x00, 0x31, 0x0c, 0x1b, 0x00,
    0x28, 0x0c, 0x05, 0x0b, 0x04, 0x0c, 0x75, 0x00, 0x2f, 0x0c, 0x1b, 0x00, 0x28, 0x0c, 0x05, 0x0b,
    0x02, 0x0c, 0x79, 0x00, 0x2e, 0x0c, 0x19, 0x00, 0x28, 0x0c, 0x07, 0x0b, 0x7c, 0x00, 0x2c, 0x0c,
    0x19, 0x00, 0x28, 0x0c, 0x07, 0x0b, 0x7e, 0x00, 0x2a, 0x0c, 0x19, 0x00, 0x28, 0x0c, 0x07, 0x0b,
    0x81, 0x00, 0x28, 0x0c, 0x17, 0x00, 0x28, 0x0c, 0x09, 0x0b, 0x83, 0x00, 0x25, 0x0c, 0x17, 0x00,
    0x25, 0x0c, 0x03, 0x00, 0x09, 0x0b, 0x86, 0x00, 0x23, 0x0c, 0x15, 0x00, 0x23, 0x0c, 0x05, 0x00,
    0x0b, 0x0b, 0x88, 0x00, 0x20, 0x0c, 0x15, 0x00, 0x20, 0x0c, 0x08, 0x00, 0x0b, 0x0b, 0x8b, 0x00,
    0x1e, 0x0c, 0x13, 0x00, 0x1e, 0x0c, 0x0a, 0x00, 0x0d, 0x0b, 0x8e, 0x00, 0x1a, 0x0c, 0x13, 0x00,
    0x1a, 0x0c, 0x0e, 0x00, 0x0d, 0x0b, 0x93, 0x00, 0x16, 0x0c, 0x11, 0x00, 0x16, 0x0c, 0x13, 0x00,
    0x0d, 0x0b, 0x98, 0x00, 0x12, 0x0c, 0x0f, 0x00, 0x12, 0x0c, 0x17, 0x00, 0x0f, 0x0b, 0x9e, 0x00,
    0x0c, 0x0c, 0x0d, 0x00, 0x0c, 0x0c, 0x1f, 0x00, 0x0d, 0x0b, 0xac, 0x00, 0x01, 0x0c, 0x09, 0x00,
    0x01, 0x0c, 0x2c, 0x00, 0x0d, 0x0b, 0xe3, 0x00, 0x0d, 0x0b, 0xe4, 0x00, 0x0b, 0x0b, 0xe6, 0x00,
    0x09, 0x0b, 0xe8, 0x00, 0x07, 0x0b, 0xec, 0x00, 0x01, 0x0b, 0xff, 0x00, 0xff, 0x00, 0xff, 0x00,
    0xff, 0x00, 0xff, 0x00, 0xff, 0x00, 0xff, 0x00, 0xff, 0x00, 0xff, 0x00, 0xff, 0x00, 0xff, 0x00,
    0xff, 0x00, 0xff, 0x00, 0xff, 0x00, 0xff, 0x00, 0xff, 0x00, 0xff, 0x00, 0xff, 0x00, 0xff, 0x00,
    0xff, 0x00, 0xff, 0x00, 0xff, 0x00, 0xff, 0x00, 0xff, 0x00, 0xff, 0x00, 0xff, 0x00, 0xff, 0x00,
    0xff, 0x00, 0xff, 0x00, 0xff, 0x00, 0xff, 0x00, 0xff, 0x00, 0xff, 0x00, 0xff, 0x00, 0xff, 0x00,
    0xff, 0x00, 0xff, 0x00, 0xff, 0x00, 0xff, 0x00, 0xff, 0x00, 0xff, 0x00, 0xff, 0x00, 0xff, 0x00,
    0xff, 0x00, 0xff, 0x00, 0xff, 0x00, 0xff, 0x00, 0xff, 0x00, 0xff, 0x00, 0xff, 0x00, 0xff, 0x00,
    0xff, 0x00, 0xff, 0x00, 0xff, 0x00, 0xff, 0x00, 0xff, 0x00, 0xff, 0x00, 0xff, 0x00, 0xff, 0x00,
    0xff, 0x00, 0xff, 0x00, 0xff, 0x00, 0xff, 0x00, 0xff, 0x00, 0xff, 0x00, 0xff, 0x00, 0xff, 0x00,
    0xff, 0x00, 0xff, 0x00, 0xff, 0x00, 0xff, 0x00, 0xff, 0x00, 0xb7, 0x00, 0xff, 0x00, 0xff, 0x00,
    0xff, 0x00, 0xff, 0x00, 0xff, 0x00, 0xff, 0x00, 0xff, 0x00, 0xff, 0x00, 0xff, 0x00, 0xff, 0x00,
    0xff, 0x00, 0xff, 0x00, 0xff, 0x00, 0xff, 0x00, 0xff, 0x00, 0xff, 0x00, 0xff, 0x00, 0xff, 0x00,
    0xff, 0x00, 0xff, 0x00, 0xff, 0x00, 0xff, 0x00, 0xff, 0x00, 0xff, 0x00, 0xff, 0x00, 0xff, 0x00,
    0xff, 0x00, 0xff, 0x00, 0xff, 0x00, 0xff, 0x00, 0xff, 0x00, 0xff, 0x00, 0xff, 0x00, 0xff, 0x00,
    0xff, 0x00, 0xff, 0x00, 0xff, 0x00, 0xff, 0x00, 0xff, 0x00, 0xff, 0x00, 0xff, 0x00, 0xff, 0x00,
    0xff, 0x00, 0xff, 0x00, 0xff, 0x00, 0xff, 0x00, 0xff, 0x00, 0xff, 0x00, 0xff, 0x00, 0xff, 0x00,
    0xff, 0x00, 0xff, 0x00, 0xff, 0x00, 0xff, 0x00, 0xff, 0x00, 0xff, 0x00, 0xff, 0x00, 0xff, 0x00,
    0xff, 0x00, 0xff, 0x00, 0xff, 0x00, 0xff, 0x00, 0xff, 0x00, 0xff, 0x00, 0xff, 0x00, 0xff, 0x00,
    0xff, 0x00, 0xff, 0x00, 0xff, 0x00, 0xff, 0x00, 0xff, 0x00, 0xff, 0x00, 0xff, 0x00, 0xff, 0x00,
    0xff, 0x00, 0xff, 0x00, 0xff, 0x00, 0xff, 0x00, 0x91, 0x00, 0x0b, 0x0c, 0xd8, 0x00, 0x25, 0x0c,
    0xc4, 0x00, 0x33, 0x0c, 0xb8, 0x00, 0x3d, 0x0c, 0xae, 0x00, 0x47, 0x0c, 0xa5, 0x00, 0x4f, 0x0c,
    0x9e, 0x00, 0x55, 0x0c, 0x98, 0x00, 0x5b, 0x0c, 0x92, 0x00, 0x61, 0x0c, 0x8c, 0x00, 0x67, 0x0c,
    0x86, 0x00, 0x6d, 0x0c, 0x81, 0x00, 0x71, 0x0c, 0x7d, 0x00, 0x75, 0x0c, 0x79, 0x00, 0x79, 0x0c,
    0x75, 0x00, 0x7d, 0x0c, 0x71, 0x00, 0x81, 0x0c, 0x6d, 0x00, 0x85, 0x0c, 0x69, 0x00, 0x89, 0x0c,
    0x65, 0x00, 0x8d, 0x0c, 0x62, 0x00, 0x8f, 0x0c, 0x5f, 0x00, 0x93, 0x0c, 0x5c, 0x00, 0x95, 0x0c,
    0x59, 0x00, 0x99, 0x0c, 0x56, 0x00, 0x9b, 0x0c, 0x54, 0x00, 0x9d, 0x0c, 0x52, 0x00, 0x9f, 0x0c,
    0x50, 0x00, 0xa1, 0x0c, 0x4e, 0x00, 0xa3, 0x0c, 0x4c, 0x00, 0x52, 0x0c, 0x01, 0x00, 0x52, 0x0c,
    0x4a, 0x00, 0x51, 0x0c, 0x05, 0x00, 0x51, 0x0c, 0x48, 0x00, 0x50, 0x0c, 0x09, 0x00, 0x50, 0x0c,
    0x46, 0x00, 0x4f, 0x0c, 0x0d, 0x00, 0x4f, 0x0c, 0x44, 0x00, 0x4f, 0x0c, 0x0f, 0x00, 0x4f, 0x0c,
    0x42, 0x00, 0x4f, 0x0c, 0x11, 0x00, 0x4f, 0x0c, 0x41, 0x00, 0x4e, 0x0c, 0x13, 0x00, 0x4e, 0x0c,
    0x40, 0x00, 0x4f, 0x0c, 0x13, 0x00, 0x4f, 0x0c, 0x3f, 0x00, 0x4e, 0x0c, 0x15, 0x00, 0x4e, 0x0c,
    0x3e, 0x00, 0x4f, 0x0c, 0x15, 0x00, 0x4f, 0x0c, 0x3e, 0x00, 0x4d, 0x0c, 0x17, 0x00, 0x4d, 0x0c,
    0x3f, 0x00, 0x4d, 0x0c, 0x17, 0x00, 0x4d, 0x0c, 0x40, 0x00, 0x4b, 0x0c, 0x19, 0x00, 0x4b, 0x0c,
    0x41, 0x00, 0x4b, 0x0c, 0x19, 0x00, 0x4b, 0x0c, 0x42, 0x00, 0x4a, 0x0c, 0x19, 0x00, 0x4a, 0x0c,
    0x44, 0x00, 0x48, 0x0c, 0x1b, 0x00, 0x48, 0x0c, 0x46, 0x00, 0x47, 0x0c, 0x1b, 0x00, 0x47, 0x0c,
    0x48, 0x00, 0x46, 0x0c, 0x1b, 0x00, 0x46, 0x0c, 0x4a, 0x00, 0x45, 0x0c, 0x1b, 0x00, 0x45, 0x0c,
    0x4c, 0x00, 0x44, 0x0c, 0x1b, 0x00, 0x44, 0x0c, 0x4e, 0x00, 0x42, 0x0c, 0x1d, 0x00, 0x42, 0x0c,
    0x50, 0x00, 0x41, 0x0c, 0x1d, 0x00, 0x41, 0x0c, 0x52, 0x00, 0x40, 0x0c, 0x1d, 0x00, 0x40, 0x0c,
    0x54, 0x00, 0x3f, 0x0c, 0x1d, 0x00, 0x3f, 0x0c, 0x56, 0x00, 0x3e, 0x0c, 0x1d, 0x00, 0x3e, 0x0c,
    0x59, 0x00, 0x3c, 0x0c, 0x1d, 0x00, 0x3c, 0x0c, 0x5c, 0x00, 0x3b, 0x0c, 0x1d, 0x00, 0x3b, 0x0c,
    0x5f, 0x00, 0x39, 0x0c, 0x1d, 0x00, 0x39, 0x0c, 0x62, 0x00, 0x38, 0x0c, 0x1d, 0x00, 0x38, 0x0c,
    0x65, 0x00, 0x37, 0x0c, 0x1b, 0x00, 0x37, 0x0c, 0x69, 0x00, 0x35, 0x0c, 0x1b, 0x00, 0x35, 0x0c,
    0x6d, 0x00, 0x33, 0x0c, 0x1b, 0x00, 0x33, 0x0c, 0x71, 0x00, 0x31, 0x0c, 0x1b, 0x00, 0x31, 0x0c,
    0x75, 0x00, 0x2f, 0x0c, 0x1b, 0x00, 0x2f, 0x0c, 0x79, 0x00, 0x2e, 0x0c, 0x19, 0x00, 0x2e, 0x0c,
    0x7d, 0x00, 0x2c, 0x0c, 0x19, 0x00, 0x2b, 0x0c, 0x01, 0x0b, 0x81, 0x00, 0x2a, 0x0c, 0x19, 0x00,
    0x2a, 0x0c, 0x01, 0x00, 0x01, 0x0b, 0x84, 0x00, 0x28, 0x0c, 0x17, 0x00, 0x28, 0x0c, 0x04, 0x00,
    0x01, 0x0b, 0x87, 0x00, 0x25, 0x0c, 0x17, 0x00, 0x25, 0x0c, 0x06, 0x00, 0x03, 0x0b, 0x89, 0x00,
    0x23, 0x0c, 0x15, 0x00, 0x23, 0x0c, 0x09, 0x00, 0x03, 0x0b, 0x8c, 0x00, 0x20, 0x0c, 0x15, 0x00,
    0x20, 0x0c, 0x0c, 0x00, 0x03, 0x0b, 0x8f, 0x00, 0x1e, 0x0c, 0x13, 0x00, 0x1e, 0x0c, 0x0e, 0x00,
    0x05, 0x0b, 0x92, 0x00, 0x1a, 0x0c, 0x13, 0x00, 0x1a, 0x0c, 0x12, 0x00, 0x05, 0x0b, 0x97, 0x00,
    0x16, 0x0c, 0x11, 0x00, 0x16, 0x0c, 0x16, 0x00, 0x07, 0x0b, 0x9b, 0x00, 0x12, 0x0c, 0x0f, 0x00,
    0x12, 0x0c, 0x1b, 0x00, 0x07, 0x0b, 0xa2, 0x00, 0x0c, 0x0c, 0x0d, 0x00, 0x0c, 0x0c, 0x22, 0x00,
    0x07, 0x0b, 0xaf, 0x00, 0x01, 0x0c, 0x09, 0x00, 0x01, 0x0c, 0x2e, 0x00, 0x09, 0x0b, 0xe7, 0x00,
    0x09, 0x0b, 0xe6, 0x00, 0x0b, 0x0b, 0xe5, 0x00, 0x0b, 0x0b, 0xe4, 0x00, 0x0d, 0x0b, 0xe3, 0x00,
    0x0d, 0x0b, 0xe3, 0x00, 0x0d, 0x0b, 0xe2, 0x00, 0x0f, 0x0b, 0xe2, 0x00, 0x0d, 0x0b, 0xe3, 0x00,
    0x0d, 0x0b, 0xe3, 0x00, 0x0d, 0x0b, 0xe4, 0x00, 0x0b, 0x0b, 0xe6, 0x00, 0x09, 0x0b, 0xe8, 0x00,
    0x07, 0x0b, 0xec, 0x00, 0x01, 0x0b, 0xff, 0x00, 0xff, 0x00, 0xff, 0x00, 0xff, 0x00, 0xff, 0x00,
    0xff, 0x00, 0xff, 0x00, 0xff, 0x00, 0xff, 0x00, 0xff, 0x00, 0xff, 0x00, 0xff, 0x00, 0xff, 0x00,
    0xff, 0x00, 0xff, 0x00, 0xff, 0x00, 0xff, 0x00, 0xff, 0x00, 0xff, 0x00, 0xff, 0x00, 0xff, 0x00,
    0xff, 0x00, 0xff, 0x00, 0xff, 0x00, 0xff, 0x00, 0xff, 0x00, 0xff, 0x00, 0xff, 0x00, 0xff, 0x00,
    0xff, 0x00, 0xff, 0x00, 0xff, 0x00, 0xff, 0x00, 0xff, 0x00, 0xff, 0x00, 0xff, 0x00, 0xff, 0x00,
    0xff, 0x00, 0xff, 0x00, 0xff, 0x00, 0xff, 0x00, 0xff, 0x00, 0xff, 0x00, 0xff, 0x00, 0xff, 0x00,
    0xff, 0x00, 0xff, 0x00, 0xff, 0x00, 0xff, 0x00, 0xff, 0x00, 0xff, 0x00, 0xff, 0x00, 0xff, 0x00,
    0xff, 0x00, 0xff, 0x00, 0xff, 0x00, 0xff, 0x00, 0xff, 0x00, 0xff, 0x00, 0xff, 0x00, 0xff, 0x00,
    0xff, 0x00, 0xff, 0x00, 0xff, 0x00, 0x3f, 0x00, 0xff, 0x00, 0xff, 0x00, 0xff, 0x00, 0xff, 0x00,
    0xff, 0x00, 0xff, 0x00, 0xff, 0x00, 0xff, 0x00, 0xff, 0x00, 0xff, 0x00, 0xff, 0x00, 0xff, 0x00,
    0xff, 0x00, 0xff, 0x00, 0xff, 0x00, 0xff, 0x00, 0xff, 0x00, 0xff, 0x00, 0xff, 0x00, 0xff, 0x00,
    0xff, 0x00, 0xff, 0x00, 0xff, 0x00, 0xff, 0x00, 0xff, 0x00, 0xff, 0x00, 0xff, 0x00, 0xff, 0x00,
    0xff, 0x00, 0xff, 0x00, 0xff, 0x00, 0xff, 0x00, 0xff, 0x00, 0xff, 0x00, 0xff, 0x00, 0xff, 0x00,
    0xff, 0x00, 0xff, 0x00, 0xff, 0x00, 0xff, 0x00, 0xff, 0x00, 0xff, 0x00, 0xff, 0x00, 0xff, 0x00,
    0xff, 0x00, 0xff, 0x00, 0xff, 0x00, 0xff, 0x00, 0xff, 0x00, 0xff, 0x00, 0xff, 0x00, 0xff, 0x00,
    0xff, 0x00, 0xff, 0x00, 0xff, 0x00, 0xff, 0x00, 0xff, 0x00, 0xff, 0x00, 0xff, 0x00, 0xff, 0x00,
    0xff, 0x00, 0xff, 0x00, 0xff, 0x00, 0xff, 0x00, 0xff, 0x00, 0xff, 0x00, 0xff, 0x00, 0xff, 0x00,
    0xff, 0x00, 0xff, 0x00, 0xff, 0x00, 0xff, 0x00, 0xff, 0x00, 0xff, 0x00, 0xff, 0x00, 0xff, 0x00,
    0xff, 0x00, 0xff, 0x00, 0x91, 0x00, 0x0b, 0x0c, 0xd8, 0x00, 0x25, 0x0c, 0xc4, 0x00, 0x33, 0x0c,
    0xb8, 0x00, 0x3d, 0x0c, 0xae, 0x00, 0x47, 0x0c, 0xa5, 0x00, 0x4f, 0x0c, 0x9e, 0x00, 0x55, 0x0c,
    0x98, 0x00, 0x5b, 0x0c, 0x92, 0x00, 0x61, 0x0c, 0x8c, 0x00, 0x67, 0x0c, 0x86, 0x00, 0x6d, 0x0c,
    0x81, 0x00, 0x71, 0x0c, 0x7d, 0x00, 0x75, 0x0c, 0x79, 0x00, 0x79, 0x0c, 0x75, 0x00, 0x7d, 0x0c,
    0x71, 0x00, 0x81, 0x0c, 0x6d, 0x00, 0x85, 0x0c, 0x69, 0x00, 0x89, 0x0c, 0x65, 0x00, 0x8d, 0x0c,
    0x62, 0x00, 0x8f, 0x0c, 0x5f, 0x00, 0x93, 0x0c, 0x5c, 0x00, 0x95, 0x0c, 0x59, 0x00, 0x99, 0x0c,
    0x56, 0x00, 0x9b, 0x0c, 0x54, 0x00, 0x9d, 0x0c, 0x52, 0x00, 0x9f, 0x0c, 0x50, 0x00, 0xa1, 0x0c,
    0x4e, 0x00, 0xa3, 0x0c, 0x4c, 0x00, 0x52, 0x0c, 0x01, 0x00, 0x52, 0x0c, 0x4a, 0x00, 0x51, 0x0c,
    0x05, 0x00, 0x51, 0x0c, 0x48, 0x00, 0x50, 0x0c, 0x09, 0x00, 0x50, 0x0c, 0x46, 0x00, 0x4f, 0x0c,
    0x0d, 0x00, 0x4f, 0x0c, 0x44, 0x00, 0x4f, 0x0c, 0x0f, 0x00, 0x4f, 0x0c, 0x42, 0x00, 0x4f, 0x0c,
    0x11, 0x00, 0x4f, 0x0c, 0x41, 0x00, 0x4e, 0x0c, 0x13, 0x00, 0x4e, 0x0c, 0x40, 0x00, 0x4f, 0x0c,
    0x13, 0x00, 0x4f, 0x0c, 0x3f, 0x00, 0x4e, 0x0c, 0x15, 0x00, 0x4e, 0x0c, 0x3e, 0x00, 0x4f, 0x0c,
    0x15, 0x00, 0x4f, 0x0c, 0x3e, 0x00, 0x4d, 0x0c, 0x17, 0x00, 0x4d, 0x0c, 0x3f, 0x00, 0x4d, 0x0c,
    0x17, 0x00, 0x4d, 0x0c, 0x40, 0x00, 0x4b, 0x0c, 0x19, 0x00, 0x4b, 0x0c, 0x41, 0x00, 0x4b, 0x0c,
    0x19, 0x00, 0x4b, 0x0c, 0x42, 0x00, 0x4a, 0x0c, 0x19, 0x00, 0x4a, 0x0c, 0x44, 0x00, 0x48, 0x0c,
    0x1b, 0x00, 0x48, 0x0c, 0x46, 0x00, 0x47, 0x0c, 0x1b, 0x00, 0x47, 0x0c, 0x48, 0x00, 0x46, 0x0c,
    0x1b, 0x00, 0x46, 0x0c, 0x4a, 0x00, 0x45, 0x0c, 0x1b, 0x00, 0x45, 0x0c, 0x4c, 0x00, 0x44, 0x0c,
    0x1b, 0x00, 0x44, 0x0c, 0x4e, 0x00, 0x42, 0x0c, 0x1d, 0x00, 0x42, 0x0c, 0x50, 0x00, 0x41, 0x0c,
    0x1d, 0x00, 0x41, 0x0c, 0x52, 0x00, 0x40, 0x0c, 0x1d, 0x00, 0x40, 0x0c, 0x54, 0x00, 0x3f, 0x0c,
    0x1d, 0x00, 0x3f, 0x0c, 0x56, 0x00, 0x3e, 0x0c, 0x1d, 0x00, 0x3e, 0x0c, 0x59, 0x00, 0x3c, 0x0c,
    0x1d, 0x00, 0x3c, 0x0c, 0x5c, 0x00, 0x3b, 0x0c, 0x1d, 0x00, 0x3b, 0x0c, 0x5f, 0x00, 0x39, 0x0c,
    0x1d, 0x00, 0x39, 0x0c, 0x62, 0x00, 0x38, 0x0c, 0x1d, 0x00, 0x38, 0x0c, 0x65, 0x00, 0x37, 0x0c,
    0x1b, 0x00, 0x37, 0x0c, 0x69, 0x00, 0x35, 0x0c, 0x1b, 0x00, 0x35, 0x0c, 0x6d, 0x00, 0x33, 0x0c,
    0x1b, 0x00, 0x33, 0x0c, 0x71, 0x00, 0x31, 0x0c, 0x1b, 0x00, 0x31, 0x0c, 0x75, 0x00, 0x2f, 0x0c,
    0x1b, 0x00, 0x2f, 0x0c, 0x79, 0x00, 0x2e, 0x0c, 0x19, 0x00, 0x2e, 0x0c, 0x7d, 0x00, 0x2c, 0x0c,
    0x19, 0x00, 0x2c, 0x0c, 0x81, 0x00, 0x2a, 0x0c, 0x19, 0x00, 0x2a, 0x0c, 0x86, 0x00, 0x28, 0x0c,
    0x17, 0x00, 0x28, 0x0c, 0x8c, 0x00, 0x25, 0x0c, 0x17, 0x00, 0x25, 0x0c, 0x92, 0x00, 0x23, 0x0c,
    0x15, 0x00, 0x23, 0x0c, 0x98, 0x00, 0x20, 0x0c, 0x15, 0x00, 0x20, 0x0c, 0x9e, 0x00, 0x1e, 0x0c,
    0x13, 0x00, 0x1e, 0x0c, 0xa5, 0x00, 0x1a, 0x0c, 0x13, 0x00, 0x1a, 0x0c, 0xae, 0x00, 0x16, 0x0c,
    0x11, 0x00, 0x16, 0x0c, 0xb8, 0x00, 0x12, 0x0c, 0x0f, 0x00, 0x12, 0x0c, 0x1e, 0x00, 0x01, 0x0b,
    0xa5, 0x00, 0x0c, 0x0c, 0x0d, 0x00, 0x0c, 0x0c, 0x25, 0x00, 0x01, 0x0b, 0xb2, 0x00, 0x01, 0x0c,
    0x09, 0x00, 0x01, 0x0c, 0x32, 0x00, 0x01, 0x0b, 0xee, 0x00, 0x03, 0x0b, 0xed, 0x00, 0x03, 0x0b,
    0xed, 0x00, 0x03, 0x0b, 0xec, 0x00, 0x05, 0x0b, 0xeb, 0x00, 0x05, 0x0b, 0xea, 0x00, 0x07, 0x0b,
    0xe9, 0x00, 0x07, 0x0b, 0xe9, 0x00, 0x07, 0x0b, 0xe8, 0x00, 0x09, 0x0b, 0xe7, 0x00, 0x09, 0x0b,
    0xe6, 0x00, 0x0b, 0x0b, 0xe5, 0x00, 0x0b, 0x0b, 0xe4, 0x00, 0x0d, 0x0b, 0xe3, 0x00, 0x0d, 0x0b,
    0xe3, 0x00, 0x0d, 0x0b, 0xe2, 0x00, 0x0f, 0x0b, 0xe2, 0x00, 0x0d, 0x0b, 0xe3, 0x00, 0x0d, 0x0b,
    0xe3, 0x00, 0x0d, 0x0b, 0xe4, 0x00, 0x0b, 0x0b, 0xe6, 0x00, 0x09, 0x0b, 0xe8, 0x00, 0x07, 0x0b,
    0xec, 0x00, 0x01, 0x0b, 0xff, 0x00, 0xff, 0x00, 0xff, 0x00, 0xff, 0x00, 0xff, 0x00, 0xff, 0x00,
    0xff, 0x00, 0xff, 0x00, 0xff, 0x00, 0xff, 0x00, 0xff, 0x00, 0xff, 0x00, 0xff, 0x00, 0xff, 0x00,
    0xff, 0x00, 0xff, 0x00, 0xff, 0x00, 0xff, 0x00, 0xff, 0x00, 0xff, 0x00, 0xff, 0x00, 0xff, 0x00,
    0xff, 0x00, 0xff, 0x00, 0xff, 0x00, 0xff, 0x00, 0xff, 0x00, 0xff, 0x00, 0xff, 0x00, 0xff, 0x00,
    0xff, 0x00, 0xff, 0x00, 0xff, 0x00, 0xff, 0x00, 0xff, 0x00, 0xff, 0x00, 0xff, 0x00, 0xff, 0x00,
    0xff, 0x00, 0xff, 0x00, 0xff, 0x00, 0xff, 0x00, 0xff, 0x00, 0xff, 0x00, 0xff, 0x00, 0xff, 0x00,
    0xff, 0x00, 0xff, 0x00, 0xff, 0x00, 0xff, 0x00, 0xff, 0x00, 0xff, 0x00, 0xff, 0x00, 0xff, 0x00,
    0xff, 0x00, 0xc6, 0x00, 0xff, 0x00, 0xff, 0x00, 0xff, 0x00, 0xff, 0x00, 0xff, 0x00, 0xff, 0x00,
    0xff, 0x00, 0xff, 0x00, 0xff, 0x00, 0xff, 0x00, 0xff, 0x00, 0xff, 0x00, 0xff, 0x00, 0xff, 0x00,
    0xff, 0x00, 0xff, 0x00, 0xff, 0x00, 0xff, 0x00, 0xff, 0x00, 0xff, 0x00, 0xff, 0x00, 0xff, 0x00,
    0xff, 0x00, 0xff, 0x00, 0xff, 0x00, 0xff, 0x00, 0xff, 0x00, 0xff, 0x00, 0xff, 0x00, 0xff, 0x00,
    0xff, 0x00, 0xff, 0x00, 0xff, 0x00, 0xff, 0x00, 0xff, 0x00, 0xff, 0x00, 0xff, 0x00, 0xff, 0x00,
    0xff, 0x00, 0xff, 0x00, 0xff, 0x00, 0xff, 0x00, 0xff, 0x00, 0xff, 0x00, 0xff, 0x00, 0xff, 0x00,
    0xff, 0x00, 0xff, 0x00, 0xff, 0x00, 0xff, 0x00, 0xff, 0x00, 0xff, 0x00, 0xff, 0x00, 0xff, 0x00,
    0xff, 0x00, 0xff, 0x00, 0xff, 0x00, 0xff, 0x00, 0xff, 0x00, 0xff, 0x00, 0xff, 0x00, 0xff, 0x00,
    0xff, 0x00, 0xff, 0x00, 0xff, 0x00, 0xff, 0x00, 0xff, 0x00, 0xff, 0x00, 0xff, 0x00, 0xff, 0x00,
    0xff, 0x00, 0xff, 0x00, 0xff, 0x00, 0xff, 0x00, 0xff, 0x00, 0xff, 0x00, 0xff, 0x00, 0xff, 0x00,
    0x91, 0x00, 0x0b, 0x0c, 0xd8, 0x00, 0x25, 0x0c, 0xc4, 0x00, 0x33, 0x0c, 0xb8, 0x00, 0x3d, 0x0c,
    0xae, 0x00, 0x47, 0x0c, 0xa5, 0x00, 0x4f, 0x0c, 0x9e, 0x00, 0x55, 0x0c, 0x98, 0x00, 0x5b, 0x0c,
    0x92, 0x00, 0x61, 0x0c, 0x8c, 0x00, 0x67, 0x0c, 0x86, 0x00, 0x6d, 0x0c, 0x81, 0x00, 0x71, 0x0c,
    0x7d, 0x00, 0x75, 0x0c, 0x79, 0x00, 0x79, 0x0c, 0x75, 0x00, 0x7d, 0x0c, 0x71, 0x00, 0x81, 0x0c,
    0x6d, 0x00, 0x85, 0x0c, 0x69, 0x00, 0x89, 0x0c, 0x65, 0x00, 0x8d, 0x0c, 0x62, 0x00, 0x8f, 0x0c,
    0x5f, 0x00, 0x93, 0x0c, 0x5c, 0x00, 0x95, 0x0c, 0x59, 0x00, 0x99, 0x0c, 0x56, 0x00, 0x9b, 0x0c,
    0x54, 0x00, 0x9d, 0x0c, 0x52, 0x00, 0x9f, 0x0c, 0x50, 0x00, 0xa1, 0x0c, 0x4e, 0x00, 0xa3, 0x0c,
    0x4c, 0x00, 0x52, 0x0c, 0x01, 0x00, 0x52, 0x0c, 0x4a, 0x00, 0x51, 0x0c, 0x05, 0x00, 0x51, 0x0c,
    0x48, 0x00, 0x50, 0x0c, 0x09, 0x00, 0x50, 0x0c, 0x46, 0x00, 0x4f, 0x0c, 0x0d, 0x00, 0x4f, 0x0c,
    0x44, 0x00, 0x4f, 0x0c, 0x0f, 0x00, 0x4f, 0x0c, 0x42, 0x00, 0x4f, 0x0c, 0x11, 0x00, 0x4f, 0x0c,
    0x41, 0x00, 0x4e, 0x0c, 0x13, 0x00, 0x4e, 0x0c, 0x40, 0x00, 0x4f, 0x0c, 0x13, 0x00, 0x4f, 0x0c,
    0x3f, 0x00, 0x4e, 0x0c, 0x15, 0x00, 0x4e, 0x0c, 0x3e, 0x00, 0x4f, 0x0c, 0x15, 0x00, 0x4f, 0x0c,
    0x3e, 0x00, 0x4d, 0x0c, 0x17, 0x00, 0x4d, 0x0c, 0x3f, 0x00, 0x4d, 0x0c, 0x17, 0x00, 0x4d, 0x0c,
    0x40, 0x00, 0x4b, 0x0c, 0x19, 0x00, 0x4b, 0x0c, 0x41, 0x00, 0x4b, 0x0c, 0x19, 0x00, 0x4b, 0x0c,
    0x42, 0x00, 0x4a, 0x0c, 0x19, 0x00, 0x4a, 0x0c, 0x44, 0x00, 0x48, 0x0c, 0x1b, 0x00, 0x48, 0x0c,
    0x46, 0x00, 0x47, 0x0c, 0x1b, 0x00, 0x47, 0x0c, 0x48, 0x00, 0x46, 0x0c, 0x1b, 0x00, 0x46, 0x0c,
    0x4a, 0x00, 0x45, 0x0c, 0x1b, 0x00, 0x45, 0x0c, 0x4c, 0x00, 0x44, 0x0c, 0x1b, 0x00, 0x44, 0x0c,
    0x4e, 0x00, 0x42, 0x0c, 0x1d, 0x00, 0x42, 0x0c, 0x50, 0x00, 0x41, 0x0c, 0x1d, 0x00, 0x41, 0x0c,
    0x52, 0x00, 0x40, 0x0c, 0x1d, 0x00, 0x40, 0x0c, 0x54, 0x00, 0x3f, 0x0c, 0x1d, 0x00, 0x3f, 0x0c,
    0x56, 0x00, 0x3e, 0x0c, 0x1d, 0x00, 0x3e, 0x0c, 0x59, 0x00, 0x3c, 0x0c, 0x1d, 0x00, 0x3c, 0x0c,
    0x5c, 0x00, 0x3b, 0x0c, 0x1d, 0x00, 0x3b, 0x0c, 0x5f, 0x00, 0x39, 0x0c, 0x1d, 0x00, 0x39, 0x0c,
    0x62, 0x00, 0x38, 0x0c, 0x1d, 0x00, 0x38, 0x0c, 0x65, 0x00, 0x37, 0x0c, 0x1b, 0x00, 0x37, 0x0c,
    0x69, 0x00, 0x35, 0x0c, 0x1b, 0x00, 0x35, 0x0c, 0x6d, 0x00, 0x33, 0x0c, 0x1b, 0x00, 0x33, 0x0c,
    0x71, 0x00, 0x31, 0x0c, 0x1b, 0x00, 0x31, 0x0c, 0x75, 0x00, 0x2f, 0x0c, 0x1b, 0x00, 0x2f, 0x0c,
    0x79, 0x00, 0x2e, 0x0c, 0x19, 0x00, 0x2e, 0x0c, 0x7d, 0x00, 0x2c, 0x0c, 0x19, 0x00, 0x2c, 0x0c,
    0x81, 0x00, 0x2a, 0x0c, 0x19, 0x00, 0x2a, 0x0c, 0x86, 0x00, 0x28, 0x0c, 0x17, 0x00, 0x28, 0x0c,
    0x8c, 0x00, 0x25, 0x0c, 0x17, 0x00, 0x25, 0x0c, 0x92, 0x00, 0x23, 0x0c, 0x15, 0x00, 0x23, 0x0c,
    0x98, 0x00, 0x20, 0x0c, 0x15, 0x00, 0x20, 0x0c, 0x9e, 0x00, 0x1e, 0x0c, 0x13, 0x00, 0x1e, 0x0c,
    0xa5, 0x00, 0x1a, 0x0c, 0x13, 0x00, 0x1a, 0x0c, 0xae, 0x00, 0x16, 0x0c, 0x11, 0x00, 0x16, 0x0c,
    0xb8, 0x00, 0x12, 0x0c, 0x0f, 0x00, 0x12, 0x0c, 0xc4, 0x00, 0x0c, 0x0c, 0x0d, 0x00, 0x0c, 0x0c,
    0xd8, 0x00, 0x01, 0x0c, 0x09, 0x00, 0x01, 0x0c, 0xff, 0x00, 0xff, 0x00, 0xff, 0x00, 0xff, 0x00,
    0xff, 0x00, 0xff, 0x00, 0xc8, 0x00, 0x01, 0x0b, 0xef, 0x00, 0x01, 0x0b, 0xef, 0x00, 0x01, 0x0b,
    0xee, 0x00, 0x03, 0x0b, 0xed, 0x00, 0x03, 0x0b, 0xed, 0x00, 0x03, 0x0b, 0xec, 0x00, 0x05, 0x0b,
    0xeb, 0x00, 0x05, 0x0b, 0xea, 0x00, 0x07, 0x0b, 0xe9, 0x00, 0x07, 0x0b, 0xe9, 0x00, 0x07, 0x0b,
    0xe8, 0x00, 0x09, 0x0b, 0xe7, 0x00, 0x09, 0x0b, 0xe6, 0x00, 0x0b, 0x0b, 0xe5, 0x00, 0x0b, 0x0b,
    0xe4, 0x00, 0x0d, 0x0b, 0xe3, 0x00, 0x0d, 0x0b, 0xe3, 0x00, 0x0d, 0x0b, 0xe2, 0x00, 0x0f, 0x0b,
    0xe2, 0x00, 0x0d, 0x0b, 0xe3, 0x00, 0x0d, 0x0b, 0xe3, 0x00, 0x0d, 0x0b, 0xe4, 0x00, 0x0b, 0x0b,
    0xe6, 0x00, 0x09, 0x0b, 0xe8, 0x00, 0x07, 0x0b, 0xec, 0x00, 0x01, 0x0b, 0xff, 0x00, 0xff, 0x00,
    0xff, 0x00, 0xff, 0x00, 0xff, 0x00, 0xff, 0x00, 0xff, 0x00, 0xff, 0x00, 0xff, 0x00, 0xff, 0x00,
    0xff, 0x00, 0xff, 0x00, 0xff, 0x00, 0xff, 0x00, 0xff, 0x00, 0xff, 0x00, 0xff, 0x00, 0xff, 0x00,
    0xff, 0x00, 0xff, 0x00, 0xff, 0x00, 0xff, 0x00, 0xff, 0x00, 0xff, 0x00, 0xff, 0x00, 0xff, 0x00,
    0xff, 0x00, 0xff, 0x00, 0xff, 0x00, 0xff, 0x00, 0xff, 0x00, 0xff, 0x00, 0xff, 0x00, 0xff, 0x00,
    0xff, 0x00, 0xff, 0x00, 0xff, 0x00, 0xff, 0x00, 0xff, 0x00, 0xff, 0x00, 0xff, 0x00, 0xff, 0x00,
    0xff, 0x00, 0xff, 0x00, 0xff, 0x00, 0xff, 0x00, 0xff, 0x00, 0x4e, 0x00, 0xff, 0x00, 0xff, 0x00,
    0xff, 0x00, 0xff, 0x00, 0xff, 0x00, 0xff, 0x00, 0xff, 0x00, 0xff, 0x00, 0xff, 0x00, 0xff, 0x00,
    0xff, 0x00, 0xff, 0x00, 0xff, 0x00, 0xff, 0x00, 0xff, 0x00, 0xff, 0x00, 0xff, 0x00, 0xff, 0x00,
    0xff, 0x00, 0xff, 0x00, 0xff, 0x00, 0xff, 0x00, 0xff, 0x00, 0xff, 0x00, 0xff, 0x00, 0xff, 0x00,
    0xff, 0x00, 0xff, 0x00, 0xff, 0x00, 0xff, 0x00, 0xff, 0x00, 0xff, 0x00, 0xff, 0x00, 0xff, 0x00,
    0xff, 0x00, 0xff, 0x00, 0xff, 0x00, 0xff, 0x00, 0xff, 0x00, 0xff, 0x00, 0xff, 0x00, 0xff, 0x00,
    0xff, 0x00, 0xff, 0x00, 0xff, 0x00, 0xff, 0x00, 0xff, 0x00, 0xff, 0x00, 0xff, 0x00, 0xff, 0x00,
    0xff, 0x00, 0xff, 0x00, 0xff, 0x00, 0xff, 0x00, 0xff, 0x00, 0xff, 0x00, 0xff, 0x00, 0xff, 0x00,
    0xff, 0x00, 0xff, 0x00, 0xff, 0x00, 0xff, 0x00, 0xff, 0x00, 0xff, 0x00, 0xff, 0x00, 0xff, 0x00,
    0xff, 0x00, 0xff, 0x00, 0xff, 0x00, 0xff, 0x00, 0xff, 0x00, 0xff, 0x00, 0xff, 0x00, 0xff, 0x00,
    0xff, 0x00, 0xff, 0x00, 0xff, 0x00, 0xff, 0x00, 0x91, 0x00, 0x0b, 0x0c, 0xd8, 0x00, 0x25, 0x0c,
    0xc4, 0x00, 0x33, 0x0c, 0xb8, 0x00, 0x3d, 0x0c, 0xae, 0x00, 0x47, 0x0c, 0xa5, 0x00, 0x4f, 0x0c,
    0x9e, 0x00, 0x55, 0x0c, 0x98, 0x00, 0x5b, 0x0c, 0x92, 0x00, 0x61, 0x0c, 0x8c, 0x00, 0x67, 0x0c,
    0x86, 0x00, 0x6d, 0x0c, 0x81, 0x00, 0x71, 0x0c, 0x7d, 0x00, 0x75, 0x0c, 0x79, 0x00, 0x79, 0x0c,
    0x75, 0x00, 0x7d, 0x0c, 0x71, 0x00, 0x81, 0x0c, 0x6d, 0x00, 0x85, 0x0c, 0x69, 0x00, 0x89, 0x0c,
    0x65, 0x00, 0x8d, 0x0c, 0x62, 0x00, 0x8f, 0x0c, 0x5f, 0x00, 0x93, 0x0c, 0x5c, 0x00, 0x95, 0x0c,
    0x59, 0x00, 0x99, 0x0c, 0x56, 0x00, 0x9b, 0x0c, 0x54, 0x00, 0x9d, 0x0c, 0x52, 0x00, 0x9f, 0x0c,
    0x50, 0x00, 0xa1, 0x0c, 0x4e, 0x00, 0xa3, 0x0c, 0x4c, 0x00, 0x52, 0x0c, 0x01, 0x00, 0x52, 0x0c,
    0x4a, 0x00, 0x51, 0x0c, 0x05, 0x00, 0x51, 0x0c, 0x48, 0x00, 0x50, 0x0c, 0x09, 0x00, 0x50, 0x0c,
    0x46, 0x00, 0x4f, 0x0c, 0x0d, 0x00, 0x4f, 0x0c, 0x44, 0x00, 0x4f, 0x0c, 0x0f, 0x00, 0x4f, 0x0c,
    0x42, 0x00, 0x4f, 0x0c, 0x11, 0x00, 0x4f, 0x0c, 0x41, 0x00, 0x4e, 0x0c, 0x13, 0x00, 0x4e, 0x0c,
    0x40, 0x00, 0x4f, 0x0c, 0x13, 0x00, 0x4f, 0x0c, 0x3f, 0x00, 0x4e, 0x0c, 0x15, 0x00, 0x4e, 0x0c,
    0x3e, 0x00, 0x4f, 0x0c, 0x15, 0x00, 0x4f, 0x0c, 0x3e, 0x00, 0x4d, 0x0c, 0x17, 0x00, 0x4d, 0x0c,
    0x3f, 0x00, 0x4d, 0x0c, 0x17, 0x00, 0x4d, 0x0c, 0x40, 0x00, 0x4b, 0x0c, 0x19, 0x00, 0x4b, 0x0c,
    0x41, 0x00, 0x4b, 0x0c, 0x19, 0x00, 0x4b, 0x0c, 0x42, 0x00, 0x4a, 0x0c, 0x19, 0x00, 0x4a, 0x0c,
    0x44, 0x00, 0x48, 0x0c, 0x1b, 0x00, 0x48, 0x0c, 0x46, 0x00, 0x47, 0x0c, 0x1b, 0x00, 0x47, 0x0c,
    0x48, 0x00, 0x46, 0x0c, 0x1b, 0x00, 0x46, 0x0c, 0x4a, 0x00, 0x45, 0x0c, 0x1b, 0x00, 0x45, 0x0c,
    0x4c, 0x00, 0x44, 0x0c, 0x1b, 0x00, 0x44, 0x0c, 0x4e, 0x00, 0x42, 0x0c, 0x1d, 0x00, 0x42, 0x0c,
    0x50, 0x00, 0x41, 0x0c, 0x1d, 0x00, 0x41, 0x0c, 0x52, 0x00, 0x40, 0x0c, 0x1d, 0x00, 0x40, 0x0c,
    0x54, 0x00, 0x3f, 0x0c, 0x1d, 0x00, 0x3f, 0x0c, 0x56, 0x00, 0x3e, 0x0c, 0x1d, 0x00, 0x3e, 0x0c,
    0x59, 0x00, 0x3c, 0x0c, 0x1d, 0x00, 0x3c, 0x0c, 0x5c, 0x00, 0x3b, 0x0c, 0x1d, 0x00, 0x3b, 0x0c,
    0x5f, 0x00, 0x39, 0x0c, 0x1d, 0x00, 0x39, 0x0c, 0x62, 0x00, 0x38, 0x0c, 0x1d, 0x00, 0x38, 0x0c,
    0x65, 0x00, 0x37, 0x0c, 0x1b, 0x00, 0x37, 0x0c, 0x69, 0x00, 0x35, 0x0c, 0x1b, 0x00, 0x35, 0x0c,
    0x6d, 0x00, 0x33, 0x0c, 0x1b, 0x00, 0x33, 0x0c, 0x71, 0x00, 0x31, 0x0c, 0x1b, 0x00, 0x31, 0x0c,
    0x75, 0x00, 0x2f, 0x0c, 0x1b, 0x00, 0x2f, 0x0c, 0x79, 0x00, 0x2e, 0x0c, 0x19, 0x00, 0x2e, 0x0c,
    0x7d, 0x00, 0x2c, 0x0c, 0x19, 0x00, 0x2c, 0x0c, 0x81, 0x00, 0x2a, 0x0c, 0x19, 0x00, 0x2a, 0x0c,
    0x86, 0x00, 0x28, 0x0c, 0x17, 0x00, 0x28, 0x0c, 0x8c, 0x00, 0x25, 0x0c, 0x17, 0x00, 0x25, 0x0c,
    0x92, 0x00, 0x23, 0x0c, 0x15, 0x00, 0x23, 0x0c, 0x98, 0x00, 0x20, 0x0c, 0x15, 0x00, 0x20, 0x0c,
    0x9e, 0x00, 0x1e, 0x0c, 0x13, 0x00, 0x1e, 0x0c, 0xa5, 0x00, 0x1a, 0x0c, 0x13, 0x00, 0x1a, 0x0c,
    0xae, 0x00, 0x16, 0x0c, 0x11, 0x00, 0x16, 0x0c, 0xb8, 0x00, 0x12, 0x0c, 0x0f, 0x00, 0x12, 0x0c,
    0xc4, 0x00, 0x0c, 0x0c, 0x0d, 0x00, 0x0c, 0x0c, 0xd8, 0x00, 0x01, 0x0c, 0x09, 0x00, 0x01, 0x0c,
    0xff, 0x00, 0xff, 0x00, 0xff, 0x00, 0xff, 0x00, 0xff, 0x00, 0xff, 0x00, 0xff, 0x00, 0xff, 0x00,
    0xff, 0x00, 0xff, 0x00, 0xff, 0x00, 0xff, 0x00, 0xff, 0x00, 0xff, 0x00, 0xff, 0x00, 0x41, 0x00,
    0x01, 0x0b, 0xef, 0x00, 0x01, 0x0b, 0xef, 0x00, 0x01, 0x0b, 0xee, 0x00, 0x03, 0x0b, 0xed, 0x00,
    0x03, 0x0b, 0xed, 0x00, 0x03, 0x0b, 0xec, 0x00, 0x05, 0x0b, 0xeb, 0x00, 0x05, 0x0b, 0xea, 0x00,
    0x07, 0x0b, 0xe9, 0x00, 0x07, 0x0b, 0xe9, 0x00, 0x07, 0x0b, 0xe8, 0x00, 0x09, 0x0b, 0xe7, 0x00,
    0x09, 0x0b, 0xe6, 0x00, 0x0b, 0x0b, 0xe5, 0x00, 0x0b, 0x0b, 0xe4, 0x00, 0x0d, 0x0b, 0xe3, 0x00,
    0x0d, 0x0b, 0xe3, 0x00, 0x0d, 0x0b, 0xe2, 0x00, 0x0f, 0x0b, 0xe2, 0x00, 0x0d, 0x0b, 0xe3, 0x00,
    0x0d, 0x0b, 0xe3, 0x00, 0x0d, 0x0b, 0xe4, 0x00, 0x0b, 0x0b, 0xe6, 0x00, 0x09, 0x0b, 0xe8, 0x00,
    0x07, 0x0b, 0xec, 0x00, 0x01, 0x0b, 0xff, 0x00, 0xff, 0x00, 0xff, 0x00, 0xff, 0x00, 0xff, 0x00,
    0xff, 0x00, 0xff, 0x00, 0xff, 0x00, 0xff, 0x00, 0xff, 0x00, 0xff, 0x00, 0xff, 0x00, 0xff, 0x00,
    0xff, 0x00, 0xff, 0x00, 0xff, 0x00, 0xff, 0x00, 0xff, 0x00, 0xff, 0x00, 0xff, 0x00, 0xff, 0x00,
    0xff, 0x00, 0xff, 0x00, 0xff, 0x00, 0xff, 0x00, 0xff, 0x00, 0xff, 0x00, 0xff, 0x00, 0xff, 0x00,
    0xff, 0x00, 0xff, 0x00, 0xff, 0x00, 0xff, 0x00, 0xff, 0x00, 0xff, 0x00, 0xff, 0x00, 0xff, 0x00,
    0xff, 0x00, 0xd5, 0x00, 0xff, 0x00, 0xff, 0x00, 0xff, 0x00, 0xff, 0x00, 0xff, 0x00, 0xff, 0x00,
    0xff, 0x00, 0xff, 0x00, 0xff, 0x00, 0xff, 0x00, 0xff, 0x00, 0xff, 0x00, 0xff, 0x00, 0xff, 0x00,
    0xff, 0x00, 0xff, 0x00, 0xff, 0x00, 0xff, 0x00, 0xff, 0x00, 0xff, 0x00, 0xff, 0x00, 0xff, 0x00,
    0xff, 0x00, 0xff, 0x00, 0xff, 0x00, 0xff, 0x00, 0xff, 0x00, 0xff, 0x00, 0xff, 0x00, 0xff, 0x00,
    0xff, 0x00, 0xff, 0x00, 0xff, 0x00, 0xff, 0x00, 0xff, 0x00, 0xff, 0x00, 0xff, 0x00, 0xff, 0x00,
    0xff, 0x00, 0xff, 0x00, 0xff, 0x00, 0xff, 0x00, 0xff, 0x00, 0xff, 0x00, 0xff, 0x00, 0xff, 0x00,
    0xff, 0x00, 0xff, 0x00, 0xff, 0x00, 0xff, 0x00, 0xff, 0x00, 0xff, 0x00, 0xff, 0x00, 0xff, 0x00,
    0xff, 0x00, 0xff, 0x00, 0xff, 0x00, 0xff, 0x00, 0xff, 0x00, 0xff, 0x00, 0xff, 0x00, 0xff, 0x00,
    0xff, 0x00, 0xff, 0x00, 0xff, 0x00, 0xff, 0x00, 0xff, 0x00, 0xff, 0x00, 0xff, 0x00, 0xff, 0x00,
    0xff, 0x00, 0xff, 0x00, 0xff, 0x00, 0xff, 0x00, 0xff, 0x00, 0xff, 0x00, 0xff, 0x00, 0xff, 0x00,
    0x91, 0x00, 0x0b, 0x0c, 0xd8, 0x00, 0x25, 0x0c, 0xc4, 0x00, 0x33, 0x0c, 0xb8, 0x00, 0x3d, 0x0c,
    0xae, 0x00, 0x47, 0x0c, 0xa5, 0x00, 0x4f, 0x0c, 0x9e, 0x00, 0x55, 0x0c, 0x98, 0x00, 0x5b, 0x0c,
    0x92, 0x00, 0x61, 0x0c, 0x8c, 0x00, 0x67, 0x0c, 0x86, 0x00, 0x6d, 0x0c, 0x81, 0x00, 0x71, 0x0c,
    0x7d, 0x00, 0x75, 0x0c, 0x79, 0x00, 0x79, 0x0c, 0x75, 0x00, 0x7d, 0x0c, 0x71, 0x00, 0x81, 0x0c,
    0x6d, 0x00, 0x85, 0x0c, 0x69, 0x00, 0x89, 0x0c, 0x65, 0x00, 0x8d, 0x0c, 0x62, 0x00, 0x8f, 0x0c,
    0x5f, 0x00, 0x93, 0x0c, 0x5c, 0x00, 0x95, 0x0c, 0x59, 0x00, 0x99, 0x0c, 0x56, 0x00, 0x9b, 0x0c,
    0x54, 0x00, 0x9d, 0x0c, 0x52, 0x00, 0x9f, 0x0c, 0x50, 0x00, 0xa1, 0x0c, 0x4e, 0x00, 0xa3, 0x0c,
    0x4c, 0x00, 0x52, 0x0c, 0x01, 0x00, 0x52, 0x0c, 0x4a, 0x00, 0x51, 0x0c, 0x05, 0x00, 0x51, 0x0c,
    0x48, 0x00, 0x50, 0x0c, 0x09, 0x00, 0x50, 0x0c, 0x46, 0x00, 0x4f, 0x0c, 0x0d, 0x00, 0x4f, 0x0c,
    0x44, 0x00, 0x4f, 0x0c, 0x0f, 0x00, 0x4f, 0x0c, 0x42, 0x00, 0x4f, 0x0c, 0x11, 0x00, 0x4f, 0x0c,
    0x41, 0x00, 0x4e, 0x0c, 0x13, 0x00, 0x4e, 0x0c, 0x40, 0x00, 0x4f, 0x0c, 0x13, 0x00, 0x4f, 0x0c,
    0x3f, 0x00, 0x4e, 0x0c, 0x15, 0x00, 0x4e, 0x0c, 0x3e, 0x00, 0x4f, 0x0c, 0x15, 0x00, 0x4f, 0x0c,
    0x3e, 0x00, 0x4d, 0x0c, 0x17, 0x00, 0x4d, 0x0c, 0x3f, 0x00, 0x4d, 0x0c, 0x17, 0x00, 0x4d, 0x0c,
    0x40, 0x00, 0x4b, 0x0c, 0x19, 0x00, 0x4b, 0x0c, 0x41, 0x00, 0x4b, 0x0c, 0x19, 0x00, 0x4b, 0x0c,
    0x42, 0x00, 0x4a, 0x0c, 0x19, 0x00, 0x4a, 0x0c, 0x44, 0x00, 0x48, 0x0c, 0x1b, 0x00, 0x48, 0x0c,
    0x46, 0x00, 0x47, 0x0c, 0x1b, 0x00, 0x47, 0x0c, 0x48, 0x00, 0x46, 0x0c, 0x1b, 0x00, 0x46, 0x0c,
    0x4a, 0x00, 0x45, 0x0c, 0x1b, 0x00, 0x45, 0x0c, 0x4c, 0x00, 0x44, 0x0c, 0x1b, 0x00, 0x44, 0x0c,
    0x4e, 0x00, 0x42, 0x0c, 0x1d, 0x00, 0x42, 0x0c, 0x50, 0x00, 0x41, 0x0c, 0x1d, 0x00, 0x41, 0x0c,
    0x52, 0x00, 0x40, 0x0c, 0x1d, 0x00, 0x40, 0x0c, 0x54, 0x00, 0x3f, 0x0c, 0x1d, 0x00, 0x3f, 0x0c,
    0x56, 0x00, 0x3e, 0x0c, 0x1d, 0x00, 0x3e, 0x0c, 0x59, 0x00, 0x3c, 0x0c, 0x1d, 0x00, 0x3c, 0x0c,
    0x5c, 0x00, 0x3b, 0x0c, 0x1d, 0x00, 0x3b, 0x0c, 0x5f, 0x00, 0x39, 0x0c, 0x1d, 0x00, 0x39, 0x0c,
    0x62, 0x00, 0x38, 0x0c, 0x1d, 0x00, 0x38, 0x0c, 0x65, 0x00, 0x37, 0x0c, 0x1b, 0x00, 0x37, 0x0c,
    0x69, 0x00, 0x35, 0x0c, 0x1b, 0x00, 0x35, 0x0c, 0x6d, 0x00, 0x33, 0x0c, 0x1b, 0x00, 0x33, 0x0c,
    0x71, 0x00, 0x31, 0x0c, 0x1b, 0x00, 0x31, 0x0c, 0x75, 0x00, 0x2f, 0x0c, 0x1b, 0x00, 0x2f, 0x0c,
    0x79, 0x00, 0x2e, 0x0c, 0x19, 0x00, 0x2e, 0x0c, 0x7d, 0x00, 0x2c, 0x0c, 0x19, 0x00, 0x2c, 0x0c,
    0x81, 0x00, 0x2a, 0x0c, 0x19, 0x00, 0x2a, 0x0c, 0x86, 0x00, 0x28, 0x0c, 0x17, 0x00, 0x28, 0x0c,
    0x8c, 0x00, 0x25, 0x0c, 0x17, 0x00, 0x25, 0x0c, 0x92, 0x00, 0x23, 0x0c, 0x15, 0x00, 0x23, 0x0c,
    0x98, 0x00, 0x20, 0x0c, 0x15, 0x00, 0x20, 0x0c, 0x9e, 0x00, 0x1e, 0x0c, 0x13, 0x00, 0x1e, 0x0c,
    0xa5, 0x00, 0x1a, 0x0c, 0x13, 0x00, 0x1a, 0x0c, 0xae, 0x00, 0x16, 0x0c, 0x11, 0x00, 0x16, 0x0c,
    0xb8, 0x00, 0x12, 0x0c, 0x0f, 0x00, 0x12, 0x0c, 0xc4, 0x00, 0x0c, 0x0c, 0x0d, 0x00, 0x0c, 0x0c,
    0xd8, 0x00, 0x01, 0x0c, 0x09, 0x00, 0x01, 0x0c, 0xff, 0x00, 0xff, 0x00, 0xff, 0x00, 0xff, 0x00,
    0xff, 0x00, 0xff, 0x00, 0xff, 0x00, 0xff, 0x00, 0xff, 0x00, 0xff, 0x00, 0xff, 0x00, 0xff, 0x00,
    0xff, 0x00, 0xff, 0x00, 0xff, 0x00, 0xff, 0x00, 0xff, 0x00, 0xff, 0x00, 0xff, 0x00, 0xff, 0x00,
    0xff, 0x00, 0xff, 0x00, 0xff, 0x00, 0xb9, 0x00, 0x01, 0x0b, 0xef, 0x00, 0x01, 0x0b, 0xef, 0x00,
    0x01, 0x0b, 0xee, 0x00, 0x03, 0x0b, 0xed, 0x00, 0x03, 0x0b, 0xed, 0x00, 0x03, 0x0b, 0xec, 0x00,
    0x05, 0x0b, 0xeb, 0x00, 0x05, 0x0b, 0xea, 0x00, 0x07, 0x0b, 0xe9, 0x00, 0x07, 0x0b, 0xe9, 0x00,
    0x07, 0x0b, 0xe8, 0x00, 0x09, 0x0b, 0xe7, 0x00, 0x09, 0x0b, 0xe6, 0x00, 0x0b, 0x0b, 0xe5, 0x00,
    0x0b, 0x0b, 0xe4, 0x00, 0x0d, 0x0b, 0xe3, 0x00, 0x0d, 0x0b, 0xe3, 0x00, 0x0d, 0x0b, 0xe2, 0x00,
    0x0f, 0x0b, 0xe2, 0x00, 0x0d, 0x0b, 0xe3, 0x00, 0x0d, 0x0b, 0xe3, 0x00, 0x0d, 0x0b, 0xe4, 0x00,
    0x0b, 0x0b, 0xe6, 0x00, 0x09, 0x0b, 0xe8, 0x00, 0x07, 0x0b, 0xec, 0x00, 0x01, 0x0b, 0xff, 0x00,
    0xff, 0x00, 0xff, 0x00, 0xff, 0x00, 0xff, 0x00, 0xff, 0x00, 0xff, 0x00, 0xff, 0x00, 0xff, 0x00,
    0xff, 0x00, 0xff, 0x00, 0xff, 0x00, 0xff, 0x00, 0xff, 0x00, 0xff, 0x00, 0xff, 0x00, 0xff, 0x00,
    0xff, 0x00, 0xff, 0x00, 0xff, 0x00, 0xff, 0x00, 0xff, 0x00, 0xff, 0x00, 0xff, 0x00, 0xff, 0x00,
    0xff, 0x00, 0xff, 0x00, 0xff, 0x00, 0xff, 0x00, 0xff, 0x00, 0x5d, 0x00, 0xff, 0x00, 0xff, 0x00,
    0xff, 0x00, 0xff, 0x00, 0xff, 0x00, 0xff, 0x00, 0xff, 0x00, 0xff, 0x00, 0xff, 0x00, 0xff, 0x00,
    0xff, 0x00, 0xff, 0x00, 0xff, 0x00, 0xff, 0x00, 0xff, 0x00, 0xff, 0x00, 0xff, 0x00, 0xff, 0x00,
    0xff, 0x00, 0xff, 0x00, 0xff, 0x00, 0xff, 0x00, 0xff, 0x00, 0xff, 0x00, 0xff, 0x00, 0xff, 0x00,
    0xff, 0x00, 0xff, 0x00, 0xff, 0x00, 0xff, 0x00, 0xff, 0x00, 0xff, 0x00, 0xff, 0x00, 0xff, 0x00,
    0xff, 0x00, 0xff, 0x00, 0xff, 0x00, 0xff, 0x00, 0x1e, 0x00, 0x01, 0x01, 0xe1, 0x00, 0x1d, 0x01,
    0xcd, 0x00, 0x29, 0x01, 0xc3, 0x00, 0x31, 0x01, 0xbb, 0x00, 0x39, 0x01, 0xb4, 0x00, 0x3f, 0x01,
    0xae, 0x00, 0x45, 0x01, 0xa8, 0x00, 0x4b, 0x01, 0xa3, 0x00, 0x4f, 0x01, 0x9f, 0x00, 0x53, 0x01,
    0x9a, 0x00, 0x59, 0x01, 0x95, 0x00, 0x5d, 0x01, 0x92, 0x00, 0x5f, 0x01, 0x8f, 0x00, 0x63, 0x01,
    0x8b, 0x00, 0x67, 0x01, 0x87, 0x00, 0x6b, 0x01, 0x84, 0x00, 0x6d, 0x01, 0x81, 0x00, 0x71, 0x01,
    0x7e, 0x00, 0x73, 0x01, 0x7c, 0x00, 0x75, 0x01, 0x79, 0x00, 0x79, 0x01, 0x76, 0x00, 0x7b, 0x01,
    0x74, 0x00, 0x7d, 0x01, 0x72, 0x00, 0x7f, 0x01, 0x70, 0x00, 0x81, 0x01, 0x6d, 0x00, 0x85, 0x01,
    0x6a, 0x00, 0x87, 0x01, 0x68, 0x00, 0x89, 0x01, 0x66, 0x00, 0x8b, 0x01, 0x64, 0x00, 0x8d, 0x01,
    0x62, 0x00, 0x8f, 0x01, 0x61, 0x00, 0x8f, 0x01, 0x60, 0x00, 0x91, 0x01, 0x5e, 0x00, 0x93, 0x01,
    0x5c, 0x00, 0x95, 0x01, 0x5a, 0x00, 0x97, 0x01, 0x59, 0x00, 0x97, 0x01, 0x58, 0x00, 0x99, 0x01,
    0x56, 0x00, 0x9b, 0x01, 0x54, 0x00, 0x9d, 0x01, 0x53, 0x00, 0x9d, 0x01, 0x52, 0x00, 0x9f, 0x01,
    0x50, 0x00, 0xa1, 0x01, 0x4f, 0x00, 0xa1, 0x01, 0x4e, 0x00, 0xa3, 0x01, 0x4d, 0x00, 0xa3, 0x01,
    0x4c, 0x00, 0xa5, 0x01, 0x4b, 0x00, 0xa5, 0x01, 0x4a, 0x00, 0xa7, 0x01, 0x49, 0x00, 0x72, 0x01,
    0x01, 0x00, 0x34, 0x01, 0x48, 0x00, 0x6f, 0x01, 0x09, 0x00, 0x31, 0x01, 0x47, 0x00, 0x6d, 0x01,
    0x0d, 0x00, 0x2f, 0x01, 0x46, 0x00, 0x6c, 0x01, 0x11, 0x00, 0x2e, 0x01, 0x45, 0x00, 0x6b, 0x01,
    0x13, 0x00, 0x2d, 0x01, 0x44, 0x00, 0x6b, 0x01, 0x15, 0x00, 0x2d, 0x01, 0x43, 0x00, 0x6a, 0x01,
    0x17, 0x00, 0x2c, 0x01, 0x43, 0x00, 0x69, 0x01, 0x19, 0x00, 0x2b, 0x01, 0x42, 0x00, 0x6a, 0x01,
    0x19, 0x00, 0x2c, 0x01, 0x41, 0x00, 0x69, 0x01, 0x1b, 0x00, 0x2b, 0x01, 0x41, 0x00, 0x69, 0x01,
    0x1b, 0x00, 0x2b, 0x01, 0x40, 0x00, 0x69, 0x01, 0x1d, 0x00, 0x2b, 0x01, 0x3f, 0x00, 0x68, 0x01,
    0x1f, 0x00, 0x2a, 0x01, 0x3f, 0x00, 0x68, 0x01, 0x1f, 0x00, 0x2a, 0x01, 0x3f, 0x00, 0x68, 0x01,
    0x1f, 0x00, 0x2a, 0x01, 0x3e, 0x00, 0x68, 0x01, 0x21, 0x00, 0x2a, 0x01, 0x3d, 0x00, 0x68, 0x01,
    0x21, 0x00, 0x2a, 0x01, 0x3d, 0x00, 0x68, 0x01, 0x0a, 0x00, 0x01, 0x03, 0x16, 0x00, 0x2a, 0x01,
    0x3d, 0x00, 0x67, 0x01, 0x09, 0x00, 0x05, 0x03, 0x15, 0x00, 0x29, 0x01, 0x3d, 0x00, 0x67, 0x01,
    0x08, 0x00, 0x07, 0x03, 0x14, 0x00, 0x29, 0x01, 0x3c, 0x00, 0x68, 0x01, 0x08, 0x00, 0x07, 0x03,
    0x14, 0x00, 0x2a, 0x01, 0x3b, 0x00, 0x68, 0x01, 0x07, 0x00, 0x09, 0x03, 0x13, 0x00, 0x2a, 0x01,
    0x3b, 0x00, 0x67, 0x01, 0x09, 0x00, 0x07, 0x03, 0x15, 0x00, 0x29, 0x01, 0x3b, 0x00, 0x67, 0x01,
    0x09, 0x00, 0x07, 0x03, 0x15, 0x00, 0x29, 0x01, 0x3b, 0x00, 0x67, 0x01, 0x0a, 0x00, 0x05, 0x03,
    0x16, 0x00, 0x29, 0x01, 0x3b, 0x00, 0x67, 0x01, 0x0c, 0x00, 0x01, 0x03, 0x18, 0x00, 0x29, 0x01,
    0x3b, 0x00, 0x67, 0x01, 0x25, 0x00, 0x29, 0x01, 0x3b, 0x00, 0x67, 0x01, 0x25, 0x00, 0x29, 0x01,
    0x3b, 0x00, 0x67, 0x01, 0x25, 0x00, 0x29, 0x01, 0x3b, 0x00, 0x67, 0x01, 0x25, 0x00, 0x29, 0x01,
    0x3b, 0x00, 0x67, 0x01, 0x25, 0x00, 0x29, 0x01, 0x3a, 0x00, 0x67, 0x01, 0x27, 0x00, 0x29, 0x01,
    0x3a, 0x00, 0x67, 0x01, 0x25, 0x00, 0x29, 0x01, 0x3b, 0x00, 0x67, 0x01, 0x25, 0x00, 0x29, 0x01,
    0x3b, 0x00, 0x67, 0x01, 0x25, 0x00, 0x29, 0x01, 0x3b, 0x00, 0x67, 0x01, 0x25, 0x00, 0x29, 0x01,
    0x3b, 0x00, 0x67, 0x01, 0x25, 0x00, 0x29, 0x01, 0x3b, 0x00, 0x67, 0x01, 0x25, 0x00, 0x29, 0x01,
    0x3b, 0x00, 0x67, 0x01, 0x25, 0x00, 0x29, 0x01, 0x3b, 0x00, 0x67, 0x01, 0x25, 0x00, 0x29, 0x01,
    0x3b, 0x00, 0x67, 0x01, 0x25, 0x00, 0x29, 0x01, 0x3b, 0x00, 0x68, 0x01, 0x23, 0x00, 0x2a, 0x01,
    0x3b, 0x00, 0x68, 0x01, 0x23, 0x00, 0x2a, 0x01, 0x3c, 0x00, 0x67, 0x01, 0x23, 0x00, 0x29, 0x01,
    0x3d, 0x00, 0x67, 0x01, 0x23, 0x00, 0x29, 0x01, 0x3d, 0x00, 0x68, 0x01, 0x21, 0x00, 0x2a, 0x01,
    0x3d, 0x00, 0x68, 0x01, 0x21, 0x00, 0x2a, 0x01, 0x3d, 0x00, 0x68, 0x01, 0x21, 0x00, 0x2a, 0x01,
    0x3e, 0x00, 0x68, 0x01, 0x1f, 0x00, 0x2a, 0x01, 0x3f, 0x00, 0x68, 0x01, 0x1f, 0x00, 0x2a, 0x01,
    0x3f, 0x00, 0x68, 0x01, 0x1f, 0x00, 0x2a, 0x01, 0x3f, 0x00, 0x69, 0x01, 0x1d, 0x00, 0x2b, 0x01,
    0x40, 0x00, 0x69, 0x01, 0x1b, 0x00, 0x2b, 0x01, 0x41, 0x00, 0x69, 0x01, 0x1b, 0x00, 0x2b, 0x01,
    0x41, 0x00, 0x6a, 0x01, 0x19, 0x00, 0x2c, 0x01, 0x42, 0x00, 0x69, 0x01, 0x19, 0x00, 0x2b, 0x01,
    0x43, 0x00, 0x6a, 0x01, 0x17, 0x00, 0x2c, 0x01, 0x43, 0x00, 0x6b, 0x01, 0x15, 0x00, 0x2d, 0x01,
    0x44, 0x00, 0x6b, 0x01, 0x13, 0x00, 0x2d, 0x01, 0x45, 0x00, 0x6c, 0x01, 0x11, 0x00, 0x2e, 0x01,
    0x46, 0x00, 0x6d, 0x01, 0x0d, 0x00, 0x2f, 0x01, 0x47, 0x00, 0x6f, 0x01, 0x09, 0x00, 0x31, 0x01,
    0x48, 0x00, 0x72, 0x01, 0x01, 0x00, 0x34, 0x01, 0x49, 0x00, 0xa7, 0x01, 0x4a, 0x00, 0xa5, 0x01,
    0x4b, 0x00, 0xa5, 0x01, 0x4c, 0x00, 0xa3, 0x01, 0x4d, 0x00, 0xa3, 0x01, 0x4e, 0x00, 0xa1, 0x01,
    0x4f, 0x00, 0xa1, 0x01, 0x50, 0x00, 0x9f, 0x01, 0x52, 0x00, 0x9d, 0x01, 0x53, 0x00, 0x9d, 0x01,
    0x54, 0x00, 0x9b, 0x01, 0x56, 0x00, 0x99, 0x01, 0x58, 0x00, 0x97, 0x01, 0x59, 0x00, 0x97, 0x01,
    0x5a, 0x00, 0x95, 0x01, 0x5c, 0x00, 0x93, 0x01, 0x5e, 0x00, 0x91, 0x01, 0x60, 0x00, 0x8f, 0x01,
    0x61, 0x00, 0x8f, 0x01, 0x62, 0x00, 0x8d, 0x01, 0x64, 0x00, 0x8b, 0x01, 0x66, 0x00, 0x89, 0x01,
    0x68, 0x00, 0x87, 0x01, 0x6a, 0x00, 0x85, 0x01, 0x6d, 0x00, 0x81, 0x01, 0x70, 0x00, 0x7f, 0x01,
    0x72, 0x00, 0x7d, 0x01, 0x74, 0x00, 0x7b, 0x01, 0x76, 0x00, 0x79, 0x01, 0x79, 0x00, 0x75, 0x01,
    0x7c, 0x00, 0x73, 0x01, 0x7e, 0x00, 0x71, 0x01, 0x81, 0x00, 0x6d, 0x01, 0x84, 0x00, 0x6b, 0x01,
    0x87, 0x00, 0x67, 0x01, 0x8b, 0x00, 0x63, 0x01, 0x8f, 0x00, 0x5f, 0x01, 0x92, 0x00, 0x5d, 0x01,
    0x95, 0x00, 0x59, 0x01, 0x9a, 0x00, 0x53, 0x01, 0x9f, 0x00, 0x4f, 0x01, 0xa3, 0x00, 0x4b, 0x01,
    0xa8, 0x00, 0x45, 0x01, 0xae, 0x00, 0x3f, 0x01, 0xb4, 0x00, 0x39, 0x01, 0xbb, 0x00, 0x31, 0x01,
    0xc3, 0x00, 0x29, 0x01, 0xcd, 0x00, 0x1d, 0x01, 0xe1, 0x00, 0x01, 0x01, 0xff, 0x00, 0xff, 0x00,
    0xff, 0x00, 0xff, 0x00, 0xff, 0x00, 0xff, 0x00, 0xff, 0x00, 0xff, 0x00, 0xff, 0x00, 0xff, 0x00,
    0xff, 0x00, 0xff, 0x00, 0xff, 0x00, 0xff, 0x00, 0xff, 0x00, 0xff, 0x00, 0xff, 0x00, 0xff, 0x00,
    0xff, 0x00, 0xff, 0x00, 0xff, 0x00, 0xff, 0x00, 0xff, 0x00, 0xff, 0x00, 0xff, 0x00, 0xff, 0x00,
    0xff, 0x00, 0xff, 0x00, 0xff, 0x00, 0xff, 0x00, 0xff, 0x00, 0xff, 0x00, 0xff, 0x00, 0xff, 0x00,
    0xff, 0x00, 0xff, 0x00, 0xff, 0x00, 0x2c, 0x00, 0xff, 0x00, 0xff, 0x00, 0xff, 0x00, 0xff, 0x00,
    0xff, 0x00, 0xff, 0x00, 0xff, 0x00, 0xff, 0x00, 0xff, 0x00, 0xff, 0x00, 0xff, 0x00, 0xff, 0x00,
    0xff, 0x00, 0xff, 0x00, 0xff, 0x00, 0xff, 0x00, 0xff, 0x00, 0xff, 0x00, 0xff, 0x00, 0xff, 0x00,
    0xff, 0x00, 0xff, 0x00, 0xff, 0x00, 0xff, 0x00, 0xff, 0x00, 0xff, 0x00, 0xff, 0x00, 0xff, 0x00,
    0xff, 0x00, 0xff, 0x00, 0xff, 0x00, 0xff, 0x00, 0xff, 0x00, 0xff, 0x00, 0xff, 0x00, 0xff, 0x00,
    0xff, 0x00, 0xff, 0x00, 0xff, 0x00, 0xff, 0x00, 0xff, 0x00, 0xff, 0x00, 0xff, 0x00, 0xff, 0x00,
    0xff, 0x00, 0xff, 0x00, 0xff, 0x00, 0xff, 0x00, 0xff, 0x00, 0xff, 0x00, 0xff, 0x00, 0xff, 0x00,
    0xff, 0x00, 0xff, 0x00, 0xff, 0x00, 0xff, 0x00, 0xff, 0x00, 0xff, 0x00, 0xff, 0x00, 0xff, 0x00,
    0xff, 0x00, 0xff, 0x00, 0xff, 0x00, 0xff, 0x00, 0xff, 0x00, 0xff, 0x00, 0xff, 0x00, 0xff, 0x00,
    0xff, 0x00, 0xff, 0x00, 0xff, 0x00, 0xff, 0x00, 0xff, 0x00, 0xff, 0x00, 0xff, 0x00, 0xff, 0x00,
    0xff, 0x00, 0xff, 0x00, 0xff, 0x00, 0xff, 0x00, 0xff, 0x00, 0xff, 0x00, 0xff, 0x00, 0xff, 0x00,
    0xff, 0x00, 0xff, 0x00, 0xff, 0x00, 0x1b, 0x00, 0x02, 0x01, 0x01, 0x00, 0x19, 0x01, 0xc6, 0x00,
    0x0c, 0x01, 0x09, 0x00, 0x21, 0x01, 0xb1, 0x00, 0x13, 0x01, 0x0d, 0x00, 0x26, 0x01, 0xa3, 0x00,
    0x19, 0x01, 0x0f, 0x00, 0x2a, 0x01, 0x98, 0x00, 0x1e, 0x01, 0x11, 0x00, 0x2e, 0x01, 0x8d, 0x00,
    0x23, 0x01, 0x13, 0x00, 0x30, 0x01, 0x85, 0x00, 0x27, 0x01, 0x15, 0x00, 0x32, 0x01, 0x7e, 0x00,
    0x2a, 0x01, 0x17, 0x00, 0x34, 0x01, 0x77, 0x00, 0x2e, 0x01, 0x17, 0x00, 0x36, 0x01, 0x71, 0x00,
    0x31, 0x01, 0x19, 0x00, 0x38, 0x01, 0x6a, 0x00, 0x34, 0x01, 0x1b, 0x00, 0x38, 0x01, 0x66, 0x00,
    0x37, 0x01, 0x1b, 0x00, 0x3a, 0x01, 0x61, 0x00, 0x39, 0x01, 0x1d, 0x00, 0x3a, 0x01, 0x5d, 0x00,
    0x3c, 0x01, 0x1d, 0x00, 0x3b, 0x01, 0x59, 0x00, 0x3f, 0x01, 0x1d, 0x00, 0x3c, 0x01, 0x56, 0x00,
    0x40, 0x01, 0x1f, 0x00, 0x3c, 0x01, 0x52, 0x00, 0x43, 0x01, 0x08, 0x00, 0x04, 0x03, 0x13, 0x00,
    0x3c, 0x01, 0x50, 0x00, 0x45, 0x01, 0x07, 0x00, 0x06, 0x03, 0x12, 0x00, 0x3d, 0x01, 0x4d, 0x00,
    0x47, 0x01, 0x07, 0x00, 0x07, 0x03, 0x11, 0x00, 0x3d, 0x01, 0x4b, 0x00, 0x48, 0x01, 0x07, 0x00,
    0x08, 0x03, 0x12, 0x00, 0x3c, 0x01, 0x49, 0x00, 0x4a, 0x01, 0x08, 0x00, 0x07, 0x03, 0x12, 0x00,
    0x3c, 0x01, 0x47, 0x00, 0x4c, 0x01, 0x08, 0x00, 0x06, 0x03, 0x13, 0x00, 0x3c, 0x01, 0x46, 0x00,
    0x4d, 0x01, 0x09, 0x00, 0x04, 0x03, 0x14, 0x00, 0x3c, 0x01, 0x44, 0x00, 0x4f, 0x01, 0x21, 0x00,
    0x3c, 0x01, 0x43, 0x00, 0x50, 0x01, 0x21, 0x00, 0x3c, 0x01, 0x41, 0x00, 0x51, 0x01, 0x23, 0x00,
    0x3b, 0x01, 0x40, 0x00, 0x52, 0x01, 0x23, 0x00, 0x3b, 0x01, 0x3f, 0x00, 0x53, 0x01, 0x23, 0x00,
    0x3b, 0x01, 0x3e, 0x00, 0x54, 0x01, 0x23, 0x00, 0x3c, 0x01, 0x3e, 0x00, 0x53, 0x01, 0x23, 0x00,
    0x3b, 0x01, 0x40, 0x00, 0x52, 0x01, 0x23, 0x00, 0x3b, 0x01, 0x41, 0x00, 0x51, 0x01, 0x23, 0x00,
    0x3b, 0x01, 0x43, 0x00, 0x50, 0x01, 0x21, 0x00, 0x3c, 0x01, 0x44, 0x00, 0x4f, 0x01, 0x21, 0x00,
    0x3c, 0x01, 0x46, 0x00, 0x4d, 0x01, 0x21, 0x00, 0x3c, 0x01, 0x47, 0x00, 0x4c, 0x01, 0x21, 0x00,
    0x3c, 0x01, 0x49, 0x00, 0x4a, 0x01, 0x21, 0x00, 0x3c, 0x01, 0x4b, 0x00, 0x48, 0x01, 0x21, 0x00,
    0x3c, 0x01, 0x4d, 0x00, 0x47, 0x01, 0x1f, 0x00, 0x3d, 0x01, 0x4f, 0x00, 0x45, 0x01, 0x1f, 0x00,
    0x3d, 0x01, 0x51, 0x00, 0x43, 0x01, 0x1f, 0x00, 0x3c, 0x01, 0x55, 0x00, 0x40, 0x01, 0x1f, 0x00,
    0x3c, 0x01, 0x57, 0x00, 0x3f, 0x01, 0x1d, 0x00, 0x3c, 0x01, 0x5b, 0x00, 0x3c, 0x01, 0x1d, 0x00,
    0x3b, 0x01, 0x5f, 0x00, 0x39, 0x01, 0x1d, 0x00, 0x3a, 0x01, 0x63, 0x00, 0x37, 0x01, 0x1b, 0x00,
    0x3a, 0x01, 0x67, 0x00, 0x34, 0x01, 0x1b, 0x00, 0x38, 0x01, 0x6d, 0x00, 0x31, 0x01, 0x19, 0x00,
    0x38, 0x01, 0x72, 0x00, 0x2e, 0x01, 0x17, 0x00, 0x36, 0x01, 0x79, 0x00, 0x2a, 0x01, 0x17, 0x00,
    0x34, 0x01, 0x7f, 0x00, 0x27, 0x01, 0x15, 0x00, 0x32, 0x01, 0x87, 0x00, 0x23, 0x01, 0x13, 0x00,
    0x30, 0x01, 0x90, 0x00, 0x1e, 0x01, 0x11, 0x00, 0x2e, 0x01, 0x99, 0x00, 0x19, 0x01, 0x0f, 0x00,
    0x2a, 0x01, 0xa5, 0x00, 0x13, 0x01, 0x0d, 0x00, 0x26, 0x01, 0xb3, 0x00, 0x0c, 0x01, 0x09, 0x00,
    0x21, 0x01, 0xc8, 0x00, 0x1c, 0x01, 0xff, 0x00, 0xff, 0x00, 0xff, 0x00, 0xff, 0x00, 0xff, 0x00,
    0xff, 0x00, 0xff, 0x00, 0xff, 0x00, 0xff, 0x00, 0xff, 0x00, 0xff, 0x00, 0xff, 0x00, 0xff, 0x00,
    0xff, 0x00, 0xff, 0x00, 0xff, 0x00, 0xff, 0x00, 0xff, 0x00, 0xff, 0x00, 0xff, 0x00, 0xff, 0x00,
    0xff, 0x00, 0xff, 0x00, 0xff, 0x00, 0xff, 0x00, 0xff, 0x00, 0xff, 0x00, 0xff, 0x00, 0xff, 0x00,
    0xff, 0x00, 0xff, 0x00, 0xff, 0x00, 0xff, 0x00, 0xff, 0x00, 0xff, 0x00, 0xff, 0x00, 0xff, 0x00,
    0xff, 0x00, 0xff, 0x00, 0xff, 0x00, 0xff, 0x00, 0xff, 0x00, 0xff, 0x00, 0xff, 0x00, 0xff, 0x00,
    0xff, 0x00, 0xff, 0x00, 0xff, 0x00, 0xff, 0x00, 0xff, 0x00, 0xff, 0x00, 0xff, 0x00, 0xff, 0x00,
    0xff, 0x00, 0xff, 0x00, 0xff, 0x00, 0xff, 0x00, 0xff, 0x00, 0xff, 0x00, 0xff, 0x00, 0xff, 0x00,
    0xff, 0x00, 0xff, 0x00, 0xff, 0x00, 0xff, 0x00, 0xff, 0x00, 0xff, 0x00, 0xff, 0x00, 0xff, 0x00,
    0xff, 0x00, 0xff, 0x00, 0xff, 0x00, 0xff, 0x00, 0xff, 0x00, 0xff, 0x00, 0xff, 0x00, 0xff, 0x00,
    0xff, 0x00, 0xff, 0x00, 0xff, 0x00, 0xff, 0x00, 0xff, 0x00, 0xff, 0x00, 0xff, 0x00, 0xff, 0x00,
    0xf5, 0x00, 0xff, 0x00, 0xff, 0x00, 0xff, 0x00, 0xff, 0x00, 0xff, 0x00, 0xff, 0x00, 0xff, 0x00,
    0xff, 0x00, 0xff, 0x00, 0xff, 0x00, 0xff, 0x00, 0xff, 0x00, 0xff, 0x00, 0xff, 0x00, 0xff, 0x00,
    0xff, 0x00, 0xff, 0x00, 0xff, 0x00, 0xff, 0x00, 0xff, 0x00, 0xff, 0x00, 0xff, 0x00, 0xff, 0x00,
    0xff, 0x00, 0xff, 0x00, 0xff, 0x00, 0xff, 0x00, 0xff, 0x00, 0xff, 0x00, 0xff, 0x00, 0xff, 0x00,
    0xff, 0x00, 0xff, 0x00, 0xff, 0x00, 0xff, 0x00, 0xff, 0x00, 0xff, 0x00, 0xff, 0x00, 0xff, 0x00,
    0xff, 0x00, 0xff, 0x00, 0xff, 0x00, 0xff, 0x00, 0xff, 0x00, 0xff, 0x00, 0xff, 0x00, 0xff, 0x00,
    0xff, 0x00, 0xff, 0x00, 0xff, 0x00, 0xff, 0x00, 0xff, 0x00, 0xff, 0x00, 0xff, 0x00, 0xff, 0x00,
    0xff, 0x00, 0xff, 0x00, 0xff, 0x00, 0xff, 0x00, 0xff, 0x00, 0xff, 0x00, 0xff, 0x00, 0xff, 0x00,
    0xff, 0x00, 0xff, 0x00, 0xff, 0x00, 0xff, 0x00, 0xff, 0x00, 0xff, 0x00, 0xff, 0x00, 0xff, 0x00,
    0xff, 0x00, 0xff, 0x00, 0xff, 0x00, 0xff, 0x00, 0xff, 0x00, 0xff, 0x00, 0xff, 0x00, 0xff, 0x00,
    0xff, 0x00, 0xff, 0x00, 0xff, 0x00, 0xff, 0x00, 0xff, 0x00, 0xff, 0x00, 0x33, 0x00, 0x24, 0x01,
    0xc0, 0x00, 0x39, 0x01, 0xaf, 0x00, 0x1c, 0x01, 0x01, 0x00, 0x2b, 0x01, 0xa2, 0x00, 0x1e, 0x01,
    0x09, 0x00, 0x2c, 0x01, 0x97, 0x00, 0x22, 0x01, 0x0d, 0x00, 0x2e, 0x01, 0x8e, 0x00, 0x26, 0x01,
    0x0f, 0x00, 0x31, 0x01, 0x85, 0x00, 0x2a, 0x01, 0x11, 0x00, 0x33, 0x01, 0x7e, 0x00, 0x2d, 0x01,
    0x13, 0x00, 0x34, 0x01, 0x78, 0x00, 0x30, 0x01, 0x15, 0x00, 0x36, 0x01, 0x72, 0x00, 0x32, 0x01,
    0x17, 0x00, 0x37, 0x01, 0x6c, 0x00, 0x36, 0x01, 0x17, 0x00, 0x39, 0x01, 0x67, 0x00, 0x38, 0x01,
    0x19, 0x00, 0x39, 0x01, 0x63, 0x00, 0x3a, 0x01, 0x1b, 0x00, 0x3a, 0x01, 0x5f, 0x00, 0x3c, 0x01,
    0x1b, 0x00, 0x3b, 0x01, 0x5b, 0x00, 0x3e, 0x01, 0x1d, 0x00, 0x3b, 0x01, 0x57, 0x00, 0x41, 0x01,
    0x1d, 0x00, 0x3c, 0x01, 0x54, 0x00, 0x43, 0x01, 0x1d, 0x00, 0x3c, 0x01, 0x52, 0x00, 0x44, 0x01,
    0x1f, 0x00, 0x3c, 0x01, 0x4f, 0x00, 0x46, 0x01, 0x08, 0x00, 0x04, 0x03, 0x13, 0x00, 0x3c, 0x01,
    0x4d, 0x00, 0x48, 0x01, 0x07, 0x00, 0x06, 0x03, 0x12, 0x00, 0x3d, 0x01, 0x4a, 0x00, 0x4a, 0x01,
    0x07, 0x00, 0x07, 0x03, 0x11, 0x00, 0x3d, 0x01, 0x48, 0x00, 0x4b, 0x01, 0x07, 0x00, 0x08, 0x03,
    0x12, 0x00, 0x3c, 0x01, 0x47, 0x00, 0x4c, 0x01, 0x08, 0x00, 0x07, 0x03, 0x12, 0x00, 0x3c, 0x01,
    0x45, 0x00, 0x4e, 0x01, 0x08, 0x00, 0x06, 0x03, 0x13, 0x00, 0x3c, 0x01, 0x44, 0x00, 0x4f, 0x01,
    0x09, 0x00, 0x04, 0x03, 0x14, 0x00, 0x3c, 0x01, 0x43, 0x00, 0x50, 0x01, 0x21, 0x00, 0x3c, 0x01,
    0x41, 0x00, 0x52, 0x01, 0x21, 0x00, 0x3c, 0x01, 0x40, 0x00, 0x52, 0x01, 0x23, 0x00, 0x3b, 0x01,
    0x3f, 0x00, 0x53, 0x01, 0x23, 0x00, 0x3b, 0x01, 0x3e, 0x00, 0x54, 0x01, 0x23, 0x00, 0x3b, 0x01,
    0x3e, 0x00, 0x54, 0x01, 0x23, 0x00, 0x3c, 0x01, 0x3d, 0x00, 0x54, 0x01, 0x23, 0x00, 0x3b, 0x01,
    0x3f, 0x00, 0x53, 0x01, 0x23, 0x00, 0x3b, 0x01, 0x40, 0x00, 0x52, 0x01, 0x23, 0x00, 0x3b, 0x01,
    0x41, 0x00, 0x52, 0x01, 0x21, 0x00, 0x3c, 0x01, 0x43, 0x00, 0x50, 0x01, 0x21, 0x00, 0x3c, 0x01,
    0x44, 0x00, 0x4f, 0x01, 0x21, 0x00, 0x3c, 0x01, 0x45, 0x00, 0x4e, 0x01, 0x21, 0x00, 0x3c, 0x01,
    0x47, 0x00, 0x4c, 0x01, 0x21, 0x00, 0x3c, 0x01, 0x48, 0x00, 0x4b, 0x01, 0x21, 0x00, 0x3c, 0x01,
    0x4a, 0x00, 0x4a, 0x01, 0x1f, 0x00, 0x3d, 0x01, 0x4c, 0x00, 0x48, 0x01, 0x1f, 0x00, 0x3d, 0x01,
    0x4e, 0x00, 0x46, 0x01, 0x1f, 0x00, 0x3c, 0x01, 0x51, 0x00, 0x44, 0x01, 0x1f, 0x00, 0x3c, 0x01,
    0x53, 0x00, 0x43, 0x01, 0x1d, 0x00, 0x3c, 0x01, 0x56, 0x00, 0x41, 0x01, 0x1d, 0x00, 0x3c, 0x01,
    0x59, 0x00, 0x3e, 0x01, 0x1d, 0x00, 0x3b, 0x01, 0x5d, 0x00, 0x3c, 0x01, 0x1b, 0x00, 0x3b, 0x01,
    0x60, 0x00, 0x3a, 0x01, 0x1b, 0x00, 0x3a, 0x01, 0x64, 0x00, 0x38, 0x01, 0x19, 0x00, 0x39, 0x01,
    0x69, 0x00, 0x36, 0x01, 0x17, 0x00, 0x39, 0x01, 0x6e, 0x00, 0x32, 0x01, 0x17, 0x00, 0x37, 0x01,
    0x73, 0x00, 0x30, 0x01, 0x15, 0x00, 0x36, 0x01, 0x79, 0x00, 0x2d, 0x01, 0x13, 0x00, 0x34, 0x01,
    0x80, 0x00, 0x2a, 0x01, 0x11, 0x00, 0x33, 0x01, 0x87, 0x00, 0x26, 0x01, 0x0f, 0x00, 0x31, 0x01,
    0x8f, 0x00, 0x22, 0x01, 0x0d, 0x00, 0x2e, 0x01, 0x99, 0x00, 0x1e, 0x01, 0x09, 0x00, 0x2c, 0x01,
    0xa3, 0x00, 0x48, 0x01, 0xb0, 0x00, 0x39, 0x01, 0xc3, 0x00, 0x24, 0x01, 0xff, 0x00, 0xff, 0x00,
    0xff, 0x00, 0xff, 0x00, 0xff, 0x00, 0xff, 0x00, 0xff, 0x00, 0xff, 0x00, 0xff, 0x00, 0xff, 0x00,
    0xff, 0x00, 0xff, 0x00, 0xff, 0x00, 0xff, 0x00, 0xff, 0x00, 0xff, 0x00, 0xff, 0x00, 0xff, 0x00,
    0xff, 0x00, 0xff, 0x00, 0xff, 0x00, 0xff, 0x00, 0xff, 0x00, 0xff, 0x00, 0xff, 0x00, 0xff, 0x00,
    0xff, 0x00, 0xff, 0x00, 0xff, 0x00, 0xff, 0x00, 0xff, 0x00, 0xff, 0x00, 0xff, 0x00, 0xff, 0x00,
    0xff, 0x00, 0xff, 0x00, 0xff, 0x00, 0xff, 0x00, 0xff, 0x00, 0xff, 0x00, 0xff, 0x00, 0xff, 0x00,
    0xff, 0x00, 0xff, 0x00, 0xff, 0x00, 0xff, 0x00, 0xff, 0x00, 0xff, 0x00, 0xff, 0x00, 0xff, 0x00,
    0xff, 0x00, 0xff, 0x00, 0xff, 0x00, 0xff, 0x00, 0xff, 0x00, 0xff, 0x00, 0xff, 0x00, 0xff, 0x00,
    0xff, 0x00, 0xff, 0x00, 0xff, 0x00, 0xff, 0x00, 0xff, 0x00, 0xff, 0x00, 0xff, 0x00, 0xff, 0x00,
    0xff, 0x00, 0xff, 0x00, 0xff, 0x00, 0xff, 0x00, 0xff, 0x00, 0xff, 0x00, 0xff, 0x00, 0xff, 0x00,
    0xff, 0x00, 0xff, 0x00, 0xff, 0x00, 0xff, 0x00, 0xff, 0x00, 0xff, 0x00, 0xff, 0x00, 0xff, 0x00,
    0xff, 0x00, 0xff, 0x00, 0x12, 0x00, 0xff, 0x00, 0xff, 0x00, 0xff, 0x00, 0xff, 0x00, 0xff, 0x00,
    0xff, 0x00, 0xff, 0x00, 0xff, 0x00, 0xff, 0x00, 0xff, 0x00, 0xff, 0x00, 0xff, 0x00, 0xff, 0x00,
    0xff, 0x00, 0xff, 0x00, 0xff, 0x00, 0xff, 0x00, 0xff, 0x00, 0xff, 0x00, 0xff, 0x00, 0xff, 0x00,
    0xff, 0x00, 0xff, 0x00, 0xff, 0x00, 0xff, 0x00, 0xff, 0x00, 0xff, 0x00, 0xff, 0x00, 0xff, 0x00,
    0xff, 0x00, 0xff, 0x00, 0xff, 0x00, 0xff, 0x00, 0xff, 0x00, 0xff, 0x00, 0xff, 0x00, 0xff, 0x00,
    0xff, 0x00, 0xff, 0x00, 0xff, 0x00, 0xff, 0x00, 0xff, 0x00, 0xff, 0x00, 0xff, 0x00, 0xff, 0x00,
    0xff, 0x00, 0xff, 0x00, 0xff, 0x00, 0xff, 0x00, 0xff, 0x00, 0xff, 0x00, 0xff, 0x00, 0xff, 0x00,
    0xff, 0x00, 0xff, 0x00, 0xff, 0x00, 0xff, 0x00, 0xff, 0x00, 0xff, 0x00, 0xff, 0x00, 0xff, 0x00,
    0xff, 0x00, 0xff, 0x00, 0xff, 0x00, 0xff, 0x00, 0xff, 0x00, 0xff, 0x00, 0xff, 0x00, 0xff, 0x00,
    0xff, 0x00, 0xff, 0x00, 0xff, 0x00, 0xff, 0x00, 0xff, 0x00, 0xff, 0x00, 0xff, 0x00, 0xff, 0x00,
    0xff, 0x00, 0xff, 0x00, 0xff, 0x00, 0xff, 0x00, 0xff, 0x00, 0xff, 0x00, 0x4b, 0x00, 0x2b, 0x01,
    0xbc, 0x00, 0x3c, 0x01, 0xad, 0x00, 0x49, 0x01, 0xa1, 0x00, 0x54, 0x01, 0x97, 0x00, 0x29, 0x01,
    0x01, 0x00, 0x33, 0x01, 0x8e, 0x00, 0x2a, 0x01, 0x09, 0x00, 0x32, 0x01, 0x87, 0x00, 0x2c, 0x01,
    0x0d, 0x00, 0x33, 0x01, 0x80, 0x00, 0x2f, 0x01, 0x0f, 0x00, 0x35, 0x01, 0x79, 0x00, 0x32, 0x01,
    0x11, 0x00, 0x36, 0x01, 0x74, 0x00, 0x34, 0x01, 0x13, 0x00, 0x37, 0x01, 0x6e, 0x00, 0x37, 0x01,
    0x15, 0x00, 0x38, 0x01, 0x69, 0x00, 0x39, 0x01, 0x17, 0x00, 0x39, 0x01, 0x65, 0x00, 0x3b, 0x01,
    0x17, 0x00, 0x3a, 0x01, 0x61, 0x00, 0x3d, 0x01, 0x19, 0x00, 0x3a, 0x01, 0x5e, 0x00, 0x3e, 0x01,
    0x1b, 0x00, 0x3b, 0x01, 0x59, 0x00, 0x41, 0x01, 0x1b, 0x00, 0x3c, 0x01, 0x56, 0x00, 0x42, 0x01,
    0x1d, 0x00, 0x3b, 0x01, 0x54, 0x00, 0x44, 0x01, 0x1d, 0x00, 0x3c, 0x01, 0x51, 0x00, 0x46, 0x01,
    0x1d, 0x00, 0x3d, 0x01, 0x4e, 0x00, 0x47, 0x01, 0x1f, 0x00, 0x3c, 0x01, 0x4c, 0x00, 0x49, 0x01,
    0x08, 0x00, 0x04, 0x03, 0x13, 0x00, 0x3c, 0x01, 0x4b, 0x00, 0x4a, 0x01, 0x07, 0x00, 0x06, 0x03,
    0x12, 0x00, 0x3d, 0x01, 0x48, 0x00, 0x4c, 0x01, 0x07, 0x00, 0x07, 0x03, 0x11, 0x00, 0x3d, 0x01,
    0x47, 0x00, 0x4c, 0x01, 0x07, 0x00, 0x08, 0x03, 0x12, 0x00, 0x3c, 0x01, 0x45, 0x00, 0x4e, 0x01,
    0x08, 0x00, 0x07, 0x03, 0x12, 0x00, 0x3c, 0x01, 0x44, 0x00, 0x4f, 0x01, 0x08, 0x00, 0x06, 0x03,
    0x13, 0x00, 0x3c, 0x01, 0x43, 0x00, 0x50, 0x01, 0x09, 0x00, 0x04, 0x03, 0x14, 0x00, 0x3c, 0x01,
    0x42, 0x00, 0x51, 0x01, 0x21, 0x00, 0x3c, 0x01, 0x41, 0x00, 0x52, 0x01, 0x21, 0x00, 0x3c, 0x01,
    0x40, 0x00, 0x52, 0x01, 0x23, 0x00, 0x3b, 0x01, 0x3f, 0x00, 0x53, 0x01, 0x23, 0x00, 0x3b, 0x01,
    0x3e, 0x00, 0x54, 0x01, 0x23, 0x00, 0x3b, 0x01, 0x3d, 0x00, 0x55, 0x01, 0x23, 0x00, 0x3c, 0x01,
    0x3d, 0x00, 0x54, 0x01, 0x23, 0x00, 0x3b, 0x01, 0x3f, 0x00, 0x53, 0x01, 0x23, 0x00, 0x3b, 0x01,
    0x40, 0x00, 0x52, 0x01, 0x23, 0x00, 0x3b, 0x01, 0x41, 0x00, 0x52, 0x01, 0x21, 0x00, 0x3c, 0x01,
    0x42, 0x00, 0x51, 0x01, 0x21, 0x00, 0x3c, 0x01, 0x43, 0x00, 0x50, 0x01, 0x21, 0x00, 0x3c, 0x01,
    0x44, 0x00, 0x4f, 0x01, 0x21, 0x00, 0x3c, 0x01, 0x45, 0x00, 0x4e, 0x01, 0x21, 0x00, 0x3c, 0x01,
    0x47, 0x00, 0x4c, 0x01, 0x21, 0x00, 0x3c, 0x01, 0x48, 0x00, 0x4c, 0x01, 0x1f, 0x00, 0x3d, 0x01,
    0x4a, 0x00, 0x4a, 0x01, 0x1f, 0x00, 0x3d, 0x01, 0x4b, 0x00, 0x49, 0x01, 0x1f, 0x00, 0x3c, 0x01,
    0x4e, 0x00, 0x47, 0x01, 0x1f, 0x00, 0x3c, 0x01, 0x50, 0x00, 0x46, 0x01, 0x1d, 0x00, 0x3d, 0x01,
    0x52, 0x00, 0x44, 0x01, 0x1d, 0x00, 0x3c, 0x01, 0x55, 0x00, 0x42, 0x01, 0x1d, 0x00, 0x3b, 0x01,
    0x58, 0x00, 0x41, 0x01, 0x1b, 0x00, 0x3c, 0x01, 0x5b, 0x00, 0x3e, 0x01, 0x1b, 0x00, 0x3b, 0x01,
    0x5e, 0x00, 0x3d, 0x01, 0x19, 0x00, 0x3a, 0x01, 0x63, 0x00, 0x3b, 0x01, 0x17, 0x00, 0x3a, 0x01,
    0x66, 0x00, 0x39, 0x01, 0x17, 0x00, 0x39, 0x01, 0x6a, 0x00, 0x37, 0x01, 0x15, 0x00, 0x38, 0x01,
    0x70, 0x00, 0x34, 0x01, 0x13, 0x00, 0x37, 0x01, 0x75, 0x00, 0x32, 0x01, 0x11, 0x00, 0x36, 0x01,
    0x7b, 0x00, 0x2f, 0x01, 0x0f, 0x00, 0x35, 0x01, 0x81, 0x00, 0x2c, 0x01, 0x0d, 0x00, 0x33, 0x01,
    0x88, 0x00, 0x2a, 0x01, 0x09, 0x00, 0x32, 0x01, 0x90, 0x00, 0x5d, 0x01, 0x98, 0x00, 0x54, 0x01,
    0xa2, 0x00, 0x49, 0x01, 0xae, 0x00, 0x3c, 0x01, 0xbd, 0x00, 0x2b, 0x01, 0xff, 0x00, 0xff, 0x00,
    0xff, 0x00, 0xff, 0x00, 0xff, 0x00, 0xff, 0x00, 0xff, 0x00, 0xff, 0x00, 0xff, 0x00, 0xff, 0x00,
    0xff, 0x00, 0xff, 0x00, 0xff, 0x00, 0xff, 0x00, 0xff, 0x00, 0xff, 0x00, 0xff, 0x00, 0xff, 0x00,
    0xff, 0x00, 0xff, 0x00, 0xff, 0x00, 0xff, 0x00, 0xff, 0x00, 0xff, 0x00, 0xff, 0x00, 0xff, 0x00,
    0xff, 0x00, 0xff, 0x00, 0xff, 0x00, 0xff, 0x00, 0xff, 0x00, 0xff, 0x00, 0xff, 0x00, 0xff, 0x00,
    0xff, 0x00, 0xff, 0x00, 0xff, 0x00, 0xff, 0x00, 0xff, 0x00, 0xff, 0x00, 0xff, 0x00, 0xff, 0x00,
    0xff, 0x00, 0xff, 0x00, 0xff, 0x00, 0xff, 0x00, 0xff, 0x00, 0xff, 0x00, 0xff, 0x00, 0xff, 0x00,
    0xff, 0x00, 0xff, 0x00, 0xff, 0x00, 0xff, 0x00, 0xff, 0x00, 0xff, 0x00, 0xff, 0x00, 0xff, 0x00,
    0xff, 0x00, 0xff, 0x00, 0xff, 0x00, 0xff, 0x00, 0xff, 0x00, 0xff, 0x00, 0xff, 0x00, 0xff, 0x00,
    0xff, 0x00, 0xff, 0x00, 0xff, 0x00, 0xff, 0x00, 0xff, 0x00, 0xff, 0x00, 0xff, 0x00, 0xff, 0x00,
    0xff, 0x00, 0xff, 0x00, 0xff, 0x00, 0xff, 0x00, 0xff, 0x00, 0xff, 0x00, 0xff, 0x00, 0xff, 0x00,
    0x2f, 0x00, 0xff, 0x00, 0xff, 0x00, 0xff, 0x00, 0xff, 0x00, 0xff, 0x00, 0xff, 0x00, 0xff, 0x00,
    0xff, 0x00, 0xff, 0x00, 0xff, 0x00, 0xff, 0x00, 0xff, 0x00, 0xff, 0x00, 0xff, 0x00, 0xff, 0x00,
    0xff, 0x00, 0xff, 0x00, 0xff, 0x00, 0xff, 0x00, 0xff, 0x00, 0xff, 0x00, 0xff, 0x00, 0xff, 0x00,
    0xff, 0x00, 0xff, 0x00, 0xff, 0x00, 0xff, 0x00, 0xff, 0x00, 0xff, 0x00, 0xff, 0x00, 0xff, 0x00,
    0xff, 0x00, 0xff, 0x00, 0xff, 0x00, 0xff, 0x00, 0xff, 0x00, 0xff, 0x00, 0xff, 0x00, 0xff, 0x00,
    0xff, 0x00, 0xff, 0x00, 0xff, 0x00, 0xff, 0x00, 0xff, 0x00, 0xff, 0x00, 0xff, 0x00, 0xff, 0x00,
    0xff, 0x00, 0xff, 0x00, 0xff, 0x00, 0xff, 0x00, 0xff, 0x00, 0xff, 0x00, 0xff, 0x00, 0xff, 0x00,
    0xff, 0x00, 0xff, 0x00, 0xff, 0x00, 0xff, 0x00, 0xff, 0x00, 0xff, 0x00, 0xff, 0x00, 0xff, 0x00,
    0xff, 0x00, 0xff, 0x00, 0xff, 0x00, 0xff, 0x00, 0xff, 0x00, 0xff, 0x00, 0xff, 0x00, 0xff, 0x00,
    0xff, 0x00, 0xff, 0x00, 0xff, 0x00, 0xff, 0x00, 0xff, 0x00, 0xff, 0x00, 0xff, 0x00, 0xff, 0x00,
    0xff, 0x00, 0x81, 0x00, 0x18, 0x01, 0xcb, 0x00, 0x30, 0x01, 0xb8, 0x00, 0x3f, 0x01, 0xab, 0x00,
    0x4b, 0x01, 0x9f, 0x00, 0x55, 0x01, 0x96, 0x00, 0x5e, 0x01, 0x8e, 0x00, 0x65, 0x01, 0x87, 0x00,
    0x33, 0x01, 0x01, 0x00, 0x38, 0x01, 0x80, 0x00, 0x33, 0x01, 0x09, 0x00, 0x36, 0x01, 0x7b, 0x00,
    0x34, 0x01, 0x0d, 0x00, 0x37, 0x01, 0x74, 0x00, 0x37, 0x01, 0x0f, 0x00, 0x38, 0x01, 0x6f, 0x00,
    0x39, 0x01, 0x11, 0x00, 0x39, 0x01, 0x6b, 0x00, 0x3a, 0x01, 0x13, 0x00, 0x39, 0x01, 0x67, 0x00,
    0x3c, 0x01, 0x15, 0x00, 0x3a, 0x01, 0x62, 0x00, 0x3e, 0x01, 0x17, 0x00, 0x3a, 0x01, 0x5f, 0x00,
    0x40, 0x01, 0x17, 0x00, 0x3b, 0x01, 0x5c, 0x00, 0x41, 0x01, 0x19, 0x00, 0x3b, 0x01, 0x59, 0x00,
    0x42, 0x01, 0x1b, 0x00, 0x3b, 0x01, 0x56, 0x00, 0x44, 0x01, 0x1b, 0x00, 0x3c, 0x01, 0x53, 0x00,
    0x45, 0x01, 0x1d, 0x00, 0x3c, 0x01, 0x50, 0x00, 0x47, 0x01, 0x1d, 0x00, 0x3c, 0x01, 0x4e, 0x00,
    0x49, 0x01, 0x1d, 0x00, 0x3d, 0x01, 0x4c, 0x00, 0x49, 0x01, 0x1f, 0x00, 0x3c, 0x01, 0x4a, 0x00,
    0x4b, 0x01, 0x08, 0x00, 0x04, 0x03, 0x13, 0x00, 0x3c, 0x01, 0x49, 0x00, 0x4c, 0x01, 0x07, 0x00,
    0x06, 0x03, 0x12, 0x00, 0x3d, 0x01, 0x46, 0x00, 0x4e, 0x01, 0x07, 0x00, 0x07, 0x03, 0x11, 0x00,
    0x3d, 0x01, 0x45, 0x00, 0x4e, 0x01, 0x07, 0x00, 0x08, 0x03, 0x12, 0x00, 0x3c, 0x01, 0x44, 0x00,
    0x4f, 0x01, 0x08, 0x00, 0x07, 0x03, 0x12, 0x00, 0x3c, 0x01, 0x43, 0x00, 0x50, 0x01, 0x08, 0x00,
    0x06, 0x03, 0x13, 0x00, 0x3c, 0x01, 0x42, 0x00, 0x51, 0x01, 0x09, 0x00, 0x04, 0x03, 0x14, 0x00,
    0x3c, 0x01, 0x41, 0x00, 0x52, 0x01, 0x21, 0x00, 0x3c, 0x01, 0x40, 0x00, 0x53, 0x01, 0x21, 0x00,
    0x3c, 0x01, 0x3f, 0x00, 0x53, 0x01, 0x23, 0x00, 0x3b, 0x01, 0x3e, 0x00, 0x54, 0x01, 0x23, 0x00,
    0x3b, 0x01, 0x3d, 0x00, 0x55, 0x01, 0x23, 0x00, 0x3b, 0x01, 0x3d, 0x00, 0x55, 0x01, 0x23, 0x00,
    0x3c, 0x01, 0x3c, 0x00, 0x55, 0x01, 0x23, 0x00, 0x3b, 0x01, 0x3e, 0x00, 0x54, 0x01, 0x23, 0x00,
    0x3b, 0x01, 0x3f, 0x00, 0x53, 0x01, 0x23, 0x00, 0x3b, 0x01, 0x40, 0x00, 0x53, 0x01, 0x21, 0x00,
    0x3c, 0x01, 0x41, 0x00, 0x52, 0x01, 0x21, 0x00, 0x3c, 0x01, 0x42, 0x00, 0x51, 0x01, 0x21, 0x00,
    0x3c, 0x01, 0x43, 0x00, 0x50, 0x01, 0x21, 0x00, 0x3c, 0x01, 0x44, 0x00, 0x4f, 0x01, 0x21, 0x00,
    0x3c, 0x01, 0x45, 0x00, 0x4e, 0x01, 0x21, 0x00, 0x3c, 0x01, 0x46, 0x00, 0x4e, 0x01, 0x1f, 0x00,
    0x3d, 0x01, 0x48, 0x00, 0x4c, 0x01, 0x1f, 0x00, 0x3d, 0x01, 0x49, 0x00, 0x4b, 0x01, 0x1f, 0x00,
    0x3c, 0x01, 0x4c, 0x00, 0x49, 0x01, 0x1f, 0x00, 0x3c, 0x01, 0x4d, 0x00, 0x49, 0x01, 0x1d, 0x00,
    0x3d, 0x01, 0x4f, 0x00, 0x47, 0x01, 0x1d, 0x00, 0x3c, 0x01, 0x52, 0x00, 0x45, 0x01, 0x1d, 0x00,
    0x3c, 0x01, 0x54, 0x00, 0x44, 0x01, 0x1b, 0x00, 0x3c, 0x01, 0x57, 0x00, 0x42, 0x01, 0x1b, 0x00,
    0x3b, 0x01, 0x5a, 0x00, 0x41, 0x01, 0x19, 0x00, 0x3b, 0x01, 0x5d, 0x00, 0x40, 0x01, 0x17, 0x00,
    0x3b, 0x01, 0x60, 0x00, 0x3e, 0x01, 0x17, 0x00, 0x3a, 0x01, 0x64, 0x00, 0x3c, 0x01, 0x15, 0x00,
    0x3a, 0x01, 0x68, 0x00, 0x3a, 0x01, 0x13, 0x00, 0x39, 0x01, 0x6c, 0x00, 0x39, 0x01, 0x11, 0x00,
    0x39, 0x01, 0x70, 0x00, 0x37, 0x01, 0x0f, 0x00, 0x38, 0x01, 0x76, 0x00, 0x34, 0x01, 0x0d, 0x00,
    0x37, 0x01, 0x7b, 0x00, 0x33, 0x01, 0x09, 0x00, 0x36, 0x01, 0x82, 0x00, 0x6c, 0x01, 0x88, 0x00,
    0x65, 0x01, 0x8f, 0x00, 0x5e, 0x01, 0x97, 0x00, 0x55, 0x01, 0xa1, 0x00, 0x4b, 0x01, 0xab, 0x00,
    0x3f, 0x01, 0xb9, 0x00, 0x30, 0x01, 0xcd, 0x00, 0x18, 0x01, 0xff, 0x00, 0xff, 0x00, 0xff, 0x00,
    0xff, 0x00, 0xff, 0x00, 0xff, 0x00, 0xff, 0x00, 0xff, 0x00, 0xff, 0x00, 0xff, 0x00, 0xff, 0x00,
    0xff, 0x00, 0xff, 0x00, 0xff, 0x00, 0xff, 0x00, 0xff, 0x00, 0xff, 0x00, 0xff, 0x00, 0xff, 0x00,
    0xff, 0x00, 0xff, 0x00, 0xff, 0x00, 0xff, 0x00, 0xff, 0x00, 0xff, 0x00, 0xff, 0x00, 0xff, 0x00,
    0xff, 0x00, 0xff, 0x00, 0xff, 0x00, 0xff, 0x00, 0xff, 0x00, 0xff, 0x00, 0xff, 0x00, 0xff, 0x00,
    0xff, 0x00, 0xff, 0x00, 0xff, 0x00, 0xff, 0x00, 0xff, 0x00, 0xff, 0x00, 0xff, 0x00, 0xff, 0x00,
    0xff, 0x00, 0xff, 0x00, 0xff, 0x00, 0xff, 0x00, 0xff, 0x00, 0xff, 0x00, 0xff, 0x00, 0xff, 0x00,
    0xff, 0x00, 0xff, 0x00, 0xff, 0x00, 0xff, 0x00, 0xff, 0x00, 0xff, 0x00, 0xff, 0x00, 0xff, 0x00,
    0xff, 0x00, 0xff, 0x00, 0xff, 0x00, 0xff, 0x00, 0xff, 0x00, 0xff, 0x00, 0xff, 0x00, 0xff, 0x00,
    0xff, 0x00, 0xff, 0x00, 0xff, 0x00, 0xff, 0x00, 0xff, 0x00, 0xff, 0x00, 0xff, 0x00, 0xff, 0x00,
    0xff, 0x00, 0xff, 0x00, 0xff, 0x00, 0xff, 0x00, 0x66, 0x00, 0xff, 0x00, 0xff, 0x00, 0xff, 0x00,
    0xff, 0x00, 0xff, 0x00, 0xff, 0x00, 0xff, 0x00, 0xff, 0x00, 0xff, 0x00, 0xff, 0x00, 0xff, 0x00,
    0xff, 0x00, 0xff, 0x00, 0xff, 0x00, 0xff, 0x00, 0xff, 0x00, 0xff, 0x00, 0xff, 0x00, 0xff, 0x00,
    0xff, 0x00, 0xff, 0x00, 0xff, 0x00, 0xff, 0x00, 0xff, 0x00, 0xff, 0x00, 0xff, 0x00, 0xff, 0x00,
    0xff, 0x00, 0xff, 0x00, 0xff, 0x00, 0xff, 0x00, 0xff, 0x00, 0xff, 0x00, 0xff, 0x00, 0xff, 0x00,
    0xff, 0x00, 0xff, 0x00, 0xff, 0x00, 0xff, 0x00, 0xff, 0x00, 0xff, 0x00, 0xff, 0x00, 0xff, 0x00,
    0xff, 0x00, 0xff, 0x00, 0xff, 0x00, 0xff, 0x00, 0xff, 0x00, 0xff, 0x00, 0xff, 0x00, 0xff, 0x00,
    0xff, 0x00, 0xff, 0x00, 0x1f, 0x00, 0x0f, 0x01, 0xd7, 0x00, 0x23, 0x01, 0xc7, 0x00, 0x2f, 0x01,
    0xbc, 0x00, 0x39, 0x01, 0xb4, 0x00, 0x40, 0x01, 0xac, 0x00, 0x48, 0x01, 0xa5, 0x00, 0x4e, 0x01,
    0x9f, 0x00, 0x54, 0x01, 0x9a, 0x00, 0x59, 0x01, 0x95, 0x00, 0x5d, 0x01, 0x90, 0x00, 0x63, 0x01,
    0x8b, 0x00, 0x67, 0x01, 0x88, 0x00, 0x6a, 0x01, 0x84, 0x00, 0x6e, 0x01, 0x80, 0x00, 0x72, 0x01,
    0x7c, 0x00, 0x76, 0x01, 0x79, 0x00, 0x78, 0x01, 0x77, 0x00, 0x7b, 0x01, 0x73, 0x00, 0x7f, 0x01,
    0x70, 0x00, 0x81, 0x01, 0x6e, 0x00, 0x84, 0x01, 0x6a, 0x00, 0x87, 0x01, 0x68, 0x00, 0x89, 0x01,
    0x66, 0x00, 0x8c, 0x01, 0x63, 0x00, 0x8e, 0x01, 0x61, 0x00, 0x90, 0x01, 0x5f, 0x00, 0x92, 0x01,
    0x5d, 0x00, 0x95, 0x01, 0x5a, 0x00, 0x97, 0x01, 0x59, 0x00, 0x98, 0x01, 0x57, 0x00, 0x9a, 0x01,
    0x55, 0x00, 0x9c, 0x01, 0x53, 0x00, 0x9e, 0x01, 0x52, 0x00, 0x9f, 0x01, 0x50, 0x00, 0xa0, 0x01,
    0x4f, 0x00, 0xa2, 0x01, 0x4e, 0x00, 0x62, 0x01, 0x01, 0x00, 0x40, 0x01, 0x4c, 0x00, 0x5f, 0x01,
    0x09, 0x00, 0x3d, 0x01, 0x4b, 0x00, 0x5d, 0x01, 0x0d, 0x00, 0x3c, 0x01, 0x49, 0x00, 0x5d, 0x01,
    0x0f, 0x00, 0x3b, 0x01, 0x49, 0x00, 0x5c, 0x01, 0x11, 0x00, 0x3b, 0x01, 0x47, 0x00, 0x5c, 0x01,
    0x13, 0x00, 0x3b, 0x01, 0x46, 0x00, 0x5b, 0x01, 0x15, 0x00, 0x3a, 0x01, 0x46, 0x00, 0x5a, 0x01,
    0x17, 0x00, 0x3a, 0x01, 0x44, 0x00, 0x5b, 0x01, 0x17, 0x00, 0x3b, 0x01, 0x43, 0x00, 0x5a, 0x01,
    0x19, 0x00, 0x3a, 0x01, 0x43, 0x00, 0x59, 0x01, 0x1b, 0x00, 0x3a, 0x01, 0x42, 0x00, 0x59, 0x01,
    0x1b, 0x00, 0x3a, 0x01, 0x41, 0x00, 0x59, 0x01, 0x1d, 0x00, 0x3a, 0x01, 0x40, 0x00, 0x59, 0x01,
    0x1d, 0x00, 0x3a, 0x01, 0x40, 0x00, 0x59, 0x01, 0x1d, 0x00, 0x3a, 0x01, 0x40, 0x00, 0x58, 0x01,
    0x1f, 0x00, 0x3a, 0x01, 0x3f, 0x00, 0x58, 0x01, 0x08, 0x00, 0x04, 0x03, 0x13, 0x00, 0x3a, 0x01,
    0x3e, 0x00, 0x59, 0x01, 0x07, 0x00, 0x06, 0x03, 0x12, 0x00, 0x3b, 0x01, 0x3d, 0x00, 0x59, 0x01,
    0x07, 0x00, 0x07, 0x03, 0x11, 0x00, 0x3b, 0x01, 0x3d, 0x00, 0x58, 0x01, 0x07, 0x00, 0x08, 0x03,
    0x12, 0x00, 0x3a, 0x01, 0x3d, 0x00, 0x58, 0x01, 0x08, 0x00, 0x07, 0x03, 0x12, 0x00, 0x3b, 0x01,
    0x3c, 0x00, 0x58, 0x01, 0x08, 0x00, 0x06, 0x03, 0x13, 0x00, 0x3b, 0x01, 0x3c, 0x00, 0x58, 0x01,
    0x09, 0x00, 0x04, 0x03, 0x14, 0x00, 0x3b, 0x01, 0x3c, 0x00, 0x58, 0x01, 0x21, 0x00, 0x3b, 0x01,
    0x3c, 0x00, 0x58, 0x01, 0x21, 0x00, 0x3c, 0x01, 0x3b, 0x00, 0x57, 0x01, 0x23, 0x00, 0x3b, 0x01,
    0x3b, 0x00, 0x57, 0x01, 0x23, 0x00, 0x3b, 0x01, 0x3b, 0x00, 0x57, 0x01, 0x23, 0x00, 0x3b, 0x01,
    0x3a, 0x00, 0x58, 0x01, 0x23, 0x00, 0x3b, 0x01, 0x3b, 0x00, 0x57, 0x01, 0x23, 0x00, 0x3b, 0x01,
    0x3b, 0x00, 0x57, 0x01, 0x23, 0x00, 0x3b, 0x01, 0x3b, 0x00, 0x57, 0x01, 0x23, 0x00, 0x3b, 0x01,
    0x3b, 0x00, 0x58, 0x01, 0x21, 0x00, 0x3c, 0x01, 0x3b, 0x00, 0x58, 0x01, 0x21, 0x00, 0x3b, 0x01,
    0x3c, 0x00, 0x58, 0x01, 0x21, 0x00, 0x3b, 0x01, 0x3c, 0x00, 0x58, 0x01, 0x21, 0x00, 0x3b, 0x01,
    0x3c, 0x00, 0x58, 0x01, 0x21, 0x00, 0x3b, 0x01, 0x3c, 0x00, 0x58, 0x01, 0x21, 0x00, 0x3a, 0x01,
    0x3d, 0x00, 0x59, 0x01, 0x1f, 0x00, 0x3b, 0x01, 0x3d, 0x00, 0x59, 0x01, 0x1f, 0x00, 0x3b, 0x01,
    0x3e, 0x00, 0x58, 0x01, 0x1f, 0x00, 0x3a, 0x01, 0x3f, 0x00, 0x58, 0x01, 0x1f, 0x00, 0x3a, 0x01,
    0x3f, 0x00, 0x59, 0x01, 0x1d, 0x00, 0x3a, 0x01, 0x40, 0x00, 0x59, 0x01, 0x1d, 0x00, 0x3a, 0x01,
    0x40, 0x00, 0x59, 0x01, 0x1d, 0x00, 0x3a, 0x01, 0x41, 0x00, 0x59, 0x01, 0x1b, 0x00, 0x3a, 0x01,
    0x42, 0x00, 0x59, 0x01, 0x1b, 0x00, 0x3a, 0x01, 0x42, 0x00, 0x5a, 0x01, 0x19, 0x00, 0x3a, 0x01,
    0x43, 0x00, 0x5b, 0x01, 0x17, 0x00, 0x3b, 0x01, 0x44, 0x00, 0x5a, 0x01, 0x17, 0x00, 0x3a, 0x01,
    0x45, 0x00, 0x5b, 0x01, 0x15, 0x00, 0x3a, 0x01, 0x46, 0x00, 0x5c, 0x01, 0x13, 0x00, 0x3b, 0x01,
    0x47, 0x00, 0x5c, 0x01, 0x11, 0x00, 0x3b, 0x01, 0x48, 0x00, 0x5d, 0x01, 0x0f, 0x00, 0x3b, 0x01,
    0x4a, 0x00, 0x5d, 0x01, 0x0d, 0x00, 0x3c, 0x01, 0x4a, 0x00, 0x5f, 0x01, 0x09, 0x00, 0x3d, 0x01,
    0x4c, 0x00, 0xa3, 0x01, 0x4d, 0x00, 0xa2, 0x01, 0x4f, 0x00, 0xa0, 0x01, 0x51, 0x00, 0x9f, 0x01,
    0x51, 0x00, 0x9e, 0x01, 0x53, 0x00, 0x9c, 0x01, 0x55, 0x00, 0x9a, 0x01, 0x57, 0x00, 0x98, 0x01,
    0x58, 0x00, 0x97, 0x01, 0x5a, 0x00, 0x95, 0x01, 0x5c, 0x00, 0x92, 0x01, 0x5f, 0x00, 0x90, 0x01,
    0x61, 0x00, 0x8e, 0x01, 0x63, 0x00, 0x8c, 0x01, 0x65, 0x00, 0x89, 0x01, 0x68, 0x00, 0x87, 0x01,
    0x6b, 0x00, 0x84, 0x01, 0x6d, 0x00, 0x81, 0x01, 0x70, 0x00, 0x7f, 0x01, 0x73, 0x00, 0x7b, 0x01,
    0x76, 0x00, 0x78, 0x01, 0x79, 0x00, 0x76, 0x01, 0x7c, 0x00, 0x72, 0x01, 0x80, 0x00, 0x6e, 0x01,
    0x84, 0x00, 0x6a, 0x01, 0x87, 0x00, 0x67, 0x01, 0x8b, 0x00, 0x63, 0x01, 0x90, 0x00, 0x5d, 0x01,
    0x95, 0x00, 0x59, 0x01, 0x99, 0x00, 0x54, 0x01, 0x9f, 0x00, 0x4e, 0x01, 0xa5, 0x00, 0x48, 0x01,
    0xac, 0x00, 0x40, 0x01, 0xb3, 0x00, 0x39, 0x01, 0xbc, 0x00, 0x2f, 0x01, 0xc7, 0x00, 0x23, 0x01,
    0xd7, 0x00, 0x0f, 0x01, 0xff, 0x00, 0xff, 0x00, 0xff, 0x00, 0xff, 0x00, 0xff, 0x00, 0xff, 0x00,
    0xff, 0x00, 0xff, 0x00, 0xff, 0x00, 0xff, 0x00, 0xff, 0x00, 0xff, 0x00, 0xff, 0x00, 0xff, 0x00,
    0xff, 0x00, 0xff, 0x00, 0xff, 0x00, 0xff, 0x00, 0xff, 0x00, 0xff, 0x00, 0xff, 0x00, 0xff, 0x00,
    0xff, 0x00, 0xff, 0x00, 0xff, 0x00, 0xff, 0x00, 0xff, 0x00, 0xff, 0x00, 0xff, 0x00, 0xff, 0x00,
    0xff, 0x00, 0xff, 0x00, 0xff, 0x00, 0xff, 0x00, 0xff, 0x00, 0xff, 0x00, 0xff, 0x00, 0xff, 0x00,
    0xff, 0x00, 0xff, 0x00, 0xff, 0x00, 0xff, 0x00, 0xff, 0x00, 0xff, 0x00, 0xff, 0x00, 0xff, 0x00,
    0xff, 0x00, 0xff, 0x00, 0xff, 0x00, 0xff, 0x00, 0xff, 0x00, 0xff, 0x00, 0x3b, 0x00, 0xff, 0x00,
    0xff, 0x00, 0xff, 0x00, 0xff, 0x00, 0xff, 0x00, 0xff, 0x00, 0xff, 0x00, 0xff, 0x00, 0xff, 0x00,
    0xff, 0x00, 0xff, 0x00, 0xff, 0x00, 0xff, 0x00, 0xff, 0x00, 0xff, 0x00, 0xff, 0x00, 0xff, 0x00,
    0xff, 0x00, 0xff, 0x00, 0xff, 0x00, 0xff, 0x00, 0xff, 0x00, 0xff, 0x00, 0xff, 0x00, 0xff, 0x00,
    0xff, 0x00, 0xff, 0x00, 0xff, 0x00, 0xff, 0x00, 0xff, 0x00, 0xff, 0x00, 0xff, 0x00, 0xff, 0x00,
    0xff, 0x00, 0xff, 0x00, 0xff, 0x00, 0xff, 0x00, 0xff, 0x00, 0xff, 0x00, 0xff, 0x00, 0xff, 0x00,
    0xff, 0x00, 0xff, 0x00, 0xff, 0x00, 0xff, 0x00, 0xff, 0x00, 0xff, 0x00, 0x46, 0x00, 0x01, 0x0d,
    0x40, 0x00, 0x01, 0x0d, 0xad, 0x00, 0x03, 0x0d, 0x3e, 0x00, 0x03, 0x0d, 0xac, 0x00, 0x03, 0x0d,
    0x3e, 0x00, 0x03, 0x0d, 0xac, 0x00, 0x03, 0x0d, 0x3e, 0x00, 0x03, 0x0d, 0xac, 0x00, 0x03, 0x0d,
    0x3e, 0x00, 0x03, 0x0d, 0xac, 0x00, 0x03, 0x0d, 0x3e, 0x00, 0x03, 0x0d, 0xa7, 0x00, 0x0d, 0x0d,
    0x34, 0x00, 0x0d, 0x0d, 0xa1, 0x00, 0x0f, 0x0d, 0x32, 0x00, 0x0f, 0x0d, 0xa0, 0x00, 0x0f, 0x0d,
    0x32, 0x00, 0x0f, 0x0d, 0xa0, 0x00, 0x0f, 0x0d, 0x32, 0x00, 0x0f, 0x0d, 0xa6, 0x00, 0x03, 0x0d,
    0x31, 0x00, 0x1d, 0x0d, 0x9f, 0x00, 0x03, 0x0d, 0x2a, 0x00, 0x2b, 0x0d, 0x98, 0x00, 0x03, 0x0d,
    0x24, 0x00, 0x37, 0x0d, 0x92, 0x00, 0x03, 0x0d, 0x20, 0x00, 0x3f, 0x0d, 0x8e, 0x00, 0x03, 0x0d,
    0x1c, 0x00, 0x47, 0x0d, 0x8a, 0x00, 0x03, 0x0d, 0x19, 0x00, 0x4d, 0x0d, 0xa0, 0x00, 0x53, 0x0d,
    0x9a, 0x00, 0x59, 0x0d, 0x94, 0x00, 0x5f, 0x0d, 0x8f, 0x00, 0x63, 0x0d, 0x8b, 0x00, 0x67, 0x0d,
    0x87, 0x00, 0x6b, 0x0d, 0x0a, 0x00, 0x01, 0x0d, 0x78, 0x00, 0x6f, 0x0d, 0x07, 0x00, 0x03, 0x0d,
    0x75, 0x00, 0x73, 0x0d, 0x05, 0x00, 0x03, 0x0d, 0x73, 0x00, 0x77, 0x0d, 0x03, 0x00, 0x03, 0x0d,
    0x71, 0x00, 0x7b, 0x0d, 0x01, 0x00, 0x03, 0x0d, 0x70, 0x00, 0x80, 0x0d, 0x6e, 0x00, 0x87, 0x0d,
    0x68, 0x00, 0x89, 0x0d, 0x65, 0x00, 0x8b, 0x0d, 0x64, 0x00, 0x8c, 0x0d, 0x63, 0x00, 0x8b, 0x0d,
    0x63, 0x00, 0x8f, 0x0d, 0x60, 0x00, 0x91, 0x0d, 0x5e, 0x00, 0x93, 0x0d, 0x5c, 0x00, 0x95, 0x0d,
    0x5a, 0x00, 0x97, 0x0d, 0x58, 0x00, 0x99, 0x0d, 0x56, 0x00, 0x9b, 0x0d, 0x54, 0x00, 0x9d, 0x0d,
    0x52, 0x00, 0x9f, 0x0d, 0x51, 0x00, 0x9f, 0x0d, 0x50, 0x00, 0xa1, 0x0d, 0x4e, 0x00, 0xa3, 0x0d,
    0x4c, 0x00, 0xa5, 0x0d, 0x4b, 0x00, 0x52, 0x0d, 0x01, 0x00, 0x52, 0x0d, 0x4a, 0x00, 0x50, 0x0d,
    0x07, 0x00, 0x50, 0x0d, 0x48, 0x00, 0x4f, 0x0d, 0x0b, 0x00, 0x4f, 0x0d, 0x47, 0x00, 0x4d, 0x0d,
    0x0f, 0x00, 0x4d, 0x0d, 0x46, 0x00, 0x4d, 0x0d, 0x11, 0x00, 0x4d, 0x0d, 0x45, 0x00, 0x4d, 0x0d,
    0x11, 0x00, 0x4d, 0x0d, 0x44, 0x00, 0x4d, 0x0d, 0x13, 0x00, 0x4d, 0x0d, 0x43, 0x00, 0x4c, 0x0d,
    0x15, 0x00, 0x4c, 0x0d, 0x42, 0x00, 0x4c, 0x0d, 0x17, 0x00, 0x4c, 0x0d, 0x41, 0x00, 0x4c, 0x0d,
    0x17, 0x00, 0x4c, 0x0d, 0x40, 0x00, 0x4c, 0x0d, 0x19, 0x00, 0x4c, 0x0d, 0x3f, 0x00, 0x4c, 0x0d,
    0x19, 0x00, 0x4c, 0x0d, 0x3f, 0x00, 0x4c, 0x0d, 0x19, 0x00, 0x4c, 0x0d, 0x3e, 0x00, 0x4c, 0x0d,
    0x1b, 0x00, 0x4c, 0x0d, 0x3d, 0x00, 0x4c, 0x0d, 0x08, 0x00, 0x02, 0x03, 0x11, 0x00, 0x4c, 0x0d,
    0x3d, 0x00, 0x4c, 0x0d, 0x06, 0x00, 0x05, 0x03, 0x10, 0x00, 0x4c, 0x0d, 0x3d, 0x00, 0x4b, 0x0d,
    0x07, 0x00, 0x06, 0x03, 0x10, 0x00, 0x4b, 0x0d, 0x3c, 0x00, 0x4c, 0x0d, 0x06, 0x00, 0x07, 0x03,
    0x10, 0x00, 0x4c, 0x0d, 0x3b, 0x00, 0x4c, 0x0d, 0x07, 0x00, 0x06, 0x03, 0x10, 0x00, 0x4c, 0x0d,
    0x3b, 0x00, 0x4c, 0x0d, 0x07, 0x00, 0x05, 0x03, 0x11, 0x00, 0x4c, 0x0d, 0x3b, 0x00, 0x4c, 0x0d,
    0x09, 0x00, 0x02, 0x03, 0x12, 0x00, 0x4c, 0x0d, 0x3b, 0x00, 0x4b, 0x0d, 0x1f, 0x00, 0x4b, 0x0d,
    0x3b, 0x00, 0x4b, 0x0d, 0x1f, 0x00, 0x4b, 0x0d, 0x3b, 0x00, 0x4b, 0x0d, 0x1f, 0x00, 0x4b, 0x0d,
    0x3b, 0x00, 0x4b, 0x0d, 0x1f, 0x00, 0x4b, 0x0d, 0x3a, 0x00, 0x4c, 0x0d, 0x1f, 0x00, 0x4c, 0x0d,
    0x3a, 0x00, 0x4b, 0x0d, 0x1f, 0x00, 0x4b, 0x0d, 0x3b, 0x00, 0x4b, 0x0d, 0x1f, 0x00, 0x4b, 0x0d,
    0x3b, 0x00, 0x4b, 0x0d, 0x1f, 0x00, 0x4b, 0x0d, 0x3b, 0x00, 0x4b, 0x0d, 0x1f, 0x00, 0x4b, 0x0d,
    0x3b, 0x00, 0x4c, 0x0d, 0x1d, 0x00, 0x4c, 0x0d, 0x3b, 0x00, 0x4c, 0x0d, 0x1d, 0x00, 0x4c, 0x0d,
    0x3b, 0x00, 0x4c, 0x0d, 0x1d, 0x00, 0x4c, 0x0d, 0x3b, 0x00, 0x4c, 0x0d, 0x1d, 0x00, 0x4c, 0x0d,
    0x3c, 0x00, 0x4b, 0x0d, 0x1d, 0x00, 0x4b, 0x0d, 0x3d, 0x00, 0x4c, 0x0d, 0x1b, 0x00, 0x4c, 0x0d,
    0x3d, 0x00, 0x4c, 0x0d, 0x1b, 0x00, 0x4c, 0x0d, 0x3d, 0x00, 0x4c, 0x0d, 0x1b, 0x00, 0x4c, 0x0d,
    0x3e, 0x00, 0x4c, 0x0d, 0x19, 0x00, 0x4c, 0x0d, 0x3f, 0x00, 0x4c, 0x0d, 0x19, 0x00, 0x4c, 0x0d,
    0x3f, 0x00, 0x4c, 0x0d, 0x19, 0x00, 0x4c, 0x0d, 0x40, 0x00, 0x4c, 0x0d, 0x17, 0x00, 0x4c, 0x0d,
    0x41, 0x00, 0x4c, 0x0d, 0x17, 0x00, 0x4c, 0x0d, 0x42, 0x00, 0x4c, 0x0d, 0x15, 0x00, 0x4c, 0x0d,
    0x43, 0x00, 0x4d, 0x0d, 0x13, 0x00, 0x4d, 0x0d, 0x44, 0x00, 0x4d, 0x0d, 0x11, 0x00, 0x4d, 0x0d,
    0x45, 0x00, 0x4d, 0x0d, 0x11, 0x00, 0x4d, 0x0d, 0x46, 0x00, 0x4d, 0x0d, 0x0f, 0x00, 0x4d, 0x0d,
    0x47, 0x00, 0x4f, 0x0d, 0x0b, 0x00, 0x4f, 0x0d, 0x48, 0x00, 0x50, 0x0d, 0x07, 0x00, 0x50, 0x0d,
    0x4a, 0x00, 0xa5, 0x0d, 0x4b, 0x00, 0xa5, 0x0d, 0x4c, 0x00, 0xa3, 0x0d, 0x4e, 0x00, 0xa1, 0x0d,
    0x50, 0x00, 0x9f, 0x0d, 0x51, 0x00, 0x9f, 0x0d, 0x52, 0x00, 0x9d, 0x0d, 0x54, 0x00, 0x9b, 0x0d,
    0x56, 0x00, 0x99, 0x0d, 0x58, 0x00, 0x97, 0x0d, 0x5a, 0x00, 0x95, 0x0d, 0x5c, 0x00, 0x93, 0x0d,
    0x5e, 0x00, 0x91, 0x0d, 0x60, 0x00, 0x8f, 0x0d, 0x63, 0x00, 0x8b, 0x0d, 0x66, 0x00, 0x89, 0x0d,
    0x68, 0x00, 0x87, 0x0d, 0x6b, 0x00, 0x83, 0x0d, 0x6e, 0x00, 0x81, 0x0d, 0x71, 0x00, 0x7d, 0x0d,
    0x74, 0x00, 0x7b, 0x0d, 0x77, 0x00, 0x77, 0x0d, 0x7b, 0x00, 0x73, 0x0d, 0x7f, 0x00, 0x6f, 0x0d,
    0x83, 0x00, 0x6b, 0x0d, 0x87, 0x00, 0x67, 0x0d, 0x8b, 0x00, 0x63, 0x0d, 0x8f, 0x00, 0x5f, 0x0d,
    0x94, 0x00, 0x59, 0x0d, 0x9a, 0x00, 0x53, 0x0d, 0xa0, 0x00, 0x4d, 0x0d, 0xa6, 0x00, 0x47, 0x0d,
    0xad, 0x00, 0x3f, 0x0d, 0xb5, 0x00, 0x37, 0x0d, 0xbf, 0x00, 0x2b, 0x0d, 0xcc, 0x00, 0x1d, 0x0d,
    0x2b, 0x00, 0x01, 0x0d, 0xee, 0x00, 0x03, 0x0d, 0xed, 0x00, 0x03, 0x0d, 0xed, 0x00, 0x03, 0x0d,
    0xed, 0x00, 0x03, 0x0d, 0xed, 0x00, 0x03, 0x0d, 0xe8, 0x00, 0x0d, 0x0d, 0xe2, 0x00, 0x0f, 0x0d,
    0xe1, 0x00, 0x0f, 0x0d, 0xe1, 0x00, 0x0f, 0x0d, 0xe7, 0x00, 0x03, 0x0d, 0xed, 0x00, 0x03, 0x0d,
    0xed, 0x00, 0x03, 0x0d, 0x74, 0x00, 0x01, 0x0d, 0x78, 0x00, 0x03, 0x0d, 0x73, 0x00, 0x03, 0x0d,
    0x77, 0x00, 0x03, 0x0d, 0x73, 0x00, 0x03, 0x0d, 0x77, 0x00, 0x03, 0x0d, 0x73, 0x00, 0x03, 0x0d,
    0xed, 0x00, 0x03, 0x0d, 0xed, 0x00, 0x03, 0x0d, 0xe8, 0x00, 0x0d, 0x0d, 0xe2, 0x00, 0x0f, 0x0d,
    0xe1, 0x00, 0x0f, 0x0d, 0xe1, 0x00, 0x0f, 0x0d, 0xe7, 0x00, 0x03, 0x0d, 0xed, 0x00, 0x03, 0x0d,
    0xed, 0x00, 0x03, 0x0d, 0xed, 0x00, 0x03, 0x0d, 0xed, 0x00, 0x03, 0x0d, 0xed, 0x00, 0x03, 0x0d,
    0xff, 0x00, 0xff, 0x00, 0xff, 0x00, 0xff, 0x00, 0xff, 0x00, 0xff, 0x00, 0xff, 0x00, 0xff, 0x00,
    0xff, 0x00, 0xff, 0x00, 0xff, 0x00, 0xff, 0x00, 0xff, 0x00, 0xff, 0x00, 0xff, 0x00, 0xff, 0x00,
    0xff, 0x00, 0xff, 0x00, 0xff, 0x00, 0xff, 0x00, 0xff, 0x00, 0xff, 0x00, 0xff, 0x00, 0xff, 0x00,
    0xff, 0x00, 0xff, 0x00, 0xff, 0x00, 0xff, 0x00, 0xff, 0x00, 0xe3, 0x00, 0xff, 0x00, 0xff, 0x00,
    0xff, 0x00, 0xff, 0x00, 0xff, 0x00, 0xff, 0x00, 0xff, 0x00, 0xff, 0x00, 0xff, 0x00, 0xff, 0x00,
    0xff, 0x00, 0xff, 0x00, 0xff, 0x00, 0xff, 0x00, 0xff, 0x00, 0xff, 0x00, 0xff, 0x00, 0xff, 0x00,
    0xff, 0x00, 0xff, 0x00, 0xff, 0x00, 0xff, 0x00, 0xff, 0x00, 0xff, 0x00, 0xff, 0x00, 0xff, 0x00,
    0xff, 0x00, 0xff, 0x00, 0xff, 0x00, 0xff, 0x00, 0xff, 0x00, 0xff, 0x00, 0xff, 0x00, 0xff, 0x00,
    0xff, 0x00, 0xff, 0x00, 0xff, 0x00, 0xff, 0x00, 0xff, 0x00, 0xff, 0x00, 0xff, 0x00, 0xff, 0x00,
    0xff, 0x00, 0xff, 0x00, 0xff, 0x00, 0xff, 0x00, 0xff, 0x00, 0xff, 0x00, 0xff, 0x00, 0xff, 0x00,
    0xff, 0x00, 0xff, 0x00, 0xff, 0x00, 0xdc, 0x00, 0x01, 0x0d, 0x40, 0x00, 0x01, 0x0d, 0xad, 0x00,
    0x03, 0x0d, 0x3e, 0x00, 0x03, 0x0d, 0xac, 0x00, 0x03, 0x0d, 0x3e, 0x00, 0x03, 0x0d, 0xac, 0x00,
    0x03, 0x0d, 0x31, 0x00, 0x1d, 0x0d, 0x9f, 0x00, 0x03, 0x0d, 0x2a, 0x00, 0x2b, 0x0d, 0x98, 0x00,
    0x03, 0x0d, 0x24, 0x00, 0x37, 0x0d, 0x8d, 0x00, 0x0d, 0x0d, 0x1b, 0x00, 0x3f, 0x0d, 0x88, 0x00,
    0x0f, 0x0d, 0x16, 0x00, 0x47, 0x0d, 0x84, 0x00, 0x0f, 0x0d, 0x13, 0x00, 0x4d, 0x0d, 0x81, 0x00,
    0x0f, 0x0d, 0x10, 0x00, 0x53, 0x0d, 0x84, 0x00, 0x03, 0x0d, 0x13, 0x00, 0x59, 0x0d, 0x81, 0x00,
    0x03, 0x0d, 0x10, 0x00, 0x5f, 0x0d, 0x7e, 0x00, 0x03, 0x0d, 0x0e, 0x00, 0x63, 0x0d, 0x7c, 0x00,
    0x03, 0x0d, 0x0c, 0x00, 0x67, 0x0d, 0x7a, 0x00, 0x03, 0x0d, 0x0a, 0x00, 0x6b, 0x0d, 0x78, 0x00,
    0x03, 0x0d, 0x08, 0x00, 0x6f, 0x0d, 0x7f, 0x00, 0x73, 0x0d, 0x7b, 0x00, 0x77, 0x0d, 0x77, 0x00,
    0x7b, 0x0d, 0x74, 0x00, 0x7d, 0x0d, 0x71, 0x00, 0x81, 0x0d, 0x6e, 0x00, 0x83, 0x0d, 0x6b, 0x00,
    0x87, 0x0d, 0x68, 0x00, 0x89, 0x0d, 0x66, 0x00, 0x8b, 0x0d, 0x63, 0x00, 0x8f, 0x0d, 0x60, 0x00,
    0x91, 0x0d, 0x5e, 0x00, 0x93, 0x0d, 0x5c, 0x00, 0x95, 0x0d, 0x5a, 0x00, 0x97, 0x0d, 0x58, 0x00,
    0x99, 0x0d, 0x56, 0x00, 0x9b, 0x0d, 0x54, 0x00, 0x9d, 0x0d, 0x52, 0x00, 0x9f, 0x0d, 0x51, 0x00,
    0x9f, 0x0d, 0x50, 0x00, 0xa1, 0x0d, 0x4e, 0x00, 0xa3, 0x0d, 0x4c, 0x00, 0xa5, 0x0d, 0x4b, 0x00,
    0x52, 0x0d, 0x01, 0x00, 0x52, 0x0d, 0x4a, 0x00, 0x50, 0x0d, 0x07, 0x00, 0x50, 0x0d, 0x48, 0x00,
    0x4f, 0x0d, 0x0b, 0x00, 0x4f, 0x0d, 0x47, 0x00, 0x4d, 0x0d, 0x0f, 0x00, 0x4d, 0x0d, 0x46, 0x00,
    0x4d, 0x0d, 0x11, 0x00, 0x4d, 0x0d, 0x45, 0x00, 0x4d, 0x0d, 0x11, 0x00, 0x4d, 0x0d, 0x44, 0x00,
    0x4d, 0x0d, 0x13, 0x00, 0x4d, 0x0d, 0x43, 0x00, 0x4c, 0x0d, 0x15, 0x00, 0x4c, 0x0d, 0x42, 0x00,
    0x4c, 0x0d, 0x17, 0x00, 0x4c, 0x0d, 0x41, 0x00, 0x4c, 0x0d, 0x17, 0x00, 0x4c, 0x0d, 0x40, 0x00,
    0x4c, 0x0d, 0x19, 0x00, 0x4c, 0x0d, 0x3f, 0x00, 0x4c, 0x0d, 0x19, 0x00, 0x4c, 0x0d, 0x3f, 0x00,
    0x4c, 0x0d, 0x19, 0x00, 0x4c, 0x0d, 0x3e, 0x00, 0x4c, 0x0d, 0x1b, 0x00, 0x4c, 0x0d, 0x3d, 0x00,
    0x4c, 0x0d, 0x08, 0x00, 0x02, 0x03, 0x11, 0x00, 0x4c, 0x0d, 0x3d, 0x00, 0x4c, 0x0d, 0x06, 0x00,
    0x05, 0x03, 0x10, 0x00, 0x4c, 0x0d, 0x3d, 0x00, 0x4b, 0x0d, 0x07, 0x00, 0x06, 0x03, 0x10, 0x00,
    0x4b, 0x0d, 0x3c, 0x00, 0x4c, 0x0d, 0x06, 0x00, 0x07, 0x03, 0x10, 0x00, 0x4c, 0x0d, 0x3b, 0x00,
    0x4c, 0x0d, 0x07, 0x00, 0x06, 0x03, 0x10, 0x00, 0x4c, 0x0d, 0x3b, 0x00, 0x4c, 0x0d, 0x07, 0x00,
    0x05, 0x03, 0x11, 0x00, 0x4c, 0x0d, 0x3b, 0x00, 0x4c, 0x0d, 0x09, 0x00, 0x02, 0x03, 0x12, 0x00,
    0x4c, 0x0d, 0x3b, 0x00, 0x4b, 0x0d, 0x1f, 0x00, 0x4b, 0x0d, 0x3b, 0x00, 0x4b, 0x0d, 0x1f, 0x00,
    0x4b, 0x0d, 0x3b, 0x00, 0x4b, 0x0d, 0x1f, 0x00, 0x4b, 0x0d, 0x3b, 0x00, 0x4b, 0x0d, 0x1f, 0x00,
    0x4b, 0x0d, 0x3a, 0x00, 0x4c, 0x0d, 0x1f, 0x00, 0x4c, 0x0d, 0x3a, 0x00, 0x4b, 0x0d, 0x1f, 0x00,
    0x4b, 0x0d, 0x3b, 0x00, 0x4b, 0x0d, 0x1f, 0x00, 0x4b, 0x0d, 0x3b, 0x00, 0x4b, 0x0d, 0x1f, 0x00,
    0x4b, 0x0d, 0x3b, 0x00, 0x4b, 0x0d, 0x1f, 0x00, 0x4b, 0x0d, 0x3b, 0x00, 0x4c, 0x0d, 0x1d, 0x00,
    0x4c, 0x0d, 0x3b, 0x00, 0x4c, 0x0d, 0x1d, 0x00, 0x4c, 0x0d, 0x3b, 0x00, 0x4c, 0x0d, 0x1d, 0x00,
    0x4c, 0x0d, 0x3b, 0x00, 0x4c, 0x0d, 0x1d, 0x00, 0x4c, 0x0d, 0x3c, 0x00, 0x4b, 0x0d, 0x1d, 0x00,
    0x4b, 0x0d, 0x3d, 0x00, 0x4c, 0x0d, 0x1b, 0x00, 0x4c, 0x0d, 0x3d, 0x00, 0x4c, 0x0d, 0x1b, 0x00,
    0x4c, 0x0d, 0x3d, 0x00, 0x4c, 0x0d, 0x1b, 0x00, 0x4c, 0x0d, 0x3e, 0x00, 0x4c, 0x0d, 0x19, 0x00,
    0x4c, 0x0d, 0x3f, 0x00, 0x4c, 0x0d, 0x19, 0x00, 0x4c, 0x0d, 0x3f, 0x00, 0x4c, 0x0d, 0x19, 0x00,
    0x4c, 0x0d, 0x40, 0x00, 0x4c, 0x0d, 0x17, 0x00, 0x4c, 0x0d, 0x41, 0x00, 0x4c, 0x0d, 0x17, 0x00,
    0x4c, 0x0d, 0x42, 0x00, 0x4c, 0x0d, 0x15, 0x00, 0x4c, 0x0d, 0x43, 0x00, 0x4d, 0x0d, 0x13, 0x00,
    0x4d, 0x0d, 0x44, 0x00, 0x4d, 0x0d, 0x11, 0x00, 0x4d, 0x0d, 0x45, 0x00, 0x4d, 0x0d, 0x11, 0x00,
    0x4d, 0x0d, 0x46, 0x00, 0x4d, 0x0d, 0x0f, 0x00, 0x4d, 0x0d, 0x47, 0x00, 0x4f, 0x0d, 0x0b, 0x00,
    0x4f, 0x0d, 0x48, 0x00, 0x50, 0x0d, 0x07, 0x00, 0x50, 0x0d, 0x4a, 0x00, 0xa5, 0x0d, 0x4b, 0x00,
    0xa5, 0x0d, 0x4c, 0x00, 0xa3, 0x0d, 0x4e, 0x00, 0xa1, 0x0d, 0x50, 0x00, 0x9f, 0x0d, 0x51, 0x00,
    0x9f, 0x0d, 0x52, 0x00, 0x9d, 0x0d, 0x54, 0x00, 0x9b, 0x0d, 0x56, 0x00, 0x99, 0x0d, 0x58, 0x00,
    0x97, 0x0d, 0x5a, 0x00, 0x95, 0x0d, 0x5c, 0x00, 0x93, 0x0d, 0x5e, 0x00, 0x91, 0x0d, 0x60, 0x00,
    0x8f, 0x0d, 0x63, 0x00, 0x8b, 0x0d, 0x66, 0x00, 0x89, 0x0d, 0x68, 0x00, 0x87, 0x0d, 0x6b, 0x00,
    0x83, 0x0d, 0x6e, 0x00, 0x81, 0x0d, 0x71, 0x00, 0x7d, 0x0d, 0x74, 0x00, 0x7b, 0x0d, 0x77, 0x00,
    0x77, 0x0d, 0x7b, 0x00, 0x73, 0x0d, 0x7f, 0x00, 0x6f, 0x0d, 0x83, 0x00, 0x6b, 0x0d, 0x87, 0x00,
    0x67, 0x0d, 0x8b, 0x00, 0x63, 0x0d, 0x8f, 0x00, 0x5f, 0x0d, 0x94, 0x00, 0x59, 0x0d, 0x9a, 0x00,
    0x53, 0x0d, 0xa0, 0x00, 0x4d, 0x0d, 0xa6, 0x00, 0x47, 0x0d, 0xad, 0x00, 0x3f, 0x0d, 0xb5, 0x00,
    0x37, 0x0d, 0xbf, 0x00, 0x2b, 0x0d, 0xcc, 0x00, 0x1d, 0x0d, 0xff, 0x00, 0xff, 0x00, 0xff, 0x00,
    0xff, 0x00, 0xff, 0x00, 0xff, 0x00, 0xc1, 0x00, 0x01, 0x0d, 0xee, 0x00, 0x03, 0x0d, 0xed, 0x00,
    0x03, 0x0d, 0xed, 0x00, 0x03, 0x0d, 0xed, 0x00, 0x03, 0x0d, 0xed, 0x00, 0x03, 0x0d, 0xe8, 0x00,
    0x0d, 0x0d, 0xe2, 0x00, 0x0f, 0x0d, 0xe1, 0x00, 0x0f, 0x0d, 0xe1, 0x00, 0x0f, 0x0d, 0xe7, 0x00,
    0x03, 0x0d, 0xed, 0x00, 0x03, 0x0d, 0xed, 0x00, 0x03, 0x0d, 0x74, 0x00, 0x01, 0x0d, 0x78, 0x00,
    0x03, 0x0d, 0x73, 0x00, 0x03, 0x0d, 0x77, 0x00, 0x03, 0x0d, 0x73, 0x00, 0x03, 0x0d, 0x77, 0x00,
    0x03, 0x0d, 0x73, 0x00, 0x03, 0x0d, 0xed, 0x00, 0x03, 0x0d, 0xed, 0x00, 0x03, 0x0d, 0xe8, 0x00,
    0x0d, 0x0d, 0xe2, 0x00, 0x0f, 0x0d, 0xe1, 0x00, 0x0f, 0x0d, 0xe1, 0x00, 0x0f, 0x0d, 0xe7, 0x00,
    0x03, 0x0d, 0xed, 0x00, 0x03, 0x0d, 0xed, 0x00, 0x03, 0x0d, 0xed, 0x00, 0x03, 0x0d, 0xed, 0x00,
    0x03, 0x0d, 0xed, 0x00, 0x03, 0x0d, 0xff, 0x00, 0xff, 0x00, 0xff, 0x00, 0xff, 0x00, 0xff, 0x00,
    0xff, 0x00, 0xff, 0x00, 0xff, 0x00, 0xff, 0x00, 0xff, 0x00, 0xff, 0x00, 0xff, 0x00, 0xff, 0x00,
    0xff, 0x00, 0xff, 0x00, 0xff, 0x00, 0xff, 0x00, 0xff, 0x00, 0xff, 0x00, 0xff, 0x00, 0xff, 0x00,
    0xff, 0x00, 0xff, 0x00, 0x4d, 0x00, 0xff, 0x00, 0xff, 0x00, 0xff, 0x00, 0xff, 0x00, 0xff, 0x00,
    0xff, 0x00, 0xff, 0x00, 0xff, 0x00, 0xff, 0x00, 0xff, 0x00, 0xff, 0x00, 0xff, 0x00, 0xff, 0x00,
    0xff, 0x00, 0xff, 0x00, 0xff, 0x00, 0xff, 0x00, 0xff, 0x00, 0xff, 0x00, 0xff, 0x00, 0xff, 0x00,
    0xff, 0x00, 0xff, 0x00, 0xff, 0x00, 0xff, 0x00, 0xff, 0x00, 0xff, 0x00, 0xff, 0x00, 0xff, 0x00,
    0xff, 0x00, 0xff, 0x00, 0xff, 0x00, 0xff, 0x00, 0xff, 0x00, 0xff, 0x00, 0xff, 0x00, 0xff, 0x00,
    0xff, 0x00, 0xff, 0x00, 0xff, 0x00, 0xff, 0x00, 0xff, 0x00, 0xff, 0x00, 0xff, 0x00, 0xff, 0x00,
    0xff, 0x00, 0xff, 0x00, 0xff, 0x00, 0xff, 0x00, 0xff, 0x00, 0xff, 0x00, 0xff, 0x00, 0xff, 0x00,
    0xff, 0x00, 0xff, 0x00, 0xff, 0x00, 0xe2, 0x00, 0x1d, 0x0d, 0xcc, 0x00, 0x2b, 0x0d, 0xbf, 0x00,
    0x37, 0x0d, 0xb5, 0x00, 0x3f, 0x0d, 0x8f, 0x00, 0x01, 0x0d, 0x1d, 0x00, 0x47, 0x0d, 0x8a, 0x00,
    0x03, 0x0d, 0x19, 0x00, 0x4d, 0x0d, 0x87, 0x00, 0x03, 0x0d, 0x16, 0x00, 0x53, 0x0d, 0x84, 0x00,
    0x03, 0x0d, 0x13, 0x00, 0x59, 0x0d, 0x81, 0x00, 0x03, 0x0d, 0x10, 0x00, 0x5f, 0x0d, 0x7e, 0x00,
    0x03, 0x0d, 0x0e, 0x00, 0x63, 0x0d, 0x77, 0x00, 0x0d, 0x0d, 0x07, 0x00, 0x67, 0x0d, 0x74, 0x00,
    0x0f, 0x0d, 0x04, 0x00, 0x6b, 0x0d, 0x72, 0x00, 0x0f, 0x0d, 0x02, 0x00, 0x6f, 0x0d, 0x70, 0x00,
    0x82, 0x0d, 0x74, 0x00, 0x03, 0x0d, 0x04, 0x00, 0x77, 0x0d, 0x72, 0x00, 0x03, 0x0d, 0x02, 0x00,
    0x7b, 0x0d, 0x70, 0x00, 0x03, 0x0d, 0x01, 0x00, 0x7d, 0x0d, 0x6f, 0x00, 0x83, 0x0d, 0x6d, 0x00,
    0x84, 0x0d, 0x6b, 0x00, 0x87, 0x0d, 0x68, 0x00, 0x89, 0x0d, 0x66, 0x00, 0x8b, 0x0d, 0x63, 0x00,
    0x8f, 0x0d, 0x60, 0x00, 0x91, 0x0d, 0x5e, 0x00, 0x93, 0x0d, 0x5c, 0x00, 0x95, 0x0d, 0x5a, 0x00,
    0x97, 0x0d, 0x58, 0x00, 0x99, 0x0d, 0x56, 0x00, 0x9b, 0x0d, 0x54, 0x00, 0x9d, 0x0d, 0x52, 0x00,
    0x9f, 0x0d, 0x51, 0x00, 0x9f, 0x0d, 0x50, 0x00, 0xa1, 0x0d, 0x4e, 0x00, 0xa3, 0x0d, 0x4c, 0x00,
    0xa5, 0x0d, 0x4b, 0x00, 0x52, 0x0d, 0x01, 0x00, 0x52, 0x0d, 0x4a, 0x00, 0x50, 0x0d, 0x07, 0x00,
    0x50, 0x0d, 0x48, 0x00, 0x4f, 0x0d, 0x0b, 0x00, 0x4f, 0x0d, 0x47, 0x00, 0x4d, 0x0d, 0x0f, 0x00,
    0x4d, 0x0d, 0x46, 0x00, 0x4d, 0x0d, 0x11, 0x00, 0x4d, 0x0d, 0x45, 0x00, 0x4d, 0x0d, 0x11, 0x00,
    0x4d, 0x0d, 0x44, 0x00, 0x4d, 0x0d, 0x13, 0x00, 0x4d, 0x0d, 0x43, 0x00, 0x4c, 0x0d, 0x15, 0x00,
    0x4c, 0x0d, 0x42, 0x00, 0x4c, 0x0d, 0x17, 0x00, 0x4c, 0x0d, 0x41, 0x00, 0x4c, 0x0d, 0x17, 0x00,
    0x4c, 0x0d, 0x40, 0x00, 0x4c, 0x0d, 0x19, 0x00, 0x4c, 0x0d, 0x3f, 0x00, 0x4c, 0x0d, 0x19, 0x00,
    0x4c, 0x0d, 0x3f, 0x00, 0x4c, 0x0d, 0x19, 0x00, 0x4c, 0x0d, 0x3e, 0x00, 0x4c, 0x0d, 0x1b, 0x00,
    0x4c, 0x0d, 0x3d, 0x00, 0x4c, 0x0d, 0x08, 0x00, 0x02, 0x03, 0x11, 0x00, 0x4c, 0x0d, 0x3d, 0x00,
    0x4c, 0x0d, 0x06, 0x00, 0x05, 0x03, 0x10, 0x00, 0x4c, 0x0d, 0x3d, 0x00, 0x4b, 0x0d, 0x07, 0x00,
    0x06, 0x03, 0x10, 0x00, 0x4b, 0x0d, 0x3c, 0x00, 0x4c, 0x0d, 0x06, 0x00, 0x07, 0x03, 0x10, 0x00,
    0x4c, 0x0d, 0x3b, 0x00, 0x4c, 0x0d, 0x07, 0x00, 0x06, 0x03, 0x10, 0x00, 0x4c, 0x0d, 0x3b, 0x00,
    0x4c, 0x0d, 0x07, 0x00, 0x05, 0x03, 0x11, 0x00, 0x4c, 0x0d, 0x3b, 0x00, 0x4c, 0x0d, 0x09, 0x00,
    0x02, 0x03, 0x12, 0x00, 0x4c, 0x0d, 0x3b, 0x00, 0x4b, 0x0d, 0x1f, 0x00, 0x4b, 0x0d, 0x3b, 0x00,
    0x4b, 0x0d, 0x1f, 0x00, 0x4b, 0x0d, 0x3b, 0x00, 0x4b, 0x0d, 0x1f, 0x00, 0x4b, 0x0d, 0x3b, 0x00,
    0x4b, 0x0d, 0x1f, 0x00, 0x4b, 0x0d, 0x3a, 0x00, 0x4c, 0x0d, 0x1f, 0x00, 0x4c, 0x0d, 0x3a, 0x00,
    0x4b, 0x0d, 0x1f, 0x00, 0x4b, 0x0d, 0x3b, 0x00, 0x4b, 0x0d, 0x1f, 0x00, 0x4b, 0x0d, 0x3b, 0x00,
    0x4b, 0x0d, 0x1f, 0x00, 0x4b, 0x0d, 0x3b, 0x00, 0x4b, 0x0d, 0x1f, 0x00, 0x4b, 0x0d, 0x3b, 0x00,
    0x4c, 0x0d, 0x1d, 0x00, 0x4c, 0x0d, 0x3b, 0x00, 0x4c, 0x0d, 0x1d, 0x00, 0x4c, 0x0d, 0x3b, 0x00,
    0x4c, 0x0d, 0x1d, 0x00, 0x4c, 0x0d, 0x3b, 0x00, 0x4c, 0x0d, 0x1d, 0x00, 0x4c, 0x0d, 0x3c, 0x00,
    0x4b, 0x0d, 0x1d, 0x00, 0x4b, 0x0d, 0x3d, 0x00, 0x4c, 0x0d, 0x1b, 0x00, 0x4c, 0x0d, 0x3d, 0x00,
    0x4c, 0x0d, 0x1b, 0x00, 0x4c, 0x0d, 0x3d, 0x00, 0x4c, 0x0d, 0x1b, 0x00, 0x4c, 0x0d, 0x3e, 0x00,
    0x4c, 0x0d, 0x19, 0x00, 0x4c, 0x0d, 0x3f, 0x00, 0x4c, 0x0d, 0x19, 0x00, 0x4c, 0x0d, 0x3f, 0x00,
    0x4c, 0x0d, 0x19, 0x00, 0x4c, 0x0d, 0x40, 0x00, 0x4c, 0x0d, 0x17, 0x00, 0x4c, 0x0d, 0x41, 0x00,
    0x4c, 0x0d, 0x17, 0x00, 0x4c, 0x0d, 0x42, 0x00, 0x4c, 0x0d, 0x15, 0x00, 0x4c, 0x0d, 0x43, 0x00,
    0x4d, 0x0d, 0x13, 0x00, 0x4d, 0x0d, 0x44, 0x00, 0x4d, 0x0d, 0x11, 0x00, 0x4d, 0x0d, 0x45, 0x00,
    0x4d, 0x0d, 0x11, 0x00, 0x4d, 0x0d, 0x46, 0x00, 0x4d, 0x0d, 0x0f, 0x00, 0x4d, 0x0d, 0x47, 0x00,
    0x4f, 0x0d, 0x0b, 0x00, 0x4f, 0x0d, 0x48, 0x00, 0x50, 0x0d, 0x07, 0x00, 0x50, 0x0d, 0x4a, 0x00,
    0xa5, 0x0d, 0x4b, 0x00, 0xa5, 0x0d, 0x4c, 0x00, 0xa3, 0x0d, 0x4e, 0x00, 0xa1, 0x0d, 0x50, 0x00,
    0x9f, 0x0d, 0x51, 0x00, 0x9f, 0x0d, 0x52, 0x00, 0x9d, 0x0d, 0x54, 0x00, 0x9b, 0x0d, 0x56, 0x00,
    0x99, 0x0d, 0x58, 0x00, 0x97, 0x0d, 0x5a, 0x00, 0x95, 0x0d, 0x5c, 0x00, 0x93, 0x0d, 0x5e, 0x00,
    0x91, 0x0d, 0x60, 0x00, 0x8f, 0x0d, 0x63, 0x00, 0x8b, 0x0d, 0x66, 0x00, 0x89, 0x0d, 0x68, 0x00,
    0x87, 0x0d, 0x6b, 0x00, 0x83, 0x0d, 0x6e, 0x00, 0x81, 0x0d, 0x71, 0x00, 0x7d, 0x0d, 0x74, 0x00,
    0x7b, 0x0d, 0x77, 0x00, 0x77, 0x0d, 0x7b, 0x00, 0x73, 0x0d, 0x7f, 0x00, 0x6f, 0x0d, 0x83, 0x00,
    0x6b, 0x0d, 0x87, 0x00, 0x67, 0x0d, 0x8b, 0x00, 0x63, 0x0d, 0x7e, 0x00, 0x01, 0x0d, 0x10, 0x00,
    0x5f, 0x0d, 0x7f, 0x00, 0x03, 0x0d, 0x12, 0x00, 0x59, 0x0d, 0x82, 0x00, 0x03, 0x0d, 0x15, 0x00,
    0x53, 0x0d, 0x85, 0x00, 0x03, 0x0d, 0x18, 0x00, 0x4d, 0x0d, 0x88, 0x00, 0x03, 0x0d, 0x1b, 0x00,
    0x47, 0x0d, 0x8b, 0x00, 0x03, 0x0d, 0x1f, 0x00, 0x3f, 0x0d, 0x8a, 0x00, 0x0d, 0x0d, 0x1e, 0x00,
    0x37, 0x0d, 0x8d, 0x00, 0x0f, 0x0d, 0x23, 0x00, 0x2b, 0x0d, 0x93, 0x00, 0x0f, 0x0d, 0x2a, 0x00,
    0x1d, 0x0d, 0x9a, 0x00, 0x0f, 0x0d, 0xe7, 0x00, 0x03, 0x0d, 0xed, 0x00, 0x03, 0x0d, 0xed, 0x00,
    0x03, 0x0d, 0xed, 0x00, 0x03, 0x0d, 0xed, 0x00, 0x03, 0x0d, 0xed, 0x00, 0x03, 0x0d, 0xff, 0x00,
    0xff, 0x00, 0xff, 0x00, 0xff, 0x00, 0xff, 0x00, 0xff, 0x00, 0xff, 0x00, 0x0f, 0x00, 0x01, 0x0d,
    0xee, 0x00, 0x03, 0x0d, 0xed, 0x00, 0x03, 0x0d, 0xed, 0x00, 0x03, 0x0d, 0xed, 0x00, 0x03, 0x0d,
    0xed, 0x00, 0x03, 0x0d, 0xe8, 0x00, 0x0d, 0x0d, 0xe2, 0x00, 0x0f, 0x0d, 0xe1, 0x00, 0x0f, 0x0d,
    0xe1, 0x00, 0x0f, 0x0d, 0xe7, 0x00, 0x03, 0x0d, 0xed, 0x00, 0x03, 0x0d, 0xed, 0x00, 0x03, 0x0d,
    0xed, 0x00, 0x03, 0x0d, 0xed, 0x00, 0x03, 0x0d, 0xed, 0x00, 0x03, 0x0d, 0xff, 0x00, 0xff, 0x00,
    0xff, 0x00, 0xff, 0x00, 0xff, 0x00, 0xff, 0x00, 0xff, 0x00, 0xff, 0x00, 0xff, 0x00, 0xff, 0x00,
    0xff, 0x00, 0xff, 0x00, 0xff, 0x00, 0xff, 0x00, 0xff, 0x00, 0xff, 0x00, 0xff, 0x00, 0xff, 0x00,
    0xff, 0x00, 0xff, 0x00, 0xff, 0x00, 0xff, 0x00, 0xff, 0x00, 0xff, 0x00, 0xff, 0x00, 0xff, 0x00,
    0xff, 0x00, 0xff, 0x00, 0x78, 0x00, 0xff, 0x00, 0xff, 0x00, 0xff, 0x00, 0xff, 0x00, 0xff, 0x00,
    0xff, 0x00, 0xff, 0x00, 0xff, 0x00, 0xff, 0x00, 0xff, 0x00, 0xff, 0x00, 0xff, 0x00, 0xff, 0x00,
    0xff, 0x00, 0xff, 0x00, 0xff, 0x00, 0xff, 0x00, 0xff, 0x00, 0xff, 0x00, 0xff, 0x00, 0xff, 0x00,
    0xff, 0x00, 0xff, 0x00, 0xff, 0x00, 0xff, 0x00, 0xff, 0x00, 0xff, 0x00, 0xff, 0x00, 0xff, 0x00,
    0xff, 0x00, 0xff, 0x00, 0xff, 0x00, 0xff, 0x00, 0xff, 0x00, 0x5a, 0x00, 0x01, 0x0d, 0xee, 0x00,
    0x03, 0x0d, 0xed, 0x00, 0x03, 0x0d, 0xed, 0x00, 0x03, 0x0d, 0xed, 0x00, 0x03, 0x0d, 0xed, 0x00,
    0x03, 0x0d, 0xe8, 0x00, 0x0d, 0x0d, 0xe2, 0x00, 0x0f, 0x0d, 0xe1, 0x00, 0x0f, 0x0d, 0xe1, 0x00,
    0x0f, 0x0d, 0xe7, 0x00, 0x03, 0x0d, 0xed, 0x00, 0x03, 0x0d, 0xed, 0x00, 0x03, 0x0d, 0xed, 0x00,
    0x03, 0x0d, 0xed, 0x00, 0x03, 0x0d, 0xed, 0x00, 0x03, 0x0d, 0xff, 0x00, 0xff, 0x00, 0xff, 0x00,
    0xff, 0x00, 0xff, 0x00, 0xff, 0x00, 0xff, 0x00, 0xff, 0x00, 0x68, 0x00, 0x1d, 0x0d, 0xcc, 0x00,
    0x2b, 0x0d, 0xbf, 0x00, 0x37, 0x0d, 0xb5, 0x00, 0x3f, 0x0d, 0xad, 0x00, 0x47, 0x0d, 0xa6, 0x00,
    0x4d, 0x0d, 0xa0, 0x00, 0x53, 0x0d, 0x9a, 0x00, 0x59, 0x0d, 0x94, 0x00, 0x5f, 0x0d, 0x8f, 0x00,
    0x63, 0x0d, 0x8b, 0x00, 0x67, 0x0d, 0x7b, 0x00, 0x01, 0x0d, 0x0b, 0x00, 0x6b, 0x0d, 0x78, 0x00,
    0x03, 0x0d, 0x08, 0x00, 0x6f, 0x0d, 0x76, 0x00, 0x03, 0x0d, 0x06, 0x00, 0x73, 0x0d, 0x74, 0x00,
    0x03, 0x0d, 0x04, 0x00, 0x77, 0x0d, 0x72, 0x00, 0x03, 0x0d, 0x02, 0x00, 0x7b, 0x0d, 0x70, 0x00,
    0x03, 0x0d, 0x01, 0x00, 0x7d, 0x0d, 0x6a, 0x00, 0x88, 0x0d, 0x67, 0x00, 0x8a, 0x0d, 0x66, 0x00,
    0x8c, 0x0d, 0x64, 0x00, 0x8d, 0x0d, 0x66, 0x00, 0x8b, 0x0d, 0x63, 0x00, 0x8f, 0x0d, 0x60, 0x00,
    0x91, 0x0d, 0x5e, 0x00, 0x93, 0x0d, 0x5c, 0x00, 0x95, 0x0d, 0x5a, 0x00, 0x97, 0x0d, 0x58, 0x00,
    0x99, 0x0d, 0x56, 0x00, 0x9b, 0x0d, 0x54, 0x00, 0x9d, 0x0d, 0x52, 0x00, 0x9f, 0x0d, 0x51, 0x00,
    0x9f, 0x0d, 0x50, 0x00, 0xa1, 0x0d, 0x4e, 0x00, 0xa3, 0x0d, 0x4c, 0x00, 0xa5, 0x0d, 0x4b, 0x00,
    0x52, 0x0d, 0x01, 0x00, 0x52, 0x0d, 0x4a, 0x00, 0x50, 0x0d, 0x07, 0x00, 0x50, 0x0d, 0x48, 0x00,
    0x4f, 0x0d, 0x0b, 0x00, 0x4f, 0x0d, 0x47, 0x00, 0x4d, 0x0d, 0x0f, 0x00, 0x4d, 0x0d, 0x46, 0x00,
    0x4d, 0x0d, 0x11, 0x00, 0x4d, 0x0d, 0x45, 0x00, 0x4d, 0x0d, 0x11, 0x00, 0x4d, 0x0d, 0x44, 0x00,
    0x4d, 0x0d, 0x13, 0x00, 0x4d, 0x0d, 0x43, 0x00, 0x4c, 0x0d, 0x15, 0x00, 0x4c, 0x0d, 0x42, 0x00,
    0x4c, 0x0d, 0x17, 0x00, 0x4c, 0x0d, 0x41, 0x00, 0x4c, 0x0d, 0x17, 0x00, 0x4c, 0x0d, 0x40, 0x00,
    0x4c, 0x0d, 0x19, 0x00, 0x4c, 0x0d, 0x3f, 0x00, 0x4c, 0x0d, 0x19, 0x00, 0x4c, 0x0d, 0x3f, 0x00,
    0x4c, 0x0d, 0x19, 0x00, 0x4c, 0x0d, 0x3e, 0x00, 0x4c, 0x0d, 0x1b, 0x00, 0x4c, 0x0d, 0x3d, 0x00,
    0x4c, 0x0d, 0x08, 0x00, 0x02, 0x03, 0x11, 0x00, 0x4c, 0x0d, 0x3d, 0x00, 0x4c, 0x0d, 0x06, 0x00,
    0x05, 0x03, 0x10, 0x00, 0x4c, 0x0d, 0x3d, 0x00, 0x4b, 0x0d, 0x07, 0x00, 0x06, 0x03, 0x10, 0x00,
    0x4b, 0x0d, 0x3c, 0x00, 0x4c, 0x0d, 0x06, 0x00, 0x07, 0x03, 0x10, 0x00, 0x4c, 0x0d, 0x3b, 0x00,
    0x4c, 0x0d, 0x07, 0x00, 0x06, 0x03, 0x10, 0x00, 0x4c, 0x0d, 0x3b, 0x00, 0x4c, 0x0d, 0x07, 0x00,
    0x05, 0x03, 0x11, 0x00, 0x4c, 0x0d, 0x3b, 0x00, 0x4c, 0x0d, 0x09, 0x00, 0x02, 0x03, 0x12, 0x00,
    0x4c, 0x0d, 0x3b, 0x00, 0x4b, 0x0d, 0x1f, 0x00, 0x4b, 0x0d, 0x3b, 0x00, 0x4b, 0x0d, 0x1f, 0x00,
    0x4b, 0x0d, 0x3b, 0x00, 0x4b, 0x0d, 0x1f, 0x00, 0x4b, 0x0d, 0x3b, 0x00, 0x4b, 0x0d, 0x1f, 0x00,
    0x4b, 0x0d, 0x3a, 0x00, 0x4c, 0x0d, 0x1f, 0x00, 0x4c, 0x0d, 0x3a, 0x00, 0x4b, 0x0d, 0x1f, 0x00,
    0x4b, 0x0d, 0x3b, 0x00, 0x4b, 0x0d, 0x1f, 0x00, 0x4b, 0x0d, 0x3b, 0x00, 0x4b, 0x0d, 0x1f, 0x00,
    0x4b, 0x0d, 0x3b, 0x00, 0x4b, 0x0d, 0x1f, 0x00, 0x4b, 0x0d, 0x3b, 0x00, 0x4c, 0x0d, 0x1d, 0x00,
    0x4c, 0x0d, 0x3b, 0x00, 0x4c, 0x0d, 0x1d, 0x00, 0x4c, 0x0d, 0x3b, 0x00, 0x4c, 0x0d, 0x1d, 0x00,
    0x4c, 0x0d, 0x3b, 0x00, 0x4c, 0x0d, 0x1d, 0x00, 0x4c, 0x0d, 0x3c, 0x00, 0x4b, 0x0d, 0x1d, 0x00,
    0x4b, 0x0d, 0x3d, 0x00, 0x4c, 0x0d, 0x1b, 0x00, 0x4c, 0x0d, 0x3d, 0x00, 0x4c, 0x0d, 0x1b, 0x00,
    0x4c, 0x0d, 0x3d, 0x00, 0x4c, 0x0d, 0x1b, 0x00, 0x4c, 0x0d, 0x3e, 0x00, 0x4c, 0x0d, 0x19, 0x00,
    0x4c, 0x0d, 0x3f, 0x00, 0x4c, 0x0d, 0x19, 0x00, 0x4c, 0x0d, 0x3f, 0x00, 0x4c, 0x0d, 0x19, 0x00,
    0x4c, 0x0d, 0x40, 0x00, 0x4c, 0x0d, 0x17, 0x00, 0x4c, 0x0d, 0x41, 0x00, 0x4c, 0x0d, 0x17, 0x00,
    0x4c, 0x0d, 0x42, 0x00, 0x4c, 0x0d, 0x15, 0x00, 0x4c, 0x0d, 0x43, 0x00, 0x4d, 0x0d, 0x13, 0x00,
    0x4d, 0x0d, 0x44, 0x00, 0x4d, 0x0d, 0x11, 0x00, 0x4d, 0x0d, 0x45, 0x00, 0x4d, 0x0d, 0x11, 0x00,
    0x4d, 0x0d, 0x46, 0x00, 0x4d, 0x0d, 0x0f, 0x00, 0x4d, 0x0d, 0x47, 0x00, 0x4f, 0x0d, 0x0b, 0x00,
    0x4f, 0x0d, 0x48, 0x00, 0x50, 0x0d, 0x07, 0x00, 0x50, 0x0d, 0x4a, 0x00, 0xa5, 0x0d, 0x4b, 0x00,
    0xa5, 0x0d, 0x4c, 0x00, 0xa3, 0x0d, 0x4e, 0x00, 0xa1, 0x0d, 0x50, 0x00, 0x9f, 0x0d, 0x51, 0x00,
    0x9f, 0x0d, 0x52, 0x00, 0x9d, 0x0d, 0x54, 0x00, 0x9b, 0x0d, 0x56, 0x00, 0x99, 0x0d, 0x58, 0x00,
    0x97, 0x0d, 0x5a, 0x00, 0x95, 0x0d, 0x5c, 0x00, 0x93, 0x0d, 0x5e, 0x00, 0x91, 0x0d, 0x60, 0x00,
    0x8f, 0x0d, 0x63, 0x00, 0x8b, 0x0d, 0x66, 0x00, 0x89, 0x0d, 0x68, 0x00, 0x87, 0x0d, 0x6b, 0x00,
    0x83, 0x0d, 0x6e, 0x00, 0x81, 0x0d, 0x71, 0x00, 0x7d, 0x0d, 0x74, 0x00, 0x7b, 0x0d, 0x77, 0x00,
    0x77, 0x0d, 0x7b, 0x00, 0x73, 0x0d, 0x7f, 0x00, 0x6f, 0x0d, 0x83, 0x00, 0x6b, 0x0d, 0x87, 0x00,
    0x67, 0x0d, 0x8b, 0x00, 0x63, 0x0d, 0x8f, 0x00, 0x5f, 0x0d, 0x94, 0x00, 0x59, 0x0d, 0x9a, 0x00,
    0x53, 0x0d, 0xa0, 0x00, 0x4d, 0x0d, 0xa6, 0x00, 0x47, 0x0d, 0xad, 0x00, 0x3f, 0x0d, 0xb5, 0x00,
    0x37, 0x0d, 0x94, 0x00, 0x01, 0x0d, 0x2a, 0x00, 0x2b, 0x0d, 0x99, 0x00, 0x03, 0x0d, 0x30, 0x00,
    0x1d, 0x0d, 0xa0, 0x00, 0x03, 0x0d, 0xed, 0x00, 0x03, 0x0d, 0xed, 0x00, 0x03, 0x0d, 0xed, 0x00,
    0x03, 0x0d, 0xe8, 0x00, 0x0d, 0x0d, 0xe2, 0x00, 0x0f, 0x0d, 0xe1, 0x00, 0x0f, 0x0d, 0xe1, 0x00,
    0x0f, 0x0d, 0xe7, 0x00, 0x03, 0x0d, 0xed, 0x00, 0x03, 0x0d, 0xed, 0x00, 0x03, 0x0d, 0xed, 0x00,
    0x03, 0x0d, 0xed, 0x00, 0x03, 0x0d, 0xed, 0x00, 0x03, 0x0d, 0xff, 0x00, 0xff, 0x00, 0xff, 0x00,
    0xff, 0x00, 0xff, 0x00, 0xff, 0x00, 0xff, 0x00, 0x0f, 0x00, 0x01, 0x0d, 0xee, 0x00, 0x03, 0x0d,
    0xed, 0x00, 0x03, 0x0d, 0xed, 0x00, 0x03, 0x0d, 0xed, 0x00, 0x03, 0x0d, 0xed, 0x00, 0x03, 0x0d,
    0xe8, 0x00, 0x0d, 0x0d, 0xe2, 0x00, 0x0f, 0x0d, 0xe1, 0x00, 0x0f, 0x0d, 0xe1, 0x00, 0x0f, 0x0d,
    0xe7, 0x00, 0x03, 0x0d, 0xed, 0x00, 0x03, 0x0d, 0xed, 0x00, 0x03, 0x0d, 0xed, 0x00, 0x03, 0x0d,
    0xed, 0x00, 0x03, 0x0d, 0xed, 0x00, 0x03, 0x0d, 0xff, 0x00, 0xff, 0x00, 0xff, 0x00, 0xff, 0x00,
    0xff, 0x00, 0xff, 0x00, 0xff, 0x00, 0xff, 0x00, 0xff, 0x00, 0xff, 0x00, 0xff, 0x00, 0xff, 0x00,
    0xff, 0x00, 0xff, 0x00, 0xff, 0x00, 0xff, 0x00, 0xff, 0x00, 0xff, 0x00, 0xff, 0x00, 0xff, 0x00,
    0xff, 0x00, 0xe1, 0x00, 0xff, 0x00, 0xff, 0x00, 0xff, 0x00, 0xff, 0x00, 0xff, 0x00, 0xff, 0x00,
    0xff, 0x00, 0xff, 0x00, 0xff, 0x00, 0xff, 0x00, 0xff, 0x00, 0xff, 0x00, 0xff, 0x00, 0xff, 0x00,
    0xff, 0x00, 0xff, 0x00, 0xff, 0x00, 0xff, 0x00, 0xff, 0x00, 0xff, 0x00, 0xff, 0x00, 0xff, 0x00,
    0xff, 0x00, 0xff, 0x00, 0xff, 0x00, 0xff, 0x00, 0xff, 0x00, 0xff, 0x00, 0xff, 0x00, 0xff, 0x00,
    0xff, 0x00, 0xff, 0x00, 0xff, 0x00, 0xff, 0x00, 0xff, 0x00, 0xff, 0x00, 0xff, 0x00, 0xff, 0x00,
    0xff, 0x00, 0xff, 0x00, 0xf0, 0x00, 0x01, 0x0d, 0xee, 0x00, 0x03, 0x0d, 0xed, 0x00, 0x03, 0x0d,
    0xed, 0x00, 0x03, 0x0d, 0xed, 0x00, 0x03, 0x0d, 0xed, 0x00, 0x03, 0x0d, 0xe8, 0x00, 0x0d, 0x0d,
    0xe2, 0x00, 0x0f, 0x0d, 0xe1, 0x00, 0x0f, 0x0d, 0xe1, 0x00, 0x0f, 0x0d, 0xe7, 0x00, 0x03, 0x0d,
    0xed, 0x00, 0x03, 0x0d, 0xed, 0x00, 0x03, 0x0d, 0xed, 0x00, 0x03, 0x0d, 0xed, 0x00, 0x03, 0x0d,
    0xed, 0x00, 0x03, 0x0d, 0xff, 0x00, 0xd1, 0x00, 0x1d, 0x0d, 0xcc, 0x00, 0x2b, 0x0d, 0xbf, 0x00,
    0x37, 0x0d, 0xb5, 0x00, 0x3f, 0x0d, 0xad, 0x00, 0x47, 0x0d, 0x1c, 0x00, 0x01, 0x0d, 0x89, 0x00,
    0x4d, 0x0d, 0x18, 0x00, 0x03, 0x0d, 0x85, 0x00, 0x53, 0x0d, 0x15, 0x00, 0x03, 0x0d, 0x82, 0x00,
    0x59, 0x0d, 0x12, 0x00, 0x03, 0x0d, 0x7f, 0x00, 0x5f, 0x0d, 0x0f, 0x00, 0x03, 0x0d, 0x7d, 0x00,
    0x63, 0x0d, 0x0d, 0x00, 0x03, 0x0d, 0x7b, 0x00, 0x67, 0x0d, 0x06, 0x00, 0x0d, 0x0d, 0x74, 0x00,
    0x6b, 0x0d, 0x03, 0x00, 0x0f, 0x0d, 0x71, 0x00, 0x6f, 0x0d, 0x01, 0x00, 0x0f, 0x0d, 0x6f, 0x00,
    0x81, 0x0d, 0x6d, 0x00, 0x77, 0x0d, 0x03, 0x00, 0x03, 0x0d, 0x71, 0x00, 0x7b, 0x0d, 0x01, 0x00,
    0x03, 0x0d, 0x70, 0x00, 0x80, 0x0d, 0x6e, 0x00, 0x82, 0x0d, 0x6d, 0x00, 0x83, 0x0d, 0x6b, 0x00,
    0x87, 0x0d, 0x68, 0x00, 0x89, 0x0d, 0x66, 0x00, 0x8b, 0x0d, 0x63, 0x00, 0x8f, 0x0d, 0x60, 0x00,
    0x91, 0x0d, 0x5e, 0x00, 0x93, 0x0d, 0x5c, 0x00, 0x95, 0x0d, 0x5a, 0x00, 0x97, 0x0d, 0x58, 0x00,
    0x99, 0x0d, 0x56, 0x00, 0x9b, 0x0d, 0x54, 0x00, 0x9d, 0x0d, 0x52, 0x00, 0x9f, 0x0d, 0x51, 0x00,
    0x9f, 0x0d, 0x50, 0x00, 0xa1, 0x0d, 0x4e, 0x00, 0xa3, 0x0d, 0x4c, 0x00, 0xa5, 0x0d, 0x4b, 0x00,
    0x52, 0x0d, 0x01, 0x00, 0x52, 0x0d, 0x4a, 0x00, 0x50, 0x0d, 0x07, 0x00, 0x50, 0x0d, 0x48, 0x00,
    0x4f, 0x0d, 0x0b, 0x00, 0x4f, 0x0d, 0x47, 0x00, 0x4d, 0x0d, 0x0f, 0x00, 0x4d, 0x0d, 0x46, 0x00,
    0x4d, 0x0d, 0x11, 0x00, 0x4d, 0x0d, 0x45, 0x00, 0x4d, 0x0d, 0x11, 0x00, 0x4d, 0x0d, 0x44, 0x00,
    0x4d, 0x0d, 0x13, 0x00, 0x4d, 0x0d, 0x43, 0x00, 0x4c, 0x0d, 0x15, 0x00, 0x4c, 0x0d, 0x42, 0x00,
    0x4c, 0x0d, 0x17, 0x00, 0x4c, 0x0d, 0x41, 0x00, 0x4c, 0x0d, 0x17, 0x00, 0x4c, 0x0d, 0x40, 0x00,
    0x4c, 0x0d, 0x19, 0x00, 0x4c, 0x0d, 0x3f, 0x00, 0x4c, 0x0d, 0x19, 0x00, 0x4c, 0x0d, 0x3f, 0x00,
    0x4c, 0x0d, 0x19, 0x00, 0x4c, 0x0d, 0x3e, 0x00, 0x4c, 0x0d, 0x1b, 0x00, 0x4c, 0x0d, 0x3d, 0x00,
    0x4c, 0x0d, 0x08, 0x00, 0x02, 0x03, 0x11, 0x00, 0x4c, 0x0d, 0x3d, 0x00, 0x4c, 0x0d, 0x06, 0x00,
    0x05, 0x03, 0x10, 0x00, 0x4c, 0x0d, 0x3d, 0x00, 0x4b, 0x0d, 0x07, 0x00, 0x06, 0x03, 0x10, 0x00,
    0x4b, 0x0d, 0x3c, 0x00, 0x4c, 0x0d, 0x06, 0x00, 0x07, 0x03, 0x10, 0x00, 0x4c, 0x0d, 0x3b, 0x00,
    0x4c, 0x0d, 0x07, 0x00, 0x06, 0x03, 0x10, 0x00, 0x4c, 0x0d, 0x3b, 0x00, 0x4c, 0x0d, 0x07, 0x00,
    0x05, 0x03, 0x11, 0x00, 0x4c, 0x0d, 0x3b, 0x00, 0x4c, 0x0d, 0x09, 0x00, 0x02, 0x03, 0x12, 0x00,
    0x4c, 0x0d, 0x3b, 0x00, 0x4b, 0x0d, 0x1f, 0x00, 0x4b, 0x0d, 0x3b, 0x00, 0x4b, 0x0d, 0x1f, 0x00,
    0x4b, 0x0d, 0x3b, 0x00, 0x4b, 0x0d, 0x1f, 0x00, 0x4b, 0x0d, 0x3b, 0x00, 0x4b, 0x0d, 0x1f, 0x00,
    0x4b, 0x0d, 0x3a, 0x00, 0x4c, 0x0d, 0x1f, 0x00, 0x4c, 0x0d, 0x3a, 0x00, 0x4b, 0x0d, 0x1f, 0x00,
    0x4b, 0x0d, 0x3b, 0x00, 0x4b, 0x0d, 0x1f, 0x00, 0x4b, 0x0d, 0x3b, 0x00, 0x4b, 0x0d, 0x1f, 0x00,
    0x4b, 0x0d, 0x3b, 0x00, 0x4b, 0x0d, 0x1f, 0x00, 0x4b, 0x0d, 0x3b, 0x00, 0x4c, 0x0d, 0x1d, 0x00,
    0x4c, 0x0d, 0x3b, 0x00, 0x4c, 0x0d, 0x1d, 0x00, 0x4c, 0x0d, 0x3b, 0x00, 0x4c, 0x0d, 0x1d, 0x00,
    0x4c, 0x0d, 0x3b, 0x00, 0x4c, 0x0d, 0x1d, 0x00, 0x4c, 0x0d, 0x3c, 0x00, 0x4b, 0x0d, 0x1d, 0x00,
    0x4b, 0x0d, 0x3d, 0x00, 0x4c, 0x0d, 0x1b, 0x00, 0x4c, 0x0d, 0x3d, 0x00, 0x4c, 0x0d, 0x1b, 0x00,
    0x4c, 0x0d, 0x3d, 0x00, 0x4c, 0x0d, 0x1b, 0x00, 0x4c, 0x0d, 0x3e, 0x00, 0x4c, 0x0d, 0x19, 0x00,
    0x4c, 0x0d, 0x3f, 0x00, 0x4c, 0x0d, 0x19, 0x00, 0x4c, 0x0d, 0x3f, 0x00, 0x4c, 0x0d, 0x19, 0x00,
    0x4c, 0x0d, 0x40, 0x00, 0x4c, 0x0d, 0x17, 0x00, 0x4c, 0x0d, 0x41, 0x00, 0x4c, 0x0d, 0x17, 0x00,
    0x4c, 0x0d, 0x42, 0x00, 0x4c, 0x0d, 0x15, 0x00, 0x4c, 0x0d, 0x43, 0x00, 0x4d, 0x0d, 0x13, 0x00,
    0x4d, 0x0d, 0x44, 0x00, 0x4d, 0x0d, 0x11, 0x00, 0x4d, 0x0d, 0x45, 0x00, 0x4d, 0x0d, 0x11, 0x00,
    0x4d, 0x0d, 0x46, 0x00, 0x4d, 0x0d, 0x0f, 0x00, 0x4d, 0x0d, 0x47, 0x00, 0x4f, 0x0d, 0x0b, 0x00,
    0x4f, 0x0d, 0x48, 0x00, 0x50, 0x0d, 0x07, 0x00, 0x50, 0x0d, 0x4a, 0x00, 0xa5, 0x0d, 0x4b, 0x00,
    0xa5, 0x0d, 0x4c, 0x00, 0xa3, 0x0d, 0x4e, 0x00, 0xa1, 0x0d, 0x50, 0x00, 0x9f, 0x0d, 0x51, 0x00,
    0x9f, 0x0d, 0x52, 0x00, 0x9d, 0x0d, 0x54, 0x00, 0x9b, 0x0d, 0x56, 0x00, 0x99, 0x0d, 0x58, 0x00,
    0x97, 0x0d, 0x5a, 0x00, 0x95, 0x0d, 0x5c, 0x00, 0x93, 0x0d, 0x5e, 0x00, 0x91, 0x0d, 0x60, 0x00,
    0x8f, 0x0d, 0x63, 0x00, 0x8b, 0x0d, 0x66, 0x00, 0x89, 0x0d, 0x68, 0x00, 0x87, 0x0d, 0x6b, 0x00,
    0x83, 0x0d, 0x6e, 0x00, 0x81, 0x0d, 0x71, 0x00, 0x7d, 0x0d, 0x74, 0x00, 0x7b, 0x0d, 0x77, 0x00,
    0x77, 0x0d, 0x7b, 0x00, 0x73, 0x0d, 0x7f, 0x00, 0x6f, 0x0d, 0x83, 0x00, 0x6b, 0x0d, 0x87, 0x00,
    0x67, 0x0d, 0x8b, 0x00, 0x63, 0x0d, 0x8f, 0x00, 0x5f, 0x0d, 0x94, 0x00, 0x59, 0x0d, 0x9a, 0x00,
    0x53, 0x0d, 0xa0, 0x00, 0x4d, 0x0d, 0xa6, 0x00, 0x47, 0x0d, 0xad, 0x00, 0x3f, 0x0d, 0xb5, 0x00,
    0x37, 0x0d, 0xbf, 0x00, 0x2b, 0x0d, 0xcc, 0x00, 0x1d, 0x0d, 0xff, 0x00, 0xff, 0x00, 0xff, 0x00,
    0xff, 0x00, 0xff, 0x00, 0x56, 0x00, 0x01, 0x0d, 0xee, 0x00, 0x03, 0x0d, 0xed, 0x00, 0x03, 0x0d,
    0xed, 0x00, 0x03, 0x0d, 0xed, 0x00, 0x03, 0x0d, 0xed, 0x00, 0x03, 0x0d, 0xe8, 0x00, 0x0d, 0x0d,
    0xe2, 0x00, 0x0f, 0x0d, 0xe1, 0x00, 0x0f, 0x0d, 0xe1, 0x00, 0x0f, 0x0d, 0xe7, 0x00, 0x03, 0x0d,
    0xed, 0x00, 0x03, 0x0d, 0xed, 0x00, 0x03, 0x0d, 0xed, 0x00, 0x03, 0x0d, 0xed, 0x00, 0x03, 0x0d,
    0xed, 0x00, 0x03, 0x0d, 0xff, 0x00, 0xff, 0x00, 0xff, 0x00, 0xff, 0x00, 0xff, 0x00, 0xff, 0x00,
    0xff, 0x00, 0x0f, 0x00, 0x01, 0x0d, 0xee, 0x00, 0x03, 0x0d, 0xed, 0x00, 0x03, 0x0d, 0xed, 0x00,
    0x03, 0x0d, 0xed, 0x00, 0x03, 0x0d, 0xed, 0x00, 0x03, 0x0d, 0xe8, 0x00, 0x0d, 0x0d, 0xe2, 0x00,
    0x0f, 0x0d, 0xe1, 0x00, 0x0f, 0x0d, 0xe1, 0x00, 0x0f, 0x0d, 0xe7, 0x00, 0x03, 0x0d, 0xed, 0x00,
    0x03, 0x0d, 0xed, 0x00, 0x03, 0x0d, 0xed, 0x00, 0x03, 0x0d, 0xed, 0x00, 0x03, 0x0d, 0xed, 0x00,
    0x02, 0x0d, 0xff, 0x00, 0xff, 0x00, 0xff, 0x00, 0xff, 0x00, 0xff, 0x00, 0xff, 0x00, 0xff, 0x00,
    0xff, 0x00, 0xff, 0x00, 0xff, 0x00, 0xff, 0x00, 0xff, 0x00, 0xff, 0x00, 0xff, 0x00, 0xff, 0x00,
    0x4c, 0x00, 0xff, 0x00, 0xff, 0x00, 0xff, 0x00, 0xff, 0x00, 0xff, 0x00, 0xff, 0x00, 0xff, 0x00,
    0xff, 0x00, 0xff, 0x00, 0xff, 0x00, 0xff, 0x00, 0xff, 0x00, 0xff, 0x00, 0xff, 0x00, 0xff, 0x00,
    0xff, 0x00, 0xff, 0x00, 0xff, 0x00, 0xff, 0x00, 0xff, 0x00, 0xff, 0x00, 0xff, 0x00, 0xff, 0x00,
    0xff, 0x00, 0xff, 0x00, 0xff, 0x00, 0xff, 0x00, 0xff, 0x00, 0xff, 0x00, 0xff, 0x00, 0xff, 0x00,
    0xff, 0x00, 0xff, 0x00, 0xff, 0x00, 0xff, 0x00, 0xff, 0x00, 0xff, 0x00, 0xff, 0x00, 0xff, 0x00,
    0xff, 0x00, 0xff, 0x00, 0xff, 0x00, 0xff, 0x00, 0xff, 0x00, 0xff, 0x00, 0xff, 0x00, 0xff, 0x00,
    0xff, 0x00, 0xff, 0x00, 0xff, 0x00, 0xff, 0x00, 0xff, 0x00, 0xff, 0x00, 0xff, 0x00, 0xff, 0x00,
    0xff, 0x00, 0xff, 0x00, 0xff, 0x00, 0xff, 0x00, 0xff, 0x00, 0xff, 0x00, 0xff, 0x00, 0xff, 0x00,
    0xff, 0x00, 0xff, 0x00, 0xff, 0x00, 0xff, 0x00, 0xff, 0x00, 0xff, 0x00, 0xff, 0x00, 0xff, 0x00,
    0xff, 0x00, 0xff, 0x00, 0xca, 0x00, 0x2f, 0x01, 0xb7, 0x00, 0x43, 0x01, 0xa6, 0x00, 0x51, 0x01,
    0x99, 0x00, 0x5d, 0x01, 0x8e, 0x00, 0x67, 0x01, 0x85, 0x00, 0x6f, 0x01, 0x7d, 0x00, 0x77, 0x01,
    0x76, 0x00, 0x7d, 0x01, 0x70, 0x00, 0x83, 0x01, 0x6b, 0x00, 0x87, 0x01, 0x66, 0x00, 0x8d, 0x01,
    0x61, 0x00, 0x91, 0x01, 0x5d, 0x00, 0x95, 0x01, 0x5a, 0x00, 0x97, 0x01, 0x57, 0x00, 0x4d, 0x01,
    0x01, 0x00, 0x4d, 0x01, 0x53, 0x00, 0x4d, 0x01, 0x05, 0x00, 0x4d, 0x01, 0x50, 0x00, 0x4b, 0x01,
    0x0b, 0x00, 0x4b, 0x01, 0x4e, 0x00, 0x4b, 0x01, 0x0d, 0x00, 0x4b, 0x01, 0x4c, 0x00, 0x4b, 0x01,
    0x0f, 0x00, 0x4b, 0x01, 0x4a, 0x00, 0x4b, 0x01, 0x11, 0x00, 0x4b, 0x01, 0x48, 0x00, 0x4b, 0x01,
    0x13, 0x00, 0x4b, 0x01, 0x46, 0x00, 0x4b, 0x01, 0x15, 0x00, 0x4b, 0x01, 0x44, 0x00, 0x4b, 0x01,
    0x17, 0x00, 0x4b, 0x01, 0x42, 0x00, 0x4c, 0x01, 0x17, 0x00, 0x4c, 0x01, 0x41, 0x00, 0x4b, 0x01,
    0x19, 0x00, 0x4b, 0x01, 0x40, 0x00, 0x4b, 0x01, 0x1b, 0x00, 0x4b, 0x01, 0x3f, 0x00, 0x4b, 0x01,
    0x1b, 0x00, 0x4b, 0x01, 0x3e, 0x00, 0x4c, 0x01, 0x1b, 0x00, 0x4c, 0x01, 0x3d, 0x00, 0x4b, 0x01,
    0x1d, 0x00, 0x4b, 0x01, 0x3d, 0x00, 0x4b, 0x01, 0x1d, 0x00, 0x4b, 0x01, 0x3d, 0x00, 0x4a, 0x01,
    0x09, 0x00, 0x03, 0x03, 0x13, 0x00, 0x4a, 0x01, 0x3c, 0x00, 0x4b, 0x01, 0x07, 0x00, 0x06, 0x03,
    0x12, 0x00, 0x4b, 0x01, 0x3b, 0x00, 0x4b, 0x01, 0x07, 0x00, 0x07, 0x03, 0x11, 0x00, 0x4b, 0x01,
    0x3b, 0x00, 0x4b, 0x01, 0x07, 0x00, 0x07, 0x03, 0x11, 0x00, 0x4b, 0x01, 0x3b, 0x00, 0x4b, 0x01,
    0x07, 0x00, 0x07, 0x03, 0x11, 0x00, 0x4b, 0x01, 0x3b, 0x00, 0x4a, 0x01, 0x08, 0x00, 0x06, 0x03,
    0x13, 0x00, 0x4a, 0x01, 0x3b, 0x00, 0x4a, 0x01, 0x09, 0x00, 0x04, 0x03, 0x14, 0x00, 0x4a, 0x01,
    0x3b, 0x00, 0x4a, 0x01, 0x21, 0x00, 0x4a, 0x01, 0x3b, 0x00, 0x4a, 0x01, 0x21, 0x00, 0x4a, 0x01,
    0x3b, 0x00, 0x4a, 0x01, 0x21, 0x00, 0x4a, 0x01, 0x3b, 0x00, 0x4a, 0x01, 0x21, 0x00, 0x4a, 0x01,
    0x3b, 0x00, 0x4a, 0x01, 0x21, 0x00, 0x4a, 0x01, 0x3a, 0x00, 0x4b, 0x01, 0x21, 0x00, 0x4b, 0x01,
    0x3a, 0x00, 0x4a, 0x01, 0x21, 0x00, 0x4a, 0x01, 0x3b, 0x00, 0x4a, 0x01, 0x21, 0x00, 0x4a, 0x01,
    0x3b, 0x00, 0x4a, 0x01, 0x21, 0x00, 0x4a, 0x01, 0x3b, 0x00, 0x4a, 0x01, 0x21, 0x00, 0x4a, 0x01,
    0x3b, 0x00, 0x4a, 0x01, 0x21, 0x00, 0x4a, 0x01, 0x3b, 0x00, 0x4a, 0x01, 0x21, 0x00, 0x4a, 0x01,
    0x3b, 0x00, 0x4a, 0x01, 0x21, 0x00, 0x4a, 0x01, 0x3b, 0x00, 0x4b, 0x01, 0x1f, 0x00, 0x4b, 0x01,
    0x3b, 0x00, 0x4b, 0x01, 0x1f, 0x00, 0x4b, 0x01, 0x3b, 0x00, 0x4b, 0x01, 0x1f, 0x00, 0x4b, 0x01,
    0x3b, 0x00, 0x4b, 0x01, 0x1f, 0x00, 0x4b, 0x01, 0x3c, 0x00, 0x4a, 0x01, 0x1f, 0x00, 0x4a, 0x01,
    0x3d, 0x00, 0x4b, 0x01, 0x1d, 0x00, 0x4b, 0x01, 0x3d, 0x00, 0x4b, 0x01, 0x1d, 0x00, 0x4b, 0x01,
    0x3d, 0x00, 0x4c, 0x01, 0x1b, 0x00, 0x4c, 0x01, 0x3e, 0x00, 0x4b, 0x01, 0x1b, 0x00, 0x4b, 0x01,
    0x3f, 0x00, 0x4b, 0x01, 0x1b, 0x00, 0x4b, 0x01, 0x40, 0x00, 0x4b, 0x01, 0x19, 0x00, 0x4b, 0x01,
    0x41, 0x00, 0x4c, 0x01, 0x17, 0x00, 0x4c, 0x01, 0x42, 0x00, 0x4b, 0x01, 0x17, 0x00, 0x4b, 0x01,
    0x44, 0x00, 0x4b, 0x01, 0x15, 0x00, 0x4b, 0x01, 0x46, 0x00, 0x4b, 0x01, 0x13, 0x00, 0x4b, 0x01,
    0x48, 0x00, 0x4b, 0x01, 0x11, 0x00, 0x4b, 0x01, 0x4a, 0x00, 0x4b, 0x01, 0x0f, 0x00, 0x4b, 0x01,
    0x4c, 0x00, 0x4b, 0x01, 0x0d, 0x00, 0x4b, 0x01, 0x4e, 0x00, 0x4b, 0x01, 0x0b, 0x00, 0x4b, 0x01,
    0x50, 0x00, 0x4d, 0x01, 0x05, 0x00, 0x4d, 0x01, 0x53, 0x00, 0x9b, 0x01, 0x57, 0x00, 0x97, 0x01,
    0x5a, 0x00, 0x95, 0x01, 0x5d, 0x00, 0x91, 0x01, 0x61, 0x00, 0x8d, 0x01, 0x66, 0x00, 0x87, 0x01,
    0x6b, 0x00, 0x83, 0x01, 0x70, 0x00, 0x7d, 0x01, 0x76, 0x00, 0x77, 0x01, 0x7d, 0x00, 0x6f, 0x01,
    0x85, 0x00, 0x67, 0x01, 0x8e, 0x00, 0x5d, 0x01, 0x99, 0x00, 0x51, 0x01, 0xa6, 0x00, 0x43, 0x01,
    0xb7, 0x00, 0x2f, 0x01, 0xff, 0x00, 0xff, 0x00, 0xff, 0x00, 0xff, 0x00, 0xff, 0x00, 0xff, 0x00,
    0xff, 0x00, 0xff, 0x00, 0xff, 0x00, 0xff, 0x00, 0xff, 0x00, 0xff, 0x00, 0xff, 0x00, 0xff, 0x00,
    0xff, 0x00, 0xff, 0x00, 0xff, 0x00, 0xff, 0x00, 0xff, 0x00, 0xff, 0x00, 0xff, 0x00, 0xff, 0x00,
    0xff, 0x00, 0xff, 0x00, 0xff, 0x00, 0xff, 0x00, 0xff, 0x00, 0xff, 0x00, 0xff, 0x00, 0xff, 0x00,
    0xff, 0x00, 0xff, 0x00, 0xff, 0x00, 0xff, 0x00, 0xff, 0x00, 0xff, 0x00, 0xff, 0x00, 0xff, 0x00,
    0xff, 0x00, 0xff, 0x00, 0xff, 0x00, 0xff, 0x00, 0xff, 0x00, 0xff, 0x00, 0xff, 0x00, 0xff, 0x00,
    0xff, 0x00, 0xff, 0x00, 0xff, 0x00, 0xff, 0x00, 0xff, 0x00, 0xff, 0x00, 0xff, 0x00, 0xff, 0x00,
    0xff, 0x00, 0xff, 0x00, 0xff, 0x00, 0xff, 0x00, 0xff, 0x00, 0xff, 0x00, 0xff, 0x00, 0xff, 0x00,
    0xff, 0x00, 0xff, 0x00, 0xff, 0x00, 0xff, 0x00, 0xff, 0x00, 0xff, 0x00, 0xff, 0x00, 0xff, 0x00,
    0xff, 0x00, 0xff, 0x00, 0xd8, 0x00, 0xff, 0x00, 0xff, 0x00, 0xff, 0x00, 0xff, 0x00, 0xff, 0x00,
    0xff, 0x00, 0xff, 0x00, 0xff, 0x00, 0xff, 0x00, 0xff, 0x00, 0xff, 0x00, 0xff, 0x00, 0xff, 0x00,
    0xff, 0x00, 0xff, 0x00, 0xff, 0x00, 0xff, 0x00, 0xff, 0x00, 0xff, 0x00, 0xff, 0x00, 0xff, 0x00,
    0xff, 0x00, 0xff, 0x00, 0xff, 0x00, 0xff, 0x00, 0xff, 0x00, 0xff, 0x00, 0xff, 0x00, 0xff, 0x00,
    0xff, 0x00, 0xff, 0x00, 0xff, 0x00, 0xff, 0x00, 0xff, 0x00, 0xff, 0x00, 0xff, 0x00, 0xff, 0x00,
    0xff, 0x00, 0xff, 0x00, 0xff, 0x00, 0xff, 0x00, 0xff, 0x00, 0xff, 0x00, 0xff, 0x00, 0xff, 0x00,
    0xff, 0x00, 0xff, 0x00, 0xff, 0x00, 0xff, 0x00, 0xff, 0x00, 0xff, 0x00, 0xff, 0x00, 0xff, 0x00,
    0xff, 0x00, 0xff, 0x00, 0xff, 0x00, 0xff, 0x00, 0xff, 0x00, 0xff, 0x00, 0xff, 0x00, 0xff, 0x00,
    0xff, 0x00, 0xff, 0x00, 0xff, 0x00, 0xff, 0x00, 0x5f, 0x00, 0x15, 0x01, 0xce, 0x00, 0x2f, 0x01,
    0xb9, 0x00, 0x3f, 0x01, 0xab, 0x00, 0x4b, 0x01, 0xa0, 0x00, 0x55, 0x01, 0x96, 0x00, 0x5f, 0x01,
    0x8e, 0x00, 0x65, 0x01, 0x87, 0x00, 0x6d, 0x01, 0x80, 0x00, 0x73, 0x01, 0x7b, 0x00, 0x77, 0x01,
    0x76, 0x00, 0x7d, 0x01, 0x71, 0x00, 0x81, 0x01, 0x6d, 0x00, 0x85, 0x01, 0x69, 0x00, 0x89, 0x01,
    0x65, 0x00, 0x8d, 0x01, 0x61, 0x00, 0x91, 0x01, 0x5e, 0x00, 0x93, 0x01, 0x5b, 0x00, 0x97, 0x01,
    0x58, 0x00, 0x99, 0x01, 0x55, 0x00, 0x9d, 0x01, 0x52, 0x00, 0x9f, 0x01, 0x50, 0x00, 0xa1, 0x01,
    0x4e, 0x00, 0xa3, 0x01, 0x4c, 0x00, 0xa5, 0x01, 0x4a, 0x00, 0xa7, 0x01, 0x48, 0x00, 0xa9, 0x01,
    0x47, 0x00, 0xa9, 0x01, 0x46, 0x00, 0xab, 0x01, 0x44, 0x00, 0xad, 0x01, 0x43, 0x00, 0x56, 0x01,
    0x01, 0x00, 0x56, 0x01, 0x42, 0x00, 0x55, 0x01, 0x05, 0x00, 0x55, 0x01, 0x41, 0x00, 0x53, 0x01,
    0x09, 0x00, 0x53, 0x01, 0x40, 0x00, 0x52, 0x01, 0x0d, 0x00, 0x52, 0x01, 0x3f, 0x00, 0x51, 0x01,
    0x0f, 0x00, 0x51, 0x01, 0x3f, 0x00, 0x50, 0x01, 0x11, 0x00, 0x50, 0x01, 0x3e, 0x00, 0x50, 0x01,
    0x13, 0x00, 0x50, 0x01, 0x3d, 0x00, 0x4f, 0x01, 0x15, 0x00, 0x4f, 0x01, 0x3d, 0x00, 0x4e, 0x01,
    0x17, 0x00, 0x4e, 0x01, 0x3d, 0x00, 0x4e, 0x01, 0x17, 0x00, 0x4e, 0x01, 0x3d, 0x00, 0x4d, 0x01,
    0x19, 0x00, 0x4d, 0x01, 0x3c, 0x00, 0x4d, 0x01, 0x1b, 0x00, 0x4d, 0x01, 0x3b, 0x00, 0x4d, 0x01,
    0x1b, 0x00, 0x4d, 0x01, 0x3b, 0x00, 0x4d, 0x01, 0x1b, 0x00, 0x4d, 0x01, 0x3b, 0x00, 0x4c, 0x01,
    0x1d, 0x00, 0x4c, 0x01, 0x3b, 0x00, 0x4c, 0x01, 0x1d, 0x00, 0x4c, 0x01, 0x3b, 0x00, 0x4c, 0x01,
    0x08, 0x00, 0x03, 0x03, 0x12, 0x00, 0x4c, 0x01, 0x3b, 0x00, 0x4b, 0x01, 0x08, 0x00, 0x05, 0x03,
    0x12, 0x00, 0x4b, 0x01, 0x3b, 0x00, 0x4b, 0x01, 0x07, 0x00, 0x07, 0x03, 0x11, 0x00, 0x4b, 0x01,
    0x3b, 0x00, 0x4b, 0x01, 0x07, 0x00, 0x07, 0x03, 0x11, 0x00, 0x4b, 0x01, 0x3b, 0x00, 0x4b, 0x01,
    0x07, 0x00, 0x07, 0x03, 0x11, 0x00, 0x4b, 0x01, 0x3b, 0x00, 0x4a, 0x01, 0x08, 0x00, 0x06, 0x03,
    0x13, 0x00, 0x4a, 0x01, 0x3a, 0x00, 0x4b, 0x01, 0x09, 0x00, 0x04, 0x03, 0x14, 0x00, 0x4b, 0x01,
    0x3a, 0x00, 0x4a, 0x01, 0x21, 0x00, 0x4a, 0x01, 0x3b, 0x00, 0x4a, 0x01, 0x21, 0x00, 0x4a, 0x01,
    0x3b, 0x00, 0x4a, 0x01, 0x21, 0x00, 0x4a, 0x01, 0x3b, 0x00, 0x4a, 0x01, 0x21, 0x00, 0x4a, 0x01,
    0x3b, 0x00, 0x4a, 0x01, 0x21, 0x00, 0x4a, 0x01, 0x3b, 0x00, 0x4a, 0x01, 0x21, 0x00, 0x4a, 0x01,
    0x3b, 0x00, 0x4a, 0x01, 0x21, 0x00, 0x4a, 0x01, 0x3b, 0x00, 0x4a, 0x01, 0x21, 0x00, 0x4a, 0x01,
    0x3b, 0x00, 0x4a, 0x01, 0x21, 0x00, 0x4a, 0x01, 0x3b, 0x00, 0x4a, 0x01, 0x21, 0x00, 0x4a, 0x01,
    0x3b, 0x00, 0x4a, 0x01, 0x21, 0x00, 0x4a, 0x01, 0x3c, 0x00, 0x49, 0x01, 0x21, 0x00, 0x49, 0x01,
    0x3d, 0x00, 0x49, 0x01, 0x21, 0x00, 0x49, 0x01, 0x3d, 0x00, 0x4a, 0x01, 0x1f, 0x00, 0x4a, 0x01,
    0x3d, 0x00, 0x4a, 0x01, 0x1f, 0x00, 0x4a, 0x01, 0x3d, 0x00, 0x4a, 0x01, 0x1f, 0x00, 0x4a, 0x01,
    0x3e, 0x00, 0x49, 0x01, 0x1f, 0x00, 0x49, 0x01, 0x3f, 0x00, 0x49, 0x01, 0x1f, 0x00, 0x49, 0x01,
    0x3f, 0x00, 0x4a, 0x01, 0x1d, 0x00, 0x4a, 0x01, 0x40, 0x00, 0x49, 0x01, 0x1d, 0x00, 0x49, 0x01,
    0x41, 0x00, 0x4a, 0x01, 0x1b, 0x00, 0x4a, 0x01, 0x42, 0x00, 0x49, 0x01, 0x1b, 0x00, 0x49, 0x01,
    0x43, 0x00, 0x49, 0x01, 0x1b, 0x00, 0x49, 0x01, 0x44, 0x00, 0x49, 0x01, 0x19, 0x00, 0x49, 0x01,
    0x46, 0x00, 0x48, 0x01, 0x19, 0x00, 0x48, 0x01, 0x47, 0x00, 0x49, 0x01, 0x17, 0x00, 0x49, 0x01,
    0x48, 0x00, 0x49, 0x01, 0x15, 0x00, 0x49, 0x01, 0x4a, 0x00, 0x49, 0x01, 0x13, 0x00, 0x49, 0x01,
    0x4c, 0x00, 0x48, 0x01, 0x13, 0x00, 0x48, 0x01, 0x4e, 0x00, 0x48, 0x01, 0x11, 0x00, 0x48, 0x01,
    0x50, 0x00, 0x49, 0x01, 0x0d, 0x00, 0x49, 0x01, 0x52, 0x00, 0x49, 0x01, 0x0b, 0x00, 0x49, 0x01,
    0x55, 0x00, 0x4a, 0x01, 0x05, 0x00, 0x4a, 0x01, 0x58, 0x00, 0x97, 0x01, 0x5b, 0x00, 0x93, 0x01,
    0x5e, 0x00, 0x91, 0x01, 0x61, 0x00, 0x8d, 0x01, 0x65, 0x00, 0x89, 0x01, 0x69, 0x00, 0x85, 0x01,
    0x6d, 0x00, 0x81, 0x01, 0x71, 0x00, 0x7d, 0x01, 0x76, 0x00, 0x77, 0x01, 0x7b, 0x00, 0x73, 0x01,
    0x80, 0x00, 0x6d, 0x01, 0x87, 0x00, 0x65, 0x01, 0x8e, 0x00, 0x5f, 0x01, 0x96, 0x00, 0x55, 0x01,
    0xa0, 0x00, 0x4b, 0x01, 0xab, 0x00, 0x3f, 0x01, 0xb9, 0x00, 0x2f, 0x01, 0xce, 0x00, 0x15, 0x01,
    0xff, 0x00, 0xff, 0x00, 0xff, 0x00, 0xff, 0x00, 0xff, 0x00, 0xff, 0x00, 0xff, 0x00, 0xff, 0x00,
    0xff, 0x00, 0xff, 0x00, 0xff, 0x00, 0xff, 0x00, 0xff, 0x00, 0xff, 0x00, 0xff, 0x00, 0xff, 0x00,
    0xff, 0x00, 0xff, 0x00, 0xff, 0x00, 0xff, 0x00, 0xff, 0x00, 0xff, 0x00, 0xff, 0x00, 0xff, 0x00,
    0xff, 0x00, 0xff, 0x00, 0xff, 0x00, 0xff, 0x00, 0xff, 0x00, 0xff, 0x00, 0xff, 0x00, 0xff, 0x00,
    0xff, 0x00, 0xff, 0x00, 0xff, 0x00, 0xff, 0x00, 0xff, 0x00, 0xff, 0x00, 0xff, 0x00, 0xff, 0x00,
    0xff, 0x00, 0xff, 0x00, 0xff, 0x00, 0xff, 0x00, 0xff, 0x00, 0xff, 0x00, 0xff, 0x00, 0xff, 0x00,
    0xff, 0x00, 0xff, 0x00, 0xff, 0x00, 0xff, 0x00, 0xff, 0x00, 0xff, 0x00, 0xff, 0x00, 0xff, 0x00,
    0xff, 0x00, 0xff, 0x00, 0xff, 0x00, 0xff, 0x00, 0xff, 0x00, 0xff, 0x00, 0xff, 0x00, 0xff, 0x00,
    0x6d, 0x00, 0xff, 0x00, 0xff, 0x00, 0xff, 0x00, 0xff, 0x00, 0xff, 0x00, 0xff, 0x00, 0xff, 0x00,
    0xff, 0x00, 0xff, 0x00, 0xff, 0x00, 0xff, 0x00, 0xff, 0x00, 0xff, 0x00, 0xff, 0x00, 0xff, 0x00,
    0xff, 0x00, 0xff, 0x00, 0xff, 0x00, 0xff, 0x00, 0xff, 0x00, 0xff, 0x00, 0xff, 0x00, 0xff, 0x00,
    0xff, 0x00, 0xff, 0x00, 0xff, 0x00, 0xff, 0x00, 0xff, 0x00, 0xff, 0x00, 0xff, 0x00, 0xff, 0x00,
    0xff, 0x00, 0xff, 0x00, 0xff, 0x00, 0xff, 0x00, 0xff, 0x00, 0xff, 0x00, 0xff, 0x00, 0xff, 0x00,
    0xff, 0x00, 0xff, 0x00, 0xff, 0x00, 0xff, 0x00, 0xff, 0x00, 0xff, 0x00, 0xff, 0x00, 0xff, 0x00,
    0xff, 0x00, 0xff, 0x00, 0xff, 0x00, 0xff, 0x00, 0xff, 0x00, 0xff, 0x00, 0xff, 0x00, 0xff, 0x00,
    0xff, 0x00, 0xff, 0x00, 0xff, 0x00, 0xff, 0x00, 0xff, 0x00, 0xff, 0x00, 0xff, 0x00, 0xff, 0x00,
    0xff, 0x00, 0xff, 0x00, 0xff, 0x00, 0xff, 0x00, 0xff, 0x00, 0xff, 0x00, 0xff, 0x00, 0xff, 0x00,
    0xff, 0x00, 0xff, 0x00, 0xff, 0x00, 0xff, 0x00, 0xff, 0x00, 0xff, 0x00, 0xff, 0x00, 0xff, 0x00,
    0xff, 0x00, 0xff, 0x00, 0x53, 0x00, 0x16, 0x01, 0x01, 0x00, 0x16, 0x01, 0xb5, 0x00, 0x22, 0x01,
    0x05, 0x00, 0x22, 0x01, 0x9e, 0x00, 0x28, 0x01, 0x0b, 0x00, 0x28, 0x01, 0x8e, 0x00, 0x2e, 0x01,
    0x0d, 0x00, 0x2e, 0x01, 0x82, 0x00, 0x31, 0x01, 0x11, 0x00, 0x31, 0x01, 0x78, 0x00, 0x35, 0x01,
    0x13, 0x00, 0x35, 0x01, 0x70, 0x00, 0x38, 0x01, 0x13, 0x00, 0x38, 0x01, 0x69, 0x00, 0x3b, 0x01,
    0x15, 0x00, 0x3b, 0x01, 0x62, 0x00, 0x3d, 0x01, 0x17, 0x00, 0x3d, 0x01, 0x5d, 0x00, 0x3e, 0x01,
    0x19, 0x00, 0x3e, 0x01, 0x59, 0x00, 0x40, 0x01, 0x19, 0x00, 0x40, 0x01, 0x55, 0x00, 0x41, 0x01,
    0x1b, 0x00, 0x41, 0x01, 0x51, 0x00, 0x43, 0x01, 0x1b, 0x00, 0x43, 0x01, 0x4d, 0x00, 0x45, 0x01,
    0x1b, 0x00, 0x45, 0x01, 0x4a, 0x00, 0x45, 0x01, 0x1d, 0x00, 0x45, 0x01, 0x48, 0x00, 0x46, 0x01,
    0x1d, 0x00, 0x46, 0x01, 0x46, 0x00, 0x46, 0x01, 0x09, 0x00, 0x03, 0x03, 0x13, 0x00, 0x46, 0x01,
    0x44, 0x00, 0x47, 0x01, 0x07, 0x00, 0x06, 0x03, 0x12, 0x00, 0x47, 0x01, 0x42, 0x00, 0x48, 0x01,
    0x07, 0x00, 0x07, 0x03, 0x11, 0x00, 0x48, 0x01, 0x40, 0x00, 0x49, 0x01, 0x07, 0x00, 0x07, 0x03,
    0x11, 0x00, 0x49, 0x01, 0x3e, 0x00, 0x4a, 0x01, 0x07, 0x00, 0x07, 0x03, 0x11, 0x00, 0x4a, 0x01,
    0x3d, 0x00, 0x49, 0x01, 0x08, 0x00, 0x06, 0x03, 0x13, 0x00, 0x49, 0x01, 0x3d, 0x00, 0x49, 0x01,
    0x09, 0x00, 0x04, 0x03, 0x14, 0x00, 0x49, 0x01, 0x3c, 0x00, 0x4a, 0x01, 0x21, 0x00, 0x4a, 0x01,
    0x3b, 0x00, 0x4a, 0x01, 0x21, 0x00, 0x4a, 0x01, 0x3b, 0x00, 0x4a, 0x01, 0x21, 0x00, 0x4a, 0x01,
    0x3b, 0x00, 0x4a, 0x01, 0x21, 0x00, 0x4a, 0x01, 0x3b, 0x00, 0x4a, 0x01, 0x21, 0x00, 0x4a, 0x01,
    0x3b, 0x00, 0x4a, 0x01, 0x21, 0x00, 0x4a, 0x01, 0x3b, 0x00, 0x4a, 0x01, 0x21, 0x00, 0x4a, 0x01,
    0x3b, 0x00, 0x4a, 0x01, 0x21, 0x00, 0x4a, 0x01, 0x3b, 0x00, 0x4a, 0x01, 0x21, 0x00, 0x4a, 0x01,
    0x3b, 0x00, 0x4a, 0x01, 0x21, 0x00, 0x4a, 0x01, 0x3b, 0x00, 0x4a, 0x01, 0x21, 0x00, 0x4a, 0x01,
    0x3a, 0x00, 0x4b, 0x01, 0x21, 0x00, 0x4b, 0x01, 0x3a, 0x00, 0x4a, 0x01, 0x21, 0x00, 0x4a, 0x01,
    0x3b, 0x00, 0x4b, 0x01, 0x1f, 0x00, 0x4b, 0x01, 0x3b, 0x00, 0x4b, 0x01, 0x1f, 0x00, 0x4b, 0x01,
    0x3b, 0x00, 0x4b, 0x01, 0x1f, 0x00, 0x4b, 0x01, 0x3b, 0x00, 0x4b, 0x01, 0x1f, 0x00, 0x4b, 0x01,
    0x3b, 0x00, 0x4c, 0x01, 0x1d, 0x00, 0x4c, 0x01, 0x3b, 0x00, 0x4c, 0x01, 0x1d, 0x00, 0x4c, 0x01,
    0x3b, 0x00, 0x4c, 0x01, 0x1d, 0x00, 0x4c, 0x01, 0x3b, 0x00, 0x4d, 0x01, 0x1b, 0x00, 0x4d, 0x01,
    0x3b, 0x00, 0x4d, 0x01, 0x1b, 0x00, 0x4d, 0x01, 0x3b, 0x00, 0x4d, 0x01, 0x1b, 0x00, 0x4d, 0x01,
    0x3c, 0x00, 0x4d, 0x01, 0x19, 0x00, 0x4d, 0x01, 0x3d, 0x00, 0x4e, 0x01, 0x17, 0x00, 0x4e, 0x01,
    0x3d, 0x00, 0x4e, 0x01, 0x17, 0x00, 0x4e, 0x01, 0x3e, 0x00, 0x4e, 0x01, 0x15, 0x00, 0x4e, 0x01,
    0x40, 0x00, 0x4e, 0x01, 0x13, 0x00, 0x4e, 0x01, 0x42, 0x00, 0x4e, 0x01, 0x11, 0x00, 0x4e, 0x01,
    0x44, 0x00, 0x4e, 0x01, 0x0f, 0x00, 0x4e, 0x01, 0x46, 0x00, 0x4e, 0x01, 0x0d, 0x00, 0x4e, 0x01,
    0x48, 0x00, 0x4f, 0x01, 0x09, 0x00, 0x4f, 0x01, 0x4a, 0x00, 0x50, 0x01, 0x05, 0x00, 0x50, 0x01,
    0x4d, 0x00, 0xa1, 0x01, 0x51, 0x00, 0x9d, 0x01, 0x55, 0x00, 0x99, 0x01, 0x59, 0x00, 0x95, 0x01,
    0x5d, 0x00, 0x91, 0x01, 0x62, 0x00, 0x8b, 0x01, 0x69, 0x00, 0x83, 0x01, 0x70, 0x00, 0x7d, 0x01,
    0x78, 0x00, 0x73, 0x01, 0x82, 0x00, 0x69, 0x01, 0x8e, 0x00, 0x5b, 0x01, 0x9e, 0x00, 0x49, 0x01,
    0xb5, 0x00, 0x2d, 0x01, 0xff, 0x00, 0xff, 0x00, 0xff, 0x00, 0xff, 0x00, 0xff, 0x00, 0xff, 0x00,
    0xff, 0x00, 0xff, 0x00, 0xff, 0x00, 0xff, 0x00, 0xff, 0x00, 0xff, 0x00, 0xff, 0x00, 0xff, 0x00,
    0xff, 0x00, 0xff, 0x00, 0xff, 0x00, 0xff, 0x00, 0xff, 0x00, 0xff, 0x00, 0xff, 0x00, 0xff, 0x00,
    0xff, 0x00, 0xff, 0x00, 0xff, 0x00, 0xff, 0x00, 0xff, 0x00, 0xff, 0x00, 0xff, 0x00, 0xff, 0x00,
    0xff, 0x00, 0xff, 0x00, 0xff, 0x00, 0xff, 0x00, 0xff, 0x00, 0xff, 0x00, 0xff, 0x00, 0xff, 0x00,
    0xff, 0x00, 0xff, 0x00, 0xff, 0x00, 0xff, 0x00, 0xff, 0x00, 0xff, 0x00, 0xff, 0x00, 0xff, 0x00,
    0xff, 0x00, 0xff, 0x00, 0xff, 0x00, 0xff, 0x00, 0xff, 0x00, 0xff, 0x00, 0xff, 0x00, 0xff, 0x00,
    0xff, 0x00, 0xff, 0x00, 0xff, 0x00, 0xff, 0x00, 0xff, 0x00, 0xff, 0x00, 0xff, 0x00, 0xff, 0x00,
    0xff, 0x00, 0xff, 0x00, 0xff, 0x00, 0xff, 0x00, 0xff, 0x00, 0xff, 0x00, 0xff, 0x00, 0xff, 0x00,
    0xff, 0x00, 0xff, 0x00, 0xff, 0x00, 0xff, 0x00, 0xff, 0x00, 0xff, 0x00, 0xff, 0x00, 0xff, 0x00,
    0xff, 0x00, 0xff, 0x00, 0x61, 0x00, 0xff, 0x00, 0xff, 0x00, 0xff, 0x00, 0xff, 0x00, 0xff, 0x00,
    0xff, 0x00, 0xff, 0x00, 0xff, 0x00, 0xff, 0x00, 0xff, 0x00, 0xff, 0x00, 0xff, 0x00, 0xff, 0x00,
    0xff, 0x00, 0xff, 0x00, 0xff, 0x00, 0xff, 0x00, 0xff, 0x00, 0xff, 0x00, 0x42, 0x00, 0x1b, 0x0a,
    0xd5, 0x00, 0x1a, 0x0a, 0xd6, 0x00, 0x1a, 0x0a, 0xd5, 0x00, 0x1a, 0x0a, 0xd6, 0x00, 0x1a, 0x0a,
    0xd6, 0x00, 0x19, 0x0a, 0xd6, 0x00, 0x1a, 0x0a, 0xd6, 0x00, 0x19, 0x0a, 0xd7, 0x00, 0x19, 0x0a,
    0xd6, 0x00, 0x19, 0x0a, 0xd7, 0x00, 0x19, 0x0a, 0xd7, 0x00, 0x19, 0x0a, 0xd6, 0x00, 0x19, 0x0a,
    0xd7, 0x00, 0x19, 0x0a, 0xd7, 0x00, 0x18, 0x0a, 0xd7, 0x00, 0x19, 0x0a, 0xd7, 0x00, 0x18, 0x0a,
    0xd8, 0x00, 0x18, 0x0a, 0xd7, 0x00, 0x18, 0x0a, 0xd8, 0x00, 0x18, 0x0a, 0xd8, 0x00, 0x18, 0x0a,
    0xd7, 0x00, 0x18, 0x0a, 0xd8, 0x00, 0x18, 0x0a, 0xd8, 0x00, 0x17, 0x0a, 0xd8, 0x00, 0x18, 0x0a,
    0xd8, 0x00, 0x17, 0x0a, 0xd9, 0x00, 0x17, 0x0a, 0xd8, 0x00, 0x17, 0x0a, 0xd9, 0x00, 0x17, 0x0a,
    0xd9, 0x00, 0x2a, 0x0a, 0xc5, 0x00, 0x2a, 0x0a, 0xc6, 0x00, 0x29, 0x0a, 0xc7, 0x00, 0x28, 0x0a,
    0xc7, 0x00, 0x28, 0x0a, 0xc8, 0x00, 0x27, 0x0a, 0xc9, 0x00, 0x26, 0x0a, 0xc9, 0x00, 0x26, 0x0a,
    0xca, 0x00, 0x26, 0x0a, 0xdc, 0x00, 0x13, 0x0a, 0xdd, 0x00, 0x12, 0x0a, 0xde, 0x00, 0x11, 0x0a,
    0xdf, 0x00, 0x10, 0x0a, 0xdf, 0x00, 0x10, 0x0a, 0xe0, 0x00, 0x0f, 0x0a, 0xe1, 0x00, 0x0f, 0x0a,
    0xe0, 0x00, 0x0f, 0x0a, 0xe1, 0x00, 0x0e, 0x0a, 0xe2, 0x00, 0x0d, 0x0a, 0xe2, 0x00, 0x0d, 0x0a,
    0xe3, 0x00, 0x0c, 0x0a, 0xe4, 0x00, 0x0b, 0x0a, 0xe4, 0x00, 0x0c, 0x0a, 0xe4, 0x00, 0x0b, 0x0a,
    0xe5, 0x00, 0x0a, 0x0a, 0xe5, 0x00, 0x0a, 0x0a, 0xe6, 0x00, 0x09, 0x0a, 0xe7, 0x00, 0x08, 0x0a,
    0xe7, 0x00, 0x08, 0x0a, 0xe8, 0x00, 0x08, 0x0a, 0xe8, 0x00, 0x07, 0x0a, 0xba, 0x00, 0x18, 0x0f,
    0x16, 0x00, 0x07, 0x0a, 0xb3, 0x00, 0x2a, 0x0f, 0x0c, 0x00, 0x06, 0x0a, 0xaf, 0x00, 0x37, 0x0f,
    0x04, 0x00, 0x05, 0x0a, 0xac, 0x00, 0x3e, 0x0f, 0x05, 0x0a, 0xaa, 0x00, 0x41, 0x0f, 0x04, 0x0a,
    0x04, 0x0f, 0xa5, 0x00, 0x43, 0x0f, 0x04, 0x0a, 0x08, 0x0f, 0x9f, 0x00, 0x44, 0x0f, 0x04, 0x0a,
    0x0e, 0x0f, 0x98, 0x00, 0x46, 0x0f, 0x03, 0x0a, 0x13, 0x0f, 0x93, 0x00, 0x47, 0x0f, 0x02, 0x0a,
    0x17, 0x0f, 0x90, 0x00, 0x46, 0x0f, 0x02, 0x0a, 0x1c, 0x0f, 0x8b, 0x00, 0x47, 0x0f, 0x01, 0x0a,
    0x20, 0x0f, 0x88, 0x00, 0x6c, 0x0f, 0x83, 0x00, 0x70, 0x0f, 0x80, 0x00, 0x72, 0x0f, 0x7d, 0x00,
    0x76, 0x0f, 0x7a, 0x00, 0x79, 0x0f, 0x77, 0x00, 0x7c, 0x0f, 0x73, 0x00, 0x7f, 0x0f, 0x71, 0x00,
    0x64, 0x0f, 0x01, 0x00, 0x1c, 0x0f, 0x6f, 0x00, 0x63, 0x0f, 0x03, 0x00, 0x1e, 0x0f, 0x6b, 0x00,
    0x61, 0x0f, 0x09, 0x00, 0x1d, 0x0f, 0x69, 0x00, 0x60, 0x0f, 0x0b, 0x00, 0x1e, 0x0f, 0x67, 0x00,
    0x5f, 0x0f, 0x0d, 0x00, 0x1f, 0x0f, 0x65, 0x00, 0x5e, 0x0f, 0x0f, 0x00, 0x20, 0x0f, 0x62, 0x00,
    0x5e, 0x0f, 0x11, 0x00, 0x21, 0x0f, 0x60, 0x00, 0x5d, 0x0f, 0x13, 0x00, 0x22, 0x0f, 0x5e, 0x00,
    0x5d, 0x0f, 0x13, 0x00, 0x24, 0x0f, 0x5c, 0x00, 0x5c, 0x0f, 0x15, 0x00, 0x25, 0x0f, 0x5a, 0x00,
    0x5c, 0x0f, 0x15, 0x00, 0x27, 0x0f, 0x57, 0x00, 0x5c, 0x0f, 0x17, 0x00, 0x27, 0x0f, 0x56, 0x00,
    0x5c, 0x0f, 0x17, 0x00, 0x29, 0x0f, 0x54, 0x00, 0x5c, 0x0f, 0x17, 0x00, 0x2b, 0x0f, 0x52, 0x00,
    0x5c, 0x0f, 0x17, 0x00, 0x2c, 0x0f, 0x51, 0x00, 0x5b, 0x0f, 0x19, 0x00, 0x2d, 0x0f, 0x4f, 0x00,
    0x5b, 0x0f, 0x19, 0x00, 0x2e, 0x0f, 0x4e, 0x00, 0x5b, 0x0f, 0x19, 0x00, 0x2f, 0x0f, 0x4d, 0x00,
    0x5b, 0x0f, 0x19, 0x00, 0x31, 0x0f, 0x4b, 0x00, 0x5b, 0x0f, 0x19, 0x00, 0x32, 0x0f, 0x4a, 0x00,
    0x5b, 0x0f, 0x19, 0x00, 0x33, 0x0f, 0x49, 0x00, 0x5b, 0x0f, 0x19, 0x00, 0x34, 0x0f, 0x47, 0x00,
    0x5c, 0x0f, 0x19, 0x00, 0x36, 0x0f, 0x46, 0x00, 0x5b, 0x0f, 0x19, 0x00, 0x34, 0x0f, 0x48, 0x00,
    0x5b, 0x0f, 0x19, 0x00, 0x33, 0x0f, 0x49, 0x00, 0x5b, 0x0f, 0x19, 0x00, 0x32, 0x0f, 0x4a, 0x00,
    0x5b, 0x0f, 0x19, 0x00, 0x31, 0x0f, 0x4b, 0x00, 0x5b, 0x0f, 0x19, 0x00, 0x2f, 0x0f, 0x4d, 0x00,
    0x5b, 0x0f, 0x19, 0x00, 0x2e, 0x0f, 0x4e, 0x00, 0x5b, 0x0f, 0x19, 0x00, 0x2d, 0x0f, 0x4f, 0x00,
    0x5c, 0x0f, 0x17, 0x00, 0x2c, 0x0f, 0x51, 0x00, 0x5c, 0x0f, 0x17, 0x00, 0x2b, 0x0f, 0x52, 0x00,
    0x5c, 0x0f, 0x17, 0x00, 0x29, 0x0f, 0x54, 0x00, 0x5c, 0x0f, 0x17, 0x00, 0x27, 0x0f, 0x57, 0x00,
    0x5c, 0x0f, 0x15, 0x00, 0x27, 0x0f, 0x58, 0x00, 0x5c, 0x0f, 0x15, 0x00, 0x25, 0x0f, 0x5a, 0x00,
    0x5d, 0x0f, 0x13, 0x00, 0x24, 0x0f, 0x5c, 0x00, 0x5d, 0x0f, 0x13, 0x00, 0x22, 0x0f, 0x5e, 0x00,
    0x5e, 0x0f, 0x11, 0x00, 0x21, 0x0f, 0x61, 0x00, 0x5e, 0x0f, 0x0f, 0x00, 0x20, 0x0f, 0x63, 0x00,
    0x5f, 0x0f, 0x0d, 0x00, 0x1f, 0x0f, 0x65, 0x00, 0x60, 0x0f, 0x0b, 0x00, 0x1e, 0x0f, 0x67, 0x00,
    0x61, 0x0f, 0x09, 0x00, 0x1d, 0x0f, 0x6a, 0x00, 0x63, 0x0f, 0x03, 0x00, 0x1e, 0x0f, 0x6c, 0x00,
    0x81, 0x0f, 0x6f, 0x00, 0x7f, 0x0f, 0x72, 0x00, 0x7c, 0x0f, 0x74, 0x00, 0x79, 0x0f, 0x77, 0x00,
    0x76, 0x0f, 0x7b, 0x00, 0x72, 0x0f, 0x7e, 0x00, 0x70, 0x0f, 0x81, 0x00, 0x6c, 0x0f, 0x84, 0x00,
    0x68, 0x0f, 0x89, 0x00, 0x64, 0x0f, 0x8c, 0x00, 0x60, 0x0f, 0x91, 0x00, 0x5c, 0x0f, 0x96, 0x00,
    0x56, 0x0f, 0x9c, 0x00, 0x4f, 0x0f, 0xa3, 0x00, 0x49, 0x0f, 0xaa, 0x00, 0x41, 0x0f, 0xb3, 0x00,
    0x37, 0x0f, 0xbe, 0x00, 0x2a, 0x0f, 0xce, 0x00, 0x18, 0x0f, 0xff, 0x00, 0xff, 0x00, 0xff, 0x00,
    0xff, 0x00, 0xff, 0x00, 0xff, 0x00, 0xff, 0x00, 0xff, 0x00, 0xff, 0x00, 0xff, 0x00, 0xff, 0x00,
    0xff, 0x00, 0xff, 0x00, 0xff, 0x00, 0xff, 0x00, 0xff, 0x00, 0xff, 0x00, 0xff, 0x00, 0xff, 0x00,
    0xff, 0x00, 0xff, 0x00, 0xff, 0x00, 0xff, 0x00, 0xff, 0x00, 0xff, 0x00, 0xff, 0x00, 0xff, 0x00,
    0xff, 0x00, 0xff, 0x00, 0xff, 0x00, 0xff, 0x00, 0xff, 0x00, 0xff, 0x00, 0xff, 0x00, 0xff, 0x00,
    0xff, 0x00, 0xff, 0x00, 0xff, 0x00, 0xff, 0x00, 0xff, 0x00, 0xff, 0x00, 0xff, 0x00, 0xff, 0x00,
    0xff, 0x00, 0xff, 0x00, 0xff, 0x00, 0xff, 0x00, 0xff, 0x00, 0xff, 0x00, 0xff, 0x00, 0xff, 0x00,
    0xff, 0x00, 0xff, 0x00, 0xff, 0x00, 0xff, 0x00, 0xff, 0x00, 0xff, 0x00, 0xff, 0x00, 0xff, 0x00,
    0xff, 0x00, 0xff, 0x00, 0xff, 0x00, 0xff, 0x00, 0xff, 0x00, 0xff, 0x00, 0xff, 0x00, 0xff, 0x00,
    0xff, 0x00, 0xff, 0x00, 0xff, 0x00, 0xff, 0x00, 0xff, 0x00, 0xff, 0x00, 0xff, 0x00, 0xf2, 0x00,
    0xff, 0x00, 0xff, 0x00, 0xff, 0x00, 0xff, 0x00, 0xff, 0x00, 0xff, 0x00, 0xff, 0x00, 0xff, 0x00,
    0xff, 0x00, 0xff, 0x00, 0xff, 0x00, 0xff, 0x00, 0xff, 0x00, 0xff, 0x00, 0xff, 0x00, 0xff, 0x00,
    0xff, 0x00, 0xff, 0x00, 0xff, 0x00, 0x45, 0x00, 0x1b, 0x0a, 0xd5, 0x00, 0x1a, 0x0a, 0xd6, 0x00,
    0x1a, 0x0a, 0xd5, 0x00, 0x1a, 0x0a, 0xd6, 0x00, 0x1a, 0x0a, 0xd6, 0x00, 0x19, 0x0a, 0xd6, 0x00,
    0x1a, 0x0a, 0xd6, 0x00, 0x19, 0x0a, 0xd7, 0x00, 0x19, 0x0a, 0xd6, 0x00, 0x19, 0x0a, 0xd7, 0x00,
    0x19, 0x0a, 0xd7, 0x00, 0x19, 0x0a, 0xd6, 0x00, 0x19, 0x0a, 0xd7, 0x00, 0x19, 0x0a, 0xd7, 0x00,
    0x18, 0x0a, 0xd7, 0x00, 0x19, 0x0a, 0xd7, 0x00, 0x18, 0x0a, 0xd8, 0x00, 0x18, 0x0a, 0xd7, 0x00,
    0x18, 0x0a, 0xd8, 0x00, 0x18, 0x0a, 0xd8, 0x00, 0x18, 0x0a, 0xd7, 0x00, 0x18, 0x0a, 0xd8, 0x00,
    0x18, 0x0a, 0xd8, 0x00, 0x17, 0x0a, 0xd8, 0x00, 0x18, 0x0a, 0xd8, 0x00, 0x17, 0x0a, 0xd9, 0x00,
    0x17, 0x0a, 0xd8, 0x00, 0x17, 0x0a, 0xd9, 0x00, 0x17, 0x0a, 0xd9, 0x00, 0x2a, 0x0a, 0xc5, 0x00,
    0x2a, 0x0a, 0xc6, 0x00, 0x29, 0x0a, 0xc7, 0x00, 0x28, 0x0a, 0xc7, 0x00, 0x28, 0x0a, 0xc8, 0x00,
    0x27, 0x0a, 0xc9, 0x00, 0x26, 0x0a, 0xc9, 0x00, 0x26, 0x0a, 0xca, 0x00, 0x26, 0x0a, 0xdc, 0x00,
    0x13, 0x0a, 0xdd, 0x00, 0x12, 0x0a, 0xde, 0x00, 0x11, 0x0a, 0xdf, 0x00, 0x10, 0x0a, 0xdf, 0x00,
    0x10, 0x0a, 0xe0, 0x00, 0x0f, 0x0a, 0xe1, 0x00, 0x0f, 0x0a, 0xe0, 0x00, 0x0f, 0x0a, 0xe1, 0x00,
    0x0e, 0x0a, 0xe2, 0x00, 0x0d, 0x0a, 0xe2, 0x00, 0x0d, 0x0a, 0xe3, 0x00, 0x0c, 0x0a, 0xe4, 0x00,
    0x0b, 0x0a, 0xe4, 0x00, 0x0c, 0x0a, 0xe4, 0x00, 0x0b, 0x0a, 0xe5, 0x00, 0x0a, 0x0a, 0xe5, 0x00,
    0x0a, 0x0a, 0xe6, 0x00, 0x09, 0x0a, 0xe7, 0x00, 0x08, 0x0a, 0xe7, 0x00, 0x08, 0x0a, 0xe8, 0x00,
    0x08, 0x0a, 0xe8, 0x00, 0x07, 0x0a, 0xb7, 0x00, 0x18, 0x0f, 0x19, 0x00, 0x07, 0x0a, 0xb0, 0x00,
    0x2a, 0x0f, 0x0f, 0x00, 0x06, 0x0a, 0xac, 0x00, 0x37, 0x0f, 0x07, 0x00, 0x05, 0x0a, 0xa9, 0x00,
    0x41, 0x0f, 0x05, 0x0a, 0xa7, 0x00, 0x44, 0x0f, 0x04, 0x0a, 0x01, 0x0f, 0xa5, 0x00, 0x46, 0x0f,
    0x04, 0x0a, 0x05, 0x0f, 0x9f, 0x00, 0x47, 0x0f, 0x04, 0x0a, 0x0b, 0x0f, 0x98, 0x00, 0x49, 0x0f,
    0x03, 0x0a, 0x10, 0x0f, 0x93, 0x00, 0x4a, 0x0f, 0x02, 0x0a, 0x14, 0x0f, 0x90, 0x00, 0x49, 0x0f,
    0x02, 0x0a, 0x19, 0x0f, 0x8b, 0x00, 0x4a, 0x0f, 0x01, 0x0a, 0x1d, 0x0f, 0x88, 0x00, 0x6c, 0x0f,
    0x83, 0x00, 0x70, 0x0f, 0x80, 0x00, 0x72, 0x0f, 0x7d, 0x00, 0x76, 0x0f, 0x7a, 0x00, 0x79, 0x0f,
    0x77, 0x00, 0x7c, 0x0f, 0x73, 0x00, 0x7f, 0x0f, 0x71, 0x00, 0x64, 0x0f, 0x01, 0x00, 0x1c, 0x0f,
    0x6f, 0x00, 0x63, 0x0f, 0x03, 0x00, 0x1e, 0x0f, 0x6b, 0x00, 0x61, 0x0f, 0x09, 0x00, 0x1d, 0x0f,
    0x69, 0x00, 0x60, 0x0f, 0x0b, 0x00, 0x1e, 0x0f, 0x67, 0x00, 0x5f, 0x0f, 0x0d, 0x00, 0x1f, 0x0f,
    0x65, 0x00, 0x5e, 0x0f, 0x0f, 0x00, 0x20, 0x0f, 0x62, 0x00, 0x5e, 0x0f, 0x11, 0x00, 0x21, 0x0f,
    0x60, 0x00, 0x5d, 0x0f, 0x13, 0x00, 0x22, 0x0f, 0x5e, 0x00, 0x5d, 0x0f, 0x13, 0x00, 0x24, 0x0f,
    0x5c, 0x00, 0x5c, 0x0f, 0x15, 0x00, 0x25, 0x0f, 0x5a, 0x00, 0x5c, 0x0f, 0x15, 0x00, 0x27, 0x0f,
    0x57, 0x00, 0x5c, 0x0f, 0x17, 0x00, 0x27, 0x0f, 0x56, 0x00, 0x5c, 0x0f, 0x17, 0x00, 0x29, 0x0f,
    0x54, 0x00, 0x5c, 0x0f, 0x17, 0x00, 0x2b, 0x0f, 0x52, 0x00, 0x5c, 0x0f, 0x17, 0x00, 0x2c, 0x0f,
    0x51, 0x00, 0x5b, 0x0f, 0x19, 0x00, 0x2d, 0x0f, 0x4f, 0x00, 0x5b, 0x0f, 0x19, 0x00, 0x2e, 0x0f,
    0x4e, 0x00, 0x5b, 0x0f, 0x19, 0x00, 0x2f, 0x0f, 0x4d, 0x00, 0x5b, 0x0f, 0x19, 0x00, 0x31, 0x0f,
    0x4b, 0x00, 0x5b, 0x0f, 0x19, 0x00, 0x32, 0x0f, 0x4a, 0x00, 0x5b, 0x0f, 0x19, 0x00, 0x33, 0x0f,
    0x49, 0x00, 0x5b, 0x0f, 0x19, 0x00, 0x34, 0x0f, 0x47, 0x00, 0x5c, 0x0f, 0x19, 0x00, 0x36, 0x0f,
    0x46, 0x00, 0x5b, 0x0f, 0x19, 0x00, 0x34, 0x0f, 0x48, 0x00, 0x5b, 0x0f, 0x19, 0x00, 0x33, 0x0f,
    0x49, 0x00, 0x5b, 0x0f, 0x19, 0x00, 0x32, 0x0f, 0x4a, 0x00, 0x5b, 0x0f, 0x19, 0x00, 0x31, 0x0f,
    0x4b, 0x00, 0x5b, 0x0f, 0x19, 0x00, 0x2f, 0x0f, 0x4d, 0x00, 0x5b, 0x0f, 0x19, 0x00, 0x2e, 0x0f,
    0x4e, 0x00, 0x5b, 0x0f, 0x19, 0x00, 0x2d, 0x0f, 0x4f, 0x00, 0x5c, 0x0f, 0x17, 0x00, 0x2c, 0x0f,
    0x51, 0x00, 0x5c, 0x0f, 0x17, 0x00, 0x2b, 0x0f, 0x52, 0x00, 0x5c, 0x0f, 0x17, 0x00, 0x29, 0x0f,
    0x54, 0x00, 0x5c, 0x0f, 0x17, 0x00, 0x27, 0x0f, 0x57, 0x00, 0x5c, 0x0f, 0x15, 0x00, 0x27, 0x0f,
    0x58, 0x00, 0x5c, 0x0f, 0x15, 0x00, 0x25, 0x0f, 0x5a, 0x00, 0x5d, 0x0f, 0x13, 0x00, 0x24, 0x0f,
    0x5c, 0x00, 0x5d, 0x0f, 0x13, 0x00, 0x22, 0x0f, 0x5e, 0x00, 0x5e, 0x0f, 0x11, 0x00, 0x21, 0x0f,
    0x61, 0x00, 0x5e, 0x0f, 0x0f, 0x00, 0x20, 0x0f, 0x63, 0x00, 0x5f, 0x0f, 0x0d, 0x00, 0x1f, 0x0f,
    0x65, 0x00, 0x60, 0x0f, 0x0b, 0x00, 0x1e, 0x0f, 0x67, 0x00, 0x61, 0x0f, 0x09, 0x00, 0x1d, 0x0f,
    0x6a, 0x00, 0x63, 0x0f, 0x03, 0x00, 0x1e, 0x0f, 0x6c, 0x00, 0x81, 0x0f, 0x6f, 0x00, 0x7f, 0x0f,
    0x72, 0x00, 0x7c, 0x0f, 0x74, 0x00, 0x79, 0x0f, 0x77, 0x00, 0x76, 0x0f, 0x7b, 0x00, 0x72, 0x0f,
    0x7e, 0x00, 0x70, 0x0f, 0x81, 0x00, 0x6c, 0x0f, 0x84, 0x00, 0x68, 0x0f, 0x89, 0x00, 0x64, 0x0f,
    0x8c, 0x00, 0x60, 0x0f, 0x91, 0x00, 0x5c, 0x0f, 0x96, 0x00, 0x56, 0x0f, 0x9c, 0x00, 0x4f, 0x0f,
    0xa3, 0x00, 0x49, 0x0f, 0xaa, 0x00, 0x41, 0x0f, 0xb3, 0x00, 0x37, 0x0f, 0xbe, 0x00, 0x2a, 0x0f,
    0xce, 0x00, 0x18, 0x0f, 0xff, 0x00, 0xff, 0x00, 0xff, 0x00, 0xff, 0x00, 0xff, 0x00, 0xff, 0x00,
    0xff, 0x00, 0xff, 0x00, 0xff, 0x00, 0xff, 0x00, 0xff, 0x00, 0xff, 0x00, 0xff, 0x00, 0xff, 0x00,
    0xff, 0x00, 0xff, 0x00, 0xff, 0x00, 0xff, 0x00, 0xff, 0x00, 0xff, 0x00, 0xff, 0x00, 0xff, 0x00,
    0xff, 0x00, 0xff, 0x00, 0xff, 0x00, 0xff, 0x00, 0xff, 0x00, 0xff, 0x00, 0xff, 0x00, 0xff, 0x00,
    0xff, 0x00, 0xff, 0x00, 0xff, 0x00, 0xff, 0x00, 0xff, 0x00, 0xff, 0x00, 0xff, 0x00, 0xff, 0x00,
    0xff, 0x00, 0xff, 0x00, 0xff, 0x00, 0xff, 0x00, 0xff, 0x00, 0xff, 0x00, 0xff, 0x00, 0xff, 0x00,
    0xff, 0x00, 0xff, 0x00, 0xff, 0x00, 0xff, 0x00, 0xff, 0x00, 0xff, 0x00, 0xff, 0x00, 0xff, 0x00,
    0xff, 0x00, 0xff, 0x00, 0xff, 0x00, 0xff, 0x00, 0xff, 0x00, 0xff, 0x00, 0xff, 0x00, 0xff, 0x00,
    0xff, 0x00, 0xff, 0x00, 0xff, 0x00, 0xff, 0x00, 0xff, 0x00, 0xff, 0x00, 0xff, 0x00, 0xff, 0x00,
    0xff, 0x00, 0xff, 0x00, 0xff, 0x00, 0xff, 0x00, 0xf2, 0x00, 0xff, 0x00, 0xff, 0x00, 0xff, 0x00,
    0xff, 0x00, 0xff, 0x00, 0xff, 0x00, 0xff, 0x00, 0xff, 0x00, 0xff, 0x00, 0xff, 0x00, 0xff, 0x00,
    0xff, 0x00, 0xff, 0x00, 0xff, 0x00, 0xff, 0x00, 0xff, 0x00, 0xff, 0x00, 0xff, 0x00, 0xff, 0x00,
    0x48, 0x00, 0x1b, 0x0a, 0xd5, 0x00, 0x1a, 0x0a, 0xd6, 0x00, 0x1a, 0x0a, 0xd5, 0x00, 0x1a, 0x0a,
    0xd6, 0x00, 0x1a, 0x0a, 0xd6, 0x00, 0x19, 0x0a, 0xd6, 0x00, 0x1a, 0x0a, 0xd6, 0x00, 0x19, 0x0a,
    0xd7, 0x00, 0x19, 0x0a, 0xd6, 0x00, 0x19, 0x0a, 0xd7, 0x00, 0x19, 0x0a, 0xd7, 0x00, 0x19, 0x0a,
    0xd6, 0x00, 0x19, 0x0a, 0xd7, 0x00, 0x19, 0x0a, 0xd7, 0x00, 0x18, 0x0a, 0xd7, 0x00, 0x19, 0x0a,
    0xd7, 0x00, 0x18, 0x0a, 0xd8, 0x00, 0x18, 0x0a, 0xd7, 0x00, 0x18, 0x0a, 0xd8, 0x00, 0x18, 0x0a,
    0xd8, 0x00, 0x18, 0x0a, 0xd7, 0x00, 0x18, 0x0a, 0xd8, 0x00, 0x18, 0x0a, 0xd8, 0x00, 0x17, 0x0a,
    0xd8, 0x00, 0x18, 0x0a, 0xd8, 0x00, 0x17, 0x0a, 0xd9, 0x00, 0x17, 0x0a, 0xd8, 0x00, 0x17, 0x0a,
    0xd9, 0x00, 0x17, 0x0a, 0xd9, 0x00, 0x2a, 0x0a, 0xc5, 0x00, 0x2a, 0x0a, 0xc6, 0x00, 0x29, 0x0a,
    0xc7, 0x00, 0x28, 0x0a, 0xc7, 0x00, 0x28, 0x0a, 0xc8, 0x00, 0x27, 0x0a, 0xc9, 0x00, 0x26, 0x0a,
    0xc9, 0x00, 0x26, 0x0a, 0xca, 0x00, 0x26, 0x0a, 0xdc, 0x00, 0x13, 0x0a, 0xdd, 0x00, 0x12, 0x0a,
    0xde, 0x00, 0x11, 0x0a, 0xdf, 0x00, 0x10, 0x0a, 0xdf, 0x00, 0x10, 0x0a, 0xe0, 0x00, 0x0f, 0x0a,
    0xe1, 0x00, 0x0f, 0x0a, 0xe0, 0x00, 0x0f, 0x0a, 0xe1, 0x00, 0x0e, 0x0a, 0xe2, 0x00, 0x0d, 0x0a,
    0xe2, 0x00, 0x0d, 0x0a, 0xe3, 0x00, 0x0c, 0x0a, 0xe4, 0x00, 0x0b, 0x0a, 0xe4, 0x00, 0x0c, 0x0a,
    0xe4, 0x00, 0x0b, 0x0a, 0xe5, 0x00, 0x0a, 0x0a, 0xe5, 0x00, 0x0a, 0x0a, 0xe6, 0x00, 0x09, 0x0a,
    0xe7, 0x00, 0x08, 0x0a, 0xe7, 0x00, 0x08, 0x0a, 0xe8, 0x00, 0x08, 0x0a, 0xe8, 0x00, 0x07, 0x0a,
    0xb4, 0x00, 0x18, 0x0f, 0x1c, 0x00, 0x07, 0x0a, 0xad, 0x00, 0x2a, 0x0f, 0x12, 0x00, 0x06, 0x0a,
    0xa9, 0x00, 0x37, 0x0f, 0x0a, 0x00, 0x05, 0x0a, 0xa6, 0x00, 0x41, 0x0f, 0x03, 0x00, 0x05, 0x0a,
    0xa4, 0x00, 0x47, 0x0f, 0x04, 0x0a, 0xa3, 0x00, 0x49, 0x0f, 0x04, 0x0a, 0x02, 0x0f, 0x9f, 0x00,
    0x4a, 0x0f, 0x04, 0x0a, 0x08, 0x0f, 0x98, 0x00, 0x4c, 0x0f, 0x03, 0x0a, 0x0d, 0x0f, 0x93, 0x00,
    0x4d, 0x0f, 0x02, 0x0a, 0x11, 0x0f, 0x90, 0x00, 0x4c, 0x0f, 0x02, 0x0a, 0x16, 0x0f, 0x8b, 0x00,
    0x4d, 0x0f, 0x01, 0x0a, 0x1a, 0x0f, 0x88, 0x00, 0x6c, 0x0f, 0x83, 0x00, 0x70, 0x0f, 0x80, 0x00,
    0x72, 0x0f, 0x7d, 0x00, 0x76, 0x0f, 0x7a, 0x00, 0x79, 0x0f, 0x77, 0x00, 0x7c, 0x0f, 0x73, 0x00,
    0x7f, 0x0f, 0x71, 0x00, 0x64, 0x0f, 0x01, 0x00, 0x1c, 0x0f, 0x6f, 0x00, 0x63, 0x0f, 0x03, 0x00,
    0x1e, 0x0f, 0x6b, 0x00, 0x61, 0x0f, 0x09, 0x00, 0x1d, 0x0f, 0x69, 0x00, 0x60, 0x0f, 0x0b, 0x00,
    0x1e, 0x0f, 0x67, 0x00, 0x5f, 0x0f, 0x0d, 0x00, 0x1f, 0x0f, 0x65, 0x00, 0x5e, 0x0f, 0x0f, 0x00,
    0x20, 0x0f, 0x62, 0x00, 0x5e, 0x0f, 0x11, 0x00, 0x21, 0x0f, 0x60, 0x00, 0x5d, 0x0f, 0x13, 0x00,
    0x22, 0x0f, 0x5e, 0x00, 0x5d, 0x0f, 0x13, 0x00, 0x24, 0x0f, 0x5c, 0x00, 0x5c, 0x0f, 0x15, 0x00,
    0x25, 0x0f, 0x5a, 0x00, 0x5c, 0x0f, 0x15, 0x00, 0x27, 0x0f, 0x57, 0x00, 0x5c, 0x0f, 0x17, 0x00,
    0x27, 0x0f, 0x56, 0x00, 0x5c, 0x0f, 0x17, 0x00, 0x29, 0x0f, 0x54, 0x00, 0x5c, 0x0f, 0x17, 0x00,
    0x2b, 0x0f, 0x52, 0x00, 0x5c, 0x0f, 0x17, 0x00, 0x2c, 0x0f, 0x51, 0x00, 0x5b, 0x0f, 0x19, 0x00,
    0x2d, 0x0f, 0x4f, 0x00, 0x5b, 0x0f, 0x19, 0x00, 0x2e, 0x0f, 0x4e, 0x00, 0x5b, 0x0f, 0x19, 0x00,
    0x2f, 0x0f, 0x4d, 0x00, 0x5b, 0x0f, 0x19, 0x00, 0x31, 0x0f, 0x4b, 0x00, 0x5b, 0x0f, 0x19, 0x00,
    0x32, 0x0f, 0x4a, 0x00, 0x5b, 0x0f, 0x19, 0x00, 0x33, 0x0f, 0x49, 0x00, 0x5b, 0x0f, 0x19, 0x00,
    0x34, 0x0f, 0x47, 0x00, 0x5c, 0x0f, 0x19, 0x00, 0x36, 0x0f, 0x46, 0x00, 0x5b, 0x0f, 0x19, 0x00,
    0x34, 0x0f, 0x48, 0x00, 0x5b, 0x0f, 0x19, 0x00, 0x33, 0x0f, 0x49, 0x00, 0x5b, 0x0f, 0x19, 0x00,
    0x32, 0x0f, 0x4a, 0x00, 0x5b, 0x0f, 0x19, 0x00, 0x31, 0x0f, 0x4b, 0x00, 0x5b, 0x0f, 0x19, 0x00,
    0x2f, 0x0f, 0x4d, 0x00, 0x5b, 0x0f, 0x19, 0x00, 0x2e, 0x0f, 0x4e, 0x00, 0x5b, 0x0f, 0x19, 0x00,
    0x2d, 0x0f, 0x4f, 0x00, 0x5c, 0x0f, 0x17, 0x00, 0x2c, 0x0f, 0x51, 0x00, 0x5c, 0x0f, 0x17, 0x00,
    0x2b, 0x0f, 0x52, 0x00, 0x5c, 0x0f, 0x17, 0x00, 0x29, 0x0f, 0x54, 0x00, 0x5c, 0x0f, 0x17, 0x00,
    0x27, 0x0f, 0x57, 0x00, 0x5c, 0x0f, 0x15, 0x00, 0x27, 0x0f, 0x58, 0x00, 0x5c, 0x0f, 0x15, 0x00,
    0x25, 0x0f, 0x5a, 0x00, 0x5d, 0x0f, 0x13, 0x00, 0x24, 0x0f, 0x5c, 0x00, 0x5d, 0x0f, 0x13, 0x00,
    0x22, 0x0f, 0x5e, 0x00, 0x5e, 0x0f, 0x11, 0x00, 0x21, 0x0f, 0x61, 0x00, 0x5e, 0x0f, 0x0f, 0x00,
    0x20, 0x0f, 0x63, 0x00, 0x5f, 0x0f, 0x0d, 0x00, 0x1f, 0x0f, 0x65, 0x00, 0x60, 0x0f, 0x0b, 0x00,
    0x1e, 0x0f, 0x67, 0x00, 0x61, 0x0f, 0x09, 0x00, 0x1d, 0x0f, 0x6a, 0x00, 0x63, 0x0f, 0x03, 0x00,
    0x1e, 0x0f, 0x6c, 0x00, 0x81, 0x0f, 0x6f, 0x00, 0x7f, 0x0f, 0x72, 0x00, 0x7c, 0x0f, 0x74, 0x00,
    0x79, 0x0f, 0x77, 0x00, 0x76, 0x0f, 0x7b, 0x00, 0x72, 0x0f, 0x7e, 0x00, 0x70, 0x0f, 0x81, 0x00,
    0x6c, 0x0f, 0x84, 0x00, 0x68, 0x0f, 0x89, 0x00, 0x64, 0x0f, 0x8c, 0x00, 0x60, 0x0f, 0x91, 0x00,
    0x5c, 0x0f, 0x96, 0x00, 0x56, 0x0f, 0x9c, 0x00, 0x4f, 0x0f, 0xa3, 0x00, 0x49, 0x0f, 0xaa, 0x00,
    0x41, 0x0f, 0xb3, 0x00, 0x37, 0x0f, 0xbe, 0x00, 0x2a, 0x0f, 0xce, 0x00, 0x18, 0x0f, 0xff, 0x00,
    0xff, 0x00, 0xff, 0x00, 0xff, 0x00, 0xff, 0x00, 0xff, 0x00, 0xff, 0x00, 0xff, 0x00, 0xff, 0x00,
    0xff, 0x00, 0xff, 0x00, 0xff, 0x00, 0xff, 0x00, 0xff, 0x00, 0xff, 0x00, 0xff, 0x00, 0xff, 0x00,
    0xff, 0x00, 0xff, 0x00, 0xff, 0x00, 0xff, 0x00, 0xff, 0x00, 0xff, 0x00, 0xff, 0x00, 0xff, 0x00,
    0xff, 0x00, 0xff, 0x00, 0xff, 0x00, 0xff, 0x00, 0xff, 0x00, 0xff, 0x00, 0xff, 0x00, 0xff, 0x00,
    0xff, 0x00, 0xff, 0x00, 0xff, 0x00, 0xff, 0x00, 0xff, 0x00, 0xff, 0x00, 0xff, 0x00, 0xff, 0x00,
    0xff, 0x00, 0xff, 0x00, 0xff, 0x00, 0xff, 0x00, 0xff, 0x00, 0xff, 0x00, 0xff, 0x00, 0xff, 0x00,
    0xff, 0x00, 0xff, 0x00, 0xff, 0x00, 0xff, 0x00, 0xff, 0x00, 0xff, 0x00, 0xff, 0x00, 0xff, 0x00,
    0xff, 0x00, 0xff, 0x00, 0xff, 0x00, 0xff, 0x00, 0xff, 0x00, 0xff, 0x00, 0xff, 0x00, 0xff, 0x00,
    0xff, 0x00, 0xff, 0x00, 0xff, 0x00, 0xff, 0x00, 0xff, 0x00, 0xff, 0x00, 0xff, 0x00, 0xff, 0x00,
    0xff, 0x00, 0xf2, 0x00, 0xff, 0x00, 0xff, 0x00, 0xff, 0x00, 0xff, 0x00, 0xff, 0x00, 0xff, 0x00,
    0xff, 0x00, 0xff, 0x00, 0xff, 0x00, 0xff, 0x00, 0xff, 0x00, 0xff, 0x00, 0xff, 0x00, 0xff, 0x00,
    0xff, 0x00, 0xff, 0x00, 0xff, 0x00, 0xff, 0x00, 0xff, 0x00, 0x4b, 0x00, 0x1b, 0x0a, 0xd5, 0x00,
    0x1a, 0x0a, 0xd6, 0x00, 0x1a, 0x0a, 0xd5, 0x00, 0x1a, 0x0a, 0xd6, 0x00, 0x1a, 0x0a, 0xd6, 0x00,
    0x19, 0x0a, 0xd6, 0x00, 0x1a, 0x0a, 0xd6, 0x00, 0x19, 0x0a, 0xd7, 0x00, 0x19, 0x0a, 0xd6, 0x00,
    0x19, 0x0a, 0xd7, 0x00, 0x19, 0x0a, 0xd7, 0x00, 0x19, 0x0a, 0xd6, 0x00, 0x19, 0x0a, 0xd7, 0x00,
    0x19, 0x0a, 0xd7, 0x00, 0x18, 0x0a, 0xd7, 0x00, 0x19, 0x0a, 0xd7, 0x00, 0x18, 0x0a, 0xd8, 0x00,
    0x18, 0x0a, 0xd7, 0x00, 0x18, 0x0a, 0xd8, 0x00, 0x18, 0x0a, 0xd8, 0x00, 0x18, 0x0a, 0xd7, 0x00,
    0x18, 0x0a, 0xd8, 0x00, 0x18, 0x0a, 0xd8, 0x00, 0x17, 0x0a, 0xd8, 0x00, 0x18, 0x0a, 0xd8, 0x00,
    0x17, 0x0a, 0xd9, 0x00, 0x17, 0x0a, 0xd8, 0x00, 0x17, 0x0a, 0xd9, 0x00, 0x17, 0x0a, 0xd9, 0x00,
    0x2a, 0x0a, 0xc5, 0x00, 0x2a, 0x0a, 0xc6, 0x00, 0x29, 0x0a, 0xc7, 0x00, 0x28, 0x0a, 0xc7, 0x00,
    0x28, 0x0a, 0xc8, 0x00, 0x27, 0x0a, 0xc9, 0x00, 0x26, 0x0a, 0xc9, 0x00, 0x26, 0x0a, 0xca, 0x00,
    0x26, 0x0a, 0xdc, 0x00, 0x13, 0x0a, 0xdd, 0x00, 0x12, 0x0a, 0xde, 0x00, 0x11, 0x0a, 0xdf, 0x00,
    0x10, 0x0a, 0xdf, 0x00, 0x10, 0x0a, 0xe0, 0x00, 0x0f, 0x0a, 0xe1, 0x00, 0x0f, 0x0a, 0xe0, 0x00,
    0x0f, 0x0a, 0xe1, 0x00, 0x0e, 0x0a, 0xe2, 0x00, 0x0d, 0x0a, 0xe2, 0x00, 0x0d, 0x0a, 0xe3, 0x00,
    0x0c, 0x0a, 0xe4, 0x00, 0x0b, 0x0a, 0xe4, 0x00, 0x0c, 0x0a, 0xe4, 0x00, 0x0b, 0x0a, 0xe5, 0x00,
    0x0a, 0x0a, 0xe5, 0x00, 0x0a, 0x0a, 0xe6, 0x00, 0x09, 0x0a, 0xe7, 0x00, 0x08, 0x0a, 0xe7, 0x00,
    0x08, 0x0a, 0xe8, 0x00, 0x08, 0x0a, 0xe8, 0x00, 0x07, 0x0a, 0xb1, 0x00, 0x18, 0x0f, 0x1f, 0x00,
    0x07, 0x0a, 0xaa, 0x00, 0x2a, 0x0f, 0x15, 0x00, 0x06, 0x0a, 0xa6, 0x00, 0x37, 0x0f, 0x0d, 0x00,
    0x05, 0x0a, 0xa3, 0x00, 0x41, 0x0f, 0x06, 0x00, 0x05, 0x0a, 0xa1, 0x00, 0x49, 0x0f, 0x01, 0x00,
    0x04, 0x0a, 0xa0, 0x00, 0x4c, 0x0f, 0x04, 0x0a, 0x9e, 0x00, 0x4d, 0x0f, 0x04, 0x0a, 0x05, 0x0f,
    0x98, 0x00, 0x4f, 0x0f, 0x03, 0x0a, 0x0a, 0x0f, 0x93, 0x00, 0x50, 0x0f, 0x02, 0x0a, 0x0e, 0x0f,
    0x90, 0x00, 0x4f, 0x0f, 0x02, 0x0a, 0x13, 0x0f, 0x8b, 0x00, 0x50, 0x0f, 0x01, 0x0a, 0x17, 0x0f,
    0x88, 0x00, 0x6c, 0x0f, 0x83, 0x00, 0x70, 0x0f, 0x80, 0x00, 0x72, 0x0f, 0x7d, 0x00, 0x76, 0x0f,
    0x7a, 0x00, 0x79, 0x0f, 0x77, 0x00, 0x7c, 0x0f, 0x73, 0x00, 0x7f, 0x0f, 0x71, 0x00, 0x64, 0x0f,
    0x01, 0x00, 0x1c, 0x0f, 0x6f, 0x00, 0x63, 0x0f, 0x03, 0x00, 0x1e, 0x0f, 0x6b, 0x00, 0x61, 0x0f,
    0x09, 0x00, 0x1d, 0x0f, 0x69, 0x00, 0x60, 0x0f, 0x0b, 0x00, 0x1e, 0x0f, 0x67, 0x00, 0x5f, 0x0f,
    0x0d, 0x00, 0x1f, 0x0f, 0x65, 0x00, 0x5e, 0x0f, 0x0f, 0x00, 0x20, 0x0f, 0x62, 0x00, 0x5e, 0x0f,
    0x11, 0x00, 0x21, 0x0f, 0x60, 0x00, 0x5d, 0x0f, 0x13, 0x00, 0x22, 0x0f, 0x5e, 0x00, 0x5d, 0x0f,
    0x13, 0x00, 0x24, 0x0f, 0x5c, 0x00, 0x5c, 0x0f, 0x15, 0x00, 0x25, 0x0f, 0x5a, 0x00, 0x5c, 0x0f,
    0x15, 0x00, 0x27, 0x0f, 0x57, 0x00, 0x5c, 0x0f, 0x17, 0x00, 0x27, 0x0f, 0x56, 0x00, 0x5c, 0x0f,
    0x17, 0x00, 0x29, 0x0f, 0x54, 0x00, 0x5c, 0x0f, 0x17, 0x00, 0x2b, 0x0f, 0x52, 0x00, 0x5c, 0x0f,
    0x17, 0x00, 0x2c, 0x0f, 0x51, 0x00, 0x5b, 0x0f, 0x19, 0x00, 0x2d, 0x0f, 0x4f, 0x00, 0x5b, 0x0f,
    0x19, 0x00, 0x2e, 0x0f, 0x4e, 0x00, 0x5b, 0x0f, 0x19, 0x00, 0x2f, 0x0f, 0x4d, 0x00, 0x5b, 0x0f,
    0x19, 0x00, 0x31, 0x0f, 0x4b, 0x00, 0x5b, 0x0f, 0x19, 0x00, 0x32, 0x0f, 0x4a, 0x00, 0x5b, 0x0f,
    0x19, 0x00, 0x33, 0x0f, 0x49, 0x00, 0x5b, 0x0f, 0x19, 0x00, 0x34, 0x0f, 0x47, 0x00, 0x5c, 0x0f,
    0x19, 0x00, 0x36, 0x0f, 0x46, 0x00, 0x5b, 0x0f, 0x19, 0x00, 0x34, 0x0f, 0x48, 0x00, 0x5b, 0x0f,
    0x19, 0x00, 0x33, 0x0f, 0x49, 0x00, 0x5b, 0x0f, 0x19, 0x00, 0x32, 0x0f, 0x4a, 0x00, 0x5b, 0x0f,
    0x19, 0x00, 0x31, 0x0f, 0x4b, 0x00, 0x5b, 0x0f, 0x19, 0x00, 0x2f, 0x0f, 0x4d, 0x00, 0x5b, 0x0f,
    0x19, 0x00, 0x2e, 0x0f, 0x4e, 0x00, 0x5b, 0x0f, 0x19, 0x00, 0x2d, 0x0f, 0x4f, 0x00, 0x5c, 0x0f,
    0x17, 0x00, 0x2c, 0x0f, 0x51, 0x00, 0x5c, 0x0f, 0x17, 0x00, 0x2b, 0x0f, 0x52, 0x00, 0x5c, 0x0f,
    0x17, 0x00, 0x29, 0x0f, 0x54, 0x00, 0x5c, 0x0f, 0x17, 0x00, 0x27, 0x0f, 0x57, 0x00, 0x5c, 0x0f,
    0x15, 0x00, 0x27, 0x0f, 0x58, 0x00, 0x5c, 0x0f, 0x15, 0x00, 0x25, 0x0f, 0x5a, 0x00, 0x5d, 0x0f,
    0x13, 0x00, 0x24, 0x0f, 0x5c, 0x00, 0x5d, 0x0f, 0x13, 0x00, 0x22, 0x0f, 0x5e, 0x00, 0x5e, 0x0f,
    0x11, 0x00, 0x21, 0x0f, 0x61, 0x00, 0x5e, 0x0f, 0x0f, 0x00, 0x20, 0x0f, 0x63, 0x00, 0x5f, 0x0f,
    0x0d, 0x00, 0x1f, 0x0f, 0x65, 0x00, 0x60, 0x0f, 0x0b, 0x00, 0x1e, 0x0f, 0x67, 0x00, 0x61, 0x0f,
    0x09, 0x00, 0x1d, 0x0f, 0x6a, 0x00, 0x63, 0x0f, 0x03, 0x00, 0x1e, 0x0f, 0x6c, 0x00, 0x81, 0x0f,
    0x6f, 0x00, 0x7f, 0x0f, 0x72, 0x00, 0x7c, 0x0f, 0x74, 0x00, 0x79, 0x0f, 0x77, 0x00, 0x76, 0x0f,
    0x7b, 0x00, 0x72, 0x0f, 0x7e, 0x00, 0x70, 0x0f, 0x81, 0x00, 0x6c, 0x0f, 0x84, 0x00, 0x68, 0x0f,
    0x89, 0x00, 0x64, 0x0f, 0x8c, 0x00, 0x60, 0x0f, 0x91, 0x00, 0x5c, 0x0f, 0x96, 0x00, 0x56, 0x0f,
    0x9c, 0x00, 0x4f, 0x0f, 0xa3, 0x00, 0x49, 0x0f, 0xaa, 0x00, 0x41, 0x0f, 0xb3, 0x00, 0x37, 0x0f,
    0xbe, 0x00, 0x2a, 0x0f, 0xce, 0x00, 0x18, 0x0f, 0xff, 0x00, 0xff, 0x00, 0xff, 0x00, 0xff, 0x00,
    0xff, 0x00, 0xff, 0x00, 0xff, 0x00, 0xff, 0x00, 0xff, 0x00, 0xff, 0x00, 0xff, 0x00, 0xff, 0x00,
    0xff, 0x00, 0xff, 0x00, 0xff, 0x00, 0xff, 0x00, 0xff, 0x00, 0xff, 0x00, 0xff, 0x00, 0xff, 0x00,
    0xff, 0x00, 0xff, 0x00, 0xff, 0x00, 0xff, 0x00, 0xff, 0x00, 0xff, 0x00, 0xff, 0x00, 0xff, 0x00,
    0xff, 0x00, 0xff, 0x00, 0xff, 0x00, 0xff, 0x00, 0xff, 0x00, 0xff, 0x00, 0xff, 0x00, 0xff, 0x00,
    0xff, 0x00, 0xff, 0x00, 0xff, 0x00, 0xff, 0x00, 0xff, 0x00, 0xff, 0x00, 0xff, 0x00, 0xff, 0x00,
    0xff, 0x00, 0xff, 0x00, 0xff, 0x00, 0xff, 0x00, 0xff, 0x00, 0xff, 0x00, 0xff, 0x00, 0xff, 0x00,
    0xff, 0x00, 0xff, 0x00, 0xff, 0x00, 0xff, 0x00, 0xff, 0x00, 0xff, 0x00, 0xff, 0x00, 0xff, 0x00,
    0xff, 0x00, 0xff, 0x00, 0xff, 0x00, 0xff, 0x00, 0xff, 0x00, 0xff, 0x00, 0xff, 0x00, 0xff, 0x00,
    0xff, 0x00, 0xff, 0x00, 0xff, 0x00, 0xff, 0x00, 0xff, 0x00, 0xff, 0x00, 0xf2, 0x00, 0xff, 0x00,
    0xff, 0x00, 0xff, 0x00, 0xff, 0x00, 0xff, 0x00, 0xff, 0x00, 0xff, 0x00, 0xff, 0x00, 0xff, 0x00,
    0xff, 0x00, 0xff, 0x00, 0xff, 0x00, 0xff, 0x00, 0xff, 0x00, 0xff, 0x00, 0xff, 0x00, 0xff, 0x00,
    0xff, 0x00, 0xff, 0x00, 0x42, 0x00, 0x1b, 0x0a, 0xd5, 0x00, 0x1a, 0x0a, 0xd6, 0x00, 0x1a, 0x0a,
    0xd5, 0x00, 0x1a, 0x0a, 0xd6, 0x00, 0x1a, 0x0a, 0xd6, 0x00, 0x19, 0x0a, 0xd6, 0x00, 0x1a, 0x0a,
    0xd6, 0x00, 0x19, 0x0a, 0xd7, 0x00, 0x19, 0x0a, 0xd6, 0x00, 0x19, 0x0a, 0xd7, 0x00, 0x19, 0x0a,
    0xd7, 0x00, 0x19, 0x0a, 0xd6, 0x00, 0x19, 0x0a, 0xd7, 0x00, 0x19, 0x0a, 0xd7, 0x00, 0x18, 0x0a,
    0xd7, 0x00, 0x19, 0x0a, 0xd7, 0x00, 0x18, 0x0a, 0xd8, 0x00, 0x18, 0x0a, 0xd7, 0x00, 0x18, 0x0a,
    0xd8, 0x00, 0x18, 0x0a, 0xd8, 0x00, 0x18, 0x0a, 0xd7, 0x00, 0x18, 0x0a, 0xd8, 0x00, 0x18, 0x0a,
    0xd8, 0x00, 0x17, 0x0a, 0xd8, 0x00, 0x18, 0x0a, 0xd8, 0x00, 0x17, 0x0a, 0xd9, 0x00, 0x17, 0x0a,
    0xd8, 0x00, 0x17, 0x0a, 0xd9, 0x00, 0x17, 0x0a, 0xd9, 0x00, 0x2a, 0x0a, 0xc5, 0x00, 0x2a, 0x0a,
    0xc6, 0x00, 0x29, 0x0a, 0xc7, 0x00, 0x28, 0x0a, 0xc7, 0x00, 0x28, 0x0a, 0xc8, 0x00, 0x27, 0x0a,
    0xc9, 0x00, 0x26, 0x0a, 0xc9, 0x00, 0x26, 0x0a, 0xca, 0x00, 0x26, 0x0a, 0xdc, 0x00, 0x13, 0x0a,
    0xdd, 0x00, 0x12, 0x0a, 0xde, 0x00, 0x11, 0x0a, 0xdf, 0x00, 0x10, 0x0a, 0xdf, 0x00, 0x10, 0x0a,
    0xe0, 0x00, 0x0f, 0x0a, 0xe1, 0x00, 0x0f, 0x0a, 0xe0, 0x00, 0x0f, 0x0a, 0xe1, 0x00, 0x0e, 0x0a,
    0xe2, 0x00, 0x0d, 0x0a, 0xe2, 0x00, 0x0d, 0x0a, 0xe3, 0x00, 0x0c, 0x0a, 0xe4, 0x00, 0x0b, 0x0a,
    0xe4, 0x00, 0x0c, 0x0a, 0xe4, 0x00, 0x0b, 0x0a, 0xe5, 0x00, 0x0a, 0x0a, 0xe5, 0x00, 0x0a, 0x0a,
    0xe6, 0x00, 0x09, 0x0a, 0xe7, 0x00, 0x08, 0x0a, 0xe7, 0x00, 0x08, 0x0a, 0xe8, 0x00, 0x08, 0x0a,
    0xe8, 0x00, 0x07, 0x0a, 0xe8, 0x00, 0x07, 0x0a, 0x24, 0x00, 0x18, 0x0f, 0xad, 0x00, 0x06, 0x0a,
    0x1b, 0x00, 0x2a, 0x0f, 0xa5, 0x00, 0x05, 0x0a, 0x14, 0x00, 0x37, 0x0f, 0x9f, 0x00, 0x05, 0x0a,
    0x0f, 0x00, 0x41, 0x0f, 0x9b, 0x00, 0x04, 0x0a, 0x0b, 0x00, 0x49, 0x0f, 0x98, 0x00, 0x04, 0x0a,
    0x07, 0x00, 0x4f, 0x0f, 0x95, 0x00, 0x04, 0x0a, 0x03, 0x00, 0x56, 0x0f, 0x93, 0x00, 0x03, 0x0a,
    0x5c, 0x0f, 0x91, 0x00, 0x02, 0x0a, 0x5e, 0x0f, 0x8c, 0x00, 0x03, 0x0f, 0x02, 0x0a, 0x5f, 0x0f,
    0x89, 0x00, 0x06, 0x0f, 0x01, 0x0a, 0x61, 0x0f, 0x84, 0x00, 0x6c, 0x0f, 0x81, 0x00, 0x70, 0x0f,
    0x7e, 0x00, 0x72, 0x0f, 0x7b, 0x00, 0x76, 0x0f, 0x77, 0x00, 0x79, 0x0f, 0x74, 0x00, 0x7c, 0x0f,
    0x72, 0x00, 0x7f, 0x0f, 0x6f, 0x00, 0x1c, 0x0f, 0x01, 0x00, 0x64, 0x0f, 0x6c, 0x00, 0x1e, 0x0f,
    0x03, 0x00, 0x63, 0x0f, 0x6a, 0x00, 0x1d, 0x0f, 0x09, 0x00, 0x61, 0x0f, 0x67, 0x00, 0x1e, 0x0f,
    0x0b, 0x00, 0x60, 0x0f, 0x65, 0x00, 0x1f, 0x0f, 0x0d, 0x00, 0x5f, 0x0f, 0x63, 0x00, 0x20, 0x0f,
    0x0f, 0x00, 0x5e, 0x0f, 0x61, 0x00, 0x21, 0x0f, 0x11, 0x00, 0x5e, 0x0f, 0x5e, 0x00, 0x22, 0x0f,
    0x13, 0x00, 0x5d, 0x0f, 0x5c, 0x00, 0x24, 0x0f, 0x13, 0x00, 0x5d, 0x0f, 0x5a, 0x00, 0x25, 0x0f,
    0x15, 0x00, 0x5c, 0x0f, 0x58, 0x00, 0x27, 0x0f, 0x15, 0x00, 0x5c, 0x0f, 0x57, 0x00, 0x27, 0x0f,
    0x17, 0x00, 0x5c, 0x0f, 0x54, 0x00, 0x29, 0x0f, 0x17, 0x00, 0x5c, 0x0f, 0x52, 0x00, 0x2b, 0x0f,
    0x17, 0x00, 0x5c, 0x0f, 0x51, 0x00, 0x2c, 0x0f, 0x17, 0x00, 0x5c, 0x0f, 0x4f, 0x00, 0x2d, 0x0f,
    0x19, 0x00, 0x5b, 0x0f, 0x4e, 0x00, 0x2e, 0x0f, 0x19, 0x00, 0x5b, 0x0f, 0x4d, 0x00, 0x2f, 0x0f,
    0x19, 0x00, 0x5b, 0x0f, 0x4b, 0x00, 0x31, 0x0f, 0x19, 0x00, 0x5b, 0x0f, 0x4a, 0x00, 0x32, 0x0f,
    0x19, 0x00, 0x5b, 0x0f, 0x49, 0x00, 0x33, 0x0f, 0x19, 0x00, 0x5b, 0x0f, 0x48, 0x00, 0x34, 0x0f,
    0x19, 0x00, 0x5b, 0x0f, 0x46, 0x00, 0x36, 0x0f, 0x19, 0x00, 0x5c, 0x0f, 0x47, 0x00, 0x34, 0x0f,
    0x19, 0x00, 0x5b, 0x0f, 0x49, 0x00, 0x33, 0x0f, 0x19, 0x00, 0x5b, 0x0f, 0x4a, 0x00, 0x32, 0x0f,
    0x19, 0x00, 0x5b, 0x0f, 0x4b, 0x00, 0x31, 0x0f, 0x19, 0x00, 0x5b, 0x0f, 0x4d, 0x00, 0x2f, 0x0f,
    0x19, 0x00, 0x5b, 0x0f, 0x4e, 0x00, 0x2e, 0x0f, 0x19, 0x00, 0x5b, 0x0f, 0x4f, 0x00, 0x2d, 0x0f,
    0x19, 0x00, 0x5b, 0x0f, 0x51, 0x00, 0x2c, 0x0f, 0x17, 0x00, 0x5c, 0x0f, 0x52, 0x00, 0x2b, 0x0f,
    0x17, 0x00, 0x5c, 0x0f, 0x54, 0x00, 0x29, 0x0f, 0x17, 0x00, 0x5c, 0x0f, 0x56, 0x00, 0x27, 0x0f,
    0x17, 0x00, 0x5c, 0x0f, 0x57, 0x00, 0x27, 0x0f, 0x15, 0x00, 0x5c, 0x0f, 0x5a, 0x00, 0x25, 0x0f,
    0x15, 0x00, 0x5c, 0x0f, 0x5c, 0x00, 0x24, 0x0f, 0x13, 0x00, 0x5d, 0x0f, 0x5e, 0x00, 0x22, 0x0f,
    0x13, 0x00, 0x5d, 0x0f, 0x60, 0x00, 0x21, 0x0f, 0x11, 0x00, 0x5e, 0x0f, 0x62, 0x00, 0x20, 0x0f,
    0x0f, 0x00, 0x5e, 0x0f, 0x65, 0x00, 0x1f, 0x0f, 0x0d, 0x00, 0x5f, 0x0f, 0x67, 0x00, 0x1e, 0x0f,
    0x0b, 0x00, 0x60, 0x0f, 0x69, 0x00, 0x1d, 0x0f, 0x09, 0x00, 0x61, 0x0f, 0x6b, 0x00, 0x1e, 0x0f,
    0x03, 0x00, 0x63, 0x0f, 0x6f, 0x00, 0x81, 0x0f, 0x71, 0x00, 0x7f, 0x0f, 0x73, 0x00, 0x7c, 0x0f,
    0x77, 0x00, 0x79, 0x0f, 0x7a, 0x00, 0x76, 0x0f, 0x7d, 0x00, 0x72, 0x0f, 0x80, 0x00, 0x70, 0x0f,
    0x83, 0x00, 0x6c, 0x0f, 0x88, 0x00, 0x68, 0x0f, 0x8b, 0x00, 0x64, 0x0f, 0x90, 0x00, 0x60, 0x0f,
    0x93, 0x00, 0x5c, 0x0f, 0x98, 0x00, 0x56, 0x0f, 0x9f, 0x00, 0x4f, 0x0f, 0xa5, 0x00, 0x49, 0x0f,
    0xac, 0x00, 0x41, 0x0f, 0xb5, 0x00, 0x37, 0x0f, 0xc1, 0x00, 0x2a, 0x0f, 0xd0, 0x00, 0x18, 0x0f,
    0xff, 0x00, 0xff, 0x00, 0xff, 0x00, 0xff, 0x00, 0xff, 0x00, 0xff, 0x00, 0xff, 0x00, 0xff, 0x00,
    0xff, 0x00, 0xff, 0x00, 0xff, 0x00, 0xff, 0x00, 0xff, 0x00, 0xff, 0x00, 0xff, 0x00, 0xff, 0x00,
    0xff, 0x00, 0xff, 0x00, 0xff, 0x00, 0xff, 0x00, 0xff, 0x00, 0xff, 0x00, 0xff, 0x00, 0xff, 0x00,
    0xff, 0x00, 0xff, 0x00, 0xff, 0x00, 0xff, 0x00, 0xff, 0x00, 0xff, 0x00, 0xff, 0x00, 0xff, 0x00,
    0xff, 0x00, 0xff, 0x00, 0xff, 0x00, 0xff, 0x00, 0xff, 0x00, 0xff, 0x00, 0xff, 0x00, 0xff, 0x00,
    0xff, 0x00, 0xff, 0x00, 0xff, 0x00, 0xff, 0x00, 0xff, 0x00, 0xff, 0x00, 0xff, 0x00, 0xff, 0x00,
    0xff, 0x00, 0xff, 0x00, 0xff, 0x00, 0xff, 0x00, 0xff, 0x00, 0xff, 0x00, 0xff, 0x00, 0xff, 0x00,
    0xff, 0x00, 0xff, 0x00, 0xff, 0x00, 0xff, 0x00, 0xff, 0x00, 0xff, 0x00, 0xff, 0x00, 0xff, 0x00,
    0xff, 0x00, 0xff, 0x00, 0xff, 0x00, 0xff, 0x00, 0xff, 0x00, 0xff, 0x00, 0xff, 0x00, 0xff, 0x00,
    0xff, 0x00, 0xff, 0x00, 0x99, 0x00, 0xff, 0x00, 0xff, 0x00, 0xff, 0x00, 0xff, 0x00, 0xff, 0x00,
    0xff, 0x00, 0xff, 0x00, 0xff, 0x00, 0xff, 0x00, 0xff, 0x00, 0xff, 0x00, 0xff, 0x00, 0xff, 0x00,
    0xff, 0x00, 0xff, 0x00, 0xff, 0x00, 0xff, 0x00, 0xff, 0x00, 0xff, 0x00, 0x45, 0x00, 0x1b, 0x0a,
    0xd5, 0x00, 0x1a, 0x0a, 0xd6, 0x00, 0x1a, 0x0a, 0xd5, 0x00, 0x1a, 0x0a, 0xd6, 0x00, 0x1a, 0x0a,
    0xd6, 0x00, 0x19, 0x0a, 0xd6, 0x00, 0x1a, 0x0a, 0xd6, 0x00, 0x19, 0x0a, 0xd7, 0x00, 0x19, 0x0a,
    0xd6, 0x00, 0x19, 0x0a, 0xd7, 0x00, 0x19, 0x0a, 0xd7, 0x00, 0x19, 0x0a, 0xd6, 0x00, 0x19, 0x0a,
    0xd7, 0x00, 0x19, 0x0a, 0xd7, 0x00, 0x18, 0x0a, 0xd7, 0x00, 0x19, 0x0a, 0xd7, 0x00, 0x18, 0x0a,
    0xd8, 0x00, 0x18, 0x0a, 0xd7, 0x00, 0x18, 0x0a, 0xd8, 0x00, 0x18, 0x0a, 0xd8, 0x00, 0x18, 0x0a,
    0xd7, 0x00, 0x18, 0x0a, 0xd8, 0x00, 0x18, 0x0a, 0xd8, 0x00, 0x17, 0x0a, 0xd8, 0x00, 0x18, 0x0a,
    0xd8, 0x00, 0x17, 0x0a, 0xd9, 0x00, 0x17, 0x0a, 0xd8, 0x00, 0x17, 0x0a, 0xd9, 0x00, 0x17, 0x0a,
    0xd9, 0x00, 0x2a, 0x0a, 0xc5, 0x00, 0x2a, 0x0a, 0xc6, 0x00, 0x29, 0x0a, 0xc7, 0x00, 0x28, 0x0a,
    0xc7, 0x00, 0x28, 0x0a, 0xc8, 0x00, 0x27, 0x0a, 0xc9, 0x00, 0x26, 0x0a, 0xc9, 0x00, 0x26, 0x0a,
    0xca, 0x00, 0x26, 0x0a, 0xdc, 0x00, 0x13, 0x0a, 0xdd, 0x00, 0x12, 0x0a, 0xde, 0x00, 0x11, 0x0a,
    0xdf, 0x00, 0x10, 0x0a, 0xdf, 0x00, 0x10, 0x0a, 0xe0, 0x00, 0x0f, 0x0a, 0xe1, 0x00, 0x0f, 0x0a,
    0xe0, 0x00, 0x0f, 0x0a, 0xe1, 0x00, 0x0e, 0x0a, 0xe2, 0x00, 0x0d, 0x0a, 0xe2, 0x00, 0x0d, 0x0a,
    0xe3, 0x00, 0x0c, 0x0a, 0xe4, 0x00, 0x0b, 0x0a, 0xe4, 0x00, 0x0c, 0x0a, 0xe4, 0x00, 0x0b, 0x0a,
    0xe5, 0x00, 0x0a, 0x0a, 0xe5, 0x00, 0x0a, 0x0a, 0xe6, 0x00, 0x09, 0x0a, 0xe7, 0x00, 0x08, 0x0a,
    0xe7, 0x00, 0x08, 0x0a, 0xe8, 0x00, 0x08, 0x0a, 0xe8, 0x00, 0x07, 0x0a, 0xe8, 0x00, 0x07, 0x0a,
    0x21, 0x00, 0x18, 0x0f, 0xb0, 0x00, 0x06, 0x0a, 0x18, 0x00, 0x2a, 0x0f, 0xa8, 0x00, 0x05, 0x0a,
    0x11, 0x00, 0x37, 0x0f, 0xa2, 0x00, 0x05, 0x0a, 0x0c, 0x00, 0x41, 0x0f, 0x9e, 0x00, 0x04, 0x0a,
    0x08, 0x00, 0x49, 0x0f, 0x9b, 0x00, 0x04, 0x0a, 0x04, 0x00, 0x4f, 0x0f, 0x98, 0x00, 0x04, 0x0a,
    0x56, 0x0f, 0x96, 0x00, 0x03, 0x0a, 0x59, 0x0f, 0x91, 0x00, 0x03, 0x0f, 0x02, 0x0a, 0x5b, 0x0f,
    0x8c, 0x00, 0x06, 0x0f, 0x02, 0x0a, 0x5c, 0x0f, 0x89, 0x00, 0x09, 0x0f, 0x01, 0x0a, 0x5e, 0x0f,
    0x84, 0x00, 0x6c, 0x0f, 0x81, 0x00, 0x70, 0x0f, 0x7e, 0x00, 0x72, 0x0f, 0x7b, 0x00, 0x76, 0x0f,
    0x77, 0x00, 0x79, 0x0f, 0x74, 0x00, 0x7c, 0x0f, 0x72, 0x00, 0x7f, 0x0f, 0x6f, 0x00, 0x1c, 0x0f,
    0x01, 0x00, 0x64, 0x0f, 0x6c, 0x00, 0x1e, 0x0f, 0x03, 0x00, 0x63, 0x0f, 0x6a, 0x00, 0x1d, 0x0f,
    0x09, 0x00, 0x61, 0x0f, 0x67, 0x00, 0x1e, 0x0f, 0x0b, 0x00, 0x60, 0x0f, 0x65, 0x00, 0x1f, 0x0f,
    0x0d, 0x00, 0x5f, 0x0f, 0x63, 0x00, 0x20, 0x0f, 0x0f, 0x00, 0x5e, 0x0f, 0x61, 0x00, 0x21, 0x0f,
    0x11, 0x00, 0x5e, 0x0f, 0x5e, 0x00, 0x22, 0x0f, 0x13, 0x00, 0x5d, 0x0f, 0x5c, 0x00, 0x24, 0x0f,
    0x13, 0x00, 0x5d, 0x0f, 0x5a, 0x00, 0x25, 0x0f, 0x15, 0x00, 0x5c, 0x0f, 0x58, 0x00, 0x27, 0x0f,
    0x15, 0x00, 0x5c, 0x0f, 0x57, 0x00, 0x27, 0x0f, 0x17, 0x00, 0x5c, 0x0f, 0x54, 0x00, 0x29, 0x0f,
    0x17, 0x00, 0x5c, 0x0f, 0x52, 0x00, 0x2b, 0x0f, 0x17, 0x00, 0x5c, 0x0f, 0x51, 0x00, 0x2c, 0x0f,
    0x17, 0x00, 0x5c, 0x0f, 0x4f, 0x00, 0x2d, 0x0f, 0x19, 0x00, 0x5b, 0x0f, 0x4e, 0x00, 0x2e, 0x0f,
    0x19, 0x00, 0x5b, 0x0f, 0x4d, 0x00, 0x2f, 0x0f, 0x19, 0x00, 0x5b, 0x0f, 0x4b, 0x00, 0x31, 0x0f,
    0x19, 0x00, 0x5b, 0x0f, 0x4a, 0x00, 0x32, 0x0f, 0x19, 0x00, 0x5b, 0x0f, 0x49, 0x00, 0x33, 0x0f,
    0x19, 0x00, 0x5b, 0x0f, 0x48, 0x00, 0x34, 0x0f, 0x19, 0x00, 0x5b, 0x0f, 0x46, 0x00, 0x36, 0x0f,
    0x19, 0x00, 0x5c, 0x0f, 0x47, 0x00, 0x34, 0x0f, 0x19, 0x00, 0x5b, 0x0f, 0x49, 0x00, 0x33, 0x0f,
    0x19, 0x00, 0x5b, 0x0f, 0x4a, 0x00, 0x32, 0x0f, 0x19, 0x00, 0x5b, 0x0f, 0x4b, 0x00, 0x31, 0x0f,
    0x19, 0x00, 0x5b, 0x0f, 0x4d, 0x00, 0x2f, 0x0f, 0x19, 0x00, 0x5b, 0x0f, 0x4e, 0x00, 0x2e, 0x0f,
    0x19, 0x00, 0x5b, 0x0f, 0x4f, 0x00, 0x2d, 0x0f, 0x19, 0x00, 0x5b, 0x0f, 0x51, 0x00, 0x2c, 0x0f,
    0x17, 0x00, 0x5c, 0x0f, 0x52, 0x00, 0x2b, 0x0f, 0x17, 0x00, 0x5c, 0x0f, 0x54, 0x00, 0x29, 0x0f,
    0x17, 0x00, 0x5c, 0x0f, 0x56, 0x00, 0x27, 0x0f, 0x17, 0x00, 0x5c, 0x0f, 0x57, 0x00, 0x27, 0x0f,
    0x15, 0x00, 0x5c, 0x0f, 0x5a, 0x00, 0x25, 0x0f, 0x15, 0x00, 0x5c, 0x0f, 0x5c, 0x00, 0x24, 0x0f,
    0x13, 0x00, 0x5d, 0x0f, 0x5e, 0x00, 0x22, 0x0f, 0x13, 0x00, 0x5d, 0x0f, 0x60, 0x00, 0x21, 0x0f,
    0x11, 0x00, 0x5e, 0x0f, 0x62, 0x00, 0x20, 0x0f, 0x0f, 0x00, 0x5e, 0x0f, 0x65, 0x00, 0x1f, 0x0f,
    0x0d, 0x00, 0x5f, 0x0f, 0x67, 0x00, 0x1e, 0x0f, 0x0b, 0x00, 0x60, 0x0f, 0x69, 0x00, 0x1d, 0x0f,
    0x09, 0x00, 0x61, 0x0f, 0x6b, 0x00, 0x1e, 0x0f, 0x03, 0x00, 0x63, 0x0f, 0x6f, 0x00, 0x81, 0x0f,
    0x71, 0x00, 0x7f, 0x0f, 0x73, 0x00, 0x7c, 0x0f, 0x77, 0x00, 0x79, 0x0f, 0x7a, 0x00, 0x76, 0x0f,
    0x7d, 0x00, 0x72, 0x0f, 0x80, 0x00, 0x70, 0x0f, 0x83, 0x00, 0x6c, 0x0f, 0x88, 0x00, 0x68, 0x0f,
    0x8b, 0x00, 0x64, 0x0f, 0x90, 0x00, 0x60, 0x0f, 0x93, 0x00, 0x5c, 0x0f, 0x98, 0x00, 0x56, 0x0f,
    0x9f, 0x00, 0x4f, 0x0f, 0xa5, 0x00, 0x49, 0x0f, 0xac, 0x00, 0x41, 0x0f, 0xb5, 0x00, 0x37, 0x0f,
    0xc1, 0x00, 0x2a, 0x0f, 0xd0, 0x00, 0x18, 0x0f, 0xff, 0x00, 0xff, 0x00, 0xff, 0x00, 0xff, 0x00,
    0xff, 0x00, 0xff, 0x00, 0xff, 0x00, 0xff, 0x00, 0xff, 0x00, 0xff, 0x00, 0xff, 0x00, 0xff, 0x00,
    0xff, 0x00, 0xff, 0x00, 0xff, 0x00, 0xff, 0x00, 0xff, 0x00, 0xff, 0x00, 0xff, 0x00, 0xff, 0x00,
    0xff, 0x00, 0xff, 0x00, 0xff, 0x00, 0xff, 0x00, 0xff, 0x00, 0xff, 0x00, 0xff, 0x00, 0xff, 0x00,
    0xff, 0x00, 0xff, 0x00, 0xff, 0x00, 0xff, 0x00, 0xff, 0x00, 0xff, 0x00, 0xff, 0x00, 0xff, 0x00,
    0xff, 0x00, 0xff, 0x00, 0xff, 0x00, 0xff, 0x00, 0xff, 0x00, 0xff, 0x00, 0xff, 0x00, 0xff, 0x00,
    0xff, 0x00, 0xff, 0x00, 0xff, 0x00, 0xff, 0x00, 0xff, 0x00, 0xff, 0x00, 0xff, 0x00, 0xff, 0x00,
    0xff, 0x00, 0xff, 0x00, 0xff, 0x00, 0xff, 0x00, 0xff, 0x00, 0xff, 0x00, 0xff, 0x00, 0xff, 0x00,
    0xff, 0x00, 0xff, 0x00, 0xff, 0x00, 0xff, 0x00, 0xff, 0x00, 0xff, 0x00, 0xff, 0x00, 0xff, 0x00,
    0xff, 0x00, 0xff, 0x00, 0xff, 0x00, 0xff, 0x00, 0xff, 0x00, 0xff, 0x00, 0x99, 0x00, 0xff, 0x00,
    0xff, 0x00, 0xff, 0x00, 0xff, 0x00, 0xff, 0x00, 0xff, 0x00, 0xff, 0x00, 0xff, 0x00, 0xff, 0x00,
    0xff, 0x00, 0xff, 0x00, 0xff, 0x00, 0xff, 0x00, 0xff, 0x00, 0xff, 0x00, 0xff, 0x00, 0xff, 0x00,
    0xff, 0x00, 0xff, 0x00, 0x48, 0x00, 0x1b, 0x0a, 0xd5, 0x00, 0x1a, 0x0a, 0xd6, 0x00, 0x1a, 0x0a,
    0xd5, 0x00, 0x1a, 0x0a, 0xd6, 0x00, 0x1a, 0x0a, 0xd6, 0x00, 0x19, 0x0a, 0xd6, 0x00, 0x1a, 0x0a,
    0xd6, 0x00, 0x19, 0x0a, 0xd7, 0x00, 0x19, 0x0a, 0xd6, 0x00, 0x19, 0x0a, 0xd7, 0x00, 0x19, 0x0a,
    0xd7, 0x00, 0x19, 0x0a, 0xd6, 0x00, 0x19, 0x0a, 0xd7, 0x00, 0x19, 0x0a, 0xd7, 0x00, 0x18, 0x0a,
    0xd7, 0x00, 0x19, 0x0a, 0xd7, 0x00, 0x18, 0x0a, 0xd8, 0x00, 0x18, 0x0a, 0xd7, 0x00, 0x18, 0x0a,
    0xd8, 0x00, 0x18, 0x0a, 0xd8, 0x00, 0x18, 0x0a, 0xd7, 0x00, 0x18, 0x0a, 0xd8, 0x00, 0x18, 0x0a,
    0xd8, 0x00, 0x17, 0x0a, 0xd8, 0x00, 0x18, 0x0a, 0xd8, 0x00, 0x17, 0x0a, 0xd9, 0x00, 0x17, 0x0a,
    0xd8, 0x00, 0x17, 0x0a, 0xd9, 0x00, 0x17, 0x0a, 0xd9, 0x00, 0x2a, 0x0a, 0xc5, 0x00, 0x2a, 0x0a,
    0xc6, 0x00, 0x29, 0x0a, 0xc7, 0x00, 0x28, 0x0a, 0xc7, 0x00, 0x28, 0x0a, 0xc8, 0x00, 0x27, 0x0a,
    0xc9, 0x00, 0x26, 0x0a, 0xc9, 0x00, 0x26, 0x0a, 0xca, 0x00, 0x26, 0x0a, 0xdc, 0x00, 0x13, 0x0a,
    0xdd, 0x00, 0x12, 0x0a, 0xde, 0x00, 0x11, 0x0a, 0xdf, 0x00, 0x10, 0x0a, 0xdf, 0x00, 0x10, 0x0a,
    0xe0, 0x00, 0x0f, 0x0a, 0xe1, 0x00, 0x0f, 0x0a, 0xe0, 0x00, 0x0f, 0x0a, 0xe1, 0x00, 0x0e, 0x0a,
    0xe2, 0x00, 0x0d, 0x0a, 0xe2, 0x00, 0x0d, 0x0a, 0xe3, 0x00, 0x0c, 0x0a, 0xe4, 0x00, 0x0b, 0x0a,
    0xe4, 0x00, 0x0c, 0x0a, 0xe4, 0x00, 0x0b, 0x0a, 0xe5, 0x00, 0x0a, 0x0a, 0xe5, 0x00, 0x0a, 0x0a,
    0xe6, 0x00, 0x09, 0x0a, 0xe7, 0x00, 0x08, 0x0a, 0xe7, 0x00, 0x08, 0x0a, 0xe8, 0x00, 0x08, 0x0a,
    0xe8, 0x00, 0x07, 0x0a, 0xe8, 0x00, 0x07, 0x0a, 0x1e, 0x00, 0x18, 0x0f, 0xb3, 0x00, 0x06, 0x0a,
    0x15, 0x00, 0x2a, 0x0f, 0xab, 0x00, 0x05, 0x0a, 0x0e, 0x00, 0x37, 0x0f, 0xa5, 0x00, 0x05, 0x0a,
    0x09, 0x00, 0x41, 0x0f, 0xa1, 0x00, 0x04, 0x0a, 0x05, 0x00, 0x49, 0x0f, 0x9e, 0x00, 0x04, 0x0a,
    0x01, 0x00, 0x4f, 0x0f, 0x9b, 0x00, 0x04, 0x0a, 0x53, 0x0f, 0x96, 0x00, 0x03, 0x0f, 0x03, 0x0a,
    0x56, 0x0f, 0x91, 0x00, 0x06, 0x0f, 0x02, 0x0a, 0x58, 0x0f, 0x8c, 0x00, 0x09, 0x0f, 0x02, 0x0a,
    0x59, 0x0f, 0x89, 0x00, 0x0c, 0x0f, 0x01, 0x0a, 0x5b, 0x0f, 0x84, 0x00, 0x6c, 0x0f, 0x81, 0x00,
    0x70, 0x0f, 0x7e, 0x00, 0x72, 0x0f, 0x7b, 0x00, 0x76, 0x0f, 0x77, 0x00, 0x79, 0x0f, 0x74, 0x00,
    0x7c, 0x0f, 0x72, 0x00, 0x7f, 0x0f, 0x6f, 0x00, 0x1c, 0x0f, 0x01, 0x00, 0x64, 0x0f, 0x6c, 0x00,
    0x1e, 0x0f, 0x03, 0x00, 0x63, 0x0f, 0x6a, 0x00, 0x1d, 0x0f, 0x09, 0x00, 0x61, 0x0f, 0x67, 0x00,
    0x1e, 0x0f, 0x0b, 0x00, 0x60, 0x0f, 0x65, 0x00, 0x1f, 0x0f, 0x0d, 0x00, 0x5f, 0x0f, 0x63, 0x00,
    0x20, 0x0f, 0x0f, 0x00, 0x5e, 0x0f, 0x61, 0x00, 0x21, 0x0f, 0x11, 0x00, 0x5e, 0x0f, 0x5e, 0x00,
    0x22, 0x0f, 0x13, 0x00, 0x5d, 0x0f, 0x5c, 0x00, 0x24, 0x0f, 0x13, 0x00, 0x5d, 0x0f, 0x5a, 0x00,
    0x25, 0x0f, 0x15, 0x00, 0x5c, 0x0f, 0x58, 0x00, 0x27, 0x0f, 0x15, 0x00, 0x5c, 0x0f, 0x57, 0x00,
    0x27, 0x0f, 0x17, 0x00, 0x5c, 0x0f, 0x54, 0x00, 0x29, 0x0f, 0x17, 0x00, 0x5c, 0x0f, 0x52, 0x00,
    0x2b, 0x0f, 0x17, 0x00, 0x5c, 0x0f, 0x51, 0x00, 0x2c, 0x0f, 0x17, 0x00, 0x5c, 0x0f, 0x4f, 0x00,
    0x2d, 0x0f, 0x19, 0x00, 0x5b, 0x0f, 0x4e, 0x00, 0x2e, 0x0f, 0x19, 0x00, 0x5b, 0x0f, 0x4d, 0x00,
    0x2f, 0x0f, 0x19, 0x00, 0x5b, 0x0f, 0x4b, 0x00, 0x31, 0x0f, 0x19, 0x00, 0x5b, 0x0f, 0x4a, 0x00,
    0x32, 0x0f, 0x19, 0x00, 0x5b, 0x0f, 0x49, 0x00, 0x33, 0x0f, 0x19, 0x00, 0x5b, 0x0f, 0x48, 0x00,
    0x34, 0x0f, 0x19, 0x00, 0x5b, 0x0f, 0x46, 0x00, 0x36, 0x0f, 0x19, 0x00, 0x5c, 0x0f, 0x47, 0x00,
    0x34, 0x0f, 0x19, 0x00, 0x5b, 0x0f, 0x49, 0x00, 0x33, 0x0f, 0x19, 0x00, 0x5b, 0x0f, 0x4a, 0x00,
    0x32, 0x0f, 0x19, 0x00, 0x5b, 0x0f, 0x4b, 0x00, 0x31, 0x0f, 0x19, 0x00, 0x5b, 0x0f, 0x4d, 0x00,
    0x2f, 0x0f, 0x19, 0x00, 0x5b, 0x0f, 0x4e, 0x00, 0x2e, 0x0f, 0x19, 0x00, 0x5b, 0x0f, 0x4f, 0x00,
    0x2d, 0x0f, 0x19, 0x00, 0x5b, 0x0f, 0x51, 0x00, 0x2c, 0x0f, 0x17, 0x00, 0x5c, 0x0f, 0x52, 0x00,
    0x2b, 0x0f, 0x17, 0x00, 0x5c, 0x0f, 0x54, 0x00, 0x29, 0x0f, 0x17, 0x00, 0x5c, 0x0f, 0x56, 0x00,
    0x27, 0x0f, 0x17, 0x00, 0x5c, 0x0f, 0x57, 0x00, 0x27, 0x0f, 0x15, 0x00, 0x5c, 0x0f, 0x5a, 0x00,
    0x25, 0x0f, 0x15, 0x00, 0x5c, 0x0f, 0x5c, 0x00, 0x24, 0x0f, 0x13, 0x00, 0x5d, 0x0f, 0x5e, 0x00,
    0x22, 0x0f, 0x13, 0x00, 0x5d, 0x0f, 0x60, 0x00, 0x21, 0x0f, 0x11, 0x00, 0x5e, 0x0f, 0x62, 0x00,
    0x20, 0x0f, 0x0f, 0x00, 0x5e, 0x0f, 0x65, 0x00, 0x1f, 0x0f, 0x0d, 0x00, 0x5f, 0x0f, 0x67, 0x00,
    0x1e, 0x0f, 0x0b, 0x00, 0x60, 0x0f, 0x69, 0x00, 0x1d, 0x0f, 0x09, 0x00, 0x61, 0x0f, 0x6b, 0x00,
    0x1e, 0x0f, 0x03, 0x00, 0x63, 0x0f, 0x6f, 0x00, 0x81, 0x0f, 0x71, 0x00, 0x7f, 0x0f, 0x73, 0x00,
    0x7c, 0x0f, 0x77, 0x00, 0x79, 0x0f, 0x7a, 0x00, 0x76, 0x0f, 0x7d, 0x00, 0x72, 0x0f, 0x80, 0x00,
    0x70, 0x0f, 0x83, 0x00, 0x6c, 0x0f, 0x88, 0x00, 0x68, 0x0f, 0x8b, 0x00, 0x64, 0x0f, 0x90, 0x00,
    0x60, 0x0f, 0x93, 0x00, 0x5c, 0x0f, 0x98, 0x00, 0x56, 0x0f, 0x9f, 0x00, 0x4f, 0x0f, 0xa5, 0x00,
    0x49, 0x0f, 0xac, 0x00, 0x41, 0x0f, 0xb5, 0x00, 0x37, 0x0f, 0xc1, 0x00, 0x2a, 0x0f, 0xd0, 0x00,
    0x18, 0x0f, 0xff, 0x00, 0xff, 0x00, 0xff, 0x00, 0xff, 0x00, 0xff, 0x00, 0xff, 0x00, 0xff, 0x00,
    0xff, 0x00, 0xff, 0x00, 0xff, 0x00, 0xff, 0x00, 0xff, 0x00, 0xff, 0x00, 0xff, 0x00, 0xff, 0x00,
    0xff, 0x00, 0xff, 0x00, 0xff, 0x00, 0xff, 0x00, 0xff, 0x00, 0xff, 0x00, 0xff, 0x00, 0xff, 0x00,
    0xff, 0x00, 0xff, 0x00, 0xff, 0x00, 0xff, 0x00, 0xff, 0x00, 0xff, 0x00, 0xff, 0x00, 0xff, 0x00,
    0xff, 0x00, 0xff, 0x00, 0xff, 0x00, 0xff, 0x00, 0xff, 0x00, 0xff, 0x00, 0xff, 0x00, 0xff, 0x00,
    0xff, 0x00, 0xff, 0x00, 0xff, 0x00, 0xff, 0x00, 0xff, 0x00, 0xff, 0x00, 0xff, 0x00, 0xff, 0x00,
    0xff, 0x00, 0xff, 0x00, 0xff, 0x00, 0xff, 0x00, 0xff, 0x00, 0xff, 0x00, 0xff, 0x00, 0xff, 0x00,
    0xff, 0x00, 0xff, 0x00, 0xff, 0x00, 0xff, 0x00, 0xff, 0x00, 0xff, 0x00, 0xff, 0x00, 0xff, 0x00,
    0xff, 0x00, 0xff, 0x00, 0xff, 0x00, 0xff, 0x00, 0xff, 0x00, 0xff, 0x00, 0xff, 0x00, 0xff, 0x00,
    0xff, 0x00, 0xff, 0x00, 0xff, 0x00, 0x99, 0x00, 0xff, 0x00, 0xff, 0x00, 0xff, 0x00, 0xff, 0x00,
    0xff, 0x00, 0xff, 0x00, 0xff, 0x00, 0xff, 0x00, 0xff, 0x00, 0xff, 0x00, 0xff, 0x00, 0xff, 0x00,
    0xff, 0x00, 0xff, 0x00, 0xff, 0x00, 0xff, 0x00, 0xff, 0x00, 0xff, 0x00, 0xff, 0x00, 0x4b, 0x00,
    0x1b, 0x0a, 0xd5, 0x00, 0x1a, 0x0a, 0xd6, 0x00, 0x1a, 0x0a, 0xd5, 0x00, 0x1a, 0x0a, 0xd6, 0x00,
    0x1a, 0x0a, 0xd6, 0x00, 0x19, 0x0a, 0xd6, 0x00, 0x1a, 0x0a, 0xd6, 0x00, 0x19, 0x0a, 0xd7, 0x00,
    0x19, 0x0a, 0xd6, 0x00, 0x19, 0x0a, 0xd7, 0x00, 0x19, 0x0a, 0xd7, 0x00, 0x19, 0x0a, 0xd6, 0x00,
    0x19, 0x0a, 0xd7, 0x00, 0x19, 0x0a, 0xd7, 0x00, 0x18, 0x0a, 0xd7, 0x00, 0x19, 0x0a, 0xd7, 0x00,
    0x18, 0x0a, 0xd8, 0x00, 0x18, 0x0a, 0xd7, 0x00, 0x18, 0x0a, 0xd8, 0x00, 0x18, 0x0a, 0xd8, 0x00,
    0x18, 0x0a, 0xd7, 0x00, 0x18, 0x0a, 0xd8, 0x00, 0x18, 0x0a, 0xd8, 0x00, 0x17, 0x0a, 0xd8, 0x00,
    0x18, 0x0a, 0xd8, 0x00, 0x17, 0x0a, 0xd9, 0x00, 0x17, 0x0a, 0xd8, 0x00, 0x17, 0x0a, 0xd9, 0x00,
    0x17, 0x0a, 0xd9, 0x00, 0x2a, 0x0a, 0xc5, 0x00, 0x2a, 0x0a, 0xc6, 0x00, 0x29, 0x0a, 0xc7, 0x00,
    0x28, 0x0a, 0xc7, 0x00, 0x28, 0x0a, 0xc8, 0x00, 0x27, 0x0a, 0xc9, 0x00, 0x26, 0x0a, 0xc9, 0x00,
    0x26, 0x0a, 0xca, 0x00, 0x26, 0x0a, 0xdc, 0x00, 0x13, 0x0a, 0xdd, 0x00, 0x12, 0x0a, 0xde, 0x00,
    0x11, 0x0a, 0xdf, 0x00, 0x10, 0x0a, 0xdf, 0x00, 0x10, 0x0a, 0xe0, 0x00, 0x0f, 0x0a, 0xe1, 0x00,
    0x0f, 0x0a, 0xe0, 0x00, 0x0f, 0x0a, 0xe1, 0x00, 0x0e, 0x0a, 0xe2, 0x00, 0x0d, 0x0a, 0xe2, 0x00,
    0x0d, 0x0a, 0xe3, 0x00, 0x0c, 0x0a, 0xe4, 0x00, 0x0b, 0x0a, 0xe4, 0x00, 0x0c, 0x0a, 0xe4, 0x00,
    0x0b, 0x0a, 0xe5, 0x00, 0x0a, 0x0a, 0xe5, 0x00, 0x0a, 0x0a, 0xe6, 0x00, 0x09, 0x0a, 0xe7, 0x00,
    0x08, 0x0a, 0xe7, 0x00, 0x08, 0x0a, 0xe8, 0x00, 0x08, 0x0a, 0xe8, 0x00, 0x07, 0x0a, 0xe8, 0x00,
    0x07, 0x0a, 0x1b, 0x00, 0x18, 0x0f, 0xb6, 0x00, 0x06, 0x0a, 0x12, 0x00, 0x2a, 0x0f, 0xae, 0x00,
    0x05, 0x0a, 0x0b, 0x00, 0x37, 0x0f, 0xa8, 0x00, 0x05, 0x0a, 0x06, 0x00, 0x41, 0x0f, 0xa4, 0x00,
    0x04, 0x0a, 0x02, 0x00, 0x49, 0x0f, 0xa1, 0x00, 0x04, 0x0a, 0x4d, 0x0f, 0x9c, 0x00, 0x02, 0x0f,
    0x04, 0x0a, 0x50, 0x0f, 0x96, 0x00, 0x06, 0x0f, 0x03, 0x0a, 0x53, 0x0f, 0x91, 0x00, 0x09, 0x0f,
    0x02, 0x0a, 0x55, 0x0f, 0x8c, 0x00, 0x0c, 0x0f, 0x02, 0x0a, 0x56, 0x0f, 0x89, 0x00, 0x0f, 0x0f,
    0x01, 0x0a, 0x58, 0x0f, 0x84, 0x00, 0x6c, 0x0f, 0x81, 0x00, 0x70, 0x0f, 0x7e, 0x00, 0x72, 0x0f,
    0x7b, 0x00, 0x76, 0x0f, 0x77, 0x00, 0x79, 0x0f, 0x74, 0x00, 0x7c, 0x0f, 0x72, 0x00, 0x7f, 0x0f,
    0x6f, 0x00, 0x1c, 0x0f, 0x01, 0x00, 0x64, 0x0f, 0x6c, 0x00, 0x1e, 0x0f, 0x03, 0x00, 0x63, 0x0f,
    0x6a, 0x00, 0x1d, 0x0f, 0x09, 0x00, 0x61, 0x0f, 0x67, 0x00, 0x1e, 0x0f, 0x0b, 0x00, 0x60, 0x0f,
    0x65, 0x00, 0x1f, 0x0f, 0x0d, 0x00, 0x5f, 0x0f, 0x63, 0x00, 0x20, 0x0f, 0x0f, 0x00, 0x5e, 0x0f,
    0x61, 0x00, 0x21, 0x0f, 0x11, 0x00, 0x5e, 0x0f, 0x5e, 0x00, 0x22, 0x0f, 0x13, 0x00, 0x5d, 0x0f,
    0x5c, 0x00, 0x24, 0x0f, 0x13, 0x00, 0x5d, 0x0f, 0x5a, 0x00, 0x25, 0x0f, 0x15, 0x00, 0x5c, 0x0f,
    0x58, 0x00, 0x27, 0x0f, 0x15, 0x00, 0x5c, 0x0f, 0x57, 0x00, 0x27, 0x0f, 0x17, 0x00, 0x5c, 0x0f,
    0x54, 0x00, 0x29, 0x0f, 0x17, 0x00, 0x5c, 0x0f, 0x52, 0x00, 0x2b, 0x0f, 0x17, 0x00, 0x5c, 0x0f,
    0x51, 0x00, 0x2c, 0x0f, 0x17, 0x00, 0x5c, 0x0f, 0x4f, 0x00, 0x2d, 0x0f, 0x19, 0x00, 0x5b, 0x0f,
    0x4e, 0x00, 0x2e, 0x0f, 0x19, 0x00, 0x5b, 0x0f, 0x4d, 0x00, 0x2f, 0x0f, 0x19, 0x00, 0x5b, 0x0f,
    0x4b, 0x00, 0x31, 0x0f, 0x19, 0x00, 0x5b, 0x0f, 0x4a, 0x00, 0x32, 0x0f, 0x19, 0x00, 0x5b, 0x0f,
    0x49, 0x00, 0x33, 0x0f, 0x19, 0x00, 0x5b, 0x0f, 0x48, 0x00, 0x34, 0x0f, 0x19, 0x00, 0x5b, 0x0f,
    0x46, 0x00, 0x36, 0x0f, 0x19, 0x00, 0x5c, 0x0f, 0x47, 0x00, 0x34, 0x0f, 0x19, 0x00, 0x5b, 0x0f,
    0x49, 0x00, 0x33, 0x0f, 0x19, 0x00, 0x5b, 0x0f, 0x4a, 0x00, 0x32, 0x0f, 0x19, 0x00, 0x5b, 0x0f,
    0x4b, 0x00, 0x31, 0x0f, 0x19, 0x00, 0x5b, 0x0f, 0x4d, 0x00, 0x2f, 0x0f, 0x19, 0x00, 0x5b, 0x0f,
    0x4e, 0x00, 0x2e, 0x0f, 0x19, 0x00, 0x5b, 0x0f, 0x4f, 0x00, 0x2d, 0x0f, 0x19, 0x00, 0x5b, 0x0f,
    0x51, 0x00, 0x2c, 0x0f, 0x17, 0x00, 0x5c, 0x0f, 0x52, 0x00, 0x2b, 0x0f, 0x17, 0x00, 0x5c, 0x0f,
    0x54, 0x00, 0x29, 0x0f, 0x17, 0x00, 0x5c, 0x0f, 0x56, 0x00, 0x27, 0x0f, 0x17, 0x00, 0x5c, 0x0f,
    0x57, 0x00, 0x27, 0x0f, 0x15, 0x00, 0x5c, 0x0f, 0x5a, 0x00, 0x25, 0x0f, 0x15, 0x00, 0x5c, 0x0f,
    0x5c, 0x00, 0x24, 0x0f, 0x13, 0x00, 0x5d, 0x0f, 0x5e, 0x00, 0x22, 0x0f, 0x13, 0x00, 0x5d, 0x0f,
    0x60, 0x00, 0x21, 0x0f, 0x11, 0x00, 0x5e, 0x0f, 0x62, 0x00, 0x20, 0x0f, 0x0f, 0x00, 0x5e, 0x0f,
    0x65, 0x00, 0x1f, 0x0f, 0x0d, 0x00, 0x5f, 0x0f, 0x67, 0x00, 0x1e, 0x0f, 0x0b, 0x00, 0x60, 0x0f,
    0x69, 0x00, 0x1d, 0x0f, 0x09, 0x00, 0x61, 0x0f, 0x6b, 0x00, 0x1e, 0x0f, 0x03, 0x00, 0x63, 0x0f,
    0x6f, 0x00, 0x81, 0x0f, 0x71, 0x00, 0x7f, 0x0f, 0x73, 0x00, 0x7c, 0x0f, 0x77, 0x00, 0x79, 0x0f,
    0x7a, 0x00, 0x76, 0x0f, 0x7d, 0x00, 0x72, 0x0f, 0x80, 0x00, 0x70, 0x0f, 0x83, 0x00, 0x6c, 0x0f,
    0x88, 0x00, 0x68, 0x0f, 0x8b, 0x00, 0x64, 0x0f, 0x90, 0x00, 0x60, 0x0f, 0x93, 0x00, 0x5c, 0x0f,
    0x98, 0x00, 0x56, 0x0f, 0x9f, 0x00, 0x4f, 0x0f, 0xa5, 0x00, 0x49, 0x0f, 0xac, 0x00, 0x41, 0x0f,
    0xb5, 0x00, 0x37, 0x0f, 0xc1, 0x00, 0x2a, 0x0f, 0xd0, 0x00, 0x18, 0x0f, 0xff, 0x00, 0xff, 0x00,
    0xff, 0x00, 0xff, 0x00, 0xff, 0x00, 0xff, 0x00, 0xff, 0x00, 0xff, 0x00, 0xff, 0x00, 0xff, 0x00,
    0xff, 0x00, 0xff, 0x00, 0xff, 0x00, 0xff, 0x00, 0xff, 0x00, 0xff, 0x00, 0xff, 0x00, 0xff, 0x00,
    0xff, 0x00, 0xff, 0x00, 0xff, 0x00, 0xff, 0x00, 0xff, 0x00, 0xff, 0x00, 0xff, 0x00, 0xff, 0x00,
    0xff, 0x00, 0xff, 0x00, 0xff, 0x00, 0xff, 0x00, 0xff, 0x00, 0xff, 0x00, 0xff, 0x00, 0xff, 0x00,
    0xff, 0x00, 0xff, 0x00, 0xff, 0x00, 0xff, 0x00, 0xff, 0x00, 0xff, 0x00, 0xff, 0x00, 0xff, 0x00,
    0xff, 0x00, 0xff, 0x00, 0xff, 0x00, 0xff, 0x00, 0xff, 0x00, 0xff, 0x00, 0xff, 0x00, 0xff, 0x00,
    0xff, 0x00, 0xff, 0x00, 0xff, 0x00, 0xff, 0x00, 0xff, 0x00, 0xff, 0x00, 0xff, 0x00, 0xff, 0x00,
    0xff, 0x00, 0xff, 0x00, 0xff, 0x00, 0xff, 0x00, 0xff, 0x00, 0xff, 0x00, 0xff, 0x00, 0xff, 0x00,
    0xff, 0x00, 0xff, 0x00, 0xff, 0x00, 0xff, 0x00, 0xff, 0x00, 0xff, 0x00, 0xff, 0x00, 0xff, 0x00,
    0x99, 0x00, 0xff, 0x00, 0xff, 0x00, 0xff, 0x00, 0xff, 0x00, 0xff, 0x00, 0xff, 0x00, 0xff, 0x00,
    0xff, 0x00, 0xff, 0x00, 0xff, 0x00, 0xff, 0x00, 0xff, 0x00, 0xff, 0x00, 0xff, 0x00, 0xff, 0x00,
    0x87, 0x00, 0x01, 0x0a, 0xeb, 0x00, 0x09, 0x0a, 0xe6, 0x00, 0x0b, 0x0a, 0xe4, 0x00, 0x0d, 0x0a,
    0xe2, 0x00, 0x0f, 0x0a, 0xe0, 0x00, 0x11, 0x0a, 0xdf, 0x00, 0x11, 0x0a, 0xdf, 0x00, 0x11, 0x0a,
    0xdf, 0x00, 0x11, 0x0a, 0xde, 0x00, 0x13, 0x0a, 0xde, 0x00, 0x11, 0x0a, 0xdf, 0x00, 0x11, 0x0a,
    0xdf, 0x00, 0x11, 0x0a, 0xdf, 0x00, 0x11, 0x0a, 0xe0, 0x00, 0x0f, 0x0a, 0xe2, 0x00, 0x0d, 0x0a,
    0xe4, 0x00, 0x0b, 0x0a, 0xe6, 0x00, 0x09, 0x0a, 0xeb, 0x00, 0x01, 0x0a, 0xff, 0x00, 0xff, 0x00,
    0xff, 0x00, 0xff, 0x00, 0xff, 0x00, 0xff, 0x00, 0xff, 0x00, 0xff, 0x00, 0xff, 0x00, 0xff, 0x00,
    0xff, 0x00, 0xff, 0x00, 0xff, 0x00, 0xff, 0x00, 0xff, 0x00, 0xff, 0x00, 0xff, 0x00, 0xff, 0x00,
    0xff, 0x00, 0xff, 0x00, 0xff, 0x00, 0xff, 0x00, 0xff, 0x00, 0xff, 0x00, 0xff, 0x00, 0x5a, 0x00,
    0x1d, 0x01, 0xca, 0x00, 0x2f, 0x01, 0xbb, 0x00, 0x3b, 0x01, 0xb0, 0x00, 0x45, 0x01, 0xa6, 0x00,
    0x4f, 0x01, 0x9e, 0x00, 0x55, 0x01, 0x97, 0x00, 0x5d, 0x01, 0x90, 0x00, 0x63, 0x01, 0x8a, 0x00,
    0x69, 0x01, 0x85, 0x00, 0x6d, 0x01, 0x81, 0x00, 0x71, 0x01, 0x7c, 0x00, 0x77, 0x01, 0x77, 0x00,
    0x7b, 0x01, 0x73, 0x00, 0x7f, 0x01, 0x70, 0x00, 0x81, 0x01, 0x6d, 0x00, 0x85, 0x01, 0x69, 0x00,
    0x89, 0x01, 0x66, 0x00, 0x8b, 0x01, 0x63, 0x00, 0x8f, 0x01, 0x60, 0x00, 0x91, 0x01, 0x5e, 0x00,
    0x93, 0x01, 0x5c, 0x00, 0x95, 0x01, 0x59, 0x00, 0x99, 0x01, 0x56, 0x00, 0x9b, 0x01, 0x54, 0x00,
    0x9d, 0x01, 0x52, 0x00, 0x9f, 0x01, 0x50, 0x00, 0xa1, 0x01, 0x4f, 0x00, 0xa1, 0x01, 0x4e, 0x00,
    0xa3, 0x01, 0x4c, 0x00, 0xa5, 0x01, 0x4a, 0x00, 0xa7, 0x01, 0x48, 0x00, 0xa9, 0x01, 0x47, 0x00,
    0x54, 0x01, 0x01, 0x00, 0x54, 0x01, 0x46, 0x00, 0x53, 0x01, 0x05, 0x00, 0x53, 0x01, 0x45, 0x00,
    0x50, 0x01, 0x0b, 0x00, 0x50, 0x01, 0x44, 0x00, 0x50, 0x01, 0x0d, 0x00, 0x50, 0x01, 0x43, 0x00,
    0x4f, 0x01, 0x0f, 0x00, 0x4f, 0x01, 0x42, 0x00, 0x4f, 0x01, 0x11, 0x00, 0x4f, 0x01, 0x41, 0x00,
    0x4e, 0x01, 0x13, 0x00, 0x4e, 0x01, 0x40, 0x00, 0x4e, 0x01, 0x15, 0x00, 0x4e, 0x01, 0x3f, 0x00,
    0x4d, 0x01, 0x17, 0x00, 0x4d, 0x01, 0x3f, 0x00, 0x4d, 0x01, 0x17, 0x00, 0x4d, 0x01, 0x3f, 0x00,
    0x4c, 0x01, 0x19, 0x00, 0x4c, 0x01, 0x3e, 0x00, 0x4d, 0x01, 0x19, 0x00, 0x4d, 0x01, 0x3d, 0x00,
    0x4c, 0x01, 0x1b, 0x00, 0x4c, 0x01, 0x3d, 0x00, 0x4c, 0x01, 0x1b, 0x00, 0x4c, 0x01, 0x3d, 0x00,
    0x4b, 0x01, 0x1d, 0x00, 0x4b, 0x01, 0x3d, 0x00, 0x4b, 0x01, 0x1d, 0x00, 0x4b, 0x01, 0x3c, 0x00,
    0x4c, 0x01, 0x07, 0x00, 0x05, 0x03, 0x11, 0x00, 0x4c, 0x01, 0x3b, 0x00, 0x4c, 0x01, 0x06, 0x00,
    0x06, 0x03, 0x11, 0x00, 0x4c, 0x01, 0x3b, 0x00, 0x4b, 0x01, 0x07, 0x00, 0x07, 0x03, 0x11, 0x00,
    0x4b, 0x01, 0x3b, 0x00, 0x4b, 0x01, 0x07, 0x00, 0x07, 0x03, 0x11, 0x00, 0x4b, 0x01, 0x3b, 0x00,
    0x4b, 0x01, 0x07, 0x00, 0x06, 0x03, 0x12, 0x00, 0x4b, 0x01, 0x3b, 0x00, 0x4b, 0x01, 0x08, 0x00,
    0x05, 0x03, 0x12, 0x00, 0x4b, 0x01, 0x3b, 0x00, 0x4b, 0x01, 0x1f, 0x00, 0x4b, 0x01, 0x3b, 0x00,
    0x4b, 0x01, 0x1f, 0x00, 0x4b, 0x01, 0x3b, 0x00, 0x4a, 0x01, 0x21, 0x00, 0x4a, 0x01, 0x3b, 0x00,
    0x4a, 0x01, 0x21, 0x00, 0x4a, 0x01, 0x3b, 0x00, 0x4a, 0x01, 0x21, 0x00, 0x4a, 0x01, 0x3a, 0x00,
    0x4b, 0x01, 0x21, 0x00, 0x4b, 0x01, 0x3a, 0x00, 0x4a, 0x01, 0x21, 0x00, 0x4a, 0x01, 0x3b, 0x00,
    0x4a, 0x01, 0x21, 0x00, 0x4a, 0x01, 0x3b, 0x00, 0x4a, 0x01, 0x21, 0x00, 0x4a, 0x01, 0x3b, 0x00,
    0x4b, 0x01, 0x1f, 0x00, 0x4b, 0x01, 0x3b, 0x00, 0x4b, 0x01, 0x1f, 0x00, 0x4b, 0x01, 0x3b, 0x00,
    0x4b, 0x01, 0x1f, 0x00, 0x4b, 0x01, 0x3b, 0x00, 0x4b, 0x01, 0x1f, 0x00, 0x4b, 0x01, 0x3b, 0x00,
    0x4b, 0x01, 0x1f, 0x00, 0x4b, 0x01, 0x3b, 0x00, 0x4b, 0x01, 0x1f, 0x00, 0x4b, 0x01, 0x3b, 0x00,
    0x4c, 0x01, 0x1d, 0x00, 0x4c, 0x01, 0x3b, 0x00, 0x4c, 0x01, 0x1d, 0x00, 0x4c, 0x01, 0x3c, 0x00,
    0x4b, 0x01, 0x1d, 0x00, 0x4b, 0x01, 0x3d, 0x00, 0x4b, 0x01, 0x1d, 0x00, 0x4b, 0x01, 0x3d, 0x00,
    0x4c, 0x01, 0x1b, 0x00, 0x4c, 0x01, 0x3d, 0x00, 0x4c, 0x01, 0x1b, 0x00, 0x4c, 0x01, 0x3d, 0x00,
    0x4d, 0x01, 0x19, 0x00, 0x4d, 0x01, 0x3e, 0x00, 0x4c, 0x01, 0x19, 0x00, 0x4c, 0x01, 0x3f, 0x00,
    0x4d, 0x01, 0x17, 0x00, 0x4d, 0x01, 0x3f, 0x00, 0x4d, 0x01, 0x17, 0x00, 0x4d, 0x01, 0x3f, 0x00,
    0x4e, 0x01, 0x15, 0x00, 0x4e, 0x01, 0x40, 0x00, 0x4e, 0x01, 0x13, 0x00, 0x4e, 0x01, 0x41, 0x00,
    0x4f, 0x01, 0x11, 0x00, 0x4f, 0x01, 0x42, 0x00, 0x4f, 0x01, 0x0f, 0x00, 0x4f, 0x01, 0x43, 0x00,
    0x50, 0x01, 0x0d, 0x00, 0x50, 0x01, 0x44, 0x00, 0x50, 0x01, 0x0b, 0x00, 0x50, 0x01, 0x45, 0x00,
    0x53, 0x01, 0x05, 0x00, 0x53, 0x01, 0x46, 0x00, 0xa9, 0x01, 0x47, 0x00, 0xa9, 0x01, 0x48, 0x00,
    0xa7, 0x01, 0x4a, 0x00, 0xa5, 0x01, 0x4c, 0x00, 0xa3, 0x01, 0x4e, 0x00, 0xa1, 0x01, 0x4f, 0x00,
    0xa1, 0x01, 0x50, 0x00, 0x9f, 0x01, 0x52, 0x00, 0x9d, 0x01, 0x54, 0x00, 0x9b, 0x01, 0x56, 0x00,
    0x99, 0x01, 0x59, 0x00, 0x95, 0x01, 0x5c, 0x00, 0x93, 0x01, 0x5e, 0x00, 0x91, 0x01, 0x60, 0x00,
    0x8f, 0x01, 0x63, 0x00, 0x8b, 0x01, 0x66, 0x00, 0x89, 0x01, 0x69, 0x00, 0x85, 0x01, 0x6d, 0x00,
    0x81, 0x01, 0x70, 0x00, 0x7f, 0x01, 0x73, 0x00, 0x7b, 0x01, 0x77, 0x00, 0x77, 0x01, 0x7c, 0x00,
    0x71, 0x01, 0x81, 0x00, 0x6d, 0x01, 0x85, 0x00, 0x69, 0x01, 0x8a, 0x00, 0x63, 0x01, 0x90, 0x00,
    0x5d, 0x01, 0x97, 0x00, 0x55, 0x01, 0x9e, 0x00, 0x4f, 0x01, 0xa6, 0x00, 0x45, 0x01, 0xb0, 0x00,
    0x3b, 0x01, 0xbb, 0x00, 0x2f, 0x01, 0xca, 0x00, 0x1d, 0x01, 0xff, 0x00, 0xff, 0x00, 0xff, 0x00,
    0xff, 0x00, 0xff, 0x00, 0xff, 0x00, 0xff, 0x00, 0xff, 0x00, 0xff, 0x00, 0xff, 0x00, 0xff, 0x00,
    0xff, 0x00, 0xff, 0x00, 0xff, 0x00, 0xff, 0x00, 0xff, 0x00, 0xff, 0x00, 0xff, 0x00, 0xff, 0x00,
    0xff, 0x00, 0xff, 0x00, 0xff, 0x00, 0xff, 0x00, 0xff, 0x00, 0xff, 0x00, 0xff, 0x00, 0xff, 0x00,
    0xff, 0x00, 0xff, 0x00, 0xff, 0x00, 0xff, 0x00, 0xff, 0x00, 0xff, 0x00, 0xff, 0x00, 0xff, 0x00,
    0xff, 0x00, 0xff, 0x00, 0xff, 0x00, 0xff, 0x00, 0xff, 0x00, 0xff, 0x00, 0xff, 0x00, 0xff, 0x00,
    0xff, 0x00, 0xff, 0x00, 0xff, 0x00, 0xff, 0x00, 0xff, 0x00, 0xff, 0x00, 0xff, 0x00, 0xff, 0x00,
    0xff, 0x00, 0xff, 0x00, 0xff, 0x00, 0xff, 0x00, 0xff, 0x00, 0xe1, 0x00, 0xff, 0x00, 0xff, 0x00,
    0xff, 0x00, 0xff, 0x00, 0xff, 0x00, 0xff, 0x00, 0xff, 0x00, 0xff, 0x00, 0xff, 0x00, 0xff, 0x00,
    0xff, 0x00, 0xff, 0x00, 0xff, 0x00, 0xa5, 0x00, 0x01, 0x0a, 0xeb, 0x00, 0x09, 0x0a, 0xe5, 0x00,
    0x0d, 0x0a, 0xe2, 0x00, 0x0f, 0x0a, 0xe0, 0x00, 0x11, 0x0a, 0xde, 0x00, 0x13, 0x0a, 0xdd, 0x00,
    0x13, 0x0a, 0xdc, 0x00, 0x15, 0x0a, 0xdb, 0x00, 0x15, 0x0a, 0xdb, 0x00, 0x15, 0x0a, 0xdb, 0x00,
    0x15, 0x0a, 0xda, 0x00, 0x17, 0x0a, 0xda, 0x00, 0x15, 0x0a, 0xdb, 0x00, 0x15, 0x0a, 0xdb, 0x00,
    0x15, 0x0a, 0xdb, 0x00, 0x15, 0x0a, 0xdc, 0x00, 0x13, 0x0a, 0xdd, 0x00, 0x13, 0x0a, 0xde, 0x00,
    0x11, 0x0a, 0xe0, 0x00, 0x0f, 0x0a, 0xe2, 0x00, 0x0d, 0x0a, 0xe5, 0x00, 0x09, 0x0a, 0xeb, 0x00,
    0x01, 0x0a, 0xff, 0x00, 0xff, 0x00, 0xff, 0x00, 0xff, 0x00, 0xff, 0x00, 0xff, 0x00, 0xff, 0x00,
    0xff, 0x00, 0xff, 0x00, 0xff, 0x00, 0xff, 0x00, 0xff, 0x00, 0xff, 0x00, 0xff, 0x00, 0xff, 0x00,
    0xff, 0x00, 0xff, 0x00, 0xff, 0x00, 0xff, 0x00, 0xff, 0x00, 0xff, 0x00, 0xff, 0x00, 0xff, 0x00,
    0x78, 0x00, 0x1d, 0x01, 0xca, 0x00, 0x2f, 0x01, 0xbb, 0x00, 0x3b, 0x01, 0xb0, 0x00, 0x45, 0x01,
    0xa6, 0x00, 0x4f, 0x01, 0x9e, 0x00, 0x55, 0x01, 0x97, 0x00, 0x5d, 0x01, 0x90, 0x00, 0x63, 0x01,
    0x8a, 0x00, 0x69, 0x01, 0x85, 0x00, 0x6d, 0x01, 0x81, 0x00, 0x71, 0x01, 0x7c, 0x00, 0x77, 0x01,
    0x77, 0x00, 0x7b, 0x01, 0x73, 0x00, 0x7f, 0x01, 0x70, 0x00, 0x81, 0x01, 0x6d, 0x00, 0x85, 0x01,
    0x69, 0x00, 0x89, 0x01, 0x66, 0x00, 0x8b, 0x01, 0x63, 0x00, 0x8f, 0x01, 0x60, 0x00, 0x91, 0x01,
    0x5e, 0x00, 0x93, 0x01, 0x5c, 0x00, 0x95, 0x01, 0x59, 0x00, 0x99, 0x01, 0x56, 0x00, 0x9b, 0x01,
    0x54, 0x00, 0x9d, 0x01, 0x52, 0x00, 0x9f, 0x01, 0x50, 0x00, 0xa1, 0x01, 0x4f, 0x00, 0xa1, 0x01,
    0x4e, 0x00, 0xa3, 0x01, 0x4c, 0x00, 0xa5, 0x01, 0x4a, 0x00, 0xa7, 0x01, 0x48, 0x00, 0xa9, 0x01,
    0x47, 0x00, 0x54, 0x01, 0x01, 0x00, 0x54, 0x01, 0x46, 0x00, 0x53, 0x01, 0x05, 0x00, 0x53, 0x01,
    0x45, 0x00, 0x50, 0x01, 0x0b, 0x00, 0x50, 0x01, 0x44, 0x00, 0x50, 0x01, 0x0d, 0x00, 0x50, 0x01,
    0x43, 0x00, 0x4f, 0x01, 0x0f, 0x00, 0x4f, 0x01, 0x42, 0x00, 0x4f, 0x01, 0x11, 0x00, 0x4f, 0x01,
    0x41, 0x00, 0x4e, 0x01, 0x13, 0x00, 0x4e, 0x01, 0x40, 0x00, 0x4e, 0x01, 0x15, 0x00, 0x4e, 0x01,
    0x3f, 0x00, 0x4d, 0x01, 0x17, 0x00, 0x4d, 0x01, 0x3f, 0x00, 0x4d, 0x01, 0x17, 0x00, 0x4d, 0x01,
    0x3f, 0x00, 0x4c, 0x01, 0x19, 0x00, 0x4c, 0x01, 0x3e, 0x00, 0x4d, 0x01, 0x19, 0x00, 0x4d, 0x01,
    0x3d, 0x00, 0x4c, 0x01, 0x1b, 0x00, 0x4c, 0x01, 0x3d, 0x00, 0x4c, 0x01, 0x1b, 0x00, 0x4c, 0x01,
    0x3d, 0x00, 0x4b, 0x01, 0x1d, 0x00, 0x4b, 0x01, 0x3d, 0x00, 0x4b, 0x01, 0x1d, 0x00, 0x4b, 0x01,
    0x3c, 0x00, 0x4c, 0x01, 0x07, 0x00, 0x05, 0x03, 0x11, 0x00, 0x4c, 0x01, 0x3b, 0x00, 0x4c, 0x01,
    0x06, 0x00, 0x06, 0x03, 0x11, 0x00, 0x4c, 0x01, 0x3b, 0x00, 0x4b, 0x01, 0x07, 0x00, 0x07, 0x03,
    0x11, 0x00, 0x4b, 0x01, 0x3b, 0x00, 0x4b, 0x01, 0x07, 0x00, 0x07, 0x03, 0x11, 0x00, 0x4b, 0x01,
    0x3b, 0x00, 0x4b, 0x01, 0x07, 0x00, 0x06, 0x03, 0x12, 0x00, 0x4b, 0x01, 0x3b, 0x00, 0x4b, 0x01,
    0x08, 0x00, 0x05, 0x03, 0x12, 0x00, 0x4b, 0x01, 0x3b, 0x00, 0x4b, 0x01, 0x1f, 0x00, 0x4b, 0x01,
    0x3b, 0x00, 0x4b, 0x01, 0x1f, 0x00, 0x4b, 0x01, 0x3b, 0x00, 0x4a, 0x01, 0x21, 0x00, 0x4a, 0x01,
    0x3b, 0x00, 0x4a, 0x01, 0x21, 0x00, 0x4a, 0x01, 0x3b, 0x00, 0x4a, 0x01, 0x21, 0x00, 0x4a, 0x01,
    0x3a, 0x00, 0x4b, 0x01, 0x21, 0x00, 0x4b, 0x01, 0x3a, 0x00, 0x4a, 0x01, 0x21, 0x00, 0x4a, 0x01,
    0x3b, 0x00, 0x4a, 0x01, 0x21, 0x00, 0x4a, 0x01, 0x3b, 0x00, 0x4a, 0x01, 0x21, 0x00, 0x4a, 0x01,
    0x3b, 0x00, 0x4b, 0x01, 0x1f, 0x00, 0x4b, 0x01, 0x3b, 0x00, 0x4b, 0x01, 0x1f, 0x00, 0x4b, 0x01,
    0x3b, 0x00, 0x4b, 0x01, 0x1f, 0x00, 0x4b, 0x01, 0x3b, 0x00, 0x4b, 0x01, 0x1f, 0x00, 0x4b, 0x01,
    0x3b, 0x00, 0x4b, 0x01, 0x1f, 0x00, 0x4b, 0x01, 0x3b, 0x00, 0x4b, 0x01, 0x1f, 0x00, 0x4b, 0x01,
    0x3b, 0x00, 0x4c, 0x01, 0x1d, 0x00, 0x4c, 0x01, 0x3b, 0x00, 0x4c, 0x01, 0x1d, 0x00, 0x4c, 0x01,
    0x3c, 0x00, 0x4b, 0x01, 0x1d, 0x00, 0x4b, 0x01, 0x3d, 0x00, 0x4b, 0x01, 0x1d, 0x00, 0x4b, 0x01,
    0x3d, 0x00, 0x4c, 0x01, 0x1b, 0x00, 0x4c, 0x01, 0x3d, 0x00, 0x4c, 0x01, 0x1b, 0x00, 0x4c, 0x01,
    0x3d, 0x00, 0x4d, 0x01, 0x19, 0x00, 0x4d, 0x01, 0x3e, 0x00, 0x4c, 0x01, 0x19, 0x00, 0x4c, 0x01,
    0x3f, 0x00, 0x4d, 0x01, 0x17, 0x00, 0x4d, 0x01, 0x3f, 0x00, 0x4d, 0x01, 0x17, 0x00, 0x4d, 0x01,
    0x3f, 0x00, 0x4e, 0x01, 0x15, 0x00, 0x4e, 0x01, 0x40, 0x00, 0x4e, 0x01, 0x13, 0x00, 0x4e, 0x01,
    0x41, 0x00, 0x4f, 0x01, 0x11, 0x00, 0x4f, 0x01, 0x42, 0x00, 0x4f, 0x01, 0x0f, 0x00, 0x4f, 0x01,
    0x43, 0x00, 0x50, 0x01, 0x0d, 0x00, 0x50, 0x01, 0x44, 0x00, 0x50, 0x01, 0x0b, 0x00, 0x50, 0x01,
    0x45, 0x00, 0x53, 0x01, 0x05, 0x00, 0x53, 0x01, 0x46, 0x00, 0xa9, 0x01, 0x47, 0x00, 0xa9, 0x01,
    0x48, 0x00, 0xa7, 0x01, 0x4a, 0x00, 0xa5, 0x01, 0x4c, 0x00, 0xa3, 0x01, 0x4e, 0x00, 0xa1, 0x01,
    0x4f, 0x00, 0xa1, 0x01, 0x50, 0x00, 0x9f, 0x01, 0x52, 0x00, 0x9d, 0x01, 0x54, 0x00, 0x9b, 0x01,
    0x56, 0x00, 0x99, 0x01, 0x59, 0x00, 0x95, 0x01, 0x5c, 0x00, 0x93, 0x01, 0x5e, 0x00, 0x91, 0x01,
    0x60, 0x00, 0x8f, 0x01, 0x63, 0x00, 0x8b, 0x01, 0x66, 0x00, 0x89, 0x01, 0x69, 0x00, 0x85, 0x01,
    0x6d, 0x00, 0x81, 0x01, 0x70, 0x00, 0x7f, 0x01, 0x73, 0x00, 0x7b, 0x01, 0x77, 0x00, 0x77, 0x01,
    0x7c, 0x00, 0x71, 0x01, 0x81, 0x00, 0x6d, 0x01, 0x85, 0x00, 0x69, 0x01, 0x8a, 0x00, 0x63, 0x01,
    0x90, 0x00, 0x5d, 0x01, 0x97, 0x00, 0x55, 0x01, 0x9e, 0x00, 0x4f, 0x01, 0xa6, 0x00, 0x45, 0x01,
    0xb0, 0x00, 0x3b, 0x01, 0xbb, 0x00, 0x2f, 0x01, 0xca, 0x00, 0x1d, 0x01, 0xff, 0x00, 0xff, 0x00,
    0xff, 0x00, 0xff, 0x00, 0xff, 0x00, 0xff, 0x00, 0xff, 0x00, 0xff, 0x00, 0xff, 0x00, 0xff, 0x00,
    0xff, 0x00, 0xff, 0x00, 0xff, 0x00, 0xff, 0x00, 0xff, 0x00, 0xff, 0x00, 0xff, 0x00, 0xff, 0x00,
    0xff, 0x00, 0xff, 0x00, 0xff, 0x00, 0xff, 0x00, 0xff, 0x00, 0xff, 0x00, 0xff, 0x00, 0xff, 0x00,
    0xff, 0x00, 0xff, 0x00, 0xff, 0x00, 0xff, 0x00, 0xff, 0x00, 0xff, 0x00, 0xff, 0x00, 0xff, 0x00,
    0xff, 0x00, 0xff, 0x00, 0xff, 0x00, 0xff, 0x00, 0xff, 0x00, 0xff, 0x00, 0xff, 0x00, 0xff, 0x00,
    0xff, 0x00, 0xff, 0x00, 0xff, 0x00, 0xff, 0x00, 0xff, 0x00, 0xff, 0x00, 0xff, 0x00, 0xff, 0x00,
    0xff, 0x00, 0xff, 0x00, 0xff, 0x00, 0xff, 0x00, 0xff, 0x00, 0xff, 0x00, 0xe1, 0x00, 0xff, 0x00,
    0xff, 0x00, 0xff, 0x00, 0xff, 0x00, 0xff, 0x00, 0xff, 0x00, 0xff, 0x00, 0xff, 0x00, 0xff, 0x00,
    0xff, 0x00, 0xff, 0x00, 0xff, 0x00, 0xff, 0x00, 0xff, 0x00, 0xff, 0x00, 0xff, 0x00, 0xff, 0x00,
    0xff, 0x00, 0xff, 0x00, 0xff, 0x00, 0xff, 0x00, 0xff, 0x00, 0xff, 0x00, 0xff, 0x00, 0xff, 0x00,
    0xff, 0x00, 0xff, 0x00, 0xff, 0x00, 0xff, 0x00, 0xff, 0x00, 0xff, 0x00, 0xff, 0x00, 0xff, 0x00,
    0xff, 0x00, 0xff, 0x00, 0xff, 0x00, 0xff, 0x00, 0xff, 0x00, 0x1e, 0x00, 0x01, 0x01, 0xe1, 0x00,
    0x1d, 0x01, 0xcd, 0x00, 0x29, 0x01, 0xc3, 0x00, 0x31, 0x01, 0xbb, 0x00, 0x39, 0x01, 0xb4, 0x00,
    0x3f, 0x01, 0xae, 0x00, 0x45, 0x01, 0xa8, 0x00, 0x4b, 0x01, 0xa3, 0x00, 0x4f, 0x01, 0x9f, 0x00,
    0x53, 0x01, 0x9a, 0x00, 0x59, 0x01, 0x95, 0x00, 0x5d, 0x01, 0x92, 0x00, 0x5f, 0x01, 0x8f, 0x00,
    0x63, 0x01, 0x8b, 0x00, 0x67, 0x01, 0x87, 0x00, 0x6b, 0x01, 0x84, 0x00, 0x6d, 0x01, 0x81, 0x00,
    0x71, 0x01, 0x7e, 0x00, 0x73, 0x01, 0x7c, 0x00, 0x75, 0x01, 0x79, 0x00, 0x79, 0x01, 0x76, 0x00,
    0x7b, 0x01, 0x74, 0x00, 0x7d, 0x01, 0x72, 0x00, 0x7f, 0x01, 0x70, 0x00, 0x81, 0x01, 0x6d, 0x00,
    0x85, 0x01, 0x6a, 0x00, 0x87, 0x01, 0x68, 0x00, 0x89, 0x01, 0x66, 0x00, 0x8b, 0x01, 0x64, 0x00,
    0x8d, 0x01, 0x62, 0x00, 0x8f, 0x01, 0x61, 0x00, 0x8f, 0x01, 0x60, 0x00, 0x91, 0x01, 0x5e, 0x00,
    0x93, 0x01, 0x5c, 0x00, 0x95, 0x01, 0x5a, 0x00, 0x97, 0x01, 0x59, 0x00, 0x97, 0x01, 0x58, 0x00,
    0x99, 0x01, 0x56, 0x00, 0x9b, 0x01, 0x54, 0x00, 0x9d, 0x01, 0x53, 0x00, 0x9d, 0x01, 0x52, 0x00,
    0x9f, 0x01, 0x50, 0x00, 0xa1, 0x01, 0x4f, 0x00, 0xa1, 0x01, 0x4e, 0x00, 0xa3, 0x01, 0x4d, 0x00,
    0xa3, 0x01, 0x4c, 0x00, 0xa5, 0x01, 0x4b, 0x00, 0xa5, 0x01, 0x4a, 0x00, 0xa7, 0x01, 0x49, 0x00,
    0xa7, 0x01, 0x48, 0x00, 0xa9, 0x01, 0x47, 0x00, 0xa9, 0x01, 0x46, 0x00, 0xab, 0x01, 0x45, 0x00,
    0xab, 0x01, 0x44, 0x00, 0xad, 0x01, 0x43, 0x00, 0xad, 0x01, 0x43, 0x00, 0xad, 0x01, 0x42, 0x00,
    0xaf, 0x01, 0x41, 0x00, 0xaf, 0x01, 0x41, 0x00, 0xaf, 0x01, 0x40, 0x00, 0xb1, 0x01, 0x3f, 0x00,
    0xb1, 0x01, 0x3f, 0x00, 0x58, 0x01, 0x01, 0x00, 0x58, 0x01, 0x3f, 0x00, 0x58, 0x01, 0x01, 0x00,
    0x58, 0x01, 0x3e, 0x00, 0x56, 0x01, 0x07, 0x00, 0x56, 0x01, 0x3d, 0x00, 0x55, 0x01, 0x09, 0x00,
    0x55, 0x01, 0x3d, 0x00, 0x54, 0x01, 0x0b, 0x00, 0x54, 0x01, 0x3d, 0x00, 0x53, 0x01, 0x0d, 0x00,
    0x53, 0x01, 0x3d, 0x00, 0x52, 0x01, 0x0f, 0x00, 0x52, 0x01, 0x3c, 0x00, 0x53, 0x01, 0x0f, 0x00,
    0x53, 0x01, 0x3b, 0x00, 0x52, 0x01, 0x11, 0x00, 0x52, 0x01, 0x3b, 0x00, 0x52, 0x01, 0x11, 0x00,
    0x52, 0x01, 0x3b, 0x00, 0x51, 0x01, 0x13, 0x00, 0x51, 0x01, 0x3b, 0x00, 0x51, 0x01, 0x05, 0x00,
    0x03, 0x03, 0x0b, 0x00, 0x51, 0x01, 0x3b, 0x00, 0x51, 0x01, 0x04, 0x00, 0x04, 0x03, 0x0b, 0x00,
    0x51, 0x01, 0x3b, 0x00, 0x51, 0x01, 0x04, 0x00, 0x04, 0x03, 0x0b, 0x00, 0x51, 0x01, 0x3b, 0x00,
    0x50, 0x01, 0x06, 0x00, 0x03, 0x03, 0x0c, 0x00, 0x50, 0x01, 0x3b, 0x00, 0x50, 0x01, 0x15, 0x00,
    0x50, 0x01, 0x3b, 0x00, 0x50, 0x01, 0x15, 0x00, 0x50, 0x01, 0x3b, 0x00, 0x50, 0x01, 0x15, 0x00,
    0x50, 0x01, 0x3a, 0x00, 0x51, 0x01, 0x15, 0x00, 0x51, 0x01, 0x3a, 0x00, 0x50, 0x01, 0x15, 0x00,
    0x50, 0x01, 0x3b, 0x00, 0x50, 0x01, 0x15, 0x00, 0x50, 0x01, 0x3b, 0x00, 0x50, 0x01, 0x15, 0x00,
    0x50, 0x01, 0x3b, 0x00, 0x50, 0x01, 0x15, 0x00, 0x50, 0x01, 0x3b, 0x00, 0x51, 0x01, 0x13, 0x00,
    0x51, 0x01, 0x3b, 0x00, 0x51, 0x01, 0x13, 0x00, 0x51, 0x01, 0x3b, 0x00, 0x51, 0x01, 0x13, 0x00,
    0x51, 0x01, 0x3b, 0x00, 0x51, 0x01, 0x13, 0x00, 0x51, 0x01, 0x3b, 0x00, 0x52, 0x01, 0x11, 0x00,
    0x52, 0x01, 0x3b, 0x00, 0x52, 0x01, 0x11, 0x00, 0x52, 0x01, 0x3b, 0x00, 0x53, 0x01, 0x0f, 0x00,
    0x53, 0x01, 0x3c, 0x00, 0x52, 0x01, 0x0f, 0x00, 0x52, 0x01, 0x3d, 0x00, 0x53, 0x01, 0x0d, 0x00,
    0x53, 0x01, 0x3d, 0x00, 0x54, 0x01, 0x0b, 0x00, 0x54, 0x01, 0x3d, 0x00, 0x55, 0x01, 0x09, 0x00,
    0x55, 0x01, 0x3d, 0x00, 0x56, 0x01, 0x07, 0x00, 0x56, 0x01, 0x3e, 0x00, 0x58, 0x01, 0x01, 0x00,
    0x58, 0x01, 0x3f, 0x00, 0xb1, 0x01, 0x3f, 0x00, 0xb1, 0x01, 0x3f, 0x00, 0xb1, 0x01, 0x40, 0x00,
    0xaf, 0x01, 0x41, 0x00, 0xaf, 0x01, 0x41, 0x00, 0xaf, 0x01, 0x42, 0x00, 0xad, 0x01, 0x43, 0x00,
    0xad, 0x01, 0x43, 0x00, 0xad, 0x01, 0x44, 0x00, 0xab, 0x01, 0x45, 0x00, 0xab, 0x01, 0x46, 0x00,
    0xa9, 0x01, 0x47, 0x00, 0xa9, 0x01, 0x48, 0x00, 0xa7, 0x01, 0x49, 0x00, 0xa7, 0x01, 0x4a, 0x00,
    0xa5, 0x01, 0x4b, 0x00, 0xa5, 0x01, 0x4c, 0x00, 0xa3, 0x01, 0x4d, 0x00, 0xa3, 0x01, 0x4e, 0x00,
    0xa1, 0x01, 0x4f, 0x00, 0xa1, 0x01, 0x50, 0x00, 0x9f, 0x01, 0x52, 0x00, 0x9d, 0x01, 0x53, 0x00,
    0x9d, 0x01, 0x54, 0x00, 0x9b, 0x01, 0x56, 0x00, 0x99, 0x01, 0x58, 0x00, 0x97, 0x01, 0x59, 0x00,
    0x97, 0x01, 0x5a, 0x00, 0x95, 0x01, 0x5c, 0x00, 0x93, 0x01, 0x5e, 0x00, 0x91, 0x01, 0x60, 0x00,
    0x8f, 0x01, 0x61, 0x00, 0x8f, 0x01, 0x62, 0x00, 0x8d, 0x01, 0x64, 0x00, 0x8b, 0x01, 0x66, 0x00,
    0x89, 0x01, 0x68, 0x00, 0x87, 0x01, 0x6a, 0x00, 0x85, 0x01, 0x6d, 0x00, 0x81, 0x01, 0x70, 0x00,
    0x7f, 0x01, 0x72, 0x00, 0x7d, 0x01, 0x74, 0x00, 0x7b, 0x01, 0x76, 0x00, 0x79, 0x01, 0x79, 0x00,
    0x75, 0x01, 0x7c, 0x00, 0x73, 0x01, 0x7e, 0x00, 0x71, 0x01, 0x81, 0x00, 0x6d, 0x01, 0x84, 0x00,
    0x6b, 0x01, 0x87, 0x00, 0x67, 0x01, 0x8b, 0x00, 0x63, 0x01, 0x8f, 0x00, 0x5f, 0x01, 0x92, 0x00,
    0x5d, 0x01, 0x95, 0x00, 0x59, 0x01, 0x9a, 0x00, 0x53, 0x01, 0x9f, 0x00, 0x4f, 0x01, 0xa3, 0x00,
    0x4b, 0x01, 0xa8, 0x00, 0x45, 0x01, 0xae, 0x00, 0x3f, 0x01, 0xb4, 0x00, 0x39, 0x01, 0xbb, 0x00,
    0x31, 0x01, 0xc3, 0x00, 0x29, 0x01, 0xcd, 0x00, 0x1d, 0x01, 0xe1, 0x00, 0x01, 0x01, 0xff, 0x00,
    0xff, 0x00, 0xff, 0x00, 0xff, 0x00, 0xff, 0x00, 0xff, 0x00, 0xff, 0x00, 0xff, 0x00, 0xff, 0x00,
    0xff, 0x00, 0xff, 0x00, 0xff, 0x00, 0xff, 0x00, 0xff, 0x00, 0xff, 0x00, 0xff, 0x00, 0xff, 0x00,
    0xff, 0x00, 0xff, 0x00, 0xff, 0x00, 0xff, 0x00, 0xff, 0x00, 0xff, 0x00, 0xff, 0x00, 0xff, 0x00,
    0xff, 0x00, 0xff, 0x00, 0xff, 0x00, 0xff, 0x00, 0xff, 0x00, 0xff, 0x00, 0xff, 0x00, 0xff, 0x00,
    0xff, 0x00, 0xff, 0x00, 0xff, 0x00, 0xff, 0x00, 0x2c, 0x00, 0xff, 0x00, 0xff, 0x00, 0xff, 0x00,
    0xff, 0x00, 0xff, 0x00, 0xff, 0x00, 0xff, 0x00, 0xff, 0x00, 0xff, 0x00, 0xff, 0x00, 0xff, 0x00,
    0xff, 0x00, 0xff, 0x00, 0xff, 0x00, 0xff, 0x00, 0xff, 0x00, 0xff, 0x00, 0xff, 0x00, 0xff, 0x00,
    0xff, 0x00, 0xff, 0x00, 0xff, 0x00, 0xff, 0x00, 0xff, 0x00, 0xff, 0x00, 0xff, 0x00, 0xff, 0x00,
    0xff, 0x00, 0xff, 0x00, 0xff, 0x00, 0xff, 0x00, 0xff, 0x00, 0xff, 0x00, 0xff, 0x00, 0xff, 0x00,
    0xff, 0x00, 0xff, 0x00, 0xff, 0x00, 0x1e, 0x00, 0x01, 0x01, 0xe1, 0x00, 0x1d, 0x01, 0xcd, 0x00,
    0x29, 0x01, 0xc3, 0x00, 0x31, 0x01, 0xbb, 0x00, 0x39, 0x01, 0xb4, 0x00, 0x3f, 0x01, 0xae, 0x00,
    0x45, 0x01, 0xa8, 0x00, 0x4b, 0x01, 0xa3, 0x00, 0x4f, 0x01, 0x9f, 0x00, 0x53, 0x01, 0x9a, 0x00,
    0x59, 0x01, 0x95, 0x00, 0x5d, 0x01, 0x92, 0x00, 0x5f, 0x01, 0x8f, 0x00, 0x63, 0x01, 0x8b, 0x00,
    0x67, 0x01, 0x87, 0x00, 0x6b, 0x01, 0x84, 0x00, 0x6d, 0x01, 0x81, 0x00, 0x71, 0x01, 0x7e, 0x00,
    0x73, 0x01, 0x7c, 0x00, 0x75, 0x01, 0x79, 0x00, 0x79, 0x01, 0x76, 0x00, 0x7b, 0x01, 0x74, 0x00,
    0x7d, 0x01, 0x72, 0x00, 0x7f, 0x01, 0x70, 0x00, 0x81, 0x01, 0x6d, 0x00, 0x85, 0x01, 0x6a, 0x00,
    0x87, 0x01, 0x68, 0x00, 0x89, 0x01, 0x66, 0x00, 0x8b, 0x01, 0x64, 0x00, 0x8d, 0x01, 0x62, 0x00,
    0x8f, 0x01, 0x61, 0x00, 0x8f, 0x01, 0x60, 0x00, 0x91, 0x01, 0x5e, 0x00, 0x93, 0x01, 0x5c, 0x00,
    0x95, 0x01, 0x5a, 0x00, 0x97, 0x01, 0x59, 0x00, 0x97, 0x01, 0x58, 0x00, 0x99, 0x01, 0x56, 0x00,
    0x9b, 0x01, 0x54, 0x00, 0x9d, 0x01, 0x53, 0x00, 0x9d, 0x01, 0x52, 0x00, 0x9f, 0x01, 0x50, 0x00,
    0xa1, 0x01, 0x4f, 0x00, 0xa1, 0x01, 0x4e, 0x00, 0xa3, 0x01, 0x4d, 0x00, 0xa3, 0x01, 0x4c, 0x00,
    0xa5, 0x01, 0x4b, 0x00, 0xa5, 0x01, 0x4a, 0x00, 0xa7, 0x01, 0x49, 0x00, 0xa7, 0x01, 0x48, 0x00,
    0xa9, 0x01, 0x47, 0x00, 0xa9, 0x01, 0x46, 0x00, 0xab, 0x01, 0x45, 0x00, 0xab, 0x01, 0x44, 0x00,
    0xad, 0x01, 0x43, 0x00, 0xad, 0x01, 0x43, 0x00, 0xad, 0x01, 0x42, 0x00, 0xaf, 0x01, 0x41, 0x00,
    0xaf, 0x01, 0x41, 0x00, 0xaf, 0x01, 0x40, 0x00, 0x58, 0x01, 0x01, 0x00, 0x58, 0x01, 0x3f, 0x00,
    0x56, 0x01, 0x05, 0x00, 0x56, 0x01, 0x3f, 0x00, 0x54, 0x01, 0x09, 0x00, 0x54, 0x01, 0x3f, 0x00,
    0x53, 0x01, 0x0b, 0x00, 0x53, 0x01, 0x3e, 0x00, 0x53, 0x01, 0x0d, 0x00, 0x53, 0x01, 0x3d, 0x00,
    0x52, 0x01, 0x0f, 0x00, 0x52, 0x01, 0x3d, 0x00, 0x51, 0x01, 0x11, 0x00, 0x51, 0x01, 0x3d, 0x00,
    0x51, 0x01, 0x11, 0x00, 0x51, 0x01, 0x3d, 0x00, 0x50, 0x01, 0x13, 0x00, 0x50, 0x01, 0x3c, 0x00,
    0x51, 0x01, 0x13, 0x00, 0x51, 0x01, 0x3b, 0x00, 0x50, 0x01, 0x15, 0x00, 0x50, 0x01, 0x3b, 0x00,
    0x50, 0x01, 0x15, 0x00, 0x50, 0x01, 0x3b, 0x00, 0x50, 0x01, 0x05, 0x00, 0x04, 0x03, 0x0c, 0x00,
    0x50, 0x01, 0x3b, 0x00, 0x4f, 0x01, 0x05, 0x00, 0x05, 0x03, 0x0d, 0x00, 0x4f, 0x01, 0x3b, 0x00,
    0x4f, 0x01, 0x05, 0x00, 0x05, 0x03, 0x0d, 0x00, 0x4f, 0x01, 0x3b, 0x00, 0x4f, 0x01, 0x06, 0x00,
    0x04, 0x03, 0x0d, 0x00, 0x4f, 0x01, 0x3b, 0x00, 0x4f, 0x01, 0x07, 0x00, 0x02, 0x03, 0x0e, 0x00,
    0x4f, 0x01, 0x3b, 0x00, 0x4f, 0x01, 0x17, 0x00, 0x4f, 0x01, 0x3b, 0x00, 0x4f, 0x01, 0x17, 0x00,
    0x4f, 0x01, 0x3b, 0x00, 0x4f, 0x01, 0x17, 0x00, 0x4f, 0x01, 0x3a, 0x00, 0x50, 0x01, 0x17, 0x00,
    0x50, 0x01, 0x3a, 0x00, 0x4f, 0x01, 0x17, 0x00, 0x4f, 0x01, 0x3b, 0x00, 0x4f, 0x01, 0x17, 0x00,
    0x4f, 0x01, 0x3b, 0x00, 0x4f, 0x01, 0x17, 0x00, 0x4f, 0x01, 0x3b, 0x00, 0x4f, 0x01, 0x17, 0x00,
    0x4f, 0x01, 0x3b, 0x00, 0x4f, 0x01, 0x17, 0x00, 0x4f, 0x01, 0x3b, 0x00, 0x4f, 0x01, 0x17, 0x00,
    0x4f, 0x01, 0x3b, 0x00, 0x4f, 0x01, 0x17, 0x00, 0x4f, 0x01, 0x3b, 0x00, 0x50, 0x01, 0x15, 0x00,
    0x50, 0x01, 0x3b, 0x00, 0x50, 0x01, 0x15, 0x00, 0x50, 0x01, 0x3b, 0x00, 0x50, 0x01, 0x15, 0x00,
    0x50, 0x01, 0x3b, 0x00, 0x51, 0x01, 0x13, 0x00, 0x51, 0x01, 0x3c, 0x00, 0x50, 0x01, 0x13, 0x00,
    0x50, 0x01, 0x3d, 0x00, 0x51, 0x01, 0x11, 0x00, 0x51, 0x01, 0x3d, 0x00, 0x51, 0x01, 0x11, 0x00,
    0x51, 0x01, 0x3d, 0x00, 0x52, 0x01, 0x0f, 0x00, 0x52, 0x01, 0x3d, 0x00, 0x53, 0x01, 0x0d, 0x00,
    0x53, 0x01, 0x3e, 0x00, 0x53, 0x01, 0x0b, 0x00, 0x53, 0x01, 0x3f, 0x00, 0x54, 0x01, 0x09, 0x00,
    0x54, 0x01, 0x3f, 0x00, 0x56, 0x01, 0x05, 0x00, 0x56, 0x01, 0x3f, 0x00, 0xb1, 0x01, 0x40, 0x00,
    0xaf, 0x01, 0x41, 0x00, 0xaf, 0x01, 0x41, 0x00, 0xaf, 0x01, 0x42, 0x00, 0xad, 0x01, 0x43, 0x00,
    0xad, 0x01, 0x43, 0x00, 0xad, 0x01, 0x44, 0x00, 0xab, 0x01, 0x45, 0x00, 0xab, 0x01, 0x46, 0x00,
    0xa9, 0x01, 0x47, 0x00, 0xa9, 0x01, 0x48, 0x00, 0xa7, 0x01, 0x49, 0x00, 0xa7, 0x01, 0x4a, 0x00,
    0xa5, 0x01, 0x4b, 0x00, 0xa5, 0x01, 0x4c, 0x00, 0xa3, 0x01, 0x4d, 0x00, 0xa3, 0x01, 0x4e, 0x00,
    0xa1, 0x01, 0x4f, 0x00, 0xa1, 0x01, 0x50, 0x00, 0x9f, 0x01, 0x52, 0x00, 0x9d, 0x01, 0x53, 0x00,
    0x9d, 0x01, 0x54, 0x00, 0x9b, 0x01, 0x56, 0x00, 0x99, 0x01, 0x58, 0x00, 0x97, 0x01, 0x59, 0x00,
    0x97, 0x01, 0x5a, 0x00, 0x95, 0x01, 0x5c, 0x00, 0x93, 0x01, 0x5e, 0x00, 0x91, 0x01, 0x60, 0x00,
    0x8f, 0x01, 0x61, 0x00, 0x8f, 0x01, 0x62, 0x00, 0x8d, 0x01, 0x64, 0x00, 0x8b, 0x01, 0x66, 0x00,
    0x89, 0x01, 0x68, 0x00, 0x87, 0x01, 0x6a, 0x00, 0x85, 0x01, 0x6d, 0x00, 0x81, 0x01, 0x70, 0x00,
    0x7f, 0x01, 0x72, 0x00, 0x7d, 0x01, 0x74, 0x00, 0x7b, 0x01, 0x76, 0x00, 0x79, 0x01, 0x79, 0x00,
    0x75, 0x01, 0x7c, 0x00, 0x73, 0x01, 0x7e, 0x00, 0x71, 0x01, 0x81, 0x00, 0x6d, 0x01, 0x84, 0x00,
    0x6b, 0x01, 0x87, 0x00, 0x67, 0x01, 0x8b, 0x00, 0x63, 0x01, 0x8f, 0x00, 0x5f, 0x01, 0x92, 0x00,
    0x5d, 0x01, 0x95, 0x00, 0x59, 0x01, 0x9a, 0x00, 0x53, 0x01, 0x9f, 0x00, 0x4f, 0x01, 0xa3, 0x00,
    0x4b, 0x01, 0xa8, 0x00, 0x45, 0x01, 0xae, 0x00, 0x3f, 0x01, 0xb4, 0x00, 0x39, 0x01, 0xbb, 0x00,
    0x31, 0x01, 0xc3, 0x00, 0x29, 0x01, 0xcd, 0x00, 0x1d, 0x01, 0xe1, 0x00, 0x01, 0x01, 0xff, 0x00,
    0xff, 0x00, 0xff, 0x00, 0xff, 0x00, 0xff, 0x00, 0xff, 0x00, 0xff, 0x00, 0xff, 0x00, 0xff, 0x00,
    0xff, 0x00, 0xff, 0x00, 0xff, 0x00, 0xff, 0x00, 0xff, 0x00, 0xff, 0x00, 0xff, 0x00, 0xff, 0x00,
    0xff, 0x00, 0xff, 0x00, 0xff, 0x00, 0xff, 0x00, 0xff, 0x00, 0xff, 0x00, 0xff, 0x00, 0xff, 0x00,
    0xff, 0x00, 0xff, 0x00, 0xff, 0x00, 0xff, 0x00, 0xff, 0x00, 0xff, 0x00, 0xff, 0x00, 0xff, 0x00,
    0xff, 0x00, 0xff, 0x00, 0xff, 0x00, 0xff, 0x00, 0x2c, 0x00, 0xff, 0x00, 0xff, 0x00, 0xff, 0x00,
    0xff, 0x00, 0xff, 0x00, 0xff, 0x00, 0xff, 0x00, 0xff, 0x00, 0xff, 0x00, 0xff, 0x00, 0xff, 0x00,
    0xff, 0x00, 0xff, 0x00, 0xff, 0x00, 0xff, 0x00, 0xff, 0x00, 0xff, 0x00, 0xff, 0x00, 0xff, 0x00,
    0xff, 0x00, 0xff, 0x00, 0xff, 0x00, 0xff, 0x00, 0xff, 0x00, 0xff, 0x00, 0xff, 0x00, 0xff, 0x00,
    0xff, 0x00, 0xff, 0x00, 0xff, 0x00, 0xff, 0x00, 0xff, 0x00, 0xff, 0x00, 0xff, 0x00, 0xff, 0x00,
    0xff, 0x00, 0xff, 0x00, 0xff, 0x00, 0xff, 0x00, 0xff, 0x00, 0xff, 0x00, 0xff, 0x00, 0xff, 0x00,
    0xff, 0x00, 0xff, 0x00, 0xff, 0x00, 0xff, 0x00, 0xff, 0x00, 0xff, 0x00, 0xff, 0x00, 0xff, 0x00,
    0xff, 0x00, 0xff, 0x00, 0xff, 0x00, 0xff, 0x00, 0xff, 0x00, 0xff, 0x00, 0xff, 0x00, 0xff, 0x00,
    0xff, 0x00, 0xff, 0x00, 0xff, 0x00, 0xff, 0x00, 0xff, 0x00, 0xff, 0x00, 0xff, 0x00, 0xff, 0x00,
    0xff, 0x00, 0xff, 0x00, 0xff, 0x00, 0xff, 0x00, 0xff, 0x00, 0xff, 0x00, 0xff, 0x00, 0xff, 0x00,
    0xff, 0x00, 0xff, 0x00, 0xff, 0x00, 0xff, 0x00, 0xff, 0x00, 0xff, 0x00, 0xff, 0x00, 0xff, 0x00,
    0xff, 0x00, 0xff, 0x00, 0x28, 0x00, 0x2d, 0x01, 0xba, 0x00, 0x3e, 0x01, 0xaa, 0x00, 0x4d, 0x01,
    0x9d, 0x00, 0x58, 0x01, 0x93, 0x00, 0x61, 0x01, 0x8a, 0x00, 0x69, 0x01, 0x83, 0x00, 0x71, 0x01,
    0x7b, 0x00, 0x38, 0x01, 0x01, 0x00, 0x3e, 0x01, 0x75, 0x00, 0x3a, 0x01, 0x05, 0x00, 0x3f, 0x01,
    0x6f, 0x00, 0x3b, 0x01, 0x09, 0x00, 0x3f, 0x01, 0x6a, 0x00, 0x3c, 0x01, 0x0d, 0x00, 0x3f, 0x01,
    0x65, 0x00, 0x3e, 0x01, 0x0f, 0x00, 0x40, 0x01, 0x60, 0x00, 0x40, 0x01, 0x11, 0x00, 0x40, 0x01,
    0x5d, 0x00, 0x42, 0x01, 0x11, 0x00, 0x42, 0x01, 0x58, 0x00, 0x44, 0x01, 0x13, 0x00, 0x42, 0x01,
    0x55, 0x00, 0x45, 0x01, 0x15, 0x00, 0x42, 0x01, 0x52, 0x00, 0x47, 0x01, 0x15, 0x00, 0x43, 0x01,
    0x4f, 0x00, 0x48, 0x01, 0x17, 0x00, 0x43, 0x01, 0x4c, 0x00, 0x4a, 0x01, 0x17, 0x00, 0x44, 0x01,
    0x49, 0x00, 0x4c, 0x01, 0x17, 0x00, 0x44, 0x01, 0x48, 0x00, 0x4c, 0x01, 0x19, 0x00, 0x44, 0x01,
    0x45, 0x00, 0x4e, 0x01, 0x19, 0x00, 0x44, 0x01, 0x44, 0x00, 0x4f, 0x01, 0x19, 0x00, 0x44, 0x01,
    0x43, 0x00, 0x50, 0x01, 0x19, 0x00, 0x44, 0x01, 0x41, 0x00, 0x51, 0x01, 0x1b, 0x00, 0x43, 0x01,
    0x40, 0x00, 0x52, 0x01, 0x1b, 0x00, 0x43, 0x01, 0x3f, 0x00, 0x53, 0x01, 0x1b, 0x00, 0x43, 0x01,
    0x3e, 0x00, 0x54, 0x01, 0x1b, 0x00, 0x43, 0x01, 0x3e, 0x00, 0x54, 0x01, 0x1b, 0x00, 0x43, 0x01,
    0x3d, 0x00, 0x55, 0x01, 0x1b, 0x00, 0x43, 0x01, 0x3c, 0x00, 0x56, 0x01, 0x1b, 0x00, 0x44, 0x01,
    0x3c, 0x00, 0x55, 0x01, 0x1b, 0x00, 0x43, 0x01, 0x3e, 0x00, 0x54, 0x01, 0x1b, 0x00, 0x43, 0x01,
    0x3e, 0x00, 0x54, 0x01, 0x1b, 0x00, 0x43, 0x01, 0x3f, 0x00, 0x53, 0x01, 0x1b, 0x00, 0x43, 0x01,
    0x40, 0x00, 0x52, 0x01, 0x1b, 0x00, 0x43, 0x01, 0x41, 0x00, 0x51, 0x01, 0x1b, 0x00, 0x43, 0x01,
    0x43, 0x00, 0x50, 0x01, 0x19, 0x00, 0x44, 0x01, 0x44, 0x00, 0x4f, 0x01, 0x19, 0x00, 0x44, 0x01,
    0x45, 0x00, 0x4e, 0x01, 0x19, 0x00, 0x44, 0x01, 0x47, 0x00, 0x4c, 0x01, 0x19, 0x00, 0x44, 0x01,
    0x48, 0x00, 0x4c, 0x01, 0x17, 0x00, 0x44, 0x01, 0x4b, 0x00, 0x4a, 0x01, 0x17, 0x00, 0x44, 0x01,
    0x4d, 0x00, 0x48, 0x01, 0x17, 0x00, 0x43, 0x01, 0x50, 0x00, 0x47, 0x01, 0x15, 0x00, 0x43, 0x01,
    0x53, 0x00, 0x45, 0x01, 0x15, 0x00, 0x42, 0x01, 0x56, 0x00, 0x44, 0x01, 0x13, 0x00, 0x42, 0x01,
    0x5a, 0x00, 0x42, 0x01, 0x11, 0x00, 0x42, 0x01, 0x5d, 0x00, 0x40, 0x01, 0x11, 0x00, 0x40, 0x01,
    0x62, 0x00, 0x3e, 0x01, 0x0f, 0x00, 0x40, 0x01, 0x66, 0x00, 0x3c, 0x01, 0x0d, 0x00, 0x3f, 0x01,
    0x6b, 0x00, 0x3b, 0x01, 0x09, 0x00, 0x3f, 0x01, 0x70, 0x00, 0x3a, 0x01, 0x05, 0x00, 0x3f, 0x01,
    0x76, 0x00, 0x77, 0x01, 0x7d, 0x00, 0x71, 0x01, 0x83, 0x00, 0x69, 0x01, 0x8c, 0x00, 0x61, 0x01,
    0x94, 0x00, 0x58, 0x01, 0x9e, 0x00, 0x4d, 0x01, 0xab, 0x00, 0x3e, 0x01, 0xbb, 0x00, 0x2d, 0x01,
    0xff, 0x00, 0xff, 0x00, 0xff, 0x00, 0xff, 0x00, 0xff, 0x00, 0xff, 0x00, 0xff, 0x00, 0xff, 0x00,
    0xff, 0x00, 0xff, 0x00, 0xff, 0x00, 0xff, 0x00, 0xff, 0x00, 0xff, 0x00, 0xff, 0x00, 0xff, 0x00,
    0xff, 0x00, 0xff, 0x00, 0xff, 0x00, 0xff, 0x00, 0xff, 0x00, 0xff, 0x00, 0xff, 0x00, 0xff, 0x00,
    0xff, 0x00, 0xff, 0x00, 0xff, 0x00, 0xff, 0x00, 0xff, 0x00, 0xff, 0x00, 0xff, 0x00, 0xff, 0x00,
    0xff, 0x00, 0xff, 0x00, 0xff, 0x00, 0xff, 0x00, 0xff, 0x00, 0xff, 0x00, 0xff, 0x00, 0xff, 0x00,
    0xff, 0x00, 0xff, 0x00, 0xff, 0x00, 0xff, 0x00, 0xff, 0x00, 0xff, 0x00, 0xff, 0x00, 0xff, 0x00,
    0xff, 0x00, 0xff, 0x00, 0xff, 0x00, 0xff, 0x00, 0xff, 0x00, 0xff, 0x00, 0xff, 0x00, 0xff, 0x00,
    0xff, 0x00, 0xff, 0x00, 0xff, 0x00, 0xff, 0x00, 0xff, 0x00, 0xff, 0x00, 0xff, 0x00, 0xff, 0x00,
    0xff, 0x00, 0xff, 0x00, 0xff, 0x00, 0xff, 0x00, 0xff, 0x00, 0xff, 0x00, 0xff, 0x00, 0xff, 0x00,
    0xff, 0x00, 0xff, 0x00, 0xff, 0x00, 0xff, 0x00, 0xff, 0x00, 0xff, 0x00, 0xff, 0x00, 0xff, 0x00,
    0xff, 0x00, 0xff, 0x00, 0xff, 0x00, 0xff, 0x00, 0x14, 0x00, 0xff, 0x00, 0xff, 0x00, 0xff, 0x00,
    0xff, 0x00, 0xff, 0x00, 0xff, 0x00, 0xff, 0x00, 0xff, 0x00, 0xff, 0x00, 0xff, 0x00, 0xff, 0x00,
    0xff, 0x00, 0xff, 0x00, 0xff, 0x00, 0xff, 0x00, 0xff, 0x00, 0xff, 0x00, 0xff, 0x00, 0xff, 0x00,
    0xff, 0x00, 0xff, 0x00, 0xff, 0x00, 0xff, 0x00, 0xff, 0x00, 0xff, 0x00, 0xff, 0x00, 0xff, 0x00,
    0xff, 0x00, 0xff, 0x00, 0xff, 0x00, 0xff, 0x00, 0xff, 0x00, 0xff, 0x00, 0xff, 0x00, 0xff, 0x00,
    0xff, 0x00, 0xff, 0x00, 0xff, 0x00, 0xff, 0x00, 0xff, 0x00, 0xff, 0x00, 0xff, 0x00, 0xff, 0x00,
    0xff, 0x00, 0xff, 0x00, 0xff, 0x00, 0xff, 0x00, 0xff, 0x00, 0xff, 0x00, 0xff, 0x00, 0xff, 0x00,
    0xff, 0x00, 0xff, 0x00, 0xff, 0x00, 0xff, 0x00, 0xff, 0x00, 0xff, 0x00, 0xff, 0x00, 0xff, 0x00,
    0xff, 0x00, 0xff, 0x00, 0xff, 0x00, 0xff, 0x00, 0xff, 0x00, 0xff, 0x00, 0xff, 0x00, 0xff, 0x00,
    0xff, 0x00, 0xff, 0x00, 0xff, 0x00, 0xff, 0x00, 0xff, 0x00, 0xff, 0x00, 0xff, 0x00, 0xff, 0x00,
    0xff, 0x00, 0xff, 0x00, 0xff, 0x00, 0xff, 0x00, 0xff, 0x00, 0xff, 0x00, 0xff, 0x00, 0xff, 0x00,
    0xff, 0x00, 0xff, 0x00, 0x28, 0x00, 0x2d, 0x01, 0xba, 0x00, 0x3e, 0x01, 0xaa, 0x00, 0x4d, 0x01,
    0x9d, 0x00, 0x58, 0x01, 0x93, 0x00, 0x61, 0x01, 0x8a, 0x00, 0x69, 0x01, 0x83, 0x00, 0x71, 0x01,
    0x7b, 0x00, 0x3f, 0x01, 0x01, 0x00, 0x37, 0x01, 0x75, 0x00, 0x41, 0x01, 0x05, 0x00, 0x38, 0x01,
    0x6f, 0x00, 0x42, 0x01, 0x09, 0x00, 0x38, 0x01, 0x6a, 0x00, 0x43, 0x01, 0x0d, 0x00, 0x38, 0x01,
    0x65, 0x00, 0x45, 0x01, 0x0f, 0x00, 0x39, 0x01, 0x60, 0x00, 0x47, 0x01, 0x11, 0x00, 0x39, 0x01,
    0x5d, 0x00, 0x49, 0x01, 0x11, 0x00, 0x3b, 0x01, 0x58, 0x00, 0x4b, 0x01, 0x13, 0x00, 0x3b, 0x01,
    0x55, 0x00, 0x4c, 0x01, 0x15, 0x00, 0x3b, 0x01, 0x52, 0x00, 0x4e, 0x01, 0x15, 0x00, 0x3c, 0x01,
    0x4f, 0x00, 0x4f, 0x01, 0x17, 0x00, 0x3c, 0x01, 0x4c, 0x00, 0x51, 0x01, 0x17, 0x00, 0x3d, 0x01,
    0x49, 0x00, 0x53, 0x01, 0x17, 0x00, 0x3d, 0x01, 0x48, 0x00, 0x53, 0x01, 0x19, 0x00, 0x3d, 0x01,
    0x45, 0x00, 0x55, 0x01, 0x19, 0x00, 0x3d, 0x01, 0x44, 0x00, 0x56, 0x01, 0x19, 0x00, 0x3d, 0x01,
    0x43, 0x00, 0x57, 0x01, 0x19, 0x00, 0x3d, 0x01, 0x41, 0x00, 0x58, 0x01, 0x1b, 0x00, 0x3c, 0x01,
    0x40, 0x00, 0x59, 0x01, 0x1b, 0x00, 0x3c, 0x01, 0x3f, 0x00, 0x5a, 0x01, 0x1b, 0x00, 0x3c, 0x01,
    0x3e, 0x00, 0x5b, 0x01, 0x1b, 0x00, 0x3c, 0x01, 0x3e, 0x00, 0x5b, 0x01, 0x1b, 0x00, 0x3c, 0x01,
    0x3d, 0x00, 0x5c, 0x01, 0x1b, 0x00, 0x3c, 0x01, 0x3c, 0x00, 0x5d, 0x01, 0x1b, 0x00, 0x3d, 0x01,
    0x3c, 0x00, 0x5c, 0x01, 0x1b, 0x00, 0x3c, 0x01, 0x3e, 0x00, 0x5b, 0x01, 0x1b, 0x00, 0x3c, 0x01,
    0x3e, 0x00, 0x5b, 0x01, 0x1b, 0x00, 0x3c, 0x01, 0x3f, 0x00, 0x5a, 0x01, 0x1b, 0x00, 0x3c, 0x01,
    0x40, 0x00, 0x59, 0x01, 0x1b, 0x00, 0x3c, 0x01, 0x41, 0x00, 0x58, 0x01, 0x1b, 0x00, 0x3c, 0x01,
    0x43, 0x00, 0x57, 0x01, 0x19, 0x00, 0x3d, 0x01, 0x44, 0x00, 0x56, 0x01, 0x19, 0x00, 0x3d, 0x01,
    0x45, 0x00, 0x55, 0x01, 0x19, 0x00, 0x3d, 0x01, 0x47, 0x00, 0x53, 0x01, 0x19, 0x00, 0x3d, 0x01,
    0x48, 0x00, 0x53, 0x01, 0x17, 0x00, 0x3d, 0x01, 0x4b, 0x00, 0x51, 0x01, 0x17, 0x00, 0x3d, 0x01,
    0x4d, 0x00, 0x4f, 0x01, 0x17, 0x00, 0x3c, 0x01, 0x50, 0x00, 0x4e, 0x01, 0x15, 0x00, 0x3c, 0x01,
    0x53, 0x00, 0x4c, 0x01, 0x15, 0x00, 0x3b, 0x01, 0x56, 0x00, 0x4b, 0x01, 0x13, 0x00, 0x3b, 0x01,
    0x5a, 0x00, 0x49, 0x01, 0x11, 0x00, 0x3b, 0x01, 0x5d, 0x00, 0x47, 0x01, 0x11, 0x00, 0x39, 0x01,
    0x62, 0x00, 0x45, 0x01, 0x0f, 0x00, 0x39, 0x01, 0x66, 0x00, 0x43, 0x01, 0x0d, 0x00, 0x38, 0x01,
    0x6b, 0x00, 0x42, 0x01, 0x09, 0x00, 0x38, 0x01, 0x70, 0x00, 0x41, 0x01, 0x05, 0x00, 0x38, 0x01,
    0x76, 0x00, 0x77, 0x01, 0x7d, 0x00, 0x71, 0x01, 0x83, 0x00, 0x69, 0x01, 0x8c, 0x00, 0x61, 0x01,
    0x94, 0x00, 0x58, 0x01, 0x9e, 0x00, 0x4d, 0x01, 0xab, 0x00, 0x3e, 0x01, 0xbb, 0x00, 0x2d, 0x01,
    0xff, 0x00, 0xff, 0x00, 0xff, 0x00, 0xff, 0x00, 0xff, 0x00, 0xff, 0x00, 0xff, 0x00, 0xff, 0x00,
    0xff, 0x00, 0xff, 0x00, 0xff, 0x00, 0xff, 0x00, 0xff, 0x00, 0xff, 0x00, 0xff, 0x00, 0xff, 0x00,
    0xff, 0x00, 0xff, 0x00, 0xff, 0x00, 0xff, 0x00, 0xff, 0x00, 0xff, 0x00, 0xff, 0x00, 0xff, 0x00,
    0xff, 0x00, 0xff, 0x00, 0xff, 0x00, 0xff, 0x00, 0xff, 0x00, 0xff, 0x00, 0xff, 0x00, 0xff, 0x00,
    0xff, 0x00, 0xff, 0x00, 0xff, 0x00, 0xff, 0x00, 0xff, 0x00, 0xff, 0x00, 0xff, 0x00, 0xff, 0x00,
    0xff, 0x00, 0xff, 0x00, 0xff, 0x00, 0xff, 0x00, 0xff, 0x00, 0xff, 0x00, 0xff, 0x00, 0xff, 0x00,
    0xff, 0x00, 0xff, 0x00, 0xff, 0x00, 0xff, 0x00, 0xff, 0x00, 0xff, 0x00, 0xff, 0x00, 0xff, 0x00,
    0xff, 0x00, 0xff, 0x00, 0xff, 0x00, 0xff, 0x00, 0xff, 0x00, 0xff, 0x00, 0xff, 0x00, 0xff, 0x00,
    0xff, 0x00, 0xff, 0x00, 0xff, 0x00, 0xff, 0x00, 0xff, 0x00, 0xff, 0x00, 0xff, 0x00, 0xff, 0x00,
    0xff, 0x00, 0xff, 0x00, 0xff, 0x00, 0xff, 0x00, 0xff, 0x00, 0xff, 0x00, 0xff, 0x00, 0xff, 0x00,
    0xff, 0x00, 0xff, 0x00, 0xff, 0x00, 0xff, 0x00, 0x14, 0x00, 0xff, 0x00, 0xff, 0x00, 0xff, 0x00,
    0xff, 0x00, 0xff, 0x00, 0xff, 0x00, 0xff, 0x00, 0xff, 0x00, 0xff, 0x00, 0xff, 0x00, 0xff, 0x00,
    0xff, 0x00, 0xff, 0x00, 0xff, 0x00, 0xff, 0x00, 0xff, 0x00, 0xff, 0x00, 0xff, 0x00, 0xff, 0x00,
    0xff, 0x00, 0xff, 0x00, 0xff, 0x00, 0xff, 0x00, 0xff, 0x00, 0xff, 0x00, 0xff, 0x00, 0xff, 0x00,
    0xff, 0x00, 0xff, 0x00, 0xff, 0x00, 0xff, 0x00, 0xff, 0x00, 0xff, 0x00, 0xff, 0x00, 0xff, 0x00,
    0xff, 0x00, 0xff, 0x00, 0xff, 0x00, 0xff, 0x00, 0xff, 0x00, 0xff, 0x00, 0xff, 0x00, 0xff, 0x00,
    0xff, 0x00, 0xff, 0x00, 0xff, 0x00, 0xff, 0x00, 0xff, 0x00, 0xff, 0x00, 0xff, 0x00, 0xff, 0x00,
    0xff, 0x00, 0xff, 0x00, 0xff, 0x00, 0xff, 0x00, 0xff, 0x00, 0xff, 0x00, 0xff, 0x00, 0xff, 0x00,
    0xff, 0x00, 0xff, 0x00, 0xff, 0x00, 0xff, 0x00, 0xff, 0x00, 0xff, 0x00, 0xff, 0x00, 0xff, 0x00,
    0xff, 0x00, 0xff, 0x00, 0xff, 0x00, 0xff, 0x00, 0xff, 0x00, 0xff, 0x00, 0xff, 0x00, 0xff, 0x00,
    0xff, 0x00, 0xff, 0x00, 0xff, 0x00, 0xff, 0x00, 0xff, 0x00, 0xff, 0x00, 0xff, 0x00, 0xff, 0x00,
    0xff, 0x00, 0xff, 0x00, 0x28, 0x00, 0x2d, 0x01, 0xba, 0x00, 0x3e, 0x01, 0xaa, 0x00, 0x4d, 0x01,
    0x9d, 0x00, 0x58, 0x01, 0x93, 0x00, 0x61, 0x01, 0x8a, 0x00, 0x69, 0x01, 0x83, 0x00, 0x71, 0x01,
    0x7b, 0x00, 0x31, 0x01, 0x01, 0x00, 0x45, 0x01, 0x75, 0x00, 0x33, 0x01, 0x05, 0x00, 0x46, 0x01,
    0x6f, 0x00, 0x34, 0x01, 0x09, 0x00, 0x46, 0x01, 0x6a, 0x00, 0x35, 0x01, 0x0d, 0x00, 0x46, 0x01,
    0x65, 0x00, 0x37, 0x01, 0x0f, 0x00, 0x47, 0x01, 0x60, 0x00, 0x39, 0x01, 0x11, 0x00, 0x47, 0x01,
    0x5d, 0x00, 0x3b, 0x01, 0x11, 0x00, 0x49, 0x01, 0x58, 0x00, 0x3d, 0x01, 0x13, 0x00, 0x49, 0x01,
    0x55, 0x00, 0x3e, 0x01, 0x15, 0x00, 0x49, 0x01, 0x52, 0x00, 0x40, 0x01, 0x15, 0x00, 0x4a, 0x01,
    0x4f, 0x00, 0x41, 0x01, 0x17, 0x00, 0x4a, 0x01, 0x4c, 0x00, 0x43, 0x01, 0x17, 0x00, 0x4b, 0x01,
    0x49, 0x00, 0x45, 0x01, 0x17, 0x00, 0x4b, 0x01, 0x48, 0x00, 0x45, 0x01, 0x19, 0x00, 0x4b, 0x01,
    0x45, 0x00, 0x47, 0x01, 0x19, 0x00, 0x4b, 0x01, 0x44, 0x00, 0x48, 0x01, 0x19, 0x00, 0x4b, 0x01,
    0x43, 0x00, 0x49, 0x01, 0x19, 0x00, 0x4b, 0x01, 0x41, 0x00, 0x4a, 0x01, 0x1b, 0x00, 0x4a, 0x01,
    0x40, 0x00, 0x4b, 0x01, 0x1b, 0x00, 0x4a, 0x01, 0x3f, 0x00, 0x4c, 0x01, 0x1b, 0x00, 0x4a, 0x01,
    0x3e, 0x00, 0x4d, 0x01, 0x1b, 0x00, 0x4a, 0x01, 0x3e, 0x00, 0x4d, 0x01, 0x1b, 0x00, 0x4a, 0x01,
    0x3d, 0x00, 0x4e, 0x01, 0x1b, 0x00, 0x4a, 0x01, 0x3c, 0x00, 0x4f, 0x01, 0x1b, 0x00, 0x4b, 0x01,
    0x3c, 0x00, 0x4e, 0x01, 0x1b, 0x00, 0x4a, 0x01, 0x3e, 0x00, 0x4d, 0x01, 0x1b, 0x00, 0x4a, 0x01,
    0x3e, 0x00, 0x4d, 0x01, 0x1b, 0x00, 0x4a, 0x01, 0x3f, 0x00, 0x4c, 0x01, 0x1b, 0x00, 0x4a, 0x01,
    0x40, 0x00, 0x4b, 0x01, 0x1b, 0x00, 0x4a, 0x01, 0x41, 0x00, 0x4a, 0x01, 0x1b, 0x00, 0x4a, 0x01,
    0x43, 0x00, 0x49, 0x01, 0x19, 0x00, 0x4b, 0x01, 0x44, 0x00, 0x48, 0x01, 0x19, 0x00, 0x4b, 0x01,
    0x45, 0x00, 0x47, 0x01, 0x19, 0x00, 0x4b, 0x01, 0x47, 0x00, 0x45, 0x01, 0x19, 0x00, 0x4b, 0x01,
    0x48, 0x00, 0x45, 0x01, 0x17, 0x00, 0x4b, 0x01, 0x4b, 0x00, 0x43, 0x01, 0x17, 0x00, 0x4b, 0x01,
    0x4d, 0x00, 0x41, 0x01, 0x17, 0x00, 0x4a, 0x01, 0x50, 0x00, 0x40, 0x01, 0x15, 0x00, 0x4a, 0x01,
    0x53, 0x00, 0x3e, 0x01, 0x15, 0x00, 0x49, 0x01, 0x56, 0x00, 0x3d, 0x01, 0x13, 0x00, 0x49, 0x01,
    0x5a, 0x00, 0x3b, 0x01, 0x11, 0x00, 0x49, 0x01, 0x5d, 0x00, 0x39, 0x01, 0x11, 0x00, 0x47, 0x01,
    0x62, 0x00, 0x37, 0x01, 0x0f, 0x00, 0x47, 0x01, 0x66, 0x00, 0x35, 0x01, 0x0d, 0x00, 0x46, 0x01,
    0x6b, 0x00, 0x34, 0x01, 0x09, 0x00, 0x46, 0x01, 0x70, 0x00, 0x33, 0x01, 0x05, 0x00, 0x46, 0x01,
    0x76, 0x00, 0x77, 0x01, 0x7d, 0x00, 0x71, 0x01, 0x83, 0x00, 0x69, 0x01, 0x8c, 0x00, 0x61, 0x01,
    0x94, 0x00, 0x58, 0x01, 0x9e, 0x00, 0x4d, 0x01, 0xab, 0x00, 0x3e, 0x01, 0xbb, 0x00, 0x2d, 0x01,
    0xff, 0x00, 0xff, 0x00, 0xff, 0x00, 0xff, 0x00, 0xff, 0x00, 0xff, 0x00, 0xff, 0x00, 0xff, 0x00,
    0xff, 0x00, 0xff, 0x00, 0xff, 0x00, 0xff, 0x00, 0xff, 0x00, 0xff, 0x00, 0xff, 0x00, 0xff, 0x00,
    0xff, 0x00, 0xff, 0x00, 0xff, 0x00, 0xff, 0x00, 0xff, 0x00, 0xff, 0x00, 0xff, 0x00, 0xff, 0x00,
    0xff, 0x00, 0xff, 0x00, 0xff, 0x00, 0xff, 0x00, 0xff, 0x00, 0xff, 0x00, 0xff, 0x00, 0xff, 0x00,
    0xff, 0x00, 0xff, 0x00, 0xff, 0x00, 0xff, 0x00, 0xff, 0x00, 0xff, 0x00, 0xff, 0x00, 0xff, 0x00,
    0xff, 0x00, 0xff, 0x00, 0xff, 0x00, 0xff, 0x00, 0xff, 0x00, 0xff, 0x00, 0xff, 0x00, 0xff, 0x00,
    0xff, 0x00, 0xff, 0x00, 0xff, 0x00, 0xff, 0x00, 0xff, 0x00, 0xff, 0x00, 0xff, 0x00, 0xff, 0x00,
    0xff, 0x00, 0xff, 0x00, 0xff, 0x00, 0xff, 0x00, 0xff, 0x00, 0xff, 0x00, 0xff, 0x00, 0xff, 0x00,
    0xff, 0x00, 0xff, 0x00, 0xff, 0x00, 0xff, 0x00, 0xff, 0x00, 0xff, 0x00, 0xff, 0x00, 0xff, 0x00,
    0xff, 0x00, 0xff, 0x00, 0xff, 0x00, 0xff, 0x00, 0xff, 0x00, 0xff, 0x00, 0xff, 0x00, 0xff, 0x00,
    0xff, 0x00, 0xff, 0x00, 0xff, 0x00, 0xff, 0x00, 0x14, 0x00, 0xff, 0x00, 0xff, 0x00, 0xff, 0x00,
    0xff, 0x00, 0xff, 0x00, 0xff, 0x00, 0xff, 0x00, 0xff, 0x00, 0xff, 0x00, 0xff, 0x00, 0xff, 0x00,
    0xff, 0x00, 0xff, 0x00, 0xff, 0x00, 0xff, 0x00, 0xff, 0x00, 0xff, 0x00, 0xff, 0x00, 0xff, 0x00,
    0xff, 0x00, 0xff, 0x00, 0xff, 0x00, 0xff, 0x00, 0xff, 0x00, 0xff, 0x00, 0xff, 0x00, 0xff, 0x00,
    0xff, 0x00, 0xff, 0x00, 0xff, 0x00, 0xff, 0x00, 0xff, 0x00, 0xff, 0x00, 0xff, 0x00, 0xff, 0x00,
    0xff, 0x00, 0xff, 0x00, 0xff, 0x00, 0xff, 0x00, 0xff, 0x00, 0xff, 0x00, 0xff, 0x00, 0xff, 0x00,
    0xff, 0x00, 0xff, 0x00, 0xff, 0x00, 0xff, 0x00, 0xff, 0x00, 0xff, 0x00, 0xff, 0x00, 0xff, 0x00,
    0xff, 0x00, 0xff, 0x00, 0xff, 0x00, 0xff, 0x00, 0xff, 0x00, 0xff, 0x00, 0xff, 0x00, 0xff, 0x00,
    0xff, 0x00, 0xff, 0x00, 0xff, 0x00, 0xff, 0x00, 0xff, 0x00, 0xff, 0x00, 0xff, 0x00, 0xff, 0x00,
    0xff, 0x00, 0xff, 0x00, 0xff, 0x00, 0xff, 0x00, 0xff, 0x00, 0xff, 0x00, 0xff, 0x00, 0xff, 0x00,
    0xff, 0x00, 0xff, 0x00, 0xff, 0x00, 0xff, 0x00, 0xff, 0x00, 0xff, 0x00, 0xff, 0x00, 0xff, 0x00,
    0xff, 0x00, 0xff, 0x00, 0x06, 0x00, 0x2d, 0x01, 0xbb, 0x00, 0x3e, 0x01, 0xab, 0x00, 0x4d, 0x01,
    0x9e, 0x00, 0x58, 0x01, 0x94, 0x00, 0x61, 0x01, 0x8c, 0x00, 0x69, 0x01, 0x83, 0x00, 0x71, 0x01,
    0x7d, 0x00, 0x52, 0x01, 0x01, 0x00, 0x24, 0x01, 0x76, 0x00, 0x53, 0x01, 0x05, 0x00, 0x26, 0x01,
    0x70, 0x00, 0x53, 0x01, 0x09, 0x00, 0x27, 0x01, 0x6b, 0x00, 0x53, 0x01, 0x0d, 0x00, 0x28, 0x01,
    0x66, 0x00, 0x54, 0x01, 0x0f, 0x00, 0x2a, 0x01, 0x62, 0x00, 0x54, 0x01, 0x11, 0x00, 0x2c, 0x01,
    0x5d, 0x00, 0x56, 0x01, 0x11, 0x00, 0x2e, 0x01, 0x5a, 0x00, 0x56, 0x01, 0x13, 0x00, 0x30, 0x01,
    0x56, 0x00, 0x56, 0x01, 0x15, 0x00, 0x31, 0x01, 0x53, 0x00, 0x57, 0x01, 0x15, 0x00, 0x33, 0x01,
    0x50, 0x00, 0x57, 0x01, 0x17, 0x00, 0x34, 0x01, 0x4d, 0x00, 0x58, 0x01, 0x17, 0x00, 0x36, 0x01,
    0x4b, 0x00, 0x58, 0x01, 0x17, 0x00, 0x38, 0x01, 0x48, 0x00, 0x58, 0x01, 0x19, 0x00, 0x38, 0x01,
    0x47, 0x00, 0x58, 0x01, 0x19, 0x00, 0x3a, 0x01, 0x45, 0x00, 0x58, 0x01, 0x19, 0x00, 0x3b, 0x01,
    0x44, 0x00, 0x58, 0x01, 0x19, 0x00, 0x3c, 0x01, 0x43, 0x00, 0x57, 0x01, 0x1b, 0x00, 0x3d, 0x01,
    0x41, 0x00, 0x57, 0x01, 0x1b, 0x00, 0x3e, 0x01, 0x40, 0x00, 0x57, 0x01, 0x1b, 0x00, 0x3f, 0x01,
    0x3f, 0x00, 0x57, 0x01, 0x1b, 0x00, 0x40, 0x01, 0x3e, 0x00, 0x57, 0x01, 0x1b, 0x00, 0x40, 0x01,
    0x3e, 0x00, 0x57, 0x01, 0x1b, 0x00, 0x41, 0x01, 0x3c, 0x00, 0x58, 0x01, 0x1b, 0x00, 0x42, 0x01,
    0x3c, 0x00, 0x57, 0x01, 0x1b, 0x00, 0x41, 0x01, 0x3d, 0x00, 0x57, 0x01, 0x1b, 0x00, 0x40, 0x01,
    0x3e, 0x00, 0x57, 0x01, 0x1b, 0x00, 0x40, 0x01, 0x3e, 0x00, 0x57, 0x01, 0x1b, 0x00, 0x3f, 0x01,
    0x3f, 0x00, 0x57, 0x01, 0x1b, 0x00, 0x3e, 0x01, 0x40, 0x00, 0x57, 0x01, 0x1b, 0x00, 0x3d, 0x01,
    0x41, 0x00, 0x58, 0x01, 0x19, 0x00, 0x3c, 0x01, 0x43, 0x00, 0x58, 0x01, 0x19, 0x00, 0x3b, 0x01,
    0x44, 0x00, 0x58, 0x01, 0x19, 0x00, 0x3a, 0x01, 0x45, 0x00, 0x58, 0x01, 0x19, 0x00, 0x38, 0x01,
    0x48, 0x00, 0x58, 0x01, 0x17, 0x00, 0x38, 0x01, 0x49, 0x00, 0x58, 0x01, 0x17, 0x00, 0x36, 0x01,
    0x4c, 0x00, 0x57, 0x01, 0x17, 0x00, 0x34, 0x01, 0x4f, 0x00, 0x57, 0x01, 0x15, 0x00, 0x33, 0x01,
    0x52, 0x00, 0x56, 0x01, 0x15, 0x00, 0x31, 0x01, 0x55, 0x00, 0x56, 0x01, 0x13, 0x00, 0x30, 0x01,
    0x58, 0x00, 0x56, 0x01, 0x11, 0x00, 0x2e, 0x01, 0x5d, 0x00, 0x54, 0x01, 0x11, 0x00, 0x2c, 0x01,
    0x60, 0x00, 0x54, 0x01, 0x0f, 0x00, 0x2a, 0x01, 0x65, 0x00, 0x53, 0x01, 0x0d, 0x00, 0x28, 0x01,
    0x6a, 0x00, 0x53, 0x01, 0x09, 0x00, 0x27, 0x01, 0x6f, 0x00, 0x53, 0x01, 0x05, 0x00, 0x26, 0x01,
    0x75, 0x00, 0x77, 0x01, 0x7b, 0x00, 0x71, 0x01, 0x83, 0x00, 0x69, 0x01, 0x8a, 0x00, 0x61, 0x01,
    0x93, 0x00, 0x58, 0x01, 0x9d, 0x00, 0x4d, 0x01, 0xaa, 0x00, 0x3e, 0x01, 0xba, 0x00, 0x2d, 0x01,
    0xff, 0x00, 0xff, 0x00, 0xff, 0x00, 0xff, 0x00, 0xff, 0x00, 0xff, 0x00, 0xff, 0x00, 0xff, 0x00,
    0xff, 0x00, 0xff, 0x00, 0xff, 0x00, 0xff, 0x00, 0xff, 0x00, 0xff, 0x00, 0xff, 0x00, 0xff, 0x00,
    0xff, 0x00, 0xff, 0x00, 0xff, 0x00, 0xff, 0x00, 0xff, 0x00, 0xff, 0x00, 0xff, 0x00, 0xff, 0x00,
    0xff, 0x00, 0xff, 0x00, 0xff, 0x00, 0xff, 0x00, 0xff, 0x00, 0xff, 0x00, 0xff, 0x00, 0xff, 0x00,
    0xff, 0x00, 0xff, 0x00, 0xff, 0x00, 0xff, 0x00, 0xff, 0x00, 0xff, 0x00, 0xff, 0x00, 0xff, 0x00,
    0xff, 0x00, 0xff, 0x00, 0xff, 0x00, 0xff, 0x00, 0xff, 0x00, 0xff, 0x00, 0xff, 0x00, 0xff, 0x00,
    0xff, 0x00, 0xff, 0x00, 0xff, 0x00, 0xff, 0x00, 0xff, 0x00, 0xff, 0x00, 0xff, 0x00, 0xff, 0x00,
    0xff, 0x00, 0xff, 0x00, 0xff, 0x00, 0xff, 0x00, 0xff, 0x00, 0xff, 0x00, 0xff, 0x00, 0xff, 0x00,
    0xff, 0x00, 0xff, 0x00, 0xff, 0x00, 0xff, 0x00, 0xff, 0x00, 0xff, 0x00, 0xff, 0x00, 0xff, 0x00,
    0xff, 0x00, 0xff, 0x00, 0xff, 0x00, 0xff, 0x00, 0xff, 0x00, 0xff, 0x00, 0xff, 0x00, 0xff, 0x00,
    0xff, 0x00, 0xff, 0x00, 0xff, 0x00, 0xff, 0x00, 0x36, 0x00, 0xff, 0x00, 0xff, 0x00, 0xff, 0x00,
    0xff, 0x00, 0xff, 0x00, 0xff, 0x00, 0xff, 0x00, 0xff, 0x00, 0xff, 0x00, 0xff, 0x00, 0xff, 0x00,
    0xff, 0x00, 0xff, 0x00, 0xff, 0x00, 0xff, 0x00, 0xff, 0x00, 0xff, 0x00, 0xff, 0x00, 0xff, 0x00,
    0xff, 0x00, 0xff, 0x00, 0xff, 0x00, 0xff, 0x00, 0xff, 0x00, 0xff, 0x00, 0xff, 0x00, 0xff, 0x00,
    0xff, 0x00, 0xff, 0x00, 0xff, 0x00, 0xff, 0x00, 0xff, 0x00, 0xff, 0x00, 0xff, 0x00, 0xff, 0x00,
    0xff, 0x00, 0xff, 0x00, 0xff, 0x00, 0xff, 0x00, 0xff, 0x00, 0xff, 0x00, 0xff, 0x00, 0xff, 0x00,
    0xff, 0x00, 0xff, 0x00, 0xff, 0x00, 0xff, 0x00, 0xff, 0x00, 0xff, 0x00, 0xff, 0x00, 0xff, 0x00,
    0xff, 0x00, 0xff, 0x00, 0xff, 0x00, 0xff, 0x00, 0xff, 0x00, 0xff, 0x00, 0xff, 0x00, 0xff, 0x00,
    0xff, 0x00, 0xff, 0x00, 0xff, 0x00, 0xff, 0x00, 0xff, 0x00, 0xff, 0x00, 0xff, 0x00, 0xff, 0x00,
    0xff, 0x00, 0xff, 0x00, 0xff, 0x00, 0xff, 0x00, 0xff, 0x00, 0xff, 0x00, 0xff, 0x00, 0xff, 0x00,
    0xff, 0x00, 0xff, 0x00, 0xff, 0x00, 0xff, 0x00, 0xff, 0x00, 0xff, 0x00, 0xff, 0x00, 0xff, 0x00,
    0xff, 0x00, 0xff, 0x00, 0x06, 0x00, 0x2d, 0x01, 0xbb, 0x00, 0x3e, 0x01, 0xab, 0x00, 0x4d, 0x01,
    0x9e, 0x00, 0x58, 0x01, 0x94, 0x00, 0x61, 0x01, 0x8c, 0x00, 0x69, 0x01, 0x83, 0x00, 0x71, 0x01,
    0x7d, 0x00, 0x59, 0x01, 0x01, 0x00, 0x1d, 0x01, 0x76, 0x00, 0x5a, 0x01, 0x05, 0x00, 0x1f, 0x01,
    0x70, 0x00, 0x5a, 0x01, 0x09, 0x00, 0x20, 0x01, 0x6b, 0x00, 0x5a, 0x01, 0x0d, 0x00, 0x21, 0x01,
    0x66, 0x00, 0x5b, 0x01, 0x0f, 0x00, 0x23, 0x01, 0x62, 0x00, 0x5b, 0x01, 0x11, 0x00, 0x25, 0x01,
    0x5d, 0x00, 0x5d, 0x01, 0x11, 0x00, 0x27, 0x01, 0x5a, 0x00, 0x5d, 0x01, 0x13, 0x00, 0x29, 0x01,
    0x56, 0x00, 0x5d, 0x01, 0x15, 0x00, 0x2a, 0x01, 0x53, 0x00, 0x5e, 0x01, 0x15, 0x00, 0x2c, 0x01,
    0x50, 0x00, 0x5e, 0x01, 0x17, 0x00, 0x2d, 0x01, 0x4d, 0x00, 0x5f, 0x01, 0x17, 0x00, 0x2f, 0x01,
    0x4b, 0x00, 0x5f, 0x01, 0x17, 0x00, 0x31, 0x01, 0x48, 0x00, 0x5f, 0x01, 0x19, 0x00, 0x31, 0x01,
    0x47, 0x00, 0x5f, 0x01, 0x19, 0x00, 0x33, 0x01, 0x45, 0x00, 0x5f, 0x01, 0x19, 0x00, 0x34, 0x01,
    0x44, 0x00, 0x5f, 0x01, 0x19, 0x00, 0x35, 0x01, 0x43, 0x00, 0x5e, 0x01, 0x1b, 0x00, 0x36, 0x01,
    0x41, 0x00, 0x5e, 0x01, 0x1b, 0x00, 0x37, 0x01, 0x40, 0x00, 0x5e, 0x01, 0x1b, 0x00, 0x38, 0x01,
    0x3f, 0x00, 0x5e, 0x01, 0x1b, 0x00, 0x39, 0x01, 0x3e, 0x00, 0x5e, 0x01, 0x1b, 0x00, 0x39, 0x01,
    0x3e, 0x00, 0x5e, 0x01, 0x1b, 0x00, 0x3a, 0x01, 0x3c, 0x00, 0x5f, 0x01, 0x1b, 0x00, 0x3b, 0x01,
    0x3c, 0x00, 0x5e, 0x01, 0x1b, 0x00, 0x3a, 0x01, 0x3d, 0x00, 0x5e, 0x01, 0x1b, 0x00, 0x39, 0x01,
    0x3e, 0x00, 0x5e, 0x01, 0x1b, 0x00, 0x39, 0x01, 0x3e, 0x00, 0x5e, 0x01, 0x1b, 0x00, 0x38, 0x01,
    0x3f, 0x00, 0x5e, 0x01, 0x1b, 0x00, 0x37, 0x01, 0x40, 0x00, 0x5e, 0x01, 0x1b, 0x00, 0x36, 0x01,
    0x41, 0x00, 0x5f, 0x01, 0x19, 0x00, 0x35, 0x01, 0x43, 0x00, 0x5f, 0x01, 0x19, 0x00, 0x34, 0x01,
    0x44, 0x00, 0x5f, 0x01, 0x19, 0x00, 0x33, 0x01, 0x45, 0x00, 0x5f, 0x01, 0x19, 0x00, 0x31, 0x01,
    0x48, 0x00, 0x5f, 0x01, 0x17, 0x00, 0x31, 0x01, 0x49, 0x00, 0x5f, 0x01, 0x17, 0x00, 0x2f, 0x01,
    0x4c, 0x00, 0x5e, 0x01, 0x17, 0x00, 0x2d, 0x01, 0x4f, 0x00, 0x5e, 0x01, 0x15, 0x00, 0x2c, 0x01,
    0x52, 0x00, 0x5d, 0x01, 0x15, 0x00, 0x2a, 0x01, 0x55, 0x00, 0x5d, 0x01, 0x13, 0x00, 0x29, 0x01,
    0x58, 0x00, 0x5d, 0x01, 0x11, 0x00, 0x27, 0x01, 0x5d, 0x00, 0x5b, 0x01, 0x11, 0x00, 0x25, 0x01,
    0x60, 0x00, 0x5b, 0x01, 0x0f, 0x00, 0x23, 0x01, 0x65, 0x00, 0x5a, 0x01, 0x0d, 0x00, 0x21, 0x01,
    0x6a, 0x00, 0x5a, 0x01, 0x09, 0x00, 0x20, 0x01, 0x6f, 0x00, 0x5a, 0x01, 0x05, 0x00, 0x1f, 0x01,
    0x75, 0x00, 0x77, 0x01, 0x7b, 0x00, 0x71, 0x01, 0x83, 0x00, 0x69, 0x01, 0x8a, 0x00, 0x61, 0x01,
    0x93, 0x00, 0x58, 0x01, 0x9d, 0x00, 0x4d, 0x01, 0xaa, 0x00, 0x3e, 0x01, 0xba, 0x00, 0x2d, 0x01,
    0xff, 0x00, 0xff, 0x00, 0xff, 0x00, 0xff, 0x00, 0xff, 0x00, 0xff, 0x00, 0xff, 0x00, 0xff, 0x00,
    0xff, 0x00, 0xff, 0x00, 0xff, 0x00, 0xff, 0x00, 0xff, 0x00, 0xff, 0x00, 0xff, 0x00, 0xff, 0x00,
    0xff, 0x00, 0xff, 0x00, 0xff, 0x00, 0xff, 0x00, 0xff, 0x00, 0xff, 0x00, 0xff, 0x00, 0xff, 0x00,
    0xff, 0x00, 0xff, 0x00, 0xff, 0x00, 0xff, 0x00, 0xff, 0x00, 0xff, 0x00, 0xff, 0x00, 0xff, 0x00,
    0xff, 0x00, 0xff, 0x00, 0xff, 0x00, 0xff, 0x00, 0xff, 0x00, 0xff, 0x00, 0xff, 0x00, 0xff, 0x00,
    0xff, 0x00, 0xff, 0x00, 0xff, 0x00, 0xff, 0x00, 0xff, 0x00, 0xff, 0x00, 0xff, 0x00, 0xff, 0x00,
    0xff, 0x00, 0xff, 0x00, 0xff, 0x00, 0xff, 0x00, 0xff, 0x00, 0xff, 0x00, 0xff, 0x00, 0xff, 0x00,
    0xff, 0x00, 0xff, 0x00, 0xff, 0x00, 0xff, 0x00, 0xff, 0x00, 0xff, 0x00, 0xff, 0x00, 0xff, 0x00,
    0xff, 0x00, 0xff, 0x00, 0xff, 0x00, 0xff, 0x00, 0xff, 0x00, 0xff, 0x00, 0xff, 0x00, 0xff, 0x00,
    0xff, 0x00, 0xff, 0x00, 0xff, 0x00, 0xff, 0x00, 0xff, 0x00, 0xff, 0x00, 0xff, 0x00, 0xff, 0x00,
    0xff, 0x00, 0xff, 0x00, 0xff, 0x00, 0xff, 0x00, 0x36, 0x00, 0xff, 0x00, 0xff, 0x00, 0xff, 0x00,
    0xff, 0x00, 0xff, 0x00, 0xff, 0x00, 0xff, 0x00, 0xff, 0x00, 0xff, 0x00, 0xff, 0x00, 0xff, 0x00,
    0xff, 0x00, 0xff, 0x00, 0xff, 0x00, 0xff, 0x00, 0xff, 0x00, 0xff, 0x00, 0xff, 0x00, 0xff, 0x00,
    0xff, 0x00, 0xff, 0x00, 0xff, 0x00, 0xff, 0x00, 0xff, 0x00, 0xff, 0x00, 0xff, 0x00, 0xff, 0x00,
    0xff, 0x00, 0xff, 0x00, 0xff, 0x00, 0xff, 0x00, 0xff, 0x00, 0xff, 0x00, 0xff, 0x00, 0xff, 0x00,
    0xff, 0x00, 0xff, 0x00, 0xff, 0x00, 0xff, 0x00, 0xff, 0x00, 0xff, 0x00, 0xff, 0x00, 0xff, 0x00,
    0xff, 0x00, 0xff, 0x00, 0xff, 0x00, 0xff, 0x00, 0xff, 0x00, 0xff, 0x00, 0xff, 0x00, 0xff, 0x00,
    0xff, 0x00, 0xff, 0x00, 0xff, 0x00, 0xff, 0x00, 0xff, 0x00, 0xff, 0x00, 0xff, 0x00, 0xff, 0x00,
    0xff, 0x00, 0xff, 0x00, 0xff, 0x00, 0xff, 0x00, 0xff, 0x00, 0xff, 0x00, 0xff, 0x00, 0xff, 0x00,
    0xff, 0x00, 0xff, 0x00, 0xff, 0x00, 0xff, 0x00, 0xff, 0x00, 0xff, 0x00, 0xff, 0x00, 0xff, 0x00,
    0xff, 0x00, 0xff, 0x00, 0xff, 0x00, 0xff, 0x00, 0xff, 0x00, 0xff, 0x00, 0xff, 0x00, 0xff, 0x00,
    0xff, 0x00, 0xff, 0x00, 0x06, 0x00, 0x2d, 0x01, 0xbb, 0x00, 0x3e, 0x01, 0xab, 0x00, 0x4d, 0x01,
    0x9e, 0x00, 0x58, 0x01, 0x94, 0x00, 0x61, 0x01, 0x8c, 0x00, 0x69, 0x01, 0x83, 0x00, 0x71, 0x01,
    0x7d, 0x00, 0x4b, 0x01, 0x01, 0x00, 0x2b, 0x01, 0x76, 0x00, 0x4c, 0x01, 0x05, 0x00, 0x2d, 0x01,
    0x70, 0x00, 0x4c, 0x01, 0x09, 0x00, 0x2e, 0x01, 0x6b, 0x00, 0x4c, 0x01, 0x0d, 0x00, 0x2f, 0x01,
    0x66, 0x00, 0x4d, 0x01, 0x0f, 0x00, 0x31, 0x01, 0x62, 0x00, 0x4d, 0x01, 0x11, 0x00, 0x33, 0x01,
    0x5d, 0x00, 0x4f, 0x01, 0x11, 0x00, 0x35, 0x01, 0x5a, 0x00, 0x4f, 0x01, 0x13, 0x00, 0x37, 0x01,
    0x56, 0x00, 0x4f, 0x01, 0x15, 0x00, 0x38, 0x01, 0x53, 0x00, 0x50, 0x01, 0x15, 0x00, 0x3a, 0x01,
    0x50, 0x00, 0x50, 0x01, 0x17, 0x00, 0x3b, 0x01, 0x4d, 0x00, 0x51, 0x01, 0x17, 0x00, 0x3d, 0x01,
    0x4b, 0x00, 0x51, 0x01, 0x17, 0x00, 0x3f, 0x01, 0x48, 0x00, 0x51, 0x01, 0x19, 0x00, 0x3f, 0x01,
    0x47, 0x00, 0x51, 0x01, 0x19, 0x00, 0x41, 0x01, 0x45, 0x00, 0x51, 0x01, 0x19, 0x00, 0x42, 0x01,
    0x44, 0x00, 0x51, 0x01, 0x19, 0x00, 0x43, 0x01, 0x43, 0x00, 0x50, 0x01, 0x1b, 0x00, 0x44, 0x01,
    0x41, 0x00, 0x50, 0x01, 0x1b, 0x00, 0x45, 0x01, 0x40, 0x00, 0x50, 0x01, 0x1b, 0x00, 0x46, 0x01,
    0x3f, 0x00, 0x50, 0x01, 0x1b, 0x00, 0x47, 0x01, 0x3e, 0x00, 0x50, 0x01, 0x1b, 0x00, 0x47, 0x01,
    0x3e, 0x00, 0x50, 0x01, 0x1b, 0x00, 0x48, 0x01, 0x3c, 0x00, 0x51, 0x01, 0x1b, 0x00, 0x49, 0x01,
    0x3c, 0x00, 0x50, 0x01, 0x1b, 0x00, 0x48, 0x01, 0x3d, 0x00, 0x50, 0x01, 0x1b, 0x00, 0x47, 0x01,
    0x3e, 0x00, 0x50, 0x01, 0x1b, 0x00, 0x47, 0x01, 0x3e, 0x00, 0x50, 0x01, 0x1b, 0x00, 0x46, 0x01,
    0x3f, 0x00, 0x50, 0x01, 0x1b, 0x00, 0x45, 0x01, 0x40, 0x00, 0x50, 0x01, 0x1b, 0x00, 0x44, 0x01,
    0x41, 0x00, 0x51, 0x01, 0x19, 0x00, 0x43, 0x01, 0x43, 0x00, 0x51, 0x01, 0x19, 0x00, 0x42, 0x01,
    0x44, 0x00, 0x51, 0x01, 0x19, 0x00, 0x41, 0x01, 0x45, 0x00, 0x51, 0x01, 0x19, 0x00, 0x3f, 0x01,
    0x48, 0x00, 0x51, 0x01, 0x17, 0x00, 0x3f, 0x01, 0x49, 0x00, 0x51, 0x01, 0x17, 0x00, 0x3d, 0x01,
    0x4c, 0x00, 0x50, 0x01, 0x17, 0x00, 0x3b, 0x01, 0x4f, 0x00, 0x50, 0x01, 0x15, 0x00, 0x3a, 0x01,
    0x52, 0x00, 0x4f, 0x01, 0x15, 0x00, 0x38, 0x01, 0x55, 0x00, 0x4f, 0x01, 0x13, 0x00, 0x37, 0x01,
    0x58, 0x00, 0x4f, 0x01, 0x11, 0x00, 0x35, 0x01, 0x5d, 0x00, 0x4d, 0x01, 0x11, 0x00, 0x33, 0x01,
    0x60, 0x00, 0x4d, 0x01, 0x0f, 0x00, 0x31, 0x01, 0x65, 0x00, 0x4c, 0x01, 0x0d, 0x00, 0x2f, 0x01,
    0x6a, 0x00, 0x4c, 0x01, 0x09, 0x00, 0x2e, 0x01, 0x6f, 0x00, 0x4c, 0x01, 0x05, 0x00, 0x2d, 0x01,
    0x75, 0x00, 0x77, 0x01, 0x7b, 0x00, 0x71, 0x01, 0x83, 0x00, 0x69, 0x01, 0x8a, 0x00, 0x61, 0x01,
    0x93, 0x00, 0x58, 0x01, 0x9d, 0x00, 0x4d, 0x01, 0xaa, 0x00, 0x3e, 0x01, 0xba, 0x00, 0x2d, 0x01,
    0xff, 0x00, 0xff, 0x00, 0xff, 0x00, 0xff, 0x00, 0xff, 0x00, 0xff, 0x00, 0xff, 0x00, 0xff, 0x00,
    0xff, 0x00, 0xff, 0x00, 0xff, 0x00, 0xff, 0x00, 0xff, 0x00, 0xff, 0x00, 0xff, 0x00, 0xff, 0x00,
    0xff, 0x00, 0xff, 0x00, 0xff, 0x00, 0xff, 0x00, 0xff, 0x00, 0xff, 0x00, 0xff, 0x00, 0xff, 0x00,
    0xff, 0x00, 0xff, 0x00, 0xff, 0x00, 0xff, 0x00, 0xff, 0x00, 0xff, 0x00, 0xff, 0x00, 0xff, 0x00,
    0xff, 0x00, 0xff, 0x00, 0xff, 0x00, 0xff, 0x00, 0xff, 0x00, 0xff, 0x00, 0xff, 0x00, 0xff, 0x00,
    0xff, 0x00, 0xff, 0x00, 0xff, 0x00, 0xff, 0x00, 0xff, 0x00, 0xff, 0x00, 0xff, 0x00, 0xff, 0x00,
    0xff, 0x00, 0xff, 0x00, 0xff, 0x00, 0xff, 0x00, 0xff, 0x00, 0xff, 0x00, 0xff, 0x00, 0xff, 0x00,
    0xff, 0x00, 0xff, 0x00, 0xff, 0x00, 0xff, 0x00, 0xff, 0x00, 0xff, 0x00, 0xff, 0x00, 0xff, 0x00,
    0xff, 0x00, 0xff, 0x00, 0xff, 0x00, 0xff, 0x00, 0xff, 0x00, 0xff, 0x00, 0xff, 0x00, 0xff, 0x00,
    0xff, 0x00, 0xff, 0x00, 0xff, 0x00, 0xff, 0x00, 0xff, 0x00, 0xff, 0x00, 0xff, 0x00, 0xff, 0x00,
    0xff, 0x00, 0xff, 0x00, 0xff, 0x00, 0xff, 0x00, 0x36, 0x00, 0xff, 0x00, 0xff, 0x00, 0xff, 0x00,
    0xff, 0x00, 0xff, 0x00, 0xff, 0x00, 0xff, 0x00, 0xff, 0x00, 0xff, 0x00, 0xff, 0x00, 0xff, 0x00,
    0xff, 0x00, 0xff, 0x00, 0xff, 0x00, 0xff, 0x00, 0xff, 0x00, 0xff, 0x00, 0xff, 0x00, 0x5a, 0x00,
    0x01, 0x05, 0xec, 0x00, 0x07, 0x05, 0xe8, 0x00, 0x09, 0x05, 0xe6, 0x00, 0x0b, 0x05, 0xe5, 0x00,
    0x0b, 0x05, 0xe5, 0x00, 0x0b, 0x05, 0xe4, 0x00, 0x0d, 0x05, 0xe4, 0x00, 0x0b, 0x05, 0xe5, 0x00,
    0x0b, 0x05, 0xe5, 0x00, 0x0b, 0x05, 0xe6, 0x00, 0x09, 0x05, 0xe8, 0x00, 0x07, 0x05, 0xec, 0x00,
    0x01, 0x05, 0xff, 0x00, 0xff, 0x00, 0xff, 0x00, 0xff, 0x00, 0xff, 0x00, 0xff, 0x00, 0xff, 0x00,
    0xff, 0x00, 0xff, 0x00, 0xff, 0x00, 0xff, 0x00, 0xff, 0x00, 0xff, 0x00, 0xff, 0x00, 0xff, 0x00,
    0xff, 0x00, 0xff, 0x00, 0xff, 0x00, 0xff, 0x00, 0xff, 0x00, 0xff, 0x00, 0xff, 0x00, 0xff, 0x00,
    0xff, 0x00, 0xff, 0x00, 0x5e, 0x00, 0x15, 0x01, 0xd2, 0x00, 0x27, 0x01, 0xc4, 0x00, 0x31, 0x01,
    0xba, 0x00, 0x3b, 0x01, 0xb1, 0x00, 0x43, 0x01, 0xa9, 0x00, 0x4b, 0x01, 0xa2, 0x00, 0x51, 0x01,
    0x9d, 0x00, 0x55, 0x01, 0x98, 0x00, 0x5b, 0x01, 0x92, 0x00, 0x61, 0x01, 0x8d, 0x00, 0x65, 0x01,
    0x89, 0x00, 0x69, 0x01, 0x85, 0x00, 0x6d, 0x01, 0x81, 0x00, 0x71, 0x01, 0x7d, 0x00, 0x75, 0x01,
    0x7a, 0x00, 0x77, 0x01, 0x77, 0x00, 0x7b, 0x01, 0x73, 0x00, 0x7f, 0x01, 0x70, 0x00, 0x81, 0x01,
    0x6e, 0x00, 0x83, 0x01, 0x6b, 0x00, 0x87, 0x01, 0x68, 0x00, 0x89, 0x01, 0x66, 0x00, 0x8b, 0x01,
    0x63, 0x00, 0x8f, 0x01, 0x60, 0x00, 0x91, 0x01, 0x5e, 0x00, 0x93, 0x01, 0x5c, 0x00, 0x95, 0x01,
    0x5a, 0x00, 0x97, 0x01, 0x58, 0x00, 0x99, 0x01, 0x56, 0x00, 0x9b, 0x01, 0x54, 0x00, 0x9d, 0x01,
    0x53, 0x00, 0x9d, 0x01, 0x52, 0x00, 0x9f, 0x01, 0x50, 0x00, 0xa1, 0x01, 0x4e, 0x00, 0xa3, 0x01,
    0x4c, 0x00, 0xa5, 0x01, 0x4b, 0x00, 0xa5, 0x01, 0x4a, 0x00, 0xa7, 0x01, 0x48, 0x00, 0xa9, 0x01,
    0x47, 0x00, 0xa9, 0x01, 0x46, 0x00, 0xab, 0x01, 0x45, 0x00, 0xab, 0x01, 0x44, 0x00, 0xad, 0x01,
    0x43, 0x00, 0xad, 0x01, 0x42, 0x00, 0xaf, 0x01, 0x41, 0x00, 0xaf, 0x01, 0x41, 0x00, 0xaf, 0x01,
    0x40, 0x00, 0xb1, 0x01, 0x3f, 0x00, 0xb1, 0x01, 0x3e, 0x00, 0xb3, 0x01, 0x3d, 0x00, 0x65, 0x01,
    0x01, 0x00, 0x4d, 0x01, 0x3d, 0x00, 0x61, 0x01, 0x09, 0x00, 0x49, 0x01, 0x3d, 0x00, 0x5f, 0x01,
    0x0d, 0x00, 0x47, 0x01, 0x3c, 0x00, 0x5e, 0x01, 0x11, 0x00, 0x46, 0x01, 0x3b, 0x00, 0x5d, 0x01,
    0x13, 0x00, 0x45, 0x01, 0x3b, 0x00, 0x5c, 0x01, 0x15, 0x00, 0x44, 0x01, 0x3b, 0x00, 0x5b, 0x01,
    0x17, 0x00, 0x43, 0x01, 0x3b, 0x00, 0x5b, 0x01, 0x17, 0x00, 0x43, 0x01, 0x3b, 0x00, 0x5a, 0x01,
    0x19, 0x00, 0x42, 0x01, 0x3b, 0x00, 0x59, 0x01, 0x1b, 0x00, 0x41, 0x01, 0x3b, 0x00, 0x59, 0x01,
    0x1b, 0x00, 0x41, 0x01, 0x3b, 0x00, 0x58, 0x01, 0x1d, 0x00, 0x40, 0x01, 0x3a, 0x00, 0x59, 0x01,
    0x1d, 0x00, 0x41, 0x01, 0x3a, 0x00, 0x57, 0x01, 0x1f, 0x00, 0x3f, 0x01, 0x3b, 0x00, 0x57, 0x01,
    0x1f, 0x00, 0x3f, 0x01, 0x3b, 0x00, 0x56, 0x01, 0x21, 0x00, 0x3e, 0x01, 0x3b, 0x00, 0x56, 0x01,
    0x21, 0x00, 0x3e, 0x01, 0x3b, 0x00, 0x56, 0x01, 0x0a, 0x00, 0x01, 0x03, 0x16, 0x00, 0x3e, 0x01,
    0x3b, 0x00, 0x55, 0x01, 0x09, 0x00, 0x05, 0x03, 0x15, 0x00, 0x3d, 0x01, 0x3b, 0x00, 0x55, 0x01,
    0x08, 0x00, 0x07, 0x03, 0x14, 0x00, 0x3d, 0x01, 0x3b, 0x00, 0x55, 0x01, 0x08, 0x00, 0x07, 0x03,
    0x14, 0x00, 0x3d, 0x01, 0x3b, 0x00, 0x55, 0x01, 0x08, 0x00, 0x07, 0x03, 0x14, 0x00, 0x3d, 0x01,
    0x3c, 0x00, 0x53, 0x01, 0x09, 0x00, 0x07, 0x03, 0x15, 0x00, 0x3b, 0x01, 0x3d, 0x00, 0x53, 0x01,
    0x09, 0x00, 0x07, 0x03, 0x15, 0x00, 0x3b, 0x01, 0x3d, 0x00, 0x53, 0x01, 0x0a, 0x00, 0x05, 0x03,
    0x16, 0x00, 0x3b, 0x01, 0x3d, 0x00, 0x53, 0x01, 0x0c, 0x00, 0x01, 0x03, 0x18, 0x00, 0x3b, 0x01,
    0x3e, 0x00, 0x52, 0x01, 0x25, 0x00, 0x3a, 0x01, 0x3f, 0x00, 0x52, 0x01, 0x25, 0x00, 0x3a, 0x01,
    0x40, 0x00, 0x51, 0x01, 0x25, 0x00, 0x39, 0x01, 0x41, 0x00, 0x51, 0x01, 0x25, 0x00, 0x39, 0x01,
    0x41, 0x00, 0x51, 0x01, 0x25, 0x00, 0x39, 0x01, 0x42, 0x00, 0x50, 0x01, 0x25, 0x00, 0x38, 0x01,
    0x43, 0x00, 0x50, 0x01, 0x25, 0x00, 0x38, 0x01, 0x44, 0x00, 0x4f, 0x01, 0x25, 0x00, 0x37, 0x01,
    0x45, 0x00, 0x4f, 0x01, 0x25, 0x00, 0x37, 0x01, 0x46, 0x00, 0x4e, 0x01, 0x25, 0x00, 0x36, 0x01,
    0x47, 0x00, 0x4e, 0x01, 0x25, 0x00, 0x36, 0x01, 0x48, 0x00, 0x4d, 0x01, 0x25, 0x00, 0x35, 0x01,
    0x4a, 0x00, 0x4c, 0x01, 0x25, 0x00, 0x34, 0x01, 0x4b, 0x00, 0x4c, 0x01, 0x25, 0x00, 0x34, 0x01,
    0x4c, 0x00, 0x4b, 0x01, 0x25, 0x00, 0x33, 0x01, 0x4e, 0x00, 0x4b, 0x01, 0x23, 0x00, 0x33, 0x01,
    0x50, 0x00, 0x4a, 0x01, 0x23, 0x00, 0x32, 0x01, 0x52, 0x00, 0x49, 0x01, 0x23, 0x00, 0x31, 0x01,
    0x53, 0x00, 0x49, 0x01, 0x23, 0x00, 0x31, 0x01, 0x54, 0x00, 0x49, 0x01, 0x21, 0x00, 0x31, 0x01,
    0x56, 0x00, 0x48, 0x01, 0x21, 0x00, 0x30, 0x01, 0x58, 0x00, 0x47, 0x01, 0x21, 0x00, 0x2f, 0x01,
    0x5a, 0x00, 0x47, 0x01, 0x1f, 0x00, 0x2f, 0x01, 0x5c, 0x00, 0x46, 0x01, 0x1f, 0x00, 0x2e, 0x01,
    0x5e, 0x00, 0x45, 0x01, 0x1f, 0x00, 0x2d, 0x01, 0x60, 0x00, 0x45, 0x01, 0x1d, 0x00, 0x2d, 0x01,
    0x63, 0x00, 0x43, 0x01, 0x1d, 0x00, 0x2b, 0x01, 0x66, 0x00, 0x43, 0x01, 0x1b, 0x00, 0x2b, 0x01,
    0x68, 0x00, 0x43, 0x01, 0x19, 0x00, 0x2b, 0x01, 0x6b, 0x00, 0x41, 0x01, 0x19, 0x00, 0x29, 0x01,
    0x6e, 0x00, 0x41, 0x01, 0x17, 0x00, 0x29, 0x01, 0x70, 0x00, 0x41, 0x01, 0x15, 0x00, 0x29, 0x01,
    0x73, 0x00, 0x40, 0x01, 0x13, 0x00, 0x28, 0x01, 0x77, 0x00, 0x3f, 0x01, 0x11, 0x00, 0x27, 0x01,
    0x7a, 0x00, 0x40, 0x01, 0x0d, 0x00, 0x28, 0x01, 0x7d, 0x00, 0x40, 0x01, 0x09, 0x00, 0x28, 0x01,
    0x81, 0x00, 0x41, 0x01, 0x03, 0x00, 0x29, 0x01, 0x85, 0x00, 0x69, 0x01, 0x89, 0x00, 0x65, 0x01,
    0x8d, 0x00, 0x61, 0x01, 0x92, 0x00, 0x5b, 0x01, 0x98, 0x00, 0x55, 0x01, 0x9d, 0x00, 0x51, 0x01,
    0xa2, 0x00, 0x4b, 0x01, 0xa9, 0x00, 0x43, 0x01, 0xb1, 0x00, 0x3b, 0x01, 0xba, 0x00, 0x31, 0x01,
    0xc4, 0x00, 0x27, 0x01, 0xd2, 0x00, 0x15, 0x01, 0xff, 0x00, 0xff, 0x00, 0xff, 0x00, 0xff, 0x00,
    0xff, 0x00, 0xff, 0x00, 0xff, 0x00, 0xff, 0x00, 0xff, 0x00, 0xff, 0x00, 0xff, 0x00, 0xff, 0x00,
    0xff, 0x00, 0xff, 0x00, 0xff, 0x00, 0xff, 0x00, 0xff, 0x00, 0xff, 0x00, 0xff, 0x00, 0xff, 0x00,
    0xff, 0x00, 0xff, 0x00, 0xff, 0x00, 0xff, 0x00, 0xff, 0x00, 0xff, 0x00, 0xff, 0x00, 0xff, 0x00,
    0xff, 0x00, 0xff, 0x00, 0xff, 0x00, 0xff, 0x00, 0xff, 0x00, 0xff, 0x00, 0xff, 0x00, 0xff, 0x00,
    0xff, 0x00, 0xff, 0x00, 0xff, 0x00, 0xff, 0x00, 0xff, 0x00, 0xff, 0x00, 0xff, 0x00, 0xff, 0x00,
    0xff, 0x00, 0xff, 0x00, 0xff, 0x00, 0xff, 0x00, 0xff, 0x00, 0xff, 0x00, 0xff, 0x00, 0xff, 0x00,
    0xff, 0x00, 0xff, 0x00, 0x13, 0x00, 0xff, 0x00, 0xff, 0x00, 0xff, 0x00, 0xff, 0x00, 0xff, 0x00,
    0xff, 0x00, 0xff, 0x00, 0xff, 0x00, 0xff, 0x00, 0xff, 0x00, 0xff, 0x00, 0xff, 0x00, 0xff, 0x00,
    0xff, 0x00, 0xff, 0x00, 0xff, 0x00, 0x78, 0x00, 0x01, 0x05, 0xec, 0x00, 0x07, 0x05, 0xe7, 0x00,
    0x0b, 0x05, 0xe4, 0x00, 0x0d, 0x05, 0xe3, 0x00, 0x0d, 0x05, 0xe2, 0x00, 0x0f, 0x05, 0xe1, 0x00,
    0x0f, 0x05, 0xe1, 0x00, 0x0f, 0x05, 0xe0, 0x00, 0x11, 0x05, 0xe0, 0x00, 0x0f, 0x05, 0xe1, 0x00,
    0x0f, 0x05, 0xe1, 0x00, 0x0f, 0x05, 0xe2, 0x00, 0x0d, 0x05, 0xe3, 0x00, 0x0d, 0x05, 0xe4, 0x00,
    0x0b, 0x05, 0xe7, 0x00, 0x07, 0x05, 0xec, 0x00, 0x01, 0x05, 0xff, 0x00, 0xff, 0x00, 0xff, 0x00,
    0xff, 0x00, 0xff, 0x00, 0xff, 0x00, 0xff, 0x00, 0xff, 0x00, 0xff, 0x00, 0xff, 0x00, 0xff, 0x00,
    0xff, 0x00, 0xff, 0x00, 0xff, 0x00, 0xff, 0x00, 0xff, 0x00, 0xff, 0x00, 0xff, 0x00, 0xff, 0x00,
    0xff, 0x00, 0xff, 0x00, 0xff, 0x00, 0xff, 0x00, 0x7c, 0x00, 0x15, 0x01, 0xd2, 0x00, 0x27, 0x01,
    0xc4, 0x00, 0x31, 0x01, 0xba, 0x00, 0x3b, 0x01, 0xb1, 0x00, 0x43, 0x01, 0xa9, 0x00, 0x4b, 0x01,
    0xa2, 0x00, 0x51, 0x01, 0x9d, 0x00, 0x55, 0x01, 0x98, 0x00, 0x5b, 0x01, 0x92, 0x00, 0x61, 0x01,
    0x8d, 0x00, 0x65, 0x01, 0x89, 0x00, 0x69, 0x01, 0x85, 0x00, 0x6d, 0x01, 0x81, 0x00, 0x71, 0x01,
    0x7d, 0x00, 0x75, 0x01, 0x7a, 0x00, 0x77, 0x01, 0x77, 0x00, 0x7b, 0x01, 0x73, 0x00, 0x7f, 0x01,
    0x70, 0x00, 0x81, 0x01, 0x6e, 0x00, 0x83, 0x01, 0x6b, 0x00, 0x87, 0x01, 0x68, 0x00, 0x89, 0x01,
    0x66, 0x00, 0x8b, 0x01, 0x63, 0x00, 0x8f, 0x01, 0x60, 0x00, 0x91, 0x01, 0x5e, 0x00, 0x93, 0x01,
    0x5c, 0x00, 0x95, 0x01, 0x5a, 0x00, 0x97, 0x01, 0x58, 0x00, 0x99, 0x01, 0x56, 0x00, 0x9b, 0x01,
    0x54, 0x00, 0x9d, 0x01, 0x53, 0x00, 0x9d, 0x01, 0x52, 0x00, 0x9f, 0x01, 0x50, 0x00, 0xa1, 0x01,
    0x4e, 0x00, 0xa3, 0x01, 0x4c, 0x00, 0xa5, 0x01, 0x4b, 0x00, 0xa5, 0x01, 0x4a, 0x00, 0xa7, 0x01,
    0x48, 0x00, 0xa9, 0x01, 0x47, 0x00, 0xa9, 0x01, 0x46, 0x00, 0xab, 0x01, 0x45, 0x00, 0xab, 0x01,
    0x44, 0x00, 0xad, 0x01, 0x43, 0x00, 0xad, 0x01, 0x42, 0x00, 0xaf, 0x01, 0x41, 0x00, 0xaf, 0x01,
    0x41, 0x00, 0xaf, 0x01, 0x40, 0x00, 0xb1, 0x01, 0x3f, 0x00, 0xb1, 0x01, 0x3e, 0x00, 0xb3, 0x01,
    0x3d, 0x00, 0x4d, 0x01, 0x01, 0x00, 0x65, 0x01, 0x3d, 0x00, 0x49, 0x01, 0x09, 0x00, 0x61, 0x01,
    0x3d, 0x00, 0x47, 0x01, 0x0d, 0x00, 0x5f, 0x01, 0x3c, 0x00, 0x46, 0x01, 0x11, 0x00, 0x5e, 0x01,
    0x3b, 0x00, 0x45, 0x01, 0x13, 0x00, 0x5d, 0x01, 0x3b, 0x00, 0x44, 0x01, 0x15, 0x00, 0x5c, 0x01,
    0x3b, 0x00, 0x43, 0x01, 0x17, 0x00, 0x5b, 0x01, 0x3b, 0x00, 0x43, 0x01, 0x17, 0x00, 0x5b, 0x01,
    0x3b, 0x00, 0x42, 0x01, 0x19, 0x00, 0x5a, 0x01, 0x3b, 0x00, 0x41, 0x01, 0x1b, 0x00, 0x59, 0x01,
    0x3b, 0x00, 0x41, 0x01, 0x1b, 0x00, 0x59, 0x01, 0x3b, 0x00, 0x40, 0x01, 0x1d, 0x00, 0x58, 0x01,
    0x3a, 0x00, 0x41, 0x01, 0x1d, 0x00, 0x59, 0x01, 0x3a, 0x00, 0x3f, 0x01, 0x1f, 0x00, 0x57, 0x01,
    0x3b, 0x00, 0x3f, 0x01, 0x1f, 0x00, 0x57, 0x01, 0x3b, 0x00, 0x3e, 0x01, 0x21, 0x00, 0x56, 0x01,
    0x3b, 0x00, 0x3e, 0x01, 0x21, 0x00, 0x56, 0x01, 0x3b, 0x00, 0x3e, 0x01, 0x0a, 0x00, 0x01, 0x03,
    0x16, 0x00, 0x56, 0x01, 0x3b, 0x00, 0x3d, 0x01, 0x09, 0x00, 0x05, 0x03, 0x15, 0x00, 0x55, 0x01,
    0x3b, 0x00, 0x3d, 0x01, 0x08, 0x00, 0x07, 0x03, 0x14, 0x00, 0x55, 0x01, 0x3b, 0x00, 0x3d, 0x01,
    0x08, 0x00, 0x07, 0x03, 0x14, 0x00, 0x55, 0x01, 0x3b, 0x00, 0x3d, 0x01, 0x08, 0x00, 0x07, 0x03,
    0x14, 0x00, 0x55, 0x01, 0x3c, 0x00, 0x3b, 0x01, 0x09, 0x00, 0x07, 0x03, 0x15, 0x00, 0x53, 0x01,
    0x3d, 0x00, 0x3b, 0x01, 0x09, 0x00, 0x07, 0x03, 0x15, 0x00, 0x53, 0x01, 0x3d, 0x00, 0x3b, 0x01,
    0x0a, 0x00, 0x05, 0x03, 0x16, 0x00, 0x53, 0x01, 0x3d, 0x00, 0x3b, 0x01, 0x0c, 0x00, 0x01, 0x03,
    0x18, 0x00, 0x53, 0x01, 0x3e, 0x00, 0x3a, 0x01, 0x25, 0x00, 0x52, 0x01, 0x3f, 0x00, 0x3a, 0x01,
    0x25, 0x00, 0x52, 0x01, 0x40, 0x00, 0x39, 0x01, 0x25, 0x00, 0x51, 0x01, 0x41, 0x00, 0x39, 0x01,
    0x25, 0x00, 0x51, 0x01, 0x41, 0x00, 0x39, 0x01, 0x25, 0x00, 0x51, 0x01, 0x42, 0x00, 0x38, 0x01,
    0x25, 0x00, 0x50, 0x01, 0x43, 0x00, 0x38, 0x01, 0x25, 0x00, 0x50, 0x01, 0x44, 0x00, 0x37, 0x01,
    0x25, 0x00, 0x4f, 0x01, 0x45, 0x00, 0x37, 0x01, 0x25, 0x00, 0x4f, 0x01, 0x46, 0x00, 0x36, 0x01,
    0x25, 0x00, 0x4e, 0x01, 0x47, 0x00, 0x36, 0x01, 0x25, 0x00, 0x4e, 0x01, 0x48, 0x00, 0x35, 0x01,
    0x25, 0x00, 0x4d, 0x01, 0x4a, 0x00, 0x34, 0x01, 0x25, 0x00, 0x4c, 0x01, 0x4b, 0x00, 0x34, 0x01,
    0x25, 0x00, 0x4c, 0x01, 0x4c, 0x00, 0x33, 0x01, 0x25, 0x00, 0x4b, 0x01, 0x4e, 0x00, 0x33, 0x01,
    0x23, 0x00, 0x4b, 0x01, 0x50, 0x00, 0x32, 0x01, 0x23, 0x00, 0x4a, 0x01, 0x52, 0x00, 0x31, 0x01,
    0x23, 0x00, 0x49, 0x01, 0x53, 0x00, 0x31, 0x01, 0x23, 0x00, 0x49, 0x01, 0x54, 0x00, 0x31, 0x01,
    0x21, 0x00, 0x49, 0x01, 0x56, 0x00, 0x30, 0x01, 0x21, 0x00, 0x48, 0x01, 0x58, 0x00, 0x2f, 0x01,
    0x21, 0x00, 0x47, 0x01, 0x5a, 0x00, 0x2f, 0x01, 0x1f, 0x00, 0x47, 0x01, 0x5c, 0x00, 0x2e, 0x01,
    0x1f, 0x00, 0x46, 0x01, 0x5e, 0x00, 0x2d, 0x01, 0x1f, 0x00, 0x45, 0x01, 0x60, 0x00, 0x2d, 0x01,
    0x1d, 0x00, 0x45, 0x01, 0x63, 0x00, 0x2b, 0x01, 0x1d, 0x00, 0x43, 0x01, 0x66, 0x00, 0x2b, 0x01,
    0x1b, 0x00, 0x43, 0x01, 0x68, 0x00, 0x2b, 0x01, 0x19, 0x00, 0x43, 0x01, 0x6b, 0x00, 0x29, 0x01,
    0x19, 0x00, 0x41, 0x01, 0x6e, 0x00, 0x29, 0x01, 0x17, 0x00, 0x41, 0x01, 0x70, 0x00, 0x29, 0x01,
    0x15, 0x00, 0x41, 0x01, 0x73, 0x00, 0x28, 0x01, 0x13, 0x00, 0x40, 0x01, 0x77, 0x00, 0x27, 0x01,
    0x11, 0x00, 0x3f, 0x01, 0x7a, 0x00, 0x28, 0x01, 0x0d, 0x00, 0x40, 0x01, 0x7d, 0x00, 0x28, 0x01,
    0x09, 0x00, 0x40, 0x01, 0x81, 0x00, 0x29, 0x01, 0x03, 0x00, 0x41, 0x01, 0x85, 0x00, 0x69, 0x01,
    0x89, 0x00, 0x65, 0x01, 0x8d, 0x00, 0x61, 0x01, 0x92, 0x00, 0x5b, 0x01, 0x98, 0x00, 0x55, 0x01,
    0x9d, 0x00, 0x51, 0x01, 0xa2, 0x00, 0x4b, 0x01, 0xa9, 0x00, 0x43, 0x01, 0xb1, 0x00, 0x3b, 0x01,
    0xba, 0x00, 0x31, 0x01, 0xc4, 0x00, 0x27, 0x01, 0xd2, 0x00, 0x15, 0x01, 0xff, 0x00, 0xff, 0x00,
    0xff, 0x00, 0xff, 0x00, 0xff, 0x00, 0xff, 0x00, 0xff, 0x00, 0xff, 0x00, 0xff, 0x00, 0xff, 0x00,
    0xff, 0x00, 0xff, 0x00, 0xff, 0x00, 0xff, 0x00, 0xff, 0x00, 0xff, 0x00, 0xff, 0x00, 0xff, 0x00,
    0xff, 0x00, 0xff, 0x00, 0xff, 0x00, 0xff, 0x00, 0xff, 0x00, 0xff, 0x00, 0xff, 0x00, 0xff, 0x00,
    0xff, 0x00, 0xff, 0x00, 0xff, 0x00, 0xff, 0x00, 0xff, 0x00, 0xff, 0x00, 0xff, 0x00, 0xff, 0x00,
    0xff, 0x00, 0xff, 0x00, 0xff, 0x00, 0xff, 0x00, 0xff, 0x00, 0xff, 0x00, 0xff, 0x00, 0xff, 0x00,
    0xff, 0x00, 0xff, 0x00, 0xff, 0x00, 0xff, 0x00, 0xff, 0x00, 0xff, 0x00, 0xff, 0x00, 0xff, 0x00,
    0xff, 0x00, 0xff, 0x00, 0xff, 0x00, 0xff, 0x00, 0x13, 0x00, 0xff, 0x00, 0xff, 0x00, 0xff, 0x00,
    0xff, 0x00, 0xff, 0x00, 0xff, 0x00, 0xff, 0x00, 0xff, 0x00, 0xff, 0x00, 0xff, 0x00, 0xff, 0x00,
    0xff, 0x00, 0xff, 0x00, 0xff, 0x00, 0xff, 0x00, 0xff, 0x00, 0xff, 0x00, 0xff, 0x00, 0xff, 0x00,
    0xff, 0x00, 0x3c, 0x00, 0x01, 0x05, 0xed, 0x00, 0x05, 0x05, 0xea, 0x00, 0x07, 0x05, 0xe9, 0x00,
    0x07, 0x05, 0xe8, 0x00, 0x09, 0x05, 0xe8, 0x00, 0x07, 0x05, 0xe9, 0x00, 0x07, 0x05, 0xea, 0x00,
    0x05, 0x05, 0xed, 0x00, 0x01, 0x05, 0xff, 0x00, 0xff, 0x00, 0xff, 0x00, 0xff, 0x00, 0xff, 0x00,
    0xff, 0x00, 0xff, 0x00, 0xff, 0x00, 0xff, 0x00, 0xff, 0x00, 0xff, 0x00, 0xff, 0x00, 0xff, 0x00,
    0xff, 0x00, 0xff, 0x00, 0xff, 0x00, 0xff, 0x00, 0xff, 0x00, 0xff, 0x00, 0xff, 0x00, 0xff, 0x00,
    0xff, 0x00, 0xff, 0x00, 0xff, 0x00, 0xff, 0x00, 0xff, 0x00, 0xff, 0x00, 0x40, 0x00, 0x15, 0x01,
    0xd2, 0x00, 0x27, 0x01, 0xc4, 0x00, 0x31, 0x01, 0xba, 0x00, 0x3b, 0x01, 0xb1, 0x00, 0x43, 0x01,
    0xa9, 0x00, 0x4b, 0x01, 0xa2, 0x00, 0x51, 0x01, 0x9d, 0x00, 0x55, 0x01, 0x98, 0x00, 0x5b, 0x01,
    0x92, 0x00, 0x61, 0x01, 0x8d, 0x00, 0x65, 0x01, 0x89, 0x00, 0x69, 0x01, 0x85, 0x00, 0x6d, 0x01,
    0x81, 0x00, 0x71, 0x01, 0x7d, 0x00, 0x75, 0x01, 0x7a, 0x00, 0x77, 0x01, 0x77, 0x00, 0x7b, 0x01,
    0x73, 0x00, 0x7f, 0x01, 0x70, 0x00, 0x81, 0x01, 0x6e, 0x00, 0x83, 0x01, 0x6b, 0x00, 0x87, 0x01,
    0x68, 0x00, 0x89, 0x01, 0x66, 0x00, 0x8b, 0x01, 0x63, 0x00, 0x8f, 0x01, 0x60, 0x00, 0x91, 0x01,
    0x5e, 0x00, 0x93, 0x01, 0x5c, 0x00, 0x95, 0x01, 0x5a, 0x00, 0x97, 0x01, 0x58, 0x00, 0x99, 0x01,
    0x56, 0x00, 0x9b, 0x01, 0x54, 0x00, 0x9d, 0x01, 0x53, 0x00, 0x36, 0x01, 0x01, 0x00, 0x66, 0x01,
    0x52, 0x00, 0x33, 0x01, 0x09, 0x00, 0x63, 0x01, 0x50, 0x00, 0x32, 0x01, 0x0d, 0x00, 0x62, 0x01,
    0x4e, 0x00, 0x31, 0x01, 0x11, 0x00, 0x61, 0x01, 0x4c, 0x00, 0x31, 0x01, 0x13, 0x00, 0x61, 0x01,
    0x4b, 0x00, 0x30, 0x01, 0x15, 0x00, 0x60, 0x01, 0x4a, 0x00, 0x30, 0x01, 0x17, 0x00, 0x60, 0x01,
    0x48, 0x00, 0x30, 0x01, 0x19, 0x00, 0x60, 0x01, 0x47, 0x00, 0x30, 0x01, 0x19, 0x00, 0x60, 0x01,
    0x46, 0x00, 0x30, 0x01, 0x1b, 0x00, 0x60, 0x01, 0x45, 0x00, 0x30, 0x01, 0x1b, 0x00, 0x60, 0x01,
    0x44, 0x00, 0x30, 0x01, 0x1d, 0x00, 0x60, 0x01, 0x43, 0x00, 0x2f, 0x01, 0x1f, 0x00, 0x5f, 0x01,
    0x42, 0x00, 0x30, 0x01, 0x1f, 0x00, 0x60, 0x01, 0x41, 0x00, 0x30, 0x01, 0x1f, 0x00, 0x60, 0x01,
    0x41, 0x00, 0x2f, 0x01, 0x21, 0x00, 0x5f, 0x01, 0x40, 0x00, 0x30, 0x01, 0x21, 0x00, 0x60, 0x01,
    0x3f, 0x00, 0x30, 0x01, 0x0a, 0x00, 0x01, 0x03, 0x16, 0x00, 0x60, 0x01, 0x3e, 0x00, 0x30, 0x01,
    0x09, 0x00, 0x05, 0x03, 0x15, 0x00, 0x60, 0x01, 0x3d, 0x00, 0x30, 0x01, 0x08, 0x00, 0x07, 0x03,
    0x14, 0x00, 0x60, 0x01, 0x3d, 0x00, 0x30, 0x01, 0x08, 0x00, 0x07, 0x03, 0x14, 0x00, 0x60, 0x01,
    0x3d, 0x00, 0x30, 0x01, 0x07, 0x00, 0x09, 0x03, 0x13, 0x00, 0x60, 0x01, 0x3c, 0x00, 0x30, 0x01,
    0x09, 0x00, 0x07, 0x03, 0x15, 0x00, 0x60, 0x01, 0x3b, 0x00, 0x30, 0x01, 0x09, 0x00, 0x07, 0x03,
    0x15, 0x00, 0x60, 0x01, 0x3b, 0x00, 0x30, 0x01, 0x0a, 0x00, 0x05, 0x03, 0x16, 0x00, 0x60, 0x01,
    0x3b, 0x00, 0x30, 0x01, 0x0c, 0x00, 0x01, 0x03, 0x18, 0x00, 0x60, 0x01, 0x3b, 0x00, 0x30, 0x01,
    0x25, 0x00, 0x60, 0x01, 0x3b, 0x00, 0x30, 0x01, 0x25, 0x00, 0x60, 0x01, 0x3b, 0x00, 0x30, 0x01,
    0x25, 0x00, 0x60, 0x01, 0x3b, 0x00, 0x30, 0x01, 0x25, 0x00, 0x60, 0x01, 0x3b, 0x00, 0x30, 0x01,
    0x25, 0x00, 0x60, 0x01, 0x3a, 0x00, 0x30, 0x01, 0x27, 0x00, 0x60, 0x01, 0x3a, 0x00, 0x30, 0x01,
    0x25, 0x00, 0x60, 0x01, 0x3b, 0x00, 0x30, 0x01, 0x25, 0x00, 0x60, 0x01, 0x3b, 0x00, 0x30, 0x01,
    0x25, 0x00, 0x60, 0x01, 0x3b, 0x00, 0x30, 0x01, 0x25, 0x00, 0x60, 0x01, 0x3b, 0x00, 0x30, 0x01,
    0x25, 0x00, 0x60, 0x01, 0x3b, 0x00, 0x30, 0x01, 0x25, 0x00, 0x60, 0x01, 0x3b, 0x00, 0x30, 0x01,
    0x25, 0x00, 0x60, 0x01, 0x3b, 0x00, 0x30, 0x01, 0x25, 0x00, 0x60, 0x01, 0x3b, 0x00, 0x30, 0x01,
    0x25, 0x00, 0x60, 0x01, 0x3c, 0x00, 0x30, 0x01, 0x23, 0x00, 0x60, 0x01, 0x3d, 0x00, 0x30, 0x01,
    0x23, 0x00, 0x60, 0x01, 0x3d, 0x00, 0x30, 0x01, 0x23, 0x00, 0x60, 0x01, 0x3d, 0x00, 0x30, 0x01,
    0x23, 0x00, 0x60, 0x01, 0x3e, 0x00, 0x30, 0x01, 0x21, 0x00, 0x60, 0x01, 0x3f, 0x00, 0x30, 0x01,
    0x21, 0x00, 0x60, 0x01, 0x40, 0x00, 0x2f, 0x01, 0x21, 0x00, 0x5f, 0x01, 0x41, 0x00, 0x30, 0x01,
    0x1f, 0x00, 0x60, 0x01, 0x41, 0x00, 0x30, 0x01, 0x1f, 0x00, 0x60, 0x01, 0x42, 0x00, 0x2f, 0x01,
    0x1f, 0x00, 0x5f, 0x01, 0x43, 0x00, 0x30, 0x01, 0x1d, 0x00, 0x60, 0x01, 0x44, 0x00, 0x30, 0x01,
    0x1b, 0x00, 0x60, 0x01, 0x45, 0x00, 0x30, 0x01, 0x1b, 0x00, 0x60, 0x01, 0x46, 0x00, 0x30, 0x01,
    0x19, 0x00, 0x60, 0x01, 0x47, 0x00, 0x30, 0x01, 0x19, 0x00, 0x60, 0x01, 0x48, 0x00, 0x30, 0x01,
    0x17, 0x00, 0x60, 0x01, 0x4a, 0x00, 0x30, 0x01, 0x15, 0x00, 0x60, 0x01, 0x4b, 0x00, 0x31, 0x01,
    0x13, 0x00, 0x61, 0x01, 0x4c, 0x00, 0x31, 0x01, 0x11, 0x00, 0x61, 0x01, 0x4e, 0x00, 0x32, 0x01,
    0x0d, 0x00, 0x62, 0x01, 0x50, 0x00, 0x33, 0x01, 0x09, 0x00, 0x63, 0x01, 0x52, 0x00, 0x36, 0x01,
    0x01, 0x00, 0x66, 0x01, 0x53, 0x00, 0x9d, 0x01, 0x54, 0x00, 0x9b, 0x01, 0x56, 0x00, 0x99, 0x01,
    0x58, 0x00, 0x97, 0x01, 0x5a, 0x00, 0x95, 0x01, 0x5c, 0x00, 0x93, 0x01, 0x5e, 0x00, 0x91, 0x01,
    0x60, 0x00, 0x8f, 0x01, 0x63, 0x00, 0x8b, 0x01, 0x66, 0x00, 0x89, 0x01, 0x68, 0x00, 0x87, 0x01,
    0x6b, 0x00, 0x83, 0x01, 0x6e, 0x00, 0x81, 0x01, 0x70, 0x00, 0x7f, 0x01, 0x73, 0x00, 0x7b, 0x01,
    0x77, 0x00, 0x77, 0x01, 0x7a, 0x00, 0x75, 0x01, 0x7d, 0x00, 0x71, 0x01, 0x81, 0x00, 0x6d, 0x01,
    0x85, 0x00, 0x69, 0x01, 0x89, 0x00, 0x65, 0x01, 0x8d, 0x00, 0x61, 0x01, 0x92, 0x00, 0x5b, 0x01,
    0x98, 0x00, 0x55, 0x01, 0x9d, 0x00, 0x51, 0x01, 0xa2, 0x00, 0x4b, 0x01, 0xa9, 0x00, 0x43, 0x01,
    0xb1, 0x00, 0x3b, 0x01, 0xba, 0x00, 0x31, 0x01, 0xc4, 0x00, 0x27, 0x01, 0xd2, 0x00, 0x15, 0x01,
    0xff, 0x00, 0xff, 0x00, 0xff, 0x00, 0xff, 0x00, 0xff, 0x00, 0xff, 0x00, 0xff, 0x00, 0xff, 0x00,
    0xff, 0x00, 0xff, 0x00, 0xff, 0x00, 0xff, 0x00, 0xff, 0x00, 0xff, 0x00, 0xff, 0x00, 0xff, 0x00,
    0xff, 0x00, 0xff, 0x00, 0xff, 0x00, 0xff, 0x00, 0xff, 0x00, 0xff, 0x00, 0xff, 0x00, 0xff, 0x00,
    0xff, 0x00, 0xff, 0x00, 0xff, 0x00, 0xff, 0x00, 0xff, 0x00, 0xff, 0x00, 0xff, 0x00, 0xff, 0x00,
    0xff, 0x00, 0xff, 0x00, 0xff, 0x00, 0xff, 0x00, 0xff, 0x00, 0xff, 0x00, 0xff, 0x00, 0xff, 0x00,
    0xff, 0x00, 0xff, 0x00, 0xff, 0x00, 0xff, 0x00, 0xff, 0x00, 0xff, 0x00, 0xff, 0x00, 0xff, 0x00,
    0xff, 0x00, 0xff, 0x00, 0xff, 0x00, 0xff, 0x00, 0xff, 0x00, 0xff, 0x00, 0x13, 0x00, 0xff, 0x00,
    0xff, 0x00, 0xff, 0x00, 0xff, 0x00, 0xff, 0x00, 0xff, 0x00, 0xff, 0x00, 0xff, 0x00, 0xff, 0x00,
    0xff, 0x00, 0xff, 0x00, 0xff, 0x00, 0xff, 0x00, 0xff, 0x00, 0xff, 0x00, 0xff, 0x00, 0xff, 0x00,
    0xff, 0x00, 0x5a, 0x00, 0x01, 0x05, 0xec, 0x00, 0x07, 0x05, 0xe8, 0x00, 0x09, 0x05, 0xe6, 0x00,
    0x0b, 0x05, 0xe5, 0x00, 0x0b, 0x05, 0xe5, 0x00, 0x0b, 0x05, 0xe4, 0x00, 0x0d, 0x05, 0xe4, 0x00,
    0x0b, 0x05, 0xe5, 0x00, 0x0b, 0x05, 0xe5, 0x00, 0x0b, 0x05, 0xe6, 0x00, 0x09, 0x05, 0xe8, 0x00,
    0x07, 0x05, 0xec, 0x00, 0x01, 0x05, 0xff, 0x00, 0xff, 0x00, 0xff, 0x00, 0xff, 0x00, 0xff, 0x00,
    0xff, 0x00, 0xff, 0x00, 0xff, 0x00, 0xff, 0x00, 0xff, 0x00, 0xff, 0x00, 0xff, 0x00, 0xff, 0x00,
    0xff, 0x00, 0xff, 0x00, 0xff, 0x00, 0xff, 0x00, 0xff, 0x00, 0xff, 0x00, 0xff, 0x00, 0xff, 0x00,
    0xff, 0x00, 0xff, 0x00, 0xff, 0x00, 0xff, 0x00, 0x5e, 0x00, 0x15, 0x01, 0xd2, 0x00, 0x27, 0x01,
    0xc4, 0x00, 0x31, 0x01, 0xba, 0x00, 0x3b, 0x01, 0xb1, 0x00, 0x43, 0x01, 0xa9, 0x00, 0x4b, 0x01,
    0xa2, 0x00, 0x51, 0x01, 0x9d, 0x00, 0x55, 0x01, 0x98, 0x00, 0x5b, 0x01, 0x92, 0x00, 0x61, 0x01,
    0x8d, 0x00, 0x65, 0x01, 0x89, 0x00, 0x69, 0x01, 0x85, 0x00, 0x29, 0x01, 0x03, 0x00, 0x41, 0x01,
    0x81, 0x00, 0x28, 0x01, 0x09, 0x00, 0x40, 0x01, 0x7d, 0x00, 0x28, 0x01, 0x0d, 0x00, 0x40, 0x01,
    0x7a, 0x00, 0x27, 0x01, 0x11, 0x00, 0x3f, 0x01, 0x77, 0x00, 0x28, 0x01, 0x13, 0x00, 0x40, 0x01,
    0x73, 0x00, 0x29, 0x01, 0x15, 0x00, 0x41, 0x01, 0x70, 0x00, 0x29, 0x01, 0x17, 0x00, 0x41, 0x01,
    0x6e, 0x00, 0x29, 0x01, 0x19, 0x00, 0x41, 0x01, 0x6b, 0x00, 0x2b, 0x01, 0x19, 0x00, 0x43, 0x01,
    0x68, 0x00, 0x2b, 0x01, 0x1b, 0x00, 0x43, 0x01, 0x66, 0x00, 0x2b, 0x01, 0x1d, 0x00, 0x43, 0x01,
    0x63, 0x00, 0x2d, 0x01, 0x1d, 0x00, 0x45, 0x01, 0x60, 0x00, 0x2d, 0x01, 0x1f, 0x00, 0x45, 0x01,
    0x5e, 0x00, 0x2e, 0x01, 0x1f, 0x00, 0x46, 0x01, 0x5c, 0x00, 0x2f, 0x01, 0x1f, 0x00, 0x47, 0x01,
    0x5a, 0x00, 0x2f, 0x01, 0x21, 0x00, 0x47, 0x01, 0x58, 0x00, 0x30, 0x01, 0x21, 0x00, 0x48, 0x01,
    0x56, 0x00, 0x31, 0x01, 0x0a, 0x00, 0x01, 0x03, 0x16, 0x00, 0x49, 0x01, 0x54, 0x00, 0x31, 0x01,
    0x09, 0x00, 0x05, 0x03, 0x15, 0x00, 0x49, 0x01, 0x53, 0x00, 0x31, 0x01, 0x08, 0x00, 0x07, 0x03,
    0x14, 0x00, 0x49, 0x01, 0x52, 0x00, 0x32, 0x01, 0x08, 0x00, 0x07, 0x03, 0x14, 0x00, 0x4a, 0x01,
    0x50, 0x00, 0x33, 0x01, 0x08, 0x00, 0x07, 0x03, 0x14, 0x00, 0x4b, 0x01, 0x4e, 0x00, 0x33, 0x01,
    0x09, 0x00, 0x07, 0x03, 0x15, 0x00, 0x4b, 0x01, 0x4c, 0x00, 0x34, 0x01, 0x09, 0x00, 0x07, 0x03,
    0x15, 0x00, 0x4c, 0x01, 0x4b, 0x00, 0x34, 0x01, 0x0a, 0x00, 0x05, 0x03, 0x16, 0x00, 0x4c, 0x01,
    0x4a, 0x00, 0x35, 0x01, 0x25, 0x00, 0x4d, 0x01, 0x48, 0x00, 0x36, 0x01, 0x25, 0x00, 0x4e, 0x01,
    0x47, 0x00, 0x36, 0x01, 0x25, 0x00, 0x4e, 0x01, 0x46, 0x00, 0x37, 0x01, 0x25, 0x00, 0x4f, 0x01,
    0x45, 0x00, 0x37, 0x01, 0x25, 0x00, 0x4f, 0x01, 0x44, 0x00, 0x38, 0x01, 0x25, 0x00, 0x50, 0x01,
    0x43, 0x00, 0x38, 0x01, 0x25, 0x00, 0x50, 0x01, 0x42, 0x00, 0x39, 0x01, 0x25, 0x00, 0x51, 0x01,
    0x41, 0x00, 0x39, 0x01, 0x25, 0x00, 0x51, 0x01, 0x41, 0x00, 0x39, 0x01, 0x25, 0x00, 0x51, 0x01,
    0x40, 0x00, 0x3a, 0x01, 0x25, 0x00, 0x52, 0x01, 0x3f, 0x00, 0x3a, 0x01, 0x25, 0x00, 0x52, 0x01,
    0x3e, 0x00, 0x3b, 0x01, 0x25, 0x00, 0x53, 0x01, 0x3d, 0x00, 0x3b, 0x01, 0x25, 0x00, 0x53, 0x01,
    0x3d, 0x00, 0x3b, 0x01, 0x25, 0x00, 0x53, 0x01, 0x3d, 0x00, 0x3b, 0x01, 0x25, 0x00, 0x53, 0x01,
    0x3c, 0x00, 0x3d, 0x01, 0x23, 0x00, 0x55, 0x01, 0x3b, 0x00, 0x3d, 0x01, 0x23, 0x00, 0x55, 0x01,
    0x3b, 0x00, 0x3d, 0x01, 0x23, 0x00, 0x55, 0x01, 0x3b, 0x00, 0x3d, 0x01, 0x23, 0x00, 0x55, 0x01,
    0x3b, 0x00, 0x3e, 0x01, 0x21, 0x00, 0x56, 0x01, 0x3b, 0x00, 0x3e, 0x01, 0x21, 0x00, 0x56, 0x01,
    0x3b, 0x00, 0x3e, 0x01, 0x21, 0x00, 0x56, 0x01, 0x3b, 0x00, 0x3f, 0x01, 0x1f, 0x00, 0x57, 0x01,
    0x3b, 0x00, 0x3f, 0x01, 0x1f, 0x00, 0x57, 0x01, 0x3a, 0x00, 0x41, 0x01, 0x1d, 0x00, 0x59, 0x01,
    0x3a, 0x00, 0x40, 0x01, 0x1d, 0x00, 0x58, 0x01, 0x3b, 0x00, 0x41, 0x01, 0x1b, 0x00, 0x59, 0x01,
    0x3b, 0x00, 0x41, 0x01, 0x1b, 0x00, 0x59, 0x01, 0x3b, 0x00, 0x42, 0x01, 0x19, 0x00, 0x5a, 0x01,
    0x3b, 0x00, 0x43, 0x01, 0x17, 0x00, 0x5b, 0x01, 0x3b, 0x00, 0x43, 0x01, 0x17, 0x00, 0x5b, 0x01,
    0x3b, 0x00, 0x44, 0x01, 0x15, 0x00, 0x5c, 0x01, 0x3b, 0x00, 0x45, 0x01, 0x13, 0x00, 0x5d, 0x01,
    0x3b, 0x00, 0x46, 0x01, 0x11, 0x00, 0x5e, 0x01, 0x3c, 0x00, 0x47, 0x01, 0x0d, 0x00, 0x5f, 0x01,
    0x3d, 0x00, 0x49, 0x01, 0x09, 0x00, 0x61, 0x01, 0x3d, 0x00, 0xb3, 0x01, 0x3d, 0x00, 0xb3, 0x01,
    0x3e, 0x00, 0xb1, 0x01, 0x3f, 0x00, 0xb1, 0x01, 0x40, 0x00, 0xaf, 0x01, 0x41, 0x00, 0xaf, 0x01,
    0x41, 0x00, 0xaf, 0x01, 0x42, 0x00, 0xad, 0x01, 0x43, 0x00, 0xad, 0x01, 0x44, 0x00, 0xab, 0x01,
    0x45, 0x00, 0xab, 0x01, 0x46, 0x00, 0xa9, 0x01, 0x47, 0x00, 0xa9, 0x01, 0x48, 0x00, 0xa7, 0x01,
    0x4a, 0x00, 0xa5, 0x01, 0x4b, 0x00, 0xa5, 0x01, 0x4c, 0x00, 0xa3, 0x01, 0x4e, 0x00, 0xa1, 0x01,
    0x50, 0x00, 0x9f, 0x01, 0x52, 0x00, 0x9d, 0x01, 0x53, 0x00, 0x9d, 0x01, 0x54, 0x00, 0x9b, 0x01,
    0x56, 0x00, 0x99, 0x01, 0x58, 0x00, 0x97, 0x01, 0x5a, 0x00, 0x95, 0x01, 0x5c, 0x00, 0x93, 0x01,
    0x5e, 0x00, 0x91, 0x01, 0x60, 0x00, 0x8f, 0x01, 0x63, 0x00, 0x8b, 0x01, 0x66, 0x00, 0x89, 0x01,
    0x68, 0x00, 0x87, 0x01, 0x6b, 0x00, 0x83, 0x01, 0x6e, 0x00, 0x81, 0x01, 0x70, 0x00, 0x7f, 0x01,
    0x73, 0x00, 0x7b, 0x01, 0x77, 0x00, 0x77, 0x01, 0x7a, 0x00, 0x75, 0x01, 0x7d, 0x00, 0x71, 0x01,
    0x81, 0x00, 0x6d, 0x01, 0x85, 0x00, 0x69, 0x01, 0x89, 0x00, 0x65, 0x01, 0x8d, 0x00, 0x61, 0x01,
    0x92, 0x00, 0x5b, 0x01, 0x98, 0x00, 0x55, 0x01, 0x9d, 0x00, 0x51, 0x01, 0xa2, 0x00, 0x4b, 0x01,
    0xa9, 0x00, 0x43, 0x01, 0xb1, 0x00, 0x3b, 0x01, 0xba, 0x00, 0x31, 0x01, 0xc4, 0x00, 0x27, 0x01,
    0xd2, 0x00, 0x15, 0x01, 0xff, 0x00, 0xff, 0x00, 0xff, 0x00, 0xff, 0x00, 0xff, 0x00, 0xff, 0x00,
    0xff, 0x00, 0xff, 0x00, 0xff, 0x00, 0xff, 0x00, 0xff, 0x00, 0xff, 0x00, 0xff, 0x00, 0xff, 0x00,
    0xff, 0x00, 0xff, 0x00, 0xff, 0x00, 0xff, 0x00, 0xff, 0x00, 0xff, 0x00, 0xff, 0x00, 0xff, 0x00,
    0xff, 0x00, 0xff, 0x00, 0xff, 0x00, 0xff, 0x00, 0xff, 0x00, 0xff, 0x00, 0xff, 0x00, 0xff, 0x00,
    0xff, 0x00, 0xff, 0x00, 0xff, 0x00, 0xff, 0x00, 0xff, 0x00, 0xff, 0x00, 0xff, 0x00, 0xff, 0x00,
    0xff, 0x00, 0xff, 0x00, 0xff, 0x00, 0xff, 0x00, 0xff, 0x00, 0xff, 0x00, 0xff, 0x00, 0xff, 0x00,
    0xff, 0x00, 0xff, 0x00, 0xff, 0x00, 0xff, 0x00, 0xff, 0x00, 0xff, 0x00, 0xff, 0x00, 0xff, 0x00,
    0x13, 0x00, 0xff, 0x00, 0xff, 0x00, 0xff, 0x00, 0xff, 0x00, 0xff, 0x00, 0xff, 0x00, 0xff, 0x00,
    0xff, 0x00, 0xff, 0x00, 0xff, 0x00, 0xff, 0x00, 0xff, 0x00, 0xff, 0x00, 0xff, 0x00, 0xff, 0x00,
    0xff, 0x00, 0x78, 0x00, 0x01, 0x05, 0xec, 0x00, 0x07, 0x05, 0xe7, 0x00, 0x0b, 0x05, 0xe4, 0x00,
    0x0d, 0x05, 0xe3, 0x00, 0x0d, 0x05, 0xe2, 0x00, 0x0f, 0x05, 0xe1, 0x00, 0x0f, 0x05, 0xe1, 0x00,
    0x0f, 0x05, 0xe0, 0x00, 0x11, 0x05, 0xe0, 0x00, 0x0f, 0x05, 0xe1, 0x00, 0x0f, 0x05, 0xe1, 0x00,
    0x0f, 0x05, 0xe2, 0x00, 0x0d, 0x05, 0xe3, 0x00, 0x0d, 0x05, 0xe4, 0x00, 0x0b, 0x05, 0xe7, 0x00,
    0x07, 0x05, 0xec, 0x00, 0x01, 0x05, 0xff, 0x00, 0xff, 0x00, 0xff, 0x00, 0xff, 0x00, 0xff, 0x00,
    0xff, 0x00, 0xff, 0x00, 0xff, 0x00, 0xff, 0x00, 0xff, 0x00, 0xff, 0x00, 0xff, 0x00, 0xff, 0x00,
    0xff, 0x00, 0xff, 0x00, 0xff, 0x00, 0xff, 0x00, 0xff, 0x00, 0xff, 0x00, 0xff, 0x00, 0xff, 0x00,
    0xff, 0x00, 0xff, 0x00, 0x7c, 0x00, 0x15, 0x01, 0xd2, 0x00, 0x27, 0x01, 0xc4, 0x00, 0x31, 0x01,
    0xba, 0x00, 0x3b, 0x01, 0xb1, 0x00, 0x43, 0x01, 0xa9, 0x00, 0x4b, 0x01, 0xa2, 0x00, 0x51, 0x01,
    0x9d, 0x00, 0x55, 0x01, 0x98, 0x00, 0x5b, 0x01, 0x92, 0x00, 0x61, 0x01, 0x8d, 0x00, 0x65, 0x01,
    0x89, 0x00, 0x40, 0x01, 0x01, 0x00, 0x28, 0x01, 0x85, 0x00, 0x41, 0x01, 0x03, 0x00, 0x29, 0x01,
    0x81, 0x00, 0x40, 0x01, 0x09, 0x00, 0x28, 0x01, 0x7d, 0x00, 0x40, 0x01, 0x0d, 0x00, 0x28, 0x01,
    0x7a, 0x00, 0x3f, 0x01, 0x11, 0x00, 0x27, 0x01, 0x77, 0x00, 0x40, 0x01, 0x13, 0x00, 0x28, 0x01,
    0x73, 0x00, 0x41, 0x01, 0x15, 0x00, 0x29, 0x01, 0x70, 0x00, 0x41, 0x01, 0x17, 0x00, 0x29, 0x01,
    0x6e, 0x00, 0x41, 0x01, 0x19, 0x00, 0x29, 0x01, 0x6b, 0x00, 0x43, 0x01, 0x19, 0x00, 0x2b, 0x01,
    0x68, 0x00, 0x43, 0x01, 0x1b, 0x00, 0x2b, 0x01, 0x66, 0x00, 0x43, 0x01, 0x1d, 0x00, 0x2b, 0x01,
    0x63, 0x00, 0x45, 0x01, 0x1d, 0x00, 0x2d, 0x01, 0x60, 0x00, 0x45, 0x01, 0x1f, 0x00, 0x2d, 0x01,
    0x5e, 0x00, 0x46, 0x01, 0x1f, 0x00, 0x2e, 0x01, 0x5c, 0x00, 0x47, 0x01, 0x1f, 0x00, 0x2f, 0x01,
    0x5a, 0x00, 0x47, 0x01, 0x21, 0x00, 0x2f, 0x01, 0x58, 0x00, 0x48, 0x01, 0x0a, 0x00, 0x01, 0x03,
    0x16, 0x00, 0x30, 0x01, 0x56, 0x00, 0x49, 0x01, 0x0a, 0x00, 0x01, 0x03, 0x16, 0x00, 0x31, 0x01,
    0x54, 0x00, 0x49, 0x01, 0x09, 0x00, 0x05, 0x03, 0x15, 0x00, 0x31, 0x01, 0x53, 0x00, 0x49, 0x01,
    0x08, 0x00, 0x07, 0x03, 0x14, 0x00, 0x31, 0x01, 0x52, 0x00, 0x4a, 0x01, 0x08, 0x00, 0x07, 0x03,
    0x14, 0x00, 0x32, 0x01, 0x50, 0x00, 0x4b, 0x01, 0x08, 0x00, 0x07, 0x03, 0x14, 0x00, 0x33, 0x01,
    0x4e, 0x00, 0x4b, 0x01, 0x09, 0x00, 0x07, 0x03, 0x15, 0x00, 0x33, 0x01, 0x4c, 0x00, 0x4c, 0x01,
    0x09, 0x00, 0x07, 0x03, 0x15, 0x00, 0x34, 0x01, 0x4b, 0x00, 0x4c, 0x01, 0x0a, 0x00, 0x05, 0x03,
    0x16, 0x00, 0x34, 0x01, 0x4a, 0x00, 0x4d, 0x01, 0x25, 0x00, 0x35, 0x01, 0x48, 0x00, 0x4e, 0x01,
    0x25, 0x00, 0x36, 0x01, 0x47, 0x00, 0x4e, 0x01, 0x25, 0x00, 0x36, 0x01, 0x46, 0x00, 0x4f, 0x01,
    0x25, 0x00, 0x37, 0x01, 0x45, 0x00, 0x4f, 0x01, 0x25, 0x00, 0x37, 0x01, 0x44, 0x00, 0x50, 0x01,
    0x25, 0x00, 0x38, 0x01, 0x43, 0x00, 0x50, 0x01, 0x25, 0x00, 0x38, 0x01, 0x42, 0x00, 0x51, 0x01,
    0x25, 0x00, 0x39, 0x01, 0x41, 0x00, 0x51, 0x01, 0x25, 0x00, 0x39, 0x01, 0x41, 0x00, 0x51, 0x01,
    0x25, 0x00, 0x39, 0x01, 0x40, 0x00, 0x52, 0x01, 0x25, 0x00, 0x3a, 0x01, 0x3f, 0x00, 0x52, 0x01,
    0x25, 0x00, 0x3a, 0x01, 0x3e, 0x00, 0x53, 0x01, 0x25, 0x00, 0x3b, 0x01, 0x3d, 0x00, 0x53, 0x01,
    0x25, 0x00, 0x3b, 0x01, 0x3d, 0x00, 0x53, 0x01, 0x25, 0x00, 0x3b, 0x01, 0x3d, 0x00, 0x53, 0x01,
    0x25, 0x00, 0x3b, 0x01, 0x3c, 0x00, 0x55, 0x01, 0x23, 0x00, 0x3d, 0x01, 0x3b, 0x00, 0x55, 0x01,
    0x23, 0x00, 0x3d, 0x01, 0x3b, 0x00, 0x55, 0x01, 0x23, 0x00, 0x3d, 0x01, 0x3b, 0x00, 0x55, 0x01,
    0x23, 0x00, 0x3d, 0x01, 0x3b, 0x00, 0x56, 0x01, 0x21, 0x00, 0x3e, 0x01, 0x3b, 0x00, 0x56, 0x01,
    0x21, 0x00, 0x3e, 0x01, 0x3b, 0x00, 0x56, 0x01, 0x21, 0x00, 0x3e, 0x01, 0x3b, 0x00, 0x57, 0x01,
    0x1f, 0x00, 0x3f, 0x01, 0x3b, 0x00, 0x57, 0x01, 0x1f, 0x00, 0x3f, 0x01, 0x3a, 0x00, 0x59, 0x01,
    0x1d, 0x00, 0x41, 0x01, 0x3a, 0x00, 0x58, 0x01, 0x1d, 0x00, 0x40, 0x01, 0x3b, 0x00, 0x59, 0x01,
    0x1b, 0x00, 0x41, 0x01, 0x3b, 0x00, 0x59, 0x01, 0x1b, 0x00, 0x41, 0x01, 0x3b, 0x00, 0x5a, 0x01,
    0x19, 0x00, 0x42, 0x01, 0x3b, 0x00, 0x5b, 0x01, 0x17, 0x00, 0x43, 0x01, 0x3b, 0x00, 0x5b, 0x01,
    0x17, 0x00, 0x43, 0x01, 0x3b, 0x00, 0x5c, 0x01, 0x15, 0x00, 0x44, 0x01, 0x3b, 0x00, 0x5d, 0x01,
    0x13, 0x00, 0x45, 0x01, 0x3b, 0x00, 0x5e, 0x01, 0x11, 0x00, 0x46, 0x01, 0x3c, 0x00, 0x5f, 0x01,
    0x0d, 0x00, 0x47, 0x01, 0x3d, 0x00, 0x61, 0x01, 0x09, 0x00, 0x49, 0x01, 0x3d, 0x00, 0xb3, 0x01,
    0x3d, 0x00, 0xb3, 0x01, 0x3e, 0x00, 0xb1, 0x01, 0x3f, 0x00, 0xb1, 0x01, 0x40, 0x00, 0xaf, 0x01,
    0x41, 0x00, 0xaf, 0x01, 0x41, 0x00, 0xaf, 0x01, 0x42, 0x00, 0xad, 0x01, 0x43, 0x00, 0xad, 0x01,
    0x44, 0x00, 0xab, 0x01, 0x45, 0x00, 0xab, 0x01, 0x46, 0x00, 0xa9, 0x01, 0x47, 0x00, 0xa9, 0x01,
    0x48, 0x00, 0xa7, 0x01, 0x4a, 0x00, 0xa5, 0x01, 0x4b, 0x00, 0xa5, 0x01, 0x4c, 0x00, 0xa3, 0x01,
    0x4e, 0x00, 0xa1, 0x01, 0x50, 0x00, 0x9f, 0x01, 0x52, 0x00, 0x9d, 0x01, 0x53, 0x00, 0x9d, 0x01,
    0x54, 0x00, 0x9b, 0x01, 0x56, 0x00, 0x99, 0x01, 0x58, 0x00, 0x97, 0x01, 0x5a, 0x00, 0x95, 0x01,
    0x5c, 0x00, 0x93, 0x01, 0x5e, 0x00, 0x91, 0x01, 0x60, 0x00, 0x8f, 0x01, 0x63, 0x00, 0x8b, 0x01,
    0x66, 0x00, 0x89, 0x01, 0x68, 0x00, 0x87, 0x01, 0x6b, 0x00, 0x83, 0x01, 0x6e, 0x00, 0x81, 0x01,
    0x70, 0x00, 0x7f, 0x01, 0x73, 0x00, 0x7b, 0x01, 0x77, 0x00, 0x77, 0x01, 0x7a, 0x00, 0x75, 0x01,
    0x7d, 0x00, 0x71, 0x01, 0x81, 0x00, 0x6d, 0x01, 0x85, 0x00, 0x69, 0x01, 0x89, 0x00, 0x65, 0x01,
    0x8d, 0x00, 0x61, 0x01, 0x92, 0x00, 0x5b, 0x01, 0x98, 0x00, 0x55, 0x01, 0x9d, 0x00, 0x51, 0x01,
    0xa2, 0x00, 0x4b, 0x01, 0xa9, 0x00, 0x43, 0x01, 0xb1, 0x00, 0x3b, 0x01, 0xba, 0x00, 0x31, 0x01,
    0xc4, 0x00, 0x27, 0x01, 0xd2, 0x00, 0x15, 0x01, 0xff, 0x00, 0xff, 0x00, 0xff, 0x00, 0xff, 0x00,
    0xff, 0x00, 0xff, 0x00, 0xff, 0x00, 0xff, 0x00, 0xff, 0x00, 0xff, 0x00, 0xff, 0x00, 0xff, 0x00,
    0xff, 0x00, 0xff, 0x00, 0xff, 0x00, 0xff, 0x00, 0xff, 0x00, 0xff, 0x00, 0xff, 0x00, 0xff, 0x00,
    0xff, 0x00, 0xff, 0x00, 0xff, 0x00, 0xff, 0x00, 0xff, 0x00, 0xff, 0x00, 0xff, 0x00, 0xff, 0x00,
    0xff, 0x00, 0xff, 0x00, 0xff, 0x00, 0xff, 0x00, 0xff, 0x00, 0xff, 0x00, 0xff, 0x00, 0xff, 0x00,
    0xff, 0x00, 0xff, 0x00, 0xff, 0x00, 0xff, 0x00, 0xff, 0x00, 0xff, 0x00, 0xff, 0x00, 0xff, 0x00,
    0xff, 0x00, 0xff, 0x00, 0xff, 0x00, 0xff, 0x00, 0xff, 0x00, 0xff, 0x00, 0xff, 0x00, 0xff, 0x00,
    0xff, 0x00, 0xff, 0x00, 0x13, 0x00, 0xff, 0x00, 0xff, 0x00, 0xff, 0x00, 0xff, 0x00, 0xff, 0x00,
    0xff, 0x00, 0xff, 0x00, 0xff, 0x00, 0xff, 0x00, 0xff, 0x00, 0xff, 0x00, 0xff, 0x00, 0xff, 0x00,
    0xff, 0x00, 0xff, 0x00, 0xff, 0x00, 0xff, 0x00, 0xff, 0x00, 0xff, 0x00, 0xff, 0x00, 0x3c, 0x00,
    0x01, 0x05, 0xed, 0x00, 0x05, 0x05, 0xea, 0x00, 0x07, 0x05, 0xe9, 0x00, 0x07, 0x05, 0xe8, 0x00,
    0x09, 0x05, 0xe8, 0x00, 0x07, 0x05, 0xe9, 0x00, 0x07, 0x05, 0xea, 0x00, 0x05, 0x05, 0xed, 0x00,
    0x01, 0x05, 0xff, 0x00, 0xff, 0x00, 0xff, 0x00, 0xff, 0x00, 0xff, 0x00, 0xff, 0x00, 0xff, 0x00,
    0xff, 0x00, 0xff, 0x00, 0xff, 0x00, 0xff, 0x00, 0xff, 0x00, 0xff, 0x00, 0xff, 0x00, 0xff, 0x00,
    0xff, 0x00, 0xff, 0x00, 0xff, 0x00, 0xff, 0x00, 0xff, 0x00, 0xff, 0x00, 0xff, 0x00, 0xff, 0x00,
    0xff, 0x00, 0xff, 0x00, 0xff, 0x00, 0xff, 0x00, 0x40, 0x00, 0x15, 0x01, 0xd2, 0x00, 0x27, 0x01,
    0xc4, 0x00, 0x31, 0x01, 0xba, 0x00, 0x3b, 0x01, 0xb1, 0x00, 0x43, 0x01, 0xa9, 0x00, 0x4b, 0x01,
    0xa2, 0x00, 0x51, 0x01, 0x9d, 0x00, 0x55, 0x01, 0x98, 0x00, 0x5b, 0x01, 0x92, 0x00, 0x61, 0x01,
    0x8d, 0x00, 0x65, 0x01, 0x89, 0x00, 0x69, 0x01, 0x85, 0x00, 0x6d, 0x01, 0x81, 0x00, 0x71, 0x01,
    0x7d, 0x00, 0x75, 0x01, 0x7a, 0x00, 0x77, 0x01, 0x77, 0x00, 0x7b, 0x01, 0x73, 0x00, 0x7f, 0x01,
    0x70, 0x00, 0x81, 0x01, 0x6e, 0x00, 0x83, 0x01, 0x6b, 0x00, 0x87, 0x01, 0x68, 0x00, 0x89, 0x01,
    0x66, 0x00, 0x8b, 0x01, 0x63, 0x00, 0x8f, 0x01, 0x60, 0x00, 0x91, 0x01, 0x5e, 0x00, 0x93, 0x01,
    0x5c, 0x00, 0x95, 0x01, 0x5a, 0x00, 0x97, 0x01, 0x58, 0x00, 0x99, 0x01, 0x56, 0x00, 0x9b, 0x01,
    0x54, 0x00, 0x9d, 0x01, 0x53, 0x00, 0x66, 0x01, 0x01, 0x00, 0x36, 0x01, 0x52, 0x00, 0x63, 0x01,
    0x09, 0x00, 0x33, 0x01, 0x50, 0x00, 0x62, 0x01, 0x0d, 0x00, 0x32, 0x01, 0x4e, 0x00, 0x61, 0x01,
    0x11, 0x00, 0x31, 0x01, 0x4c, 0x00, 0x61, 0x01, 0x13, 0x00, 0x31, 0x01, 0x4b, 0x00, 0x60, 0x01,
    0x15, 0x00, 0x30, 0x01, 0x4a, 0x00, 0x60, 0x01, 0x17, 0x00, 0x30, 0x01, 0x48, 0x00, 0x60, 0x01,
    0x19, 0x00, 0x30, 0x01, 0x47, 0x00, 0x60, 0x01, 0x19, 0x00, 0x30, 0x01, 0x46, 0x00, 0x60, 0x01,
    0x1b, 0x00, 0x30, 0x01, 0x45, 0x00, 0x60, 0x01, 0x1b, 0x00, 0x30, 0x01, 0x44, 0x00, 0x60, 0x01,
    0x1d, 0x00, 0x30, 0x01, 0x43, 0x00, 0x5f, 0x01, 0x1f, 0x00, 0x2f, 0x01, 0x42, 0x00, 0x60, 0x01,
    0x1f, 0x00, 0x30, 0x01, 0x41, 0x00, 0x60, 0x01, 0x1f, 0x00, 0x30, 0x01, 0x41, 0x00, 0x5f, 0x01,
    0x21, 0x00, 0x2f, 0x01, 0x40, 0x00, 0x60, 0x01, 0x21, 0x00, 0x30, 0x01, 0x3f, 0x00, 0x60, 0x01,
    0x0a, 0x00, 0x01, 0x03, 0x16, 0x00, 0x30, 0x01, 0x3e, 0x00, 0x60, 0x01, 0x09, 0x00, 0x05, 0x03,
    0x15, 0x00, 0x30, 0x01, 0x3d, 0x00, 0x60, 0x01, 0x08, 0x00, 0x07, 0x03, 0x14, 0x00, 0x30, 0x01,
    0x3d, 0x00, 0x60, 0x01, 0x08, 0x00, 0x07, 0x03, 0x14, 0x00, 0x30, 0x01, 0x3d, 0x00, 0x60, 0x01,
    0x07, 0x00, 0x09, 0x03, 0x13, 0x00, 0x30, 0x01, 0x3c, 0x00, 0x60, 0x01, 0x09, 0x00, 0x07, 0x03,
    0x15, 0x00, 0x30, 0x01, 0x3b, 0x00, 0x60, 0x01, 0x09, 0x00, 0x07, 0x03, 0x15, 0x00, 0x30, 0x01,
    0x3b, 0x00, 0x60, 0x01, 0x0a, 0x00, 0x05, 0x03, 0x16, 0x00, 0x30, 0x01, 0x3b, 0x00, 0x60, 0x01,
    0x0c, 0x00, 0x01, 0x03, 0x18, 0x00, 0x30, 0x01, 0x3b, 0x00, 0x60, 0x01, 0x25, 0x00, 0x30, 0x01,
    0x3b, 0x00, 0x60, 0x01, 0x25, 0x00, 0x30, 0x01, 0x3b, 0x00, 0x60, 0x01, 0x25, 0x00, 0x30, 0x01,
    0x3b, 0x00, 0x60, 0x01, 0x25, 0x00, 0x30, 0x01, 0x3b, 0x00, 0x60, 0x01, 0x25, 0x00, 0x30, 0x01,
    0x3a, 0x00, 0x60, 0x01, 0x27, 0x00, 0x30, 0x01, 0x3a, 0x00, 0x60, 0x01, 0x25, 0x00, 0x30, 0x01,
    0x3b, 0x00, 0x60, 0x01, 0x25, 0x00, 0x30, 0x01, 0x3b, 0x00, 0x60, 0x01, 0x25, 0x00, 0x30, 0x01,
    0x3b, 0x00, 0x60, 0x01, 0x25, 0x00, 0x30, 0x01, 0x3b, 0x00, 0x60, 0x01, 0x25, 0x00, 0x30, 0x01,
    0x3b, 0x00, 0x60, 0x01, 0x25, 0x00, 0x30, 0x01, 0x3b, 0x00, 0x60, 0x01, 0x25, 0x00, 0x30, 0x01,
    0x3b, 0x00, 0x60, 0x01, 0x25, 0x00, 0x30, 0x01, 0x3b, 0x00, 0x60, 0x01, 0x25, 0x00, 0x30, 0x01,
    0x3c, 0x00, 0x60, 0x01, 0x23, 0x00, 0x30, 0x01, 0x3d, 0x00, 0x60, 0x01, 0x23, 0x00, 0x30, 0x01,
    0x3d, 0x00, 0x60, 0x01, 0x23, 0x00, 0x30, 0x01, 0x3d, 0x00, 0x60, 0x01, 0x23, 0x00, 0x30, 0x01,
    0x3e, 0x00, 0x60, 0x01, 0x21, 0x00, 0x30, 0x01, 0x3f, 0x00, 0x60, 0x01, 0x21, 0x00, 0x30, 0x01,
    0x40, 0x00, 0x5f, 0x01, 0x21, 0x00, 0x2f, 0x01, 0x41, 0x00, 0x60, 0x01, 0x1f, 0x00, 0x30, 0x01,
    0x41, 0x00, 0x60, 0x01, 0x1f, 0x00, 0x30, 0x01, 0x42, 0x00, 0x5f, 0x01, 0x1f, 0x00, 0x2f, 0x01,
    0x43, 0x00, 0x60, 0x01, 0x1d, 0x00, 0x30, 0x01, 0x44, 0x00, 0x60, 0x01, 0x1b, 0x00, 0x30, 0x01,
    0x45, 0x00, 0x60, 0x01, 0x1b, 0x00, 0x30, 0x01, 0x46, 0x00, 0x60, 0x01, 0x19, 0x00, 0x30, 0x01,
    0x47, 0x00, 0x60, 0x01, 0x19, 0x00, 0x30, 0x01, 0x48, 0x00, 0x60, 0x01, 0x17, 0x00, 0x30, 0x01,
    0x4a, 0x00, 0x60, 0x01, 0x15, 0x00, 0x30, 0x01, 0x4b, 0x00, 0x61, 0x01, 0x13, 0x00, 0x31, 0x01,
    0x4c, 0x00, 0x61, 0x01, 0x11, 0x00, 0x31, 0x01, 0x4e, 0x00, 0x62, 0x01, 0x0d, 0x00, 0x32, 0x01,
    0x50, 0x00, 0x63, 0x01, 0x09, 0x00, 0x33, 0x01, 0x52, 0x00, 0x66, 0x01, 0x01, 0x00, 0x36, 0x01,
    0x53, 0x00, 0x9d, 0x01, 0x54, 0x00, 0x9b, 0x01, 0x56, 0x00, 0x99, 0x01, 0x58, 0x00, 0x97, 0x01,
    0x5a, 0x00, 0x95, 0x01, 0x5c, 0x00, 0x93, 0x01, 0x5e, 0x00, 0x91, 0x01, 0x60, 0x00, 0x8f, 0x01,
    0x63, 0x00, 0x8b, 0x01, 0x66, 0x00, 0x89, 0x01, 0x68, 0x00, 0x87, 0x01, 0x6b, 0x00, 0x83, 0x01,
    0x6e, 0x00, 0x81, 0x01, 0x70, 0x00, 0x7f, 0x01, 0x73, 0x00, 0x7b, 0x01, 0x77, 0x00, 0x77, 0x01,
    0x7a, 0x00, 0x75, 0x01, 0x7d, 0x00, 0x71, 0x01, 0x81, 0x00, 0x6d, 0x01, 0x85, 0x00, 0x69, 0x01,
    0x89, 0x00, 0x65, 0x01, 0x8d, 0x00, 0x61, 0x01, 0x92, 0x00, 0x5b, 0x01, 0x98, 0x00, 0x55, 0x01,
    0x9d, 0x00, 0x51, 0x01, 0xa2, 0x00, 0x4b, 0x01, 0xa9, 0x00, 0x43, 0x01, 0xb1, 0x00, 0x3b, 0x01,
    0xba, 0x00, 0x31, 0x01, 0xc4, 0x00, 0x27, 0x01, 0xd2, 0x00, 0x15, 0x01, 0xff, 0x00, 0xff, 0x00,
    0xff, 0x00, 0xff, 0x00, 0xff, 0x00, 0xff, 0x00, 0xff, 0x00, 0xff, 0x00, 0xff, 0x00, 0xff, 0x00,
    0xff, 0x00, 0xff, 0x00, 0xff, 0x00, 0xff, 0x00, 0xff, 0x00, 0xff, 0x00, 0xff, 0x00, 0xff, 0x00,
    0xff, 0x00, 0xff, 0x00, 0xff, 0x00, 0xff, 0x00, 0xff, 0x00, 0xff, 0x00, 0xff, 0x00, 0xff, 0x00,
    0xff, 0x00, 0xff, 0x00, 0xff, 0x00, 0xff, 0x00, 0xff, 0x00, 0xff, 0x00, 0xff, 0x00, 0xff, 0x00,
    0xff, 0x00, 0xff, 0x00, 0xff, 0x00, 0xff, 0x00, 0xff, 0x00, 0xff, 0x00, 0xff, 0x00, 0xff, 0x00,
    0xff, 0x00, 0xff, 0x00, 0xff, 0x00, 0xff, 0x00, 0xff, 0x00, 0xff, 0x00, 0xff, 0x00, 0xff, 0x00,
    0xff, 0x00, 0xff, 0x00, 0xff, 0x00, 0xff, 0x00, 0x13, 0x00, 0xff, 0x00, 0xff, 0x00, 0xff, 0x00,
    0xff, 0x00, 0xff, 0x00, 0xff, 0x00, 0xff, 0x00, 0xff, 0x00, 0xff, 0x00, 0xff, 0x00, 0xff, 0x00,
    0xff, 0x00, 0xff, 0x00, 0xff, 0x00, 0xff, 0x00, 0xff, 0x00, 0xff, 0x00, 0xff, 0x00, 0x5a, 0x00,
    0x01, 0x05, 0xec, 0x00, 0x07, 0x05, 0xe8, 0x00, 0x09, 0x05, 0xe6, 0x00, 0x0b, 0x05, 0xe5, 0x00,
    0x0b, 0x05, 0xe5, 0x00, 0x0b, 0x05, 0xe4, 0x00, 0x0d, 0x05, 0xe4, 0x00, 0x0b, 0x05, 0xe5, 0x00,
    0x0b, 0x05, 0xe5, 0x00, 0x0b, 0x05, 0xe6, 0x00, 0x09, 0x05, 0xe8, 0x00, 0x07, 0x05, 0xec, 0x00,
    0x01, 0x05, 0xff, 0x00, 0xff, 0x00, 0xff, 0x00, 0xff, 0x00, 0xff, 0x00, 0xff, 0x00, 0xff, 0x00,
    0xff, 0x00, 0xff, 0x00, 0xff, 0x00, 0xff, 0x00, 0xff, 0x00, 0xff, 0x00, 0xff, 0x00, 0xff, 0x00,
    0xff, 0x00, 0xff, 0x00, 0xff, 0x00, 0xff, 0x00, 0xff, 0x00, 0xff, 0x00, 0xff, 0x00, 0xff, 0x00,
    0xff, 0x00, 0xff, 0x00, 0x5e, 0x00, 0x15, 0x01, 0xd2, 0x00, 0x27, 0x01, 0xc4, 0x00, 0x31, 0x01,
    0xba, 0x00, 0x3b, 0x01, 0xb1, 0x00, 0x43, 0x01, 0xa9, 0x00, 0x4b, 0x01, 0xa2, 0x00, 0x51, 0x01,
    0x9d, 0x00, 0x55, 0x01, 0x98, 0x00, 0x5b, 0x01, 0x92, 0x00, 0x61, 0x01, 0x8d, 0x00, 0x65, 0x01,
    0x89, 0x00, 0x69, 0x01, 0x85, 0x00, 0x6d, 0x01, 0x81, 0x00, 0x71, 0x01, 0x7d, 0x00, 0x75, 0x01,
    0x7a, 0x00, 0x77, 0x01, 0x77, 0x00, 0x7b, 0x01, 0x73, 0x00, 0x7f, 0x01, 0x70, 0x00, 0x81, 0x01,
    0x6e, 0x00, 0x83, 0x01, 0x6b, 0x00, 0x87, 0x01, 0x68, 0x00, 0x89, 0x01, 0x66, 0x00, 0x8b, 0x01,
    0x63, 0x00, 0x8f, 0x01, 0x60, 0x00, 0x91, 0x01, 0x5e, 0x00, 0x93, 0x01, 0x5c, 0x00, 0x95, 0x01,
    0x5a, 0x00, 0x97, 0x01, 0x58, 0x00, 0x99, 0x01, 0x56, 0x00, 0x9b, 0x01, 0x54, 0x00, 0x9d, 0x01,
    0x53, 0x00, 0x9d, 0x01, 0x52, 0x00, 0x9f, 0x01, 0x50, 0x00, 0xa1, 0x01, 0x4e, 0x00, 0xa3, 0x01,
    0x4c, 0x00, 0xa5, 0x01, 0x4b, 0x00, 0xa5, 0x01, 0x4a, 0x00, 0xa7, 0x01, 0x48, 0x00, 0xa9, 0x01,
    0x47, 0x00, 0xa9, 0x01, 0x46, 0x00, 0xab, 0x01, 0x45, 0x00, 0xab, 0x01, 0x44, 0x00, 0x64, 0x01,
    0x06, 0x00, 0x43, 0x01, 0x43, 0x00, 0x62, 0x01, 0x0b, 0x00, 0x40, 0x01, 0x42, 0x00, 0x61, 0x01,
    0x0f, 0x00, 0x3f, 0x01, 0x41, 0x00, 0x60, 0x01, 0x11, 0x00, 0x3e, 0x01, 0x41, 0x00, 0x5f, 0x01,
    0x13, 0x00, 0x3d, 0x01, 0x40, 0x00, 0x5f, 0x01, 0x15, 0x00, 0x3d, 0x01, 0x3f, 0x00, 0x5e, 0x01,
    0x17, 0x00, 0x3c, 0x01, 0x3e, 0x00, 0x5e, 0x01, 0x19, 0x00, 0x3c, 0x01, 0x3d, 0x00, 0x5d, 0x01,
    0x1a, 0x00, 0x3c, 0x01, 0x3d, 0x00, 0x5d, 0x01, 0x1b, 0x00, 0x3b, 0x01, 0x3d, 0x00, 0x5c, 0x01,
    0x1d, 0x00, 0x3a, 0x01, 0x3c, 0x00, 0x5d, 0x01, 0x1d, 0x00, 0x3b, 0x01, 0x3b, 0x00, 0x5c, 0x01,
    0x1f, 0x00, 0x3a, 0x01, 0x3b, 0x00, 0x5c, 0x01, 0x1f, 0x00, 0x3a, 0x01, 0x3b, 0x00, 0x5b, 0x01,
    0x21, 0x00, 0x39, 0x01, 0x3b, 0x00, 0x5b, 0x01, 0x21, 0x00, 0x39, 0x01, 0x3b, 0x00, 0x5b, 0x01,
    0x21, 0x00, 0x39, 0x01, 0x3b, 0x00, 0x5a, 0x01, 0x0a, 0x00, 0x03, 0x03, 0x16, 0x00, 0x38, 0x01,
    0x3b, 0x00, 0x5a, 0x01, 0x08, 0x00, 0x07, 0x03, 0x14, 0x00, 0x38, 0x01, 0x3b, 0x00, 0x5a, 0x01,
    0x08, 0x00, 0x07, 0x03, 0x14, 0x00, 0x38, 0x01, 0x3a, 0x00, 0x5b, 0x01, 0x08, 0x00, 0x07, 0x03,
    0x14, 0x00, 0x39, 0x01, 0x3a, 0x00, 0x59, 0x01, 0x08, 0x00, 0x08, 0x03, 0x15, 0x00, 0x37, 0x01,
    0x3b, 0x00, 0x59, 0x01, 0x09, 0x00, 0x07, 0x03, 0x15, 0x00, 0x37, 0x01, 0x3b, 0x00, 0x59, 0x01,
    0x09, 0x00, 0x07, 0x03, 0x15, 0x00, 0x37, 0x01, 0x3b, 0x00, 0x59, 0x01, 0x0a, 0x00, 0x05, 0x03,
    0x16, 0x00, 0x37, 0x01, 0x3b, 0x00, 0x59, 0x01, 0x25, 0x00, 0x37, 0x01, 0x3b, 0x00, 0x59, 0x01,
    0x25, 0x00, 0x37, 0x01, 0x3b, 0x00, 0x59, 0x01, 0x25, 0x00, 0x37, 0x01, 0x3b, 0x00, 0x59, 0x01,
    0x25, 0x00, 0x37, 0x01, 0x3b, 0x00, 0x58, 0x01, 0x26, 0x00, 0x37, 0x01, 0x3c, 0x00, 0x57, 0x01,
    0x26, 0x00, 0x36, 0x01, 0x3d, 0x00, 0x57, 0x01, 0x26, 0x00, 0x36, 0x01, 0x3d, 0x00, 0x57, 0x01,
    0x26, 0x00, 0x36, 0x01, 0x3d, 0x00, 0x58, 0x01, 0x25, 0x00, 0x36, 0x01, 0x3e, 0x00, 0x57, 0x01,
    0x25, 0x00, 0x35, 0x01, 0x3f, 0x00, 0x57, 0x01, 0x25, 0x00, 0x35, 0x01, 0x40, 0x00, 0x56, 0x01,
    0x25, 0x00, 0x34, 0x01, 0x41, 0x00, 0x56, 0x01, 0x25, 0x00, 0x34, 0x01, 0x41, 0x00, 0x56, 0x01,
    0x25, 0x00, 0x34, 0x01, 0x42, 0x00, 0x55, 0x01, 0x25, 0x00, 0x33, 0x01, 0x43, 0x00, 0x55, 0x01,
    0x25, 0x00, 0x33, 0x01, 0x44, 0x00, 0x55, 0x01, 0x23, 0x00, 0x33, 0x01, 0x45, 0x00, 0x55, 0x01,
    0x23, 0x00, 0x33, 0x01, 0x46, 0x00, 0x54, 0x01, 0x23, 0x00, 0x32, 0x01, 0x47, 0x00, 0x54, 0x01,
    0x23, 0x00, 0x32, 0x01, 0x48, 0x00, 0x54, 0x01, 0x21, 0x00, 0x32, 0x01, 0x4a, 0x00, 0x53, 0x01,
    0x21, 0x00, 0x31, 0x01, 0x4b, 0x00, 0x53, 0x01, 0x21, 0x00, 0x31, 0x01, 0x4c, 0x00, 0x53, 0x01,
    0x1f, 0x00, 0x31, 0x01, 0x4e, 0x00, 0x52, 0x01, 0x1f, 0x00, 0x30, 0x01, 0x50, 0x00, 0x52, 0x01,
    0x1d, 0x00, 0x30, 0x01, 0x52, 0x00, 0x51, 0x01, 0x1d, 0x00, 0x2f, 0x01, 0x53, 0x00, 0x52, 0x01,
    0x1b, 0x00, 0x30, 0x01, 0x54, 0x00, 0x51, 0x01, 0x1b, 0x00, 0x2f, 0x01, 0x56, 0x00, 0x51, 0x01,
    0x19, 0x00, 0x2f, 0x01, 0x58, 0x00, 0x51, 0x01, 0x17, 0x00, 0x2f, 0x01, 0x5a, 0x00, 0x51, 0x01,
    0x15, 0x00, 0x2f, 0x01, 0x5c, 0x00, 0x51, 0x01, 0x13, 0x00, 0x2f, 0x01, 0x5e, 0x00, 0x51, 0x01,
    0x11, 0x00, 0x2f, 0x01, 0x60, 0x00, 0x51, 0x01, 0x0f, 0x00, 0x2f, 0x01, 0x63, 0x00, 0x50, 0x01,
    0x0d, 0x00, 0x2e, 0x01, 0x66, 0x00, 0x52, 0x01, 0x07, 0x00, 0x30, 0x01, 0x68, 0x00, 0x87, 0x01,
    0x6b, 0x00, 0x83, 0x01, 0x6e, 0x00, 0x81, 0x01, 0x70, 0x00, 0x7f, 0x01, 0x73, 0x00, 0x7b, 0x01,
    0x77, 0x00, 0x77, 0x01, 0x7a, 0x00, 0x75, 0x01, 0x7d, 0x00, 0x71, 0x01, 0x81, 0x00, 0x6d, 0x01,
    0x85, 0x00, 0x69, 0x01, 0x89, 0x00, 0x65, 0x01, 0x8d, 0x00, 0x61, 0x01, 0x92, 0x00, 0x5b, 0x01,
    0x98, 0x00, 0x55, 0x01, 0x9d, 0x00, 0x51, 0x01, 0xa2, 0x00, 0x4b, 0x01, 0xa9, 0x00, 0x43, 0x01,
    0xb1, 0x00, 0x3b, 0x01, 0xba, 0x00, 0x31, 0x01, 0xc4, 0x00, 0x27, 0x01, 0xd2, 0x00, 0x15, 0x01,
    0xff, 0x00, 0xff, 0x00, 0xff, 0x00, 0xff, 0x00, 0xff, 0x00, 0xff, 0x00, 0xff, 0x00, 0xff, 0x00,
    0xff, 0x00, 0xff, 0x00, 0xff, 0x00, 0xff, 0x00, 0xff, 0x00, 0xff, 0x00, 0xff, 0x00, 0xff, 0x00,
    0xff, 0x00, 0xff, 0x00, 0xff, 0x00, 0xff, 0x00, 0xff, 0x00, 0xff, 0x00, 0xff, 0x00, 0xff, 0x00,
    0xff, 0x00, 0xff, 0x00, 0xff, 0x00, 0xff, 0x00, 0xff, 0x00, 0xff, 0x00, 0xff, 0x00, 0xff, 0x00,
    0xff, 0x00, 0xff, 0x00, 0xff, 0x00, 0xff, 0x00, 0xff, 0x00, 0xff, 0x00, 0xff, 0x00, 0xff, 0x00,
    0xff, 0x00, 0xff, 0x00, 0xff, 0x00, 0xff, 0x00, 0xff, 0x00, 0xff, 0x00, 0xff, 0x00, 0xff, 0x00,
    0xff, 0x00, 0xff, 0x00, 0xff, 0x00, 0xff, 0x00, 0xff, 0x00, 0xff, 0x00, 0x13, 0x00, 0xff, 0x00,
    0xff, 0x00, 0xff, 0x00, 0xff, 0x00, 0xff, 0x00, 0xff, 0x00, 0xff, 0x00, 0xff, 0x00, 0xff, 0x00,
    0xff, 0x00, 0xff, 0x00, 0xff, 0x00, 0xff, 0x00, 0xff, 0x00, 0xff, 0x00, 0xff, 0x00, 0x78, 0x00,
    0x01, 0x05, 0xec, 0x00, 0x07, 0x05, 0xe7, 0x00, 0x0b, 0x05, 0xe4, 0x00, 0x0d, 0x05, 0xe3, 0x00,
    0x0d, 0x05, 0xe2, 0x00, 0x0f, 0x05, 0xe1, 0x00, 0x0f, 0x05, 0xe1, 0x00, 0x0f, 0x05, 0xe0, 0x00,
    0x11, 0x05, 0xe0, 0x00, 0x0f, 0x05, 0xe1, 0x00, 0x0f, 0x05, 0xe1, 0x00, 0x0f, 0x05, 0xe2, 0x00,
    0x0d, 0x05, 0xe3, 0x00, 0x0d, 0x05, 0xe4, 0x00, 0x0b, 0x05, 0xe7, 0x00, 0x07, 0x05, 0xec, 0x00,
    0x01, 0x05, 0xff, 0x00, 0xff, 0x00, 0xff, 0x00, 0xff, 0x00, 0xff, 0x00, 0xff, 0x00, 0xff, 0x00,
    0xff, 0x00, 0xff, 0x00, 0xff, 0x00, 0xff, 0x00, 0xff, 0x00, 0xff, 0x00, 0xff, 0x00, 0xff, 0x00,
    0xff, 0x00, 0xff, 0x00, 0xff, 0x00, 0xff, 0x00, 0xff, 0x00, 0xff, 0x00, 0xff, 0x00, 0xff, 0x00,
    0x7c, 0x00, 0x15, 0x01, 0xd2, 0x00, 0x27, 0x01, 0xc4, 0x00, 0x31, 0x01, 0xba, 0x00, 0x3b, 0x01,
    0xb1, 0x00, 0x43, 0x01, 0xa9, 0x00, 0x4b, 0x01, 0xa2, 0x00, 0x51, 0x01, 0x9d, 0x00, 0x55, 0x01,
    0x98, 0x00, 0x5b, 0x01, 0x92, 0x00, 0x61, 0x01, 0x8d, 0x00, 0x65, 0x01, 0x89, 0x00, 0x69, 0x01,
    0x85, 0x00, 0x6d, 0x01, 0x81, 0x00, 0x71, 0x01, 0x7d, 0x00, 0x75, 0x01, 0x7a, 0x00, 0x77, 0x01,
    0x77, 0x00, 0x7b, 0x01, 0x73, 0x00, 0x7f, 0x01, 0x70, 0x00, 0x81, 0x01, 0x6e, 0x00, 0x83, 0x01,
    0x6b, 0x00, 0x87, 0x01, 0x68, 0x00, 0x89, 0x01, 0x66, 0x00, 0x8b, 0x01, 0x63, 0x00, 0x8f, 0x01,
    0x60, 0x00, 0x91, 0x01, 0x5e, 0x00, 0x93, 0x01, 0x5c, 0x00, 0x95, 0x01, 0x5a, 0x00, 0x97, 0x01,
    0x58, 0x00, 0x99, 0x01, 0x56, 0x00, 0x9b, 0x01, 0x54, 0x00, 0x9d, 0x01, 0x53, 0x00, 0x9d, 0x01,
    0x52, 0x00, 0x9f, 0x01, 0x50, 0x00, 0xa1, 0x01, 0x4e, 0x00, 0xa3, 0x01, 0x4c, 0x00, 0xa5, 0x01,
    0x4b, 0x00, 0xa5, 0x01, 0x4a, 0x00, 0xa7, 0x01, 0x48, 0x00, 0xa9, 0x01, 0x47, 0x00, 0xa9, 0x01,
    0x46, 0x00, 0xab, 0x01, 0x45, 0x00, 0xab, 0x01, 0x44, 0x00, 0xad, 0x01, 0x43, 0x00, 0xad, 0x01,
    0x42, 0x00, 0xaf, 0x01, 0x41, 0x00, 0xaf, 0x01, 0x41, 0x00, 0x57, 0x01, 0x01, 0x00, 0x57, 0x01,
    0x40, 0x00, 0x54, 0x01, 0x09, 0x00, 0x54, 0x01, 0x3f, 0x00, 0x52, 0x01, 0x0d, 0x00, 0x52, 0x01,
    0x3e, 0x00, 0x51, 0x01, 0x11, 0x00, 0x51, 0x01, 0x3d, 0x00, 0x50, 0x01, 0x13, 0x00, 0x50, 0x01,
    0x3d, 0x00, 0x4f, 0x01, 0x15, 0x00, 0x4f, 0x01, 0x3d, 0x00, 0x4e, 0x01, 0x17, 0x00, 0x4e, 0x01,
    0x3c, 0x00, 0x4e, 0x01, 0x19, 0x00, 0x4e, 0x01, 0x3b, 0x00, 0x4e, 0x01, 0x19, 0x00, 0x4e, 0x01,
    0x3b, 0x00, 0x4d, 0x01, 0x1b, 0x00, 0x4d, 0x01, 0x3b, 0x00, 0x4d, 0x01, 0x1b, 0x00, 0x4d, 0x01,
    0x3b, 0x00, 0x4c, 0x01, 0x1d, 0x00, 0x4c, 0x01, 0x3b, 0x00, 0x4b, 0x01, 0x1f, 0x00, 0x4b, 0x01,
    0x3b, 0x00, 0x4b, 0x01, 0x1f, 0x00, 0x4b, 0x01, 0x3b, 0x00, 0x4b, 0x01, 0x1f, 0x00, 0x4b, 0x01,
    0x3b, 0x00, 0x4a, 0x01, 0x21, 0x00, 0x4a, 0x01, 0x3a, 0x00, 0x4b, 0x01, 0x21, 0x00, 0x4b, 0x01,
    0x3a, 0x00, 0x4a, 0x01, 0x0a, 0x00, 0x01, 0x03, 0x16, 0x00, 0x4a, 0x01, 0x3b, 0x00, 0x49, 0x01,
    0x09, 0x00, 0x05, 0x03, 0x15, 0x00, 0x49, 0x01, 0x3b, 0x00, 0x49, 0x01, 0x08, 0x00, 0x07, 0x03,
    0x14, 0x00, 0x49, 0x01, 0x3b, 0x00, 0x49, 0x01, 0x08, 0x00, 0x07, 0x03, 0x14, 0x00, 0x49, 0x01,
    0x3b, 0x00, 0x49, 0x01, 0x07, 0x00, 0x09, 0x03, 0x13, 0x00, 0x49, 0x01, 0x3b, 0x00, 0x48, 0x01,
    0x09, 0x00, 0x07, 0x03, 0x15, 0x00, 0x48, 0x01, 0x3b, 0x00, 0x48, 0x01, 0x09, 0x00, 0x07, 0x03,
    0x15, 0x00, 0x48, 0x01, 0x3b, 0x00, 0x48, 0x01, 0x0a, 0x00, 0x05, 0x03, 0x16, 0x00, 0x48, 0x01,
    0x3b, 0x00, 0x48, 0x01, 0x0c, 0x00, 0x01, 0x03, 0x18, 0x00, 0x48, 0x01, 0x3c, 0x00, 0x47, 0x01,
    0x25, 0x00, 0x47, 0x01, 0x3d, 0x00, 0x47, 0x01, 0x25, 0x00, 0x47, 0x01, 0x3d, 0x00, 0x47, 0x01,
    0x25, 0x00, 0x47, 0x01, 0x3d, 0x00, 0x47, 0x01, 0x25, 0x00, 0x47, 0x01, 0x3e, 0x00, 0x46, 0x01,
    0x25, 0x00, 0x46, 0x01, 0x3f, 0x00, 0x45, 0x01, 0x27, 0x00, 0x45, 0x01, 0x40, 0x00, 0x45, 0x01,
    0x25, 0x00, 0x45, 0x01, 0x41, 0x00, 0x45, 0x01, 0x25, 0x00, 0x45, 0x01, 0x41, 0x00, 0x45, 0x01,
    0x25, 0x00, 0x45, 0x01, 0x42, 0x00, 0x44, 0x01, 0x25, 0x00, 0x44, 0x01, 0x43, 0x00, 0x44, 0x01,
    0x25, 0x00, 0x44, 0x01, 0x44, 0x00, 0x43, 0x01, 0x25, 0x00, 0x43, 0x01, 0x45, 0x00, 0x43, 0x01,
    0x25, 0x00, 0x43, 0x01, 0x46, 0x00, 0x42, 0x01, 0x25, 0x00, 0x42, 0x01, 0x47, 0x00, 0x42, 0x01,
    0x25, 0x00, 0x42, 0x01, 0x48, 0x00, 0x42, 0x01, 0x23, 0x00, 0x42, 0x01, 0x4a, 0x00, 0x41, 0x01,
    0x23, 0x00, 0x41, 0x01, 0x4b, 0x00, 0x41, 0x01, 0x23, 0x00, 0x41, 0x01, 0x4c, 0x00, 0x40, 0x01,
    0x23, 0x00, 0x40, 0x01, 0x4e, 0x00, 0x40, 0x01, 0x21, 0x00, 0x40, 0x01, 0x50, 0x00, 0x3f, 0x01,
    0x21, 0x00, 0x3f, 0x01, 0x52, 0x00, 0x3e, 0x01, 0x21, 0x00, 0x3e, 0x01, 0x53, 0x00, 0x3f, 0x01,
    0x1f, 0x00, 0x3f, 0x01, 0x54, 0x00, 0x3e, 0x01, 0x1f, 0x00, 0x3e, 0x01, 0x56, 0x00, 0x3d, 0x01,
    0x1f, 0x00, 0x3d, 0x01, 0x58, 0x00, 0x3d, 0x01, 0x1d, 0x00, 0x3d, 0x01, 0x5a, 0x00, 0x3d, 0x01,
    0x1b, 0x00, 0x3d, 0x01, 0x5c, 0x00, 0x3c, 0x01, 0x1b, 0x00, 0x3c, 0x01, 0x5e, 0x00, 0x3c, 0x01,
    0x19, 0x00, 0x3c, 0x01, 0x60, 0x00, 0x3b, 0x01, 0x19, 0x00, 0x3b, 0x01, 0x63, 0x00, 0x3a, 0x01,
    0x17, 0x00, 0x3a, 0x01, 0x66, 0x00, 0x3a, 0x01, 0x15, 0x00, 0x3a, 0x01, 0x68, 0x00, 0x3a, 0x01,
    0x13, 0x00, 0x3a, 0x01, 0x6b, 0x00, 0x39, 0x01, 0x11, 0x00, 0x39, 0x01, 0x6e, 0x00, 0x3a, 0x01,
    0x0d, 0x00, 0x3a, 0x01, 0x70, 0x00, 0x3b, 0x01, 0x09, 0x00, 0x3b, 0x01, 0x73, 0x00, 0x3d, 0x01,
    0x01, 0x00, 0x3d, 0x01, 0x77, 0x00, 0x77, 0x01, 0x7a, 0x00, 0x75, 0x01, 0x7d, 0x00, 0x71, 0x01,
    0x81, 0x00, 0x6d, 0x01, 0x85, 0x00, 0x69, 0x01, 0x89, 0x00, 0x65, 0x01, 0x8d, 0x00, 0x61, 0x01,
    0x92, 0x00, 0x5b, 0x01, 0x98, 0x00, 0x55, 0x01, 0x9d, 0x00, 0x51, 0x01, 0xa2, 0x00, 0x4b, 0x01,
    0xa9, 0x00, 0x43, 0x01, 0xb1, 0x00, 0x3b, 0x01, 0xba, 0x00, 0x31, 0x01, 0xc4, 0x00, 0x27, 0x01,
    0xd2, 0x00, 0x15, 0x01, 0xff, 0x00, 0xff, 0x00, 0xff, 0x00, 0xff, 0x00, 0xff, 0x00, 0xff, 0x00,
    0xff, 0x00, 0xff, 0x00, 0xff, 0x00, 0xff, 0x00, 0xff, 0x00, 0xff, 0x00, 0xff, 0x00, 0xff, 0x00,
    0xff, 0x00, 0xff, 0x00, 0xff, 0x00, 0xff, 0x00, 0xff, 0x00, 0xff, 0x00, 0xff, 0x00, 0xff, 0x00,
    0xff, 0x00, 0xff, 0x00, 0xff, 0x00, 0xff, 0x00, 0xff, 0x00, 0xff, 0x00, 0xff, 0x00, 0xff, 0x00,
    0xff, 0x00, 0xff, 0x00, 0xff, 0x00, 0xff, 0x00, 0xff, 0x00, 0xff, 0x00, 0xff, 0x00, 0xff, 0x00,
    0xff, 0x00, 0xff, 0x00, 0xff, 0x00, 0xff, 0x00, 0xff, 0x00, 0xff, 0x00, 0xff, 0x00, 0xff, 0x00,
    0xff, 0x00, 0xff, 0x00, 0xff, 0x00, 0xff, 0x00, 0xff, 0x00, 0xff, 0x00, 0xff, 0x00, 0xff, 0x00,
    0x13, 0x00, 0xff, 0x00, 0xff, 0x00, 0xff, 0x00, 0xff, 0x00, 0xff, 0x00, 0xff, 0x00, 0xff, 0x00,
    0xff, 0x00, 0xff, 0x00, 0xff, 0x00, 0xff, 0x00, 0xff, 0x00, 0xff, 0x00, 0xff, 0x00, 0xff, 0x00,
    0xff, 0x00, 0xff, 0x00, 0xff, 0x00, 0xff, 0x00, 0xff, 0x00, 0x3c, 0x00, 0x01, 0x05, 0xed, 0x00,
    0x05, 0x05, 0xea, 0x00, 0x07, 0x05, 0xe9, 0x00, 0x07, 0x05, 0xe8, 0x00, 0x09, 0x05, 0xe8, 0x00,
    0x07, 0x05, 0xe9, 0x00, 0x07, 0x05, 0xea, 0x00, 0x05, 0x05, 0xed, 0x00, 0x01, 0x05, 0xff, 0x00,
    0xff, 0x00, 0xff, 0x00, 0xff, 0x00, 0xff, 0x00, 0xff, 0x00, 0xff, 0x00, 0xff, 0x00, 0xff, 0x00,
    0xff, 0x00, 0xff, 0x00, 0xff, 0x00, 0xff, 0x00, 0xff, 0x00, 0xff, 0x00, 0xff, 0x00, 0xff, 0x00,
    0xff, 0x00, 0xff, 0x00, 0xff, 0x00, 0xff, 0x00, 0xff, 0x00, 0xff, 0x00, 0xff, 0x00, 0xff, 0x00,
    0xff, 0x00, 0xff, 0x00, 0x40, 0x00, 0x15, 0x01, 0xd2, 0x00, 0x27, 0x01, 0xc4, 0x00, 0x31, 0x01,
    0xba, 0x00, 0x3b, 0x01, 0xb1, 0x00, 0x43, 0x01, 0xa9, 0x00, 0x4b, 0x01, 0xa2, 0x00, 0x51, 0x01,
    0x9d, 0x00, 0x55, 0x01, 0x98, 0x00, 0x5b, 0x01, 0x92, 0x00, 0x61, 0x01, 0x8d, 0x00, 0x65, 0x01,
    0x89, 0x00, 0x69, 0x01, 0x85, 0x00, 0x6d, 0x01, 0x81, 0x00, 0x71, 0x01, 0x7d, 0x00, 0x75, 0x01,
    0x7a, 0x00, 0x77, 0x01, 0x77, 0x00, 0x7b, 0x01, 0x73, 0x00, 0x7f, 0x01, 0x70, 0x00, 0x81, 0x01,
    0x6e, 0x00, 0x83, 0x01, 0x6b, 0x00, 0x87, 0x01, 0x68, 0x00, 0x89, 0x01, 0x66, 0x00, 0x8b, 0x01,
    0x63, 0x00, 0x8f, 0x01, 0x60, 0x00, 0x91, 0x01, 0x5e, 0x00, 0x93, 0x01, 0x5c, 0x00, 0x95, 0x01,
    0x5a, 0x00, 0x97, 0x01, 0x58, 0x00, 0x99, 0x01, 0x56, 0x00, 0x9b, 0x01, 0x54, 0x00, 0x9d, 0x01,
    0x53, 0x00, 0x9d, 0x01, 0x52, 0x00, 0x9f, 0x01, 0x50, 0x00, 0xa1, 0x01, 0x4e, 0x00, 0xa3, 0x01,
    0x4c, 0x00, 0xa5, 0x01, 0x4b, 0x00, 0xa5, 0x01, 0x4a, 0x00, 0xa7, 0x01, 0x48, 0x00, 0xa9, 0x01,
    0x47, 0x00, 0xa9, 0x01, 0x46, 0x00, 0xab, 0x01, 0x45, 0x00, 0xab, 0x01, 0x44, 0x00, 0x43, 0x01,
    0x06, 0x00, 0x64, 0x01, 0x43, 0x00, 0x40, 0x01, 0x0b, 0x00, 0x62, 0x01, 0x42, 0x00, 0x3f, 0x01,
    0x0f, 0x00, 0x61, 0x01, 0x41, 0x00, 0x3e, 0x01, 0x11, 0x00, 0x60, 0x01, 0x41, 0x00, 0x3d, 0x01,
    0x13, 0x00, 0x5f, 0x01, 0x40, 0x00, 0x3d, 0x01, 0x15, 0x00, 0x5f, 0x01, 0x3f, 0x00, 0x3c, 0x01,
    0x17, 0x00, 0x5e, 0x01, 0x3e, 0x00, 0x3c, 0x01, 0x19, 0x00, 0x5e, 0x01, 0x3d, 0x00, 0x3c, 0x01,
    0x1a, 0x00, 0x5d, 0x01, 0x3d, 0x00, 0x3b, 0x01, 0x1b, 0x00, 0x5d, 0x01, 0x3d, 0x00, 0x3a, 0x01,
    0x1d, 0x00, 0x5c, 0x01, 0x3c, 0x00, 0x3b, 0x01, 0x1d, 0x00, 0x5d, 0x01, 0x3b, 0x00, 0x3a, 0x01,
    0x1f, 0x00, 0x5c, 0x01, 0x3b, 0x00, 0x3a, 0x01, 0x1f, 0x00, 0x5c, 0x01, 0x3b, 0x00, 0x39, 0x01,
    0x21, 0x00, 0x5b, 0x01, 0x3b, 0x00, 0x39, 0x01, 0x21, 0x00, 0x5b, 0x01, 0x3b, 0x00, 0x39, 0x01,
    0x21, 0x00, 0x5b, 0x01, 0x3b, 0x00, 0x38, 0x01, 0x0a, 0x00, 0x03, 0x03, 0x16, 0x00, 0x5a, 0x01,
    0x3b, 0x00, 0x38, 0x01, 0x08, 0x00, 0x07, 0x03, 0x14, 0x00, 0x5a, 0x01, 0x3b, 0x00, 0x38, 0x01,
    0x08, 0x00, 0x07, 0x03, 0x14, 0x00, 0x5a, 0x01, 0x3a, 0x00, 0x39, 0x01, 0x08, 0x00, 0x07, 0x03,
    0x14, 0x00, 0x5b, 0x01, 0x3a, 0x00, 0x37, 0x01, 0x09, 0x00, 0x08, 0x03, 0x14, 0x00, 0x59, 0x01,
    0x3b, 0x00, 0x37, 0x01, 0x09, 0x00, 0x07, 0x03, 0x15, 0x00, 0x59, 0x01, 0x3b, 0x00, 0x37, 0x01,
    0x09, 0x00, 0x07, 0x03, 0x15, 0x00, 0x59, 0x01, 0x3b, 0x00, 0x37, 0x01, 0x0a, 0x00, 0x05, 0x03,
    0x16, 0x00, 0x59, 0x01, 0x3b, 0x00, 0x37, 0x01, 0x25, 0x00, 0x59, 0x01, 0x3b, 0x00, 0x37, 0x01,
    0x25, 0x00, 0x59, 0x01, 0x3b, 0x00, 0x37, 0x01, 0x25, 0x00, 0x59, 0x01, 0x3b, 0x00, 0x37, 0x01,
    0x25, 0x00, 0x59, 0x01, 0x3b, 0x00, 0x37, 0x01, 0x26, 0x00, 0x58, 0x01, 0x3c, 0x00, 0x36, 0x01,
    0x26, 0x00, 0x57, 0x01, 0x3d, 0x00, 0x36, 0x01, 0x26, 0x00, 0x57, 0x01, 0x3d, 0x00, 0x36, 0x01,
    0x26, 0x00, 0x57, 0x01, 0x3d, 0x00, 0x36, 0x01, 0x25, 0x00, 0x58, 0x01, 0x3e, 0x00, 0x35, 0x01,
    0x25, 0x00, 0x57, 0x01, 0x3f, 0x00, 0x35, 0x01, 0x25, 0x00, 0x57, 0x01, 0x40, 0x00, 0x34, 0x01,
    0x25, 0x00, 0x56, 0x01, 0x41, 0x00, 0x34, 0x01, 0x25, 0x00, 0x56, 0x01, 0x41, 0x00, 0x34, 0x01,
    0x25, 0x00, 0x56, 0x01, 0x42, 0x00, 0x33, 0x01, 0x25, 0x00, 0x55, 0x01, 0x43, 0x00, 0x33, 0x01,
    0x25, 0x00, 0x55, 0x01, 0x44, 0x00, 0x33, 0x01, 0x23, 0x00, 0x55, 0x01, 0x45, 0x00, 0x33, 0x01,
    0x23, 0x00, 0x55, 0x01, 0x46, 0x00, 0x32, 0x01, 0x23, 0x00, 0x54, 0x01, 0x47, 0x00, 0x32, 0x01,
    0x23, 0x00, 0x54, 0x01, 0x48, 0x00, 0x32, 0x01, 0x21, 0x00, 0x54, 0x01, 0x4a, 0x00, 0x31, 0x01,
    0x21, 0x00, 0x53, 0x01, 0x4b, 0x00, 0x31, 0x01, 0x21, 0x00, 0x53, 0x01, 0x4c, 0x00, 0x31, 0x01,
    0x1f, 0x00, 0x53, 0x01, 0x4e, 0x00, 0x30, 0x01, 0x1f, 0x00, 0x52, 0x01, 0x50, 0x00, 0x30, 0x01,
    0x1d, 0x00, 0x52, 0x01, 0x52, 0x00, 0x2f, 0x01, 0x1d, 0x00, 0x51, 0x01, 0x53, 0x00, 0x30, 0x01,
    0x1b, 0x00, 0x52, 0x01, 0x54, 0x00, 0x2f, 0x01, 0x1b, 0x00, 0x51, 0x01, 0x56, 0x00, 0x2f, 0x01,
    0x19, 0x00, 0x51, 0x01, 0x58, 0x00, 0x2f, 0x01, 0x17, 0x00, 0x51, 0x01, 0x5a, 0x00, 0x2f, 0x01,
    0x15, 0x00, 0x51, 0x01, 0x5c, 0x00, 0x2f, 0x01, 0x13, 0x00, 0x51, 0x01, 0x5e, 0x00, 0x2f, 0x01,
    0x11, 0x00, 0x51, 0x01, 0x60, 0x00, 0x2f, 0x01, 0x0f, 0x00, 0x51, 0x01, 0x63, 0x00, 0x2e, 0x01,
    0x0d, 0x00, 0x50, 0x01, 0x66, 0x00, 0x30, 0x01, 0x07, 0x00, 0x52, 0x01, 0x68, 0x00, 0x87, 0x01,
    0x6b, 0x00, 0x83, 0x01, 0x6e, 0x00, 0x81, 0x01, 0x70, 0x00, 0x7f, 0x01, 0x73, 0x00, 0x7b, 0x01,
    0x77, 0x00, 0x77, 0x01, 0x7a, 0x00, 0x75, 0x01, 0x7d, 0x00, 0x71, 0x01, 0x81, 0x00, 0x6d, 0x01,
    0x85, 0x00, 0x69, 0x01, 0x89, 0x00, 0x65, 0x01, 0x8d, 0x00, 0x61, 0x01, 0x92, 0x00, 0x5b, 0x01,
    0x98, 0x00, 0x55, 0x01, 0x9d, 0x00, 0x51, 0x01, 0xa2, 0x00, 0x4b, 0x01, 0xa9, 0x00, 0x43, 0x01,
    0xb1, 0x00, 0x3b, 0x01, 0xba, 0x00, 0x31, 0x01, 0xc4, 0x00, 0x27, 0x01, 0xd2, 0x00, 0x15, 0x01,
    0xff, 0x00, 0xff, 0x00, 0xff, 0x00, 0xff, 0x00, 0xff, 0x00, 0xff, 0x00, 0xff, 0x00, 0xff, 0x00,
    0xff, 0x00, 0xff, 0x00, 0xff, 0x00, 0xff, 0x00, 0xff, 0x00, 0xff, 0x00, 0xff, 0x00, 0xff, 0x00,
    0xff, 0x00, 0xff, 0x00, 0xff, 0x00, 0xff, 0x00, 0xff, 0x00, 0xff, 0x00, 0xff, 0x00, 0xff, 0x00,
    0xff, 0x00, 0xff, 0x00, 0xff, 0x00, 0xff, 0x00, 0xff, 0x00, 0xff, 0x00, 0xff, 0x00, 0xff, 0x00,
    0xff, 0x00, 0xff, 0x00, 0xff, 0x00, 0xff, 0x00, 0xff, 0x00, 0xff, 0x00, 0xff, 0x00, 0xff, 0x00,
    0xff, 0x00, 0xff, 0x00, 0xff, 0x00, 0xff, 0x00, 0xff, 0x00, 0xff, 0x00, 0xff, 0x00, 0xff, 0x00,
    0xff, 0x00, 0xff, 0x00, 0xff, 0x00, 0xff, 0x00, 0xff, 0x00, 0xff, 0x00, 0x13, 0x00, 0xff, 0x00,
    0xff, 0x00, 0xff, 0x00, 0xff, 0x00, 0xff, 0x00, 0xff, 0x00, 0xff, 0x00, 0xff, 0x00, 0xff, 0x00,
    0xff, 0x00, 0xff, 0x00, 0xff, 0x00, 0xff, 0x00, 0xff, 0x00, 0xff, 0x00, 0xff, 0x00, 0xff, 0x00,
    0xff, 0x00, 0x5a, 0x00, 0x01, 0x05, 0xec, 0x00, 0x07, 0x05, 0xe8, 0x00, 0x09, 0x05, 0xe6, 0x00,
    0x0b, 0x05, 0xe5, 0x00, 0x0b, 0x05, 0xe5, 0x00, 0x0b, 0x05, 0xe4, 0x00, 0x0d, 0x05, 0xe4, 0x00,
    0x0b, 0x05, 0xe5, 0x00, 0x0b, 0x05, 0xe5, 0x00, 0x0b, 0x05, 0xe6, 0x00, 0x09, 0x05, 0xe8, 0x00,
    0x07, 0x05, 0xec, 0x00, 0x01, 0x05, 0xff, 0x00, 0xff, 0x00, 0xff, 0x00, 0xff, 0x00, 0xff, 0x00,
    0xff, 0x00, 0xff, 0x00, 0xff, 0x00, 0xff, 0x00, 0xff, 0x00, 0xff, 0x00, 0xff, 0x00, 0xff, 0x00,
    0xff, 0x00, 0xff, 0x00, 0xff, 0x00, 0xff, 0x00, 0xff, 0x00, 0xff, 0x00, 0xff, 0x00, 0xff, 0x00,
    0xff, 0x00, 0xff, 0x00, 0xff, 0x00, 0xff, 0x00, 0x5e, 0x00, 0x15, 0x01, 0xd2, 0x00, 0x27, 0x01,
    0xc4, 0x00, 0x31, 0x01, 0xba, 0x00, 0x3b, 0x01, 0xb1, 0x00, 0x43, 0x01, 0xa9, 0x00, 0x4b, 0x01,
    0xa2, 0x00, 0x51, 0x01, 0x9d, 0x00, 0x55, 0x01, 0x98, 0x00, 0x5b, 0x01, 0x92, 0x00, 0x61, 0x01,
    0x8d, 0x00, 0x65, 0x01, 0x89, 0x00, 0x69, 0x01, 0x85, 0x00, 0x6d, 0x01, 0x81, 0x00, 0x71, 0x01,
    0x7d, 0x00, 0x75, 0x01, 0x7a, 0x00, 0x77, 0x01, 0x77, 0x00, 0x7b, 0x01, 0x73, 0x00, 0x7f, 0x01,
    0x70, 0x00, 0x81, 0x01, 0x6e, 0x00, 0x83, 0x01, 0x6b, 0x00, 0x87, 0x01, 0x68, 0x00, 0x89, 0x01,
    0x66, 0x00, 0x8b, 0x01, 0x63, 0x00, 0x8f, 0x01, 0x60, 0x00, 0x91, 0x01, 0x5e, 0x00, 0x93, 0x01,
    0x5c, 0x00, 0x95, 0x01, 0x5a, 0x00, 0x97, 0x01, 0x58, 0x00, 0x99, 0x01, 0x56, 0x00, 0x9b, 0x01,
    0x54, 0x00, 0x9d, 0x01, 0x53, 0x00, 0x36, 0x01, 0x01, 0x00, 0x66, 0x01, 0x52, 0x00, 0x33, 0x01,
    0x09, 0x00, 0x63, 0x01, 0x50, 0x00, 0x32, 0x01, 0x0d, 0x00, 0x62, 0x01, 0x4e, 0x00, 0x31, 0x01,
    0x11, 0x00, 0x61, 0x01, 0x4c, 0x00, 0x31, 0x01, 0x13, 0x00, 0x61, 0x01, 0x4b, 0x00, 0x30, 0x01,
    0x15, 0x00, 0x60, 0x01, 0x4a, 0x00, 0x30, 0x01, 0x17, 0x00, 0x60, 0x01, 0x48, 0x00, 0x30, 0x01,
    0x19, 0x00, 0x60, 0x01, 0x47, 0x00, 0x30, 0x01, 0x19, 0x00, 0x60, 0x01, 0x46, 0x00, 0x30, 0x01,
    0x1b, 0x00, 0x60, 0x01, 0x45, 0x00, 0x30, 0x01, 0x1b, 0x00, 0x60, 0x01, 0x44, 0x00, 0x30, 0x01,
    0x1d, 0x00, 0x60, 0x01, 0x43, 0x00, 0x2f, 0x01, 0x1f, 0x00, 0x5f, 0x01, 0x42, 0x00, 0x30, 0x01,
    0x1f, 0x00, 0x60, 0x01, 0x41, 0x00, 0x30, 0x01, 0x1f, 0x00, 0x60, 0x01, 0x41, 0x00, 0x2f, 0x01,
    0x21, 0x00, 0x5f, 0x01, 0x40, 0x00, 0x30, 0x01, 0x21, 0x00, 0x60, 0x01, 0x3f, 0x00, 0x30, 0x01,
    0x0a, 0x00, 0x01, 0x03, 0x16, 0x00, 0x60, 0x01, 0x3e, 0x00, 0x30, 0x01, 0x09, 0x00, 0x05, 0x03,
    0x15, 0x00, 0x60, 0x01, 0x3d, 0x00, 0x30, 0x01, 0x08, 0x00, 0x07, 0x03, 0x14, 0x00, 0x60, 0x01,
    0x3d, 0x00, 0x30, 0x01, 0x08, 0x00, 0x07, 0x03, 0x14, 0x00, 0x60, 0x01, 0x3d, 0x00, 0x30, 0x01,
    0x07, 0x00, 0x09, 0x03, 0x13, 0x00, 0x60, 0x01, 0x3c, 0x00, 0x30, 0x01, 0x09, 0x00, 0x07, 0x03,
    0x15, 0x00, 0x60, 0x01, 0x3b, 0x00, 0x30, 0x01, 0x09, 0x00, 0x07, 0x03, 0x15, 0x00, 0x60, 0x01,
    0x3b, 0x00, 0x30, 0x01, 0x0a, 0x00, 0x05, 0x03, 0x16, 0x00, 0x60, 0x01, 0x3b, 0x00, 0x30, 0x01,
    0x0c, 0x00, 0x01, 0x03, 0x18, 0x00, 0x60, 0x01, 0x3b, 0x00, 0x30, 0x01, 0x25, 0x00, 0x60, 0x01,
    0x3b, 0x00, 0x30, 0x01, 0x25, 0x00, 0x60, 0x01, 0x3b, 0x00, 0x30, 0x01, 0x25, 0x00, 0x60, 0x01,
    0x3b, 0x00, 0x30, 0x01, 0x25, 0x00, 0x60, 0x01, 0x3b, 0x00, 0x30, 0x01, 0x25, 0x00, 0x60, 0x01,
    0x3a, 0x00, 0x30, 0x01, 0x27, 0x00, 0x60, 0x01, 0x3a, 0x00, 0x30, 0x01, 0x25, 0x00, 0x60, 0x01,
    0x3b, 0x00, 0x30, 0x01, 0x25, 0x00, 0x60, 0x01, 0x3b, 0x00, 0x30, 0x01, 0x25, 0x00, 0x60, 0x01,
    0x3b, 0x00, 0x30, 0x01, 0x25, 0x00, 0x60, 0x01, 0x3b, 0x00, 0x30, 0x01, 0x25, 0x00, 0x60, 0x01,
    0x3b, 0x00, 0x30, 0x01, 0x25, 0x00, 0x60, 0x01, 0x3b, 0x00, 0x30, 0x01, 0x25, 0x00, 0x60, 0x01,
    0x3b, 0x00, 0x30, 0x01, 0x25, 0x00, 0x60, 0x01, 0x3b, 0x00, 0x30, 0x01, 0x25, 0x00, 0x60, 0x01,
    0x3c, 0x00, 0x30, 0x01, 0x23, 0x00, 0x60, 0x01, 0x3d, 0x00, 0x30, 0x01, 0x23, 0x00, 0x60, 0x01,
    0x3d, 0x00, 0x30, 0x01, 0x23, 0x00, 0x60, 0x01, 0x3d, 0x00, 0x30, 0x01, 0x23, 0x00, 0x60, 0x01,
    0x3e, 0x00, 0x30, 0x01, 0x21, 0x00, 0x60, 0x01, 0x3f, 0x00, 0x30, 0x01, 0x21, 0x00, 0x60, 0x01,
    0x40, 0x00, 0x2f, 0x01, 0x21, 0x00, 0x5f, 0x01, 0x41, 0x00, 0x30, 0x01, 0x1f, 0x00, 0x60, 0x01,
    0x41, 0x00, 0x30, 0x01, 0x1f, 0x00, 0x60, 0x01, 0x42, 0x00, 0x2f, 0x01, 0x1f, 0x00, 0x5f, 0x01,
    0x43, 0x00, 0x30, 0x01, 0x1d, 0x00, 0x60, 0x01, 0x44, 0x00, 0x30, 0x01, 0x1b, 0x00, 0x60, 0x01,
    0x45, 0x00, 0x30, 0x01, 0x1b, 0x00, 0x60, 0x01, 0x46, 0x00, 0x30, 0x01, 0x19, 0x00, 0x60, 0x01,
    0x47, 0x00, 0x30, 0x01, 0x19, 0x00, 0x60, 0x01, 0x48, 0x00, 0x30, 0x01, 0x17, 0x00, 0x60, 0x01,
    0x4a, 0x00, 0x30, 0x01, 0x15, 0x00, 0x60, 0x01, 0x4b, 0x00, 0x31, 0x01, 0x13, 0x00, 0x61, 0x01,
    0x4c, 0x00, 0x31, 0x01, 0x11, 0x00, 0x61, 0x01, 0x4e, 0x00, 0x32, 0x01, 0x0d, 0x00, 0x62, 0x01,
    0x50, 0x00, 0x33, 0x01, 0x09, 0x00, 0x63, 0x01, 0x52, 0x00, 0x36, 0x01, 0x01, 0x00, 0x66, 0x01,
    0x53, 0x00, 0x9d, 0x01, 0x54, 0x00, 0x9b, 0x01, 0x56, 0x00, 0x99, 0x01, 0x58, 0x00, 0x97, 0x01,
    0x5a, 0x00, 0x95, 0x01, 0x5c, 0x00, 0x93, 0x01, 0x5e, 0x00, 0x91, 0x01, 0x60, 0x00, 0x8f, 0x01,
    0x63, 0x00, 0x8b, 0x01, 0x66, 0x00, 0x89, 0x01, 0x68, 0x00, 0x87, 0x01, 0x6b, 0x00, 0x83, 0x01,
    0x6e, 0x00, 0x81, 0x01, 0x70, 0x00, 0x7f, 0x01, 0x73, 0x00, 0x7b, 0x01, 0x77, 0x00, 0x77, 0x01,
    0x7a, 0x00, 0x75, 0x01, 0x7d, 0x00, 0x71, 0x01, 0x81, 0x00, 0x6d, 0x01, 0x85, 0x00, 0x69, 0x01,
    0x89, 0x00, 0x65, 0x01, 0x8d, 0x00, 0x61, 0x01, 0x92, 0x00, 0x5b, 0x01, 0x98, 0x00, 0x55, 0x01,
    0x9d, 0x00, 0x51, 0x01, 0xa2, 0x00, 0x4b, 0x01, 0xa9, 0x00, 0x43, 0x01, 0xb1, 0x00, 0x3b, 0x01,
    0xba, 0x00, 0x31, 0x01, 0xc4, 0x00, 0x27, 0x01, 0xd2, 0x00, 0x15, 0x01, 0xff, 0x00, 0xff, 0x00,
    0xff, 0x00, 0xff, 0x00, 0xff, 0x00, 0xff, 0x00, 0xff, 0x00, 0xff, 0x00, 0xff, 0x00, 0xff, 0x00,
    0xff, 0x00, 0xff, 0x00, 0xff, 0x00, 0xff, 0x00, 0xff, 0x00, 0xff, 0x00, 0xff, 0x00, 0xff, 0x00,
    0xff, 0x00, 0xff, 0x00, 0xff, 0x00, 0xff, 0x00, 0xff, 0x00, 0xff, 0x00, 0xff, 0x00, 0xff, 0x00,
    0xff, 0x00, 0xff, 0x00, 0xff, 0x00, 0xff, 0x00, 0xff, 0x00, 0xff, 0x00, 0xff, 0x00, 0xff, 0x00,
    0xff, 0x00, 0xff, 0x00, 0xff, 0x00, 0xff, 0x00, 0xff, 0x00, 0xff, 0x00, 0xff, 0x00, 0xff, 0x00,
    0xff, 0x00, 0xff, 0x00, 0xff, 0x00, 0xff, 0x00, 0xff, 0x00, 0xff, 0x00, 0xff, 0x00, 0xff, 0x00,
    0xff, 0x00, 0xff, 0x00, 0xff, 0x00, 0xff, 0x00, 0x13, 0x00, 0xff, 0x00, 0xff, 0x00, 0xff, 0x00,
    0xff, 0x00, 0xff, 0x00, 0xff, 0x00, 0xff, 0x00, 0xff, 0x00, 0xff, 0x00, 0xff, 0x00, 0xff, 0x00,
    0xff, 0x00, 0xff, 0x00, 0xff, 0x00, 0xff, 0x00, 0xff, 0x00, 0x78, 0x00, 0x01, 0x05, 0xec, 0x00,
    0x07, 0x05, 0xe7, 0x00, 0x0b, 0x05, 0xe4, 0x00, 0x0d, 0x05, 0xe3, 0x00, 0x0d, 0x05, 0xe2, 0x00,
    0x0f, 0x05, 0xe1, 0x00, 0x0f, 0x05, 0xe1, 0x00, 0x0f, 0x05, 0xe0, 0x00, 0x11, 0x05, 0xe0, 0x00,
    0x0f, 0x05, 0xe1, 0x00, 0x0f, 0x05, 0xe1, 0x00, 0x0f, 0x05, 0xe2, 0x00, 0x0d, 0x05, 0xe3, 0x00,
    0x0d, 0x05, 0xe4, 0x00, 0x0b, 0x05, 0xe7, 0x00, 0x07, 0x05, 0xec, 0x00, 0x01, 0x05, 0xff, 0x00,
    0xff, 0x00, 0xff, 0x00, 0xff, 0x00, 0xff, 0x00, 0xff, 0x00, 0xff, 0x00, 0xff, 0x00, 0xff, 0x00,
    0xff, 0x00, 0xff, 0x00, 0xff, 0x00, 0xff, 0x00, 0xff, 0x00, 0xff, 0x00, 0xff, 0x00, 0xff, 0x00,
    0xff, 0x00, 0xff, 0x00, 0xff, 0x00, 0xff, 0x00, 0xff, 0x00, 0xff, 0x00, 0x7c, 0x00, 0x15, 0x01,
    0xd2, 0x00, 0x27, 0x01, 0xc4, 0x00, 0x31, 0x01, 0xba, 0x00, 0x3b, 0x01, 0xb1, 0x00, 0x43, 0x01,
    0xa9, 0x00, 0x4b, 0x01, 0xa2, 0x00, 0x51, 0x01, 0x9d, 0x00, 0x55, 0x01, 0x98, 0x00, 0x5b, 0x01,
    0x92, 0x00, 0x61, 0x01, 0x8d, 0x00, 0x65, 0x01, 0x89, 0x00, 0x69, 0x01, 0x85, 0x00, 0x6d, 0x01,
    0x81, 0x00, 0x71, 0x01, 0x7d, 0x00, 0x75, 0x01, 0x7a, 0x00, 0x77, 0x01, 0x77, 0x00, 0x7b, 0x01,
    0x73, 0x00, 0x7f, 0x01, 0x70, 0x00, 0x81, 0x01, 0x6e, 0x00, 0x83, 0x01, 0x6b, 0x00, 0x87, 0x01,
    0x68, 0x00, 0x30, 0x01, 0x07, 0x00, 0x52, 0x01, 0x66, 0x00, 0x2e, 0x01, 0x0d, 0x00, 0x50, 0x01,
    0x63, 0x00, 0x2f, 0x01, 0x0f, 0x00, 0x51, 0x01, 0x60, 0x00, 0x2f, 0x01, 0x11, 0x00, 0x51, 0x01,
    0x5e, 0x00, 0x2f, 0x01, 0x13, 0x00, 0x51, 0x01, 0x5c, 0x00, 0x2f, 0x01, 0x15, 0x00, 0x51, 0x01,
    0x5a, 0x00, 0x2f, 0x01, 0x17, 0x00, 0x51, 0x01, 0x58, 0x00, 0x2f, 0x01, 0x19, 0x00, 0x51, 0x01,
    0x56, 0x00, 0x2f, 0x01, 0x1b, 0x00, 0x51, 0x01, 0x54, 0x00, 0x30, 0x01, 0x1b, 0x00, 0x52, 0x01,
    0x53, 0x00, 0x2f, 0x01, 0x1d, 0x00, 0x51, 0x01, 0x52, 0x00, 0x30, 0x01, 0x1d, 0x00, 0x52, 0x01,
    0x50, 0x00, 0x30, 0x01, 0x1f, 0x00, 0x52, 0x01, 0x4e, 0x00, 0x31, 0x01, 0x1f, 0x00, 0x53, 0x01,
    0x4c, 0x00, 0x31, 0x01, 0x21, 0x00, 0x53, 0x01, 0x4b, 0x00, 0x31, 0x01, 0x21, 0x00, 0x53, 0x01,
    0x4a, 0x00, 0x32, 0x01, 0x21, 0x00, 0x54, 0x01, 0x48, 0x00, 0x32, 0x01, 0x09, 0x00, 0x05, 0x03,
    0x15, 0x00, 0x54, 0x01, 0x47, 0x00, 0x32, 0x01, 0x08, 0x00, 0x07, 0x03, 0x14, 0x00, 0x54, 0x01,
    0x46, 0x00, 0x33, 0x01, 0x08, 0x00, 0x07, 0x03, 0x14, 0x00, 0x55, 0x01, 0x45, 0x00, 0x33, 0x01,
    0x08, 0x00, 0x08, 0x03, 0x13, 0x00, 0x55, 0x01, 0x44, 0x00, 0x33, 0x01, 0x09, 0x00, 0x07, 0x03,
    0x15, 0x00, 0x55, 0x01, 0x43, 0x00, 0x33, 0x01, 0x09, 0x00, 0x07, 0x03, 0x15, 0x00, 0x55, 0x01,
    0x42, 0x00, 0x34, 0x01, 0x09, 0x00, 0x07, 0x03, 0x15, 0x00, 0x56, 0x01, 0x41, 0x00, 0x34, 0x01,
    0x0b, 0x00, 0x03, 0x03, 0x17, 0x00, 0x56, 0x01, 0x41, 0x00, 0x34, 0x01, 0x25, 0x00, 0x56, 0x01,
    0x40, 0x00, 0x35, 0x01, 0x25, 0x00, 0x57, 0x01, 0x3f, 0x00, 0x35, 0x01, 0x25, 0x00, 0x57, 0x01,
    0x3e, 0x00, 0x36, 0x01, 0x25, 0x00, 0x58, 0x01, 0x3d, 0x00, 0x36, 0x01, 0x26, 0x00, 0x57, 0x01,
    0x3d, 0x00, 0x36, 0x01, 0x26, 0x00, 0x57, 0x01, 0x3d, 0x00, 0x36, 0x01, 0x26, 0x00, 0x57, 0x01,
    0x3c, 0x00, 0x37, 0x01, 0x26, 0x00, 0x58, 0x01, 0x3b, 0x00, 0x37, 0x01, 0x25, 0x00, 0x59, 0x01,
    0x3b, 0x00, 0x37, 0x01, 0x25, 0x00, 0x59, 0x01, 0x3b, 0x00, 0x37, 0x01, 0x25, 0x00, 0x59, 0x01,
    0x3b, 0x00, 0x37, 0x01, 0x25, 0x00, 0x59, 0x01, 0x3b, 0x00, 0x37, 0x01, 0x25, 0x00, 0x59, 0x01,
    0x3b, 0x00, 0x37, 0x01, 0x25, 0x00, 0x59, 0x01, 0x3b, 0x00, 0x37, 0x01, 0x25, 0x00, 0x59, 0x01,
    0x3b, 0x00, 0x37, 0x01, 0x25, 0x00, 0x59, 0x01, 0x3a, 0x00, 0x39, 0x01, 0x23, 0x00, 0x5b, 0x01,
    0x3a, 0x00, 0x38, 0x01, 0x23, 0x00, 0x5a, 0x01, 0x3b, 0x00, 0x38, 0x01, 0x23, 0x00, 0x5a, 0x01,
    0x3b, 0x00, 0x38, 0x01, 0x23, 0x00, 0x5a, 0x01, 0x3b, 0x00, 0x39, 0x01, 0x21, 0x00, 0x5b, 0x01,
    0x3b, 0x00, 0x39, 0x01, 0x21, 0x00, 0x5b, 0x01, 0x3b, 0x00, 0x39, 0x01, 0x21, 0x00, 0x5b, 0x01,
    0x3b, 0x00, 0x3a, 0x01, 0x1f, 0x00, 0x5c, 0x01, 0x3b, 0x00, 0x3a, 0x01, 0x1f, 0x00, 0x5c, 0x01,
    0x3b, 0x00, 0x3b, 0x01, 0x1d, 0x00, 0x5d, 0x01, 0x3c, 0x00, 0x3a, 0x01, 0x1d, 0x00, 0x5c, 0x01,
    0x3d, 0x00, 0x3b, 0x01, 0x1b, 0x00, 0x5d, 0x01, 0x3d, 0x00, 0x3c, 0x01, 0x1a, 0x00, 0x5d, 0x01,
    0x3d, 0x00, 0x3c, 0x01, 0x19, 0x00, 0x5e, 0x01, 0x3e, 0x00, 0x3c, 0x01, 0x17, 0x00, 0x5e, 0x01,
    0x3f, 0x00, 0x3d, 0x01, 0x15, 0x00, 0x5f, 0x01, 0x40, 0x00, 0x3d, 0x01, 0x13, 0x00, 0x5f, 0x01,
    0x41, 0x00, 0x3e, 0x01, 0x11, 0x00, 0x60, 0x01, 0x41, 0x00, 0x3f, 0x01, 0x0f, 0x00, 0x61, 0x01,
    0x42, 0x00, 0x40, 0x01, 0x0b, 0x00, 0x62, 0x01, 0x43, 0x00, 0x43, 0x01, 0x06, 0x00, 0x64, 0x01,
    0x44, 0x00, 0xab, 0x01, 0x45, 0x00, 0xab, 0x01, 0x46, 0x00, 0xa9, 0x01, 0x47, 0x00, 0xa9, 0x01,
    0x48, 0x00, 0xa7, 0x01, 0x4a, 0x00, 0xa5, 0x01, 0x4b, 0x00, 0xa5, 0x01, 0x4c, 0x00, 0xa3, 0x01,
    0x4e, 0x00, 0xa1, 0x01, 0x50, 0x00, 0x9f, 0x01, 0x52, 0x00, 0x9d, 0x01, 0x53, 0x00, 0x9d, 0x01,
    0x54, 0x00, 0x9b, 0x01, 0x56, 0x00, 0x99, 0x01, 0x58, 0x00, 0x97, 0x01, 0x5a, 0x00, 0x95, 0x01,
    0x5c, 0x00, 0x93, 0x01, 0x5e, 0x00, 0x91, 0x01, 0x60, 0x00, 0x8f, 0x01, 0x63, 0x00, 0x8b, 0x01,
    0x66, 0x00, 0x89, 0x01, 0x68, 0x00, 0x87, 0x01, 0x6b, 0x00, 0x83, 0x01, 0x6e, 0x00, 0x81, 0x01,
    0x70, 0x00, 0x7f, 0x01, 0x73, 0x00, 0x7b, 0x01, 0x77, 0x00, 0x77, 0x01, 0x7a, 0x00, 0x75, 0x01,
    0x7d, 0x00, 0x71, 0x01, 0x81, 0x00, 0x6d, 0x01, 0x85, 0x00, 0x69, 0x01, 0x89, 0x00, 0x65, 0x01,
    0x8d, 0x00, 0x61, 0x01, 0x92, 0x00, 0x5b, 0x01, 0x98, 0x00, 0x55, 0x01, 0x9d, 0x00, 0x51, 0x01,
    0xa2, 0x00, 0x4b, 0x01, 0xa9, 0x00, 0x43, 0x01, 0xb1, 0x00, 0x3b, 0x01, 0xba, 0x00, 0x31, 0x01,
    0xc4, 0x00, 0x27, 0x01, 0xd2, 0x00, 0x15, 0x01, 0xff, 0x00, 0xff, 0x00, 0xff, 0x00, 0xff, 0x00,
    0xff, 0x00, 0xff, 0x00, 0xff, 0x00, 0xff, 0x00, 0xff, 0x00, 0xff, 0x00, 0xff, 0x00, 0xff, 0x00,
    0xff, 0x00, 0xff, 0x00, 0xff, 0x00, 0xff, 0x00, 0xff, 0x00, 0xff, 0x00, 0xff, 0x00, 0xff, 0x00,
    0xff, 0x00, 0xff, 0x00, 0xff, 0x00, 0xff, 0x00, 0xff, 0x00, 0xff, 0x00, 0xff, 0x00, 0xff, 0x00,
    0xff, 0x00, 0xff, 0x00, 0xff, 0x00, 0xff, 0x00, 0xff, 0x00, 0xff, 0x00, 0xff, 0x00, 0xff, 0x00,
    0xff, 0x00, 0xff, 0x00, 0xff, 0x00, 0xff, 0x00, 0xff, 0x00, 0xff, 0x00, 0xff, 0x00, 0xff, 0x00,
    0xff, 0x00, 0xff, 0x00, 0xff, 0x00, 0xff, 0x00, 0xff, 0x00, 0xff, 0x00, 0xff, 0x00, 0xff, 0x00,
    0xff, 0x00, 0xff, 0x00, 0x13, 0x00, 0xff, 0x00, 0xff, 0x00, 0xff, 0x00, 0xff, 0x00, 0xff, 0x00,
    0xff, 0x00, 0xff, 0x00, 0xff, 0x00, 0xff, 0x00, 0xff, 0x00, 0xff, 0x00, 0xff, 0x00, 0xff, 0x00,
    0xff, 0x00, 0xff, 0x00, 0xff, 0x00, 0xff, 0x00, 0xff, 0x00, 0xff, 0x00, 0xff, 0x00, 0x3c, 0x00,
    0x01, 0x05, 0xed, 0x00, 0x05, 0x05, 0xea, 0x00, 0x07, 0x05, 0xe9, 0x00, 0x07, 0x05, 0xe8, 0x00,
    0x09, 0x05, 0xe8, 0x00, 0x07, 0x05, 0xe9, 0x00, 0x07, 0x05, 0xea, 0x00, 0x05, 0x05, 0xed, 0x00,
    0x01, 0x05, 0xff, 0x00, 0xff, 0x00, 0xff, 0x00, 0xff, 0x00, 0xff, 0x00, 0xff, 0x00, 0xff, 0x00,
    0xff, 0x00, 0xff, 0x00, 0xff, 0x00, 0xff, 0x00, 0xff, 0x00, 0xff, 0x00, 0xff, 0x00, 0xff, 0x00,
    0xff, 0x00, 0xff, 0x00, 0xff, 0x00, 0xff, 0x00, 0xff, 0x00, 0xff, 0x00, 0xff, 0x00, 0xff, 0x00,
    0xff, 0x00, 0xff, 0x00, 0xff, 0x00, 0xff, 0x00, 0x40, 0x00, 0x15, 0x01, 0xd2, 0x00, 0x27, 0x01,
    0xc4, 0x00, 0x31, 0x01, 0xba, 0x00, 0x3b, 0x01, 0xb1, 0x00, 0x43, 0x01, 0xa9, 0x00, 0x4b, 0x01,
    0xa2, 0x00, 0x51, 0x01, 0x9d, 0x00, 0x55, 0x01, 0x98, 0x00, 0x5b, 0x01, 0x92, 0x00, 0x61, 0x01,
    0x8d, 0x00, 0x65, 0x01, 0x89, 0x00, 0x69, 0x01, 0x85, 0x00, 0x6d, 0x01, 0x81, 0x00, 0x71, 0x01,
    0x7d, 0x00, 0x75, 0x01, 0x7a, 0x00, 0x77, 0x01, 0x77, 0x00, 0x3d, 0x01, 0x01, 0x00, 0x3d, 0x01,
    0x73, 0x00, 0x3b, 0x01, 0x09, 0x00, 0x3b, 0x01, 0x70, 0x00, 0x3a, 0x01, 0x0d, 0x00, 0x3a, 0x01,
    0x6e, 0x00, 0x39, 0x01, 0x11, 0x00, 0x39, 0x01, 0x6b, 0x00, 0x3a, 0x01, 0x13, 0x00, 0x3a, 0x01,
    0x68, 0x00, 0x3a, 0x01, 0x15, 0x00, 0x3a, 0x01, 0x66, 0x00, 0x3a, 0x01, 0x17, 0x00, 0x3a, 0x01,
    0x63, 0x00, 0x3b, 0x01, 0x19, 0x00, 0x3b, 0x01, 0x60, 0x00, 0x3c, 0x01, 0x19, 0x00, 0x3c, 0x01,
    0x5e, 0x00, 0x3c, 0x01, 0x1b, 0x00, 0x3c, 0x01, 0x5c, 0x00, 0x3d, 0x01, 0x1b, 0x00, 0x3d, 0x01,
    0x5a, 0x00, 0x3d, 0x01, 0x1d, 0x00, 0x3d, 0x01, 0x58, 0x00, 0x3d, 0x01, 0x1f, 0x00, 0x3d, 0x01,
    0x56, 0x00, 0x3e, 0x01, 0x1f, 0x00, 0x3e, 0x01, 0x54, 0x00, 0x3f, 0x01, 0x1f, 0x00, 0x3f, 0x01,
    0x53, 0x00, 0x3e, 0x01, 0x21, 0x00, 0x3e, 0x01, 0x52, 0x00, 0x3f, 0x01, 0x21, 0x00, 0x3f, 0x01,
    0x50, 0x00, 0x40, 0x01, 0x0a, 0x00, 0x01, 0x03, 0x16, 0x00, 0x40, 0x01, 0x4e, 0x00, 0x40, 0x01,
    0x09, 0x00, 0x05, 0x03, 0x15, 0x00, 0x40, 0x01, 0x4c, 0x00, 0x41, 0x01, 0x08, 0x00, 0x07, 0x03,
    0x14, 0x00, 0x41, 0x01, 0x4b, 0x00, 0x41, 0x01, 0x08, 0x00, 0x07, 0x03, 0x14, 0x00, 0x41, 0x01,
    0x4a, 0x00, 0x42, 0x01, 0x07, 0x00, 0x09, 0x03, 0x13, 0x00, 0x42, 0x01, 0x48, 0x00, 0x42, 0x01,
    0x09, 0x00, 0x07, 0x03, 0x15, 0x00, 0x42, 0x01, 0x47, 0x00, 0x42, 0x01, 0x09, 0x00, 0x07, 0x03,
    0x15, 0x00, 0x42, 0x01, 0x46, 0x00, 0x43, 0x01, 0x0a, 0x00, 0x05, 0x03, 0x16, 0x00, 0x43, 0x01,
    0x45, 0x00, 0x43, 0x01, 0x0c, 0x00, 0x01, 0x03, 0x18, 0x00, 0x43, 0x01, 0x44, 0x00, 0x44, 0x01,
    0x25, 0x00, 0x44, 0x01, 0x43, 0x00, 0x44, 0x01, 0x25, 0x00, 0x44, 0x01, 0x42, 0x00, 0x45, 0x01,
    0x25, 0x00, 0x45, 0x01, 0x41, 0x00, 0x45, 0x01, 0x25, 0x00, 0x45, 0x01, 0x41, 0x00, 0x45, 0x01,
    0x25, 0x00, 0x45, 0x01, 0x40, 0x00, 0x45, 0x01, 0x27, 0x00, 0x45, 0x01, 0x3f, 0x00, 0x46, 0x01,
    0x25, 0x00, 0x46, 0x01, 0x3e, 0x00, 0x47, 0x01, 0x25, 0x00, 0x47, 0x01, 0x3d, 0x00, 0x47, 0x01,
    0x25, 0x00, 0x47, 0x01, 0x3d, 0x00, 0x47, 0x01, 0x25, 0x00, 0x47, 0x01, 0x3d, 0x00, 0x47, 0x01,
    0x25, 0x00, 0x47, 0x01, 0x3c, 0x00, 0x48, 0x01, 0x25, 0x00, 0x48, 0x01, 0x3b, 0x00, 0x48, 0x01,
    0x25, 0x00, 0x48, 0x01, 0x3b, 0x00, 0x48, 0x01, 0x25, 0x00, 0x48, 0x01, 0x3b, 0x00, 0x48, 0x01,
    0x25, 0x00, 0x48, 0x01, 0x3b, 0x00, 0x49, 0x01, 0x23, 0x00, 0x49, 0x01, 0x3b, 0x00, 0x49, 0x01,
    0x23, 0x00, 0x49, 0x01, 0x3b, 0x00, 0x49, 0x01, 0x23, 0x00, 0x49, 0x01, 0x3b, 0x00, 0x49, 0x01,
    0x23, 0x00, 0x49, 0x01, 0x3b, 0x00, 0x4a, 0x01, 0x21, 0x00, 0x4a, 0x01, 0x3a, 0x00, 0x4b, 0x01,
    0x21, 0x00, 0x4b, 0x01, 0x3a, 0x00, 0x4a, 0x01, 0x21, 0x00, 0x4a, 0x01, 0x3b, 0x00, 0x4b, 0x01,
    0x1f, 0x00, 0x4b, 0x01, 0x3b, 0x00, 0x4b, 0x01, 0x1f, 0x00, 0x4b, 0x01, 0x3b, 0x00, 0x4b, 0x01,
    0x1f, 0x00, 0x4b, 0x01, 0x3b, 0x00, 0x4c, 0x01, 0x1d, 0x00, 0x4c, 0x01, 0x3b, 0x00, 0x4d, 0x01,
    0x1b, 0x00, 0x4d, 0x01, 0x3b, 0x00, 0x4d, 0x01, 0x1b, 0x00, 0x4d, 0x01, 0x3b, 0x00, 0x4e, 0x01,
    0x19, 0x00, 0x4e, 0x01, 0x3b, 0x00, 0x4e, 0x01, 0x19, 0x00, 0x4e, 0x01, 0x3c, 0x00, 0x4e, 0x01,
    0x17, 0x00, 0x4e, 0x01, 0x3d, 0x00, 0x4f, 0x01, 0x15, 0x00, 0x4f, 0x01, 0x3d, 0x00, 0x50, 0x01,
    0x13, 0x00, 0x50, 0x01, 0x3d, 0x00, 0x51, 0x01, 0x11, 0x00, 0x51, 0x01, 0x3e, 0x00, 0x52, 0x01,
    0x0d, 0x00, 0x52, 0x01, 0x3f, 0x00, 0x54, 0x01, 0x09, 0x00, 0x54, 0x01, 0x40, 0x00, 0x57, 0x01,
    0x01, 0x00, 0x57, 0x01, 0x41, 0x00, 0xaf, 0x01, 0x41, 0x00, 0xaf, 0x01, 0x42, 0x00, 0xad, 0x01,
    0x43, 0x00, 0xad, 0x01, 0x44, 0x00, 0xab, 0x01, 0x45, 0x00, 0xab, 0x01, 0x46, 0x00, 0xa9, 0x01,
    0x47, 0x00, 0xa9, 0x01, 0x48, 0x00, 0xa7, 0x01, 0x4a, 0x00, 0xa5, 0x01, 0x4b, 0x00, 0xa5, 0x01,
    0x4c, 0x00, 0xa3, 0x01, 0x4e, 0x00, 0xa1, 0x01, 0x50, 0x00, 0x9f, 0x01, 0x52, 0x00, 0x9d, 0x01,
    0x53, 0x00, 0x9d, 0x01, 0x54, 0x00, 0x9b, 0x01, 0x56, 0x00, 0x99, 0x01, 0x58, 0x00, 0x97, 0x01,
    0x5a, 0x00, 0x95, 0x01, 0x5c, 0x00, 0x93, 0x01, 0x5e, 0x00, 0x91, 0x01, 0x60, 0x00, 0x8f, 0x01,
    0x63, 0x00, 0x8b, 0x01, 0x66, 0x00, 0x89, 0x01, 0x68, 0x00, 0x87, 0x01, 0x6b, 0x00, 0x83, 0x01,
    0x6e, 0x00, 0x81, 0x01, 0x70, 0x00, 0x7f, 0x01, 0x73, 0x00, 0x7b, 0x01, 0x77, 0x00, 0x77, 0x01,
    0x7a, 0x00, 0x75, 0x01, 0x7d, 0x00, 0x71, 0x01, 0x81, 0x00, 0x6d, 0x01, 0x85, 0x00, 0x69, 0x01,
    0x89, 0x00, 0x65, 0x01, 0x8d, 0x00, 0x61, 0x01, 0x92, 0x00, 0x5b, 0x01, 0x98, 0x00, 0x55, 0x01,
    0x9d, 0x00, 0x51, 0x01, 0xa2, 0x00, 0x4b, 0x01, 0xa9, 0x00, 0x43, 0x01, 0xb1, 0x00, 0x3b, 0x01,
    0xba, 0x00, 0x31, 0x01, 0xc4, 0x00, 0x27, 0x01, 0xd2, 0x00, 0x15, 0x01, 0xff, 0x00, 0xff, 0x00,
    0xff, 0x00, 0xff, 0x00, 0xff, 0x00, 0xff, 0x00, 0xff, 0x00, 0xff, 0x00, 0xff, 0x00, 0xff, 0x00,
    0xff, 0x00, 0xff, 0x00, 0xff, 0x00, 0xff, 0x00, 0xff, 0x00, 0xff, 0x00, 0xff, 0x00, 0xff, 0x00,
    0xff, 0x00, 0xff, 0x00, 0xff, 0x00, 0xff, 0x00, 0xff, 0x00, 0xff, 0x00, 0xff, 0x00, 0xff, 0x00,
    0xff, 0x00, 0xff, 0x00, 0xff, 0x00, 0xff, 0x00, 0xff, 0x00, 0xff, 0x00, 0xff, 0x00, 0xff, 0x00,
    0xff, 0x00, 0xff, 0x00, 0xff, 0x00, 0xff, 0x00, 0xff, 0x00, 0xff, 0x00, 0xff, 0x00, 0xff, 0x00,
    0xff, 0x00, 0xff, 0x00, 0xff, 0x00, 0xff, 0x00, 0xff, 0x00, 0xff, 0x00, 0xff, 0x00, 0xff, 0x00,
    0xff, 0x00, 0xff, 0x00, 0xff, 0x00, 0xff, 0x00, 0x13, 0x00, 0xff, 0x00, 0xff, 0x00, 0xff, 0x00,
    0xff, 0x00, 0xff, 0x00, 0xff, 0x00, 0xff, 0x00, 0xff, 0x00, 0xff, 0x00, 0xff, 0x00, 0xff, 0x00,
    0xff, 0x00, 0xff, 0x00, 0xff, 0x00, 0xff, 0x00, 0xff, 0x00, 0xff, 0x00, 0xff, 0x00, 0x5a, 0x00,
    0x01, 0x05, 0xec, 0x00, 0x07, 0x05, 0xe8, 0x00, 0x09, 0x05, 0xe6, 0x00, 0x0b, 0x05, 0xe5, 0x00,
    0x0b, 0x05, 0xe5, 0x00, 0x0b, 0x05, 0xe4, 0x00, 0x0d, 0x05, 0xe4, 0x00, 0x0b, 0x05, 0xe5, 0x00,
    0x0b, 0x05, 0xe5, 0x00, 0x0b, 0x05, 0xe6, 0x00, 0x09, 0x05, 0xe8, 0x00, 0x07, 0x05, 0xec, 0x00,
    0x01, 0x05, 0xff, 0x00, 0xff, 0x00, 0xff, 0x00, 0xff, 0x00, 0xff, 0x00, 0xff, 0x00, 0xff, 0x00,
    0xff, 0x00, 0xff, 0x00, 0xff, 0x00, 0xff, 0x00, 0xff, 0x00, 0xff, 0x00, 0xff, 0x00, 0xff, 0x00,
    0xff, 0x00, 0xff, 0x00, 0xff, 0x00, 0xff, 0x00, 0xff, 0x00, 0xff, 0x00, 0xff, 0x00, 0xff, 0x00,
    0xff, 0x00, 0xff, 0x00, 0x5e, 0x00, 0x15, 0x01, 0xd2, 0x00, 0x27, 0x01, 0xc4, 0x00, 0x31, 0x01,
    0xba, 0x00, 0x3b, 0x01, 0xb1, 0x00, 0x43, 0x01, 0xa9, 0x00, 0x4b, 0x01, 0xa2, 0x00, 0x51, 0x01,
    0x9d, 0x00, 0x55, 0x01, 0x98, 0x00, 0x5b, 0x01, 0x92, 0x00, 0x61, 0x01, 0x8d, 0x00, 0x65, 0x01,
    0x89, 0x00, 0x69, 0x01, 0x85, 0x00, 0x6d, 0x01, 0x81, 0x00, 0x71, 0x01, 0x7d, 0x00, 0x75, 0x01,
    0x7a, 0x00, 0x77, 0x01, 0x77, 0x00, 0x7b, 0x01, 0x73, 0x00, 0x7f, 0x01, 0x70, 0x00, 0x81, 0x01,
    0x6e, 0x00, 0x83, 0x01, 0x6b, 0x00, 0x87, 0x01, 0x68, 0x00, 0x52, 0x01, 0x07, 0x00, 0x30, 0x01,
    0x66, 0x00, 0x50, 0x01, 0x0d, 0x00, 0x2e, 0x01, 0x63, 0x00, 0x51, 0x01, 0x0f, 0x00, 0x2f, 0x01,
    0x60, 0x00, 0x51, 0x01, 0x11, 0x00, 0x2f, 0x01, 0x5e, 0x00, 0x51, 0x01, 0x13, 0x00, 0x2f, 0x01,
    0x5c, 0x00, 0x51, 0x01, 0x15, 0x00, 0x2f, 0x01, 0x5a, 0x00, 0x51, 0x01, 0x17, 0x00, 0x2f, 0x01,
    0x58, 0x00, 0x51, 0x01, 0x19, 0x00, 0x2f, 0x01, 0x56, 0x00, 0x51, 0x01, 0x1b, 0x00, 0x2f, 0x01,
    0x54, 0x00, 0x52, 0x01, 0x1b, 0x00, 0x30, 0x01, 0x53, 0x00, 0x51, 0x01, 0x1d, 0x00, 0x2f, 0x01,
    0x52, 0x00, 0x52, 0x01, 0x1d, 0x00, 0x30, 0x01, 0x50, 0x00, 0x52, 0x01, 0x1f, 0x00, 0x30, 0x01,
    0x4e, 0x00, 0x53, 0x01, 0x1f, 0x00, 0x31, 0x01, 0x4c, 0x00, 0x53, 0x01, 0x21, 0x00, 0x31, 0x01,
    0x4b, 0x00, 0x53, 0x01, 0x21, 0x00, 0x31, 0x01, 0x4a, 0x00, 0x54, 0x01, 0x21, 0x00, 0x32, 0x01,
    0x48, 0x00, 0x54, 0x01, 0x09, 0x00, 0x05, 0x03, 0x15, 0x00, 0x32, 0x01, 0x47, 0x00, 0x54, 0x01,
    0x08, 0x00, 0x07, 0x03, 0x14, 0x00, 0x32, 0x01, 0x46, 0x00, 0x55, 0x01, 0x08, 0x00, 0x07, 0x03,
    0x14, 0x00, 0x33, 0x01, 0x45, 0x00, 0x55, 0x01, 0x07, 0x00, 0x08, 0x03, 0x14, 0x00, 0x33, 0x01,
    0x44, 0x00, 0x55, 0x01, 0x09, 0x00, 0x07, 0x03, 0x15, 0x00, 0x33, 0x01, 0x43, 0x00, 0x55, 0x01,
    0x09, 0x00, 0x07, 0x03, 0x15, 0x00, 0x33, 0x01, 0x42, 0x00, 0x56, 0x01, 0x09, 0x00, 0x07, 0x03,
    0x15, 0x00, 0x34, 0x01, 0x41, 0x00, 0x56, 0x01, 0x0b, 0x00, 0x03, 0x03, 0x17, 0x00, 0x34, 0x01,
    0x41, 0x00, 0x56, 0x01, 0x25, 0x00, 0x34, 0x01, 0x40, 0x00, 0x57, 0x01, 0x25, 0x00, 0x35, 0x01,
    0x3f, 0x00, 0x57, 0x01, 0x25, 0x00, 0x35, 0x01, 0x3e, 0x00, 0x58, 0x01, 0x25, 0x00, 0x36, 0x01,
    0x3d, 0x00, 0x57, 0x01, 0x26, 0x00, 0x36, 0x01, 0x3d, 0x00, 0x57, 0x01, 0x26, 0x00, 0x36, 0x01,
    0x3d, 0x00, 0x57, 0x01, 0x26, 0x00, 0x36, 0x01, 0x3c, 0x00, 0x58, 0x01, 0x26, 0x00, 0x37, 0x01,
    0x3b, 0x00, 0x59, 0x01, 0x25, 0x00, 0x37, 0x01, 0x3b, 0x00, 0x59, 0x01, 0x25, 0x00, 0x37, 0x01,
    0x3b, 0x00, 0x59, 0x01, 0x25, 0x00, 0x37, 0x01, 0x3b, 0x00, 0x59, 0x01, 0x25, 0x00, 0x37, 0x01,
    0x3b, 0x00, 0x59, 0x01, 0x25, 0x00, 0x37, 0x01, 0x3b, 0x00, 0x59, 0x01, 0x25, 0x00, 0x37, 0x01,
    0x3b, 0x00, 0x59, 0x01, 0x25, 0x00, 0x37, 0x01, 0x3b, 0x00, 0x59, 0x01, 0x25, 0x00, 0x37, 0x01,
    0x3a, 0x00, 0x5b, 0x01, 0x23, 0x00, 0x39, 0x01, 0x3a, 0x00, 0x5a, 0x01, 0x23, 0x00, 0x38, 0x01,
    0x3b, 0x00, 0x5a, 0x01, 0x23, 0x00, 0x38, 0x01, 0x3b, 0x00, 0x5a, 0x01, 0x23, 0x00, 0x38, 0x01,
    0x3b, 0x00, 0x5b, 0x01, 0x21, 0x00, 0x39, 0x01, 0x3b, 0x00, 0x5b, 0x01, 0x21, 0x00, 0x39, 0x01,
    0x3b, 0x00, 0x5b, 0x01, 0x21, 0x00, 0x39, 0x01, 0x3b, 0x00, 0x5c, 0x01, 0x1f, 0x00, 0x3a, 0x01,
    0x3b, 0x00, 0x5c, 0x01, 0x1f, 0x00, 0x3a, 0x01, 0x3b, 0x00, 0x5d, 0x01, 0x1d, 0x00, 0x3b, 0x01,
    0x3c, 0x00, 0x5c, 0x01, 0x1d, 0x00, 0x3a, 0x01, 0x3d, 0x00, 0x5d, 0x01, 0x1b, 0x00, 0x3b, 0x01,
    0x3d, 0x00, 0x5d, 0x01, 0x1a, 0x00, 0x3c, 0x01, 0x3d, 0x00, 0x5e, 0x01, 0x19, 0x00, 0x3c, 0x01,
    0x3e, 0x00, 0x5e, 0x01, 0x17, 0x00, 0x3c, 0x01, 0x3f, 0x00, 0x5f, 0x01, 0x15, 0x00, 0x3d, 0x01,
    0x40, 0x00, 0x5f, 0x01, 0x13, 0x00, 0x3d, 0x01, 0x41, 0x00, 0x60, 0x01, 0x11, 0x00, 0x3e, 0x01,
    0x41, 0x00, 0x61, 0x01, 0x0f, 0x00, 0x3f, 0x01, 0x42, 0x00, 0x62, 0x01, 0x0b, 0x00, 0x40, 0x01,
    0x43, 0x00, 0x64, 0x01, 0x06, 0x00, 0x43, 0x01, 0x44, 0x00, 0xab, 0x01, 0x45, 0x00, 0xab, 0x01,
    0x46, 0x00, 0xa9, 0x01, 0x47, 0x00, 0xa9, 0x01, 0x48, 0x00, 0xa7, 0x01, 0x4a, 0x00, 0xa5, 0x01,
    0x4b, 0x00, 0xa5, 0x01, 0x4c, 0x00, 0xa3, 0x01, 0x4e, 0x00, 0xa1, 0x01, 0x50, 0x00, 0x9f, 0x01,
    0x52, 0x00, 0x9d, 0x01, 0x53, 0x00, 0x9d, 0x01, 0x54, 0x00, 0x9b, 0x01, 0x56, 0x00, 0x99, 0x01,
    0x58, 0x00, 0x97, 0x01, 0x5a, 0x00, 0x95, 0x01, 0x5c, 0x00, 0x93, 0x01, 0x5e, 0x00, 0x91, 0x01,
    0x60, 0x00, 0x8f, 0x01, 0x63, 0x00, 0x8b, 0x01, 0x66, 0x00, 0x89, 0x01, 0x68, 0x00, 0x87, 0x01,
    0x6b, 0x00, 0x83, 0x01, 0x6e, 0x00, 0x81, 0x01, 0x70, 0x00, 0x7f, 0x01, 0x73, 0x00, 0x7b, 0x01,
    0x77, 0x00, 0x77, 0x01, 0x7a, 0x00, 0x75, 0x01, 0x7d, 0x00, 0x71, 0x01, 0x81, 0x00, 0x6d, 0x01,
    0x85, 0x00, 0x69, 0x01, 0x89, 0x00, 0x65, 0x01, 0x8d, 0x00, 0x61, 0x01, 0x92, 0x00, 0x5b, 0x01,
    0x98, 0x00, 0x55, 0x01, 0x9d, 0x00, 0x51, 0x01, 0xa2, 0x00, 0x4b, 0x01, 0xa9, 0x00, 0x43, 0x01,
    0xb1, 0x00, 0x3b, 0x01, 0xba, 0x00, 0x31, 0x01, 0xc4, 0x00, 0x27, 0x01, 0xd2, 0x00, 0x15, 0x01,
    0xff, 0x00, 0xff, 0x00, 0xff, 0x00, 0xff, 0x00, 0xff, 0x00, 0xff, 0x00, 0xff, 0x00, 0xff, 0x00,
    0xff, 0x00, 0xff, 0x00, 0xff, 0x00, 0xff, 0x00, 0xff, 0x00, 0xff, 0x00, 0xff, 0x00, 0xff, 0x00,
    0xff, 0x00, 0xff, 0x00, 0xff, 0x00, 0xff, 0x00, 0xff, 0x00, 0xff, 0x00, 0xff, 0x00, 0xff, 0x00,
    0xff, 0x00, 0xff, 0x00, 0xff, 0x00, 0xff, 0x00, 0xff, 0x00, 0xff, 0x00, 0xff, 0x00, 0xff, 0x00,
    0xff, 0x00, 0xff, 0x00, 0xff, 0x00, 0xff, 0x00, 0xff, 0x00, 0xff, 0x00, 0xff, 0x00, 0xff, 0x00,
    0xff, 0x00, 0xff, 0x00, 0xff, 0x00, 0xff, 0x00, 0xff, 0x00, 0xff, 0x00, 0xff, 0x00, 0xff, 0x00,
    0xff, 0x00, 0xff, 0x00, 0xff, 0x00, 0xff, 0x00, 0xff, 0x00, 0xff, 0x00, 0x13, 0x00, 0xff, 0x00,
    0xff, 0x00, 0xff, 0x00, 0xff, 0x00, 0xff, 0x00, 0xff, 0x00, 0xff, 0x00, 0xff, 0x00, 0xff, 0x00,
    0xff, 0x00, 0xff, 0x00, 0xff, 0x00, 0xff, 0x00, 0xff, 0x00, 0xff, 0x00, 0xff, 0x00, 0xff, 0x00,
    0xff, 0x00, 0xff, 0x00, 0xff, 0x00, 0x3c, 0x00, 0x01, 0x05, 0xed, 0x00, 0x05, 0x05, 0xea, 0x00,
    0x07, 0x05, 0xe9, 0x00, 0x07, 0x05, 0xe8, 0x00, 0x09, 0x05, 0xe8, 0x00, 0x07, 0x05, 0xe9, 0x00,
    0x07, 0x05, 0xea, 0x00, 0x05, 0x05, 0xed, 0x00, 0x01, 0x05, 0xff, 0x00, 0xff, 0x00, 0xff, 0x00,
    0xff, 0x00, 0xff, 0x00, 0xff, 0x00, 0xff, 0x00, 0xff, 0x00, 0xff, 0x00, 0xff, 0x00, 0xff, 0x00,
    0xff, 0x00, 0xff, 0x00, 0xff, 0x00, 0xff, 0x00, 0xff, 0x00, 0xff, 0x00, 0xff, 0x00, 0xff, 0x00,
    0xff, 0x00, 0xff, 0x00, 0xff, 0x00, 0xff, 0x00, 0xff, 0x00, 0xff, 0x00, 0xff, 0x00, 0xff, 0x00,
    0x40, 0x00, 0x15, 0x01, 0xd2, 0x00, 0x27, 0x01, 0xc4, 0x00, 0x31, 0x01, 0xba, 0x00, 0x3b, 0x01,
    0xb1, 0x00, 0x43, 0x01, 0xa9, 0x00, 0x4b, 0x01, 0xa2, 0x00, 0x51, 0x01, 0x9d, 0x00, 0x55, 0x01,
    0x98, 0x00, 0x5b, 0x01, 0x92, 0x00, 0x61, 0x01, 0x8d, 0x00, 0x65, 0x01, 0x89, 0x00, 0x69, 0x01,
    0x85, 0x00, 0x6d, 0x01, 0x81, 0x00, 0x71, 0x01, 0x7d, 0x00, 0x75, 0x01, 0x7a, 0x00, 0x77, 0x01,
    0x77, 0x00, 0x7b, 0x01, 0x73, 0x00, 0x7f, 0x01, 0x70, 0x00, 0x81, 0x01, 0x6e, 0x00, 0x83, 0x01,
    0x6b, 0x00, 0x87, 0x01, 0x68, 0x00, 0x89, 0x01, 0x66, 0x00, 0x8b, 0x01, 0x63, 0x00, 0x8f, 0x01,
    0x60, 0x00, 0x91, 0x01, 0x5e, 0x00, 0x93, 0x01, 0x5c, 0x00, 0x95, 0x01, 0x5a, 0x00, 0x97, 0x01,
    0x58, 0x00, 0x99, 0x01, 0x56, 0x00, 0x9b, 0x01, 0x54, 0x00, 0x9d, 0x01, 0x53, 0x00, 0x6c, 0x01,
    0x01, 0x00, 0x30, 0x01, 0x52, 0x00, 0x69, 0x01, 0x09, 0x00, 0x2d, 0x01, 0x50, 0x00, 0x68, 0x01,
    0x0d, 0x00, 0x2c, 0x01, 0x4e, 0x00, 0x67, 0x01, 0x11, 0x00, 0x2b, 0x01, 0x4c, 0x00, 0x67, 0x01,
    0x13, 0x00, 0x2b, 0x01, 0x4b, 0x00, 0x66, 0x01, 0x15, 0x00, 0x2a, 0x01, 0x4a, 0x00, 0x66, 0x01,
    0x17, 0x00, 0x2a, 0x01, 0x48, 0x00, 0x66, 0x01, 0x19, 0x00, 0x2a, 0x01, 0x47, 0x00, 0x66, 0x01,
    0x19, 0x00, 0x2a, 0x01, 0x46, 0x00, 0x66, 0x01, 0x1b, 0x00, 0x2a, 0x01, 0x45, 0x00, 0x66, 0x01,
    0x1b, 0x00, 0x2a, 0x01, 0x44, 0x00, 0x66, 0x01, 0x1d, 0x00, 0x2a, 0x01, 0x43, 0x00, 0x65, 0x01,
    0x1f, 0x00, 0x29, 0x01, 0x42, 0x00, 0x66, 0x01, 0x1f, 0x00, 0x2a, 0x01, 0x41, 0x00, 0x66, 0x01,
    0x1f, 0x00, 0x2a, 0x01, 0x41, 0x00, 0x65, 0x01, 0x21, 0x00, 0x29, 0x01, 0x40, 0x00, 0x66, 0x01,
    0x21, 0x00, 0x2a, 0x01, 0x3f, 0x00, 0x66, 0x01, 0x0a, 0x00, 0x01, 0x03, 0x16, 0x00, 0x2a, 0x01,
    0x3e, 0x00, 0x66, 0x01, 0x09, 0x00, 0x05, 0x03, 0x15, 0x00, 0x2a, 0x01, 0x3d, 0x00, 0x66, 0x01,
    0x08, 0x00, 0x07, 0x03, 0x14, 0x00, 0x2a, 0x01, 0x3d, 0x00, 0x66, 0x01, 0x08, 0x00, 0x07, 0x03,
    0x14, 0x00, 0x2a, 0x01, 0x3d, 0x00, 0x66, 0x01, 0x07, 0x00, 0x09, 0x03, 0x13, 0x00, 0x2a, 0x01,
    0x3c, 0x00, 0x66, 0x01, 0x09, 0x00, 0x07, 0x03, 0x15, 0x00, 0x2a, 0x01, 0x3b, 0x00, 0x66, 0x01,
    0x09, 0x00, 0x07, 0x03, 0x15, 0x00, 0x2a, 0x01, 0x3b, 0x00, 0x66, 0x01, 0x0a, 0x00, 0x05, 0x03,
    0x16, 0x00, 0x2a, 0x01, 0x3b, 0x00, 0x66, 0x01, 0x0c, 0x00, 0x01, 0x03, 0x18, 0x00, 0x2a, 0x01,
    0x3b, 0x00, 0x66, 0x01, 0x25, 0x00, 0x2a, 0x01, 0x3b, 0x00, 0x66, 0x01, 0x25, 0x00, 0x2a, 0x01,
    0x3b, 0x00, 0x66, 0x01, 0x25, 0x00, 0x2a, 0x01, 0x3b, 0x00, 0x66, 0x01, 0x25, 0x00, 0x2a, 0x01,
    0x3b, 0x00, 0x66, 0x01, 0x25, 0x00, 0x2a, 0x01, 0x3a, 0x00, 0x66, 0x01, 0x27, 0x00, 0x2a, 0x01,
    0x3a, 0x00, 0x66, 0x01, 0x25, 0x00, 0x2a, 0x01, 0x3b, 0x00, 0x66, 0x01, 0x25, 0x00, 0x2a, 0x01,
    0x3b, 0x00, 0x66, 0x01, 0x25, 0x00, 0x2a, 0x01, 0x3b, 0x00, 0x66, 0x01, 0x25, 0x00, 0x2a, 0x01,
    0x3b, 0x00, 0x66, 0x01, 0x25, 0x00, 0x2a, 0x01, 0x3b, 0x00, 0x66, 0x01, 0x25, 0x00, 0x2a, 0x01,
    0x3b, 0x00, 0x66, 0x01, 0x25, 0x00, 0x2a, 0x01, 0x3b, 0x00, 0x66, 0x01, 0x25, 0x00, 0x2a, 0x01,
    0x3b, 0x00, 0x66, 0x01, 0x25, 0x00, 0x2a, 0x01, 0x3c, 0x00, 0x66, 0x01, 0x23, 0x00, 0x2a, 0x01,
    0x3d, 0x00, 0x66, 0x01, 0x23, 0x00, 0x2a, 0x01, 0x3d, 0x00, 0x66, 0x01, 0x23, 0x00, 0x2a, 0x01,
    0x3d, 0x00, 0x66, 0x01, 0x23, 0x00, 0x2a, 0x01, 0x3e, 0x00, 0x66, 0x01, 0x21, 0x00, 0x2a, 0x01,
    0x3f, 0x00, 0x66, 0x01, 0x21, 0x00, 0x2a, 0x01, 0x40, 0x00, 0x65, 0x01, 0x21, 0x00, 0x29, 0x01,
    0x41, 0x00, 0x66, 0x01, 0x1f, 0x00, 0x2a, 0x01, 0x41, 0x00, 0x66, 0x01, 0x1f, 0x00, 0x2a, 0x01,
    0x42, 0x00, 0x65, 0x01, 0x1f, 0x00, 0x29, 0x01, 0x43, 0x00, 0x66, 0x01, 0x1d, 0x00, 0x2a, 0x01,
    0x44, 0x00, 0x66, 0x01, 0x1b, 0x00, 0x2a, 0x01, 0x45, 0x00, 0x66, 0x01, 0x1b, 0x00, 0x2a, 0x01,
    0x46, 0x00, 0x66, 0x01, 0x19, 0x00, 0x2a, 0x01, 0x47, 0x00, 0x66, 0x01, 0x19, 0x00, 0x2a, 0x01,
    0x48, 0x00, 0x66, 0x01, 0x17, 0x00, 0x2a, 0x01, 0x4a, 0x00, 0x66, 0x01, 0x15, 0x00, 0x2a, 0x01,
    0x4b, 0x00, 0x67, 0x01, 0x13, 0x00, 0x2b, 0x01, 0x4c, 0x00, 0x67, 0x01, 0x11, 0x00, 0x2b, 0x01,
    0x4e, 0x00, 0x68, 0x01, 0x0d, 0x00, 0x2c, 0x01, 0x50, 0x00, 0x69, 0x01, 0x09, 0x00, 0x2d, 0x01,
    0x52, 0x00, 0x6c, 0x01, 0x01, 0x00, 0x30, 0x01, 0x53, 0x00, 0x9d, 0x01, 0x54, 0x00, 0x9b, 0x01,
    0x56, 0x00, 0x99, 0x01, 0x58, 0x00, 0x97, 0x01, 0x5a, 0x00, 0x95, 0x01, 0x5c, 0x00, 0x93, 0x01,
    0x5e, 0x00, 0x91, 0x01, 0x60, 0x00, 0x8f, 0x01, 0x63, 0x00, 0x8b, 0x01, 0x66, 0x00, 0x89, 0x01,
    0x68, 0x00, 0x87, 0x01, 0x6b, 0x00, 0x83, 0x01, 0x6e, 0x00, 0x81, 0x01, 0x70, 0x00, 0x7f, 0x01,
    0x73, 0x00, 0x7b, 0x01, 0x77, 0x00, 0x77, 0x01, 0x7a, 0x00, 0x75, 0x01, 0x7d, 0x00, 0x71, 0x01,
    0x81, 0x00, 0x6d, 0x01, 0x85, 0x00, 0x69, 0x01, 0x89, 0x00, 0x65, 0x01, 0x8d, 0x00, 0x61, 0x01,
    0x92, 0x00, 0x5b, 0x01, 0x98, 0x00, 0x55, 0x01, 0x9d, 0x00, 0x51, 0x01, 0xa2, 0x00, 0x4b, 0x01,
    0xa9, 0x00, 0x43, 0x01, 0xb1, 0x00, 0x3b, 0x01, 0xba, 0x00, 0x31, 0x01, 0xc4, 0x00, 0x27, 0x01,
    0xd2, 0x00, 0x15, 0x01, 0xff, 0x00, 0xff, 0x00, 0xff, 0x00, 0xff, 0x00, 0xff, 0x00, 0xff, 0x00,
    0xff, 0x00, 0xff, 0x00, 0xff, 0x00, 0xff, 0x00, 0xff, 0x00, 0xff, 0x00, 0xff, 0x00, 0xff, 0x00,
    0xff, 0x00, 0xff, 0x00, 0xff, 0x00, 0xff, 0x00, 0xff, 0x00, 0xff, 0x00, 0xff, 0x00, 0xff, 0x00,
    0xff, 0x00, 0xff, 0x00, 0xff, 0x00, 0xff, 0x00, 0xff, 0x00, 0xff, 0x00, 0xff, 0x00, 0xff, 0x00,
    0xff, 0x00, 0xff, 0x00, 0xff, 0x00, 0xff, 0x00, 0xff, 0x00, 0xff, 0x00, 0xff, 0x00, 0xff, 0x00,
    0xff, 0x00, 0xff, 0x00, 0xff, 0x00, 0xff, 0x00, 0xff, 0x00, 0xff, 0x00, 0xff, 0x00, 0xff, 0x00,
    0xff, 0x00, 0xff, 0x00, 0xff, 0x00, 0xff, 0x00, 0xff, 0x00, 0xff, 0x00, 0xff, 0x00, 0xff, 0x00,
    0x13, 0x00, 0xff, 0x00, 0xff, 0x00, 0xff, 0x00, 0xff, 0x00, 0xff, 0x00, 0xff, 0x00, 0xff, 0x00,
    0xff, 0x00, 0xff, 0x00, 0xff, 0x00, 0xff, 0x00, 0xff, 0x00, 0xff, 0x00, 0xff, 0x00, 0xff, 0x00,
    0xff, 0x00, 0xff, 0x00, 0xff, 0x00, 0x5a, 0x00, 0x01, 0x05, 0xec, 0x00, 0x07, 0x05, 0xe8, 0x00,
    0x09, 0x05, 0xe6, 0x00, 0x0b, 0x05, 0xe5, 0x00, 0x0b, 0x05, 0xe5, 0x00, 0x0b, 0x05, 0xe4, 0x00,
    0x0d, 0x05, 0xe4, 0x00, 0x0b, 0x05, 0xe5, 0x00, 0x0b, 0x05, 0xe5, 0x00, 0x0b, 0x05, 0xe6, 0x00,
    0x09, 0x05, 0xe8, 0x00, 0x07, 0x05, 0xec, 0x00, 0x01, 0x05, 0xff, 0x00, 0xff, 0x00, 0xff, 0x00,
    0xff, 0x00, 0xff, 0x00, 0xff, 0x00, 0xff, 0x00, 0xff, 0x00, 0xff, 0x00, 0xff, 0x00, 0xff, 0x00,
    0xff, 0x00, 0xff, 0x00, 0xff, 0x00, 0xff, 0x00, 0xff, 0x00, 0xff, 0x00, 0xff, 0x00, 0xff, 0x00,
    0xff, 0x00, 0xff, 0x00, 0xff, 0x00, 0xff, 0x00, 0xff, 0x00, 0xff, 0x00, 0x5e, 0x00, 0x15, 0x01,
    0xd2, 0x00, 0x27, 0x01, 0xc4, 0x00, 0x31, 0x01, 0xba, 0x00, 0x3b, 0x01, 0xb1, 0x00, 0x43, 0x01,
    0xa9, 0x00, 0x4b, 0x01, 0xa2, 0x00, 0x51, 0x01, 0x9d, 0x00, 0x55, 0x01, 0x98, 0x00, 0x5b, 0x01,
    0x92, 0x00, 0x61, 0x01, 0x8d, 0x00, 0x65, 0x01, 0x89, 0x00, 0x69, 0x01, 0x85, 0x00, 0x6d, 0x01,
    0x81, 0x00, 0x71, 0x01, 0x7d, 0x00, 0x75, 0x01, 0x7a, 0x00, 0x77, 0x01, 0x77, 0x00, 0x7b, 0x01,
    0x73, 0x00, 0x7f, 0x01, 0x70, 0x00, 0x81, 0x01, 0x6e, 0x00, 0x83, 0x01, 0x6b, 0x00, 0x87, 0x01,
    0x68, 0x00, 0x89, 0x01, 0x66, 0x00, 0x8b, 0x01, 0x63, 0x00, 0x8f, 0x01, 0x60, 0x00, 0x91, 0x01,
    0x5e, 0x00, 0x93, 0x01, 0x5c, 0x00, 0x95, 0x01, 0x5a, 0x00, 0x97, 0x01, 0x58, 0x00, 0x99, 0x01,
    0x56, 0x00, 0x9b, 0x01, 0x54, 0x00, 0x9d, 0x01, 0x53, 0x00, 0x9d, 0x01, 0x52, 0x00, 0x9f, 0x01,
    0x50, 0x00, 0xa1, 0x01, 0x4e, 0x00, 0xa3, 0x01, 0x4c, 0x00, 0xa5, 0x01, 0x4b, 0x00, 0xa5, 0x01,
    0x4a, 0x00, 0xa7, 0x01, 0x48, 0x00, 0xa9, 0x01, 0x47, 0x00, 0xa9, 0x01, 0x46, 0x00, 0xab, 0x01,
    0x45, 0x00, 0xab, 0x01, 0x44, 0x00, 0x69, 0x01, 0x06, 0x00, 0x3e, 0x01, 0x43, 0x00, 0x66, 0x01,
    0x0b, 0x00, 0x3c, 0x01, 0x42, 0x00, 0x65, 0x01, 0x0f, 0x00, 0x3b, 0x01, 0x41, 0x00, 0x64, 0x01,
    0x11, 0x00, 0x3a, 0x01, 0x41, 0x00, 0x63, 0x01, 0x13, 0x00, 0x39, 0x01, 0x40, 0x00, 0x63, 0x01,
    0x15, 0x00, 0x39, 0x01, 0x3f, 0x00, 0x62, 0x01, 0x17, 0x00, 0x38, 0x01, 0x3e, 0x00, 0x62, 0x01,
    0x19, 0x00, 0x38, 0x01, 0x3d, 0x00, 0x62, 0x01, 0x1a, 0x00, 0x37, 0x01, 0x3d, 0x00, 0x61, 0x01,
    0x1b, 0x00, 0x37, 0x01, 0x3d, 0x00, 0x61, 0x01, 0x1c, 0x00, 0x36, 0x01, 0x3c, 0x00, 0x61, 0x01,
    0x1d, 0x00, 0x37, 0x01, 0x3b, 0x00, 0x61, 0x01, 0x1e, 0x00, 0x36, 0x01, 0x3b, 0x00, 0x60, 0x01,
    0x1f, 0x00, 0x36, 0x01, 0x3b, 0x00, 0x60, 0x01, 0x20, 0x00, 0x35, 0x01, 0x3b, 0x00, 0x5f, 0x01,
    0x21, 0x00, 0x35, 0x01, 0x3b, 0x00, 0x5f, 0x01, 0x21, 0x00, 0x35, 0x01, 0x3b, 0x00, 0x5f, 0x01,
    0x09, 0x00, 0x03, 0x03, 0x16, 0x00, 0x34, 0x01, 0x3b, 0x00, 0x5e, 0x01, 0x09, 0x00, 0x06, 0x03,
    0x14, 0x00, 0x34, 0x01, 0x3b, 0x00, 0x5e, 0x01, 0x08, 0x00, 0x07, 0x03, 0x14, 0x00, 0x34, 0x01,
    0x3a, 0x00, 0x5f, 0x01, 0x08, 0x00, 0x08, 0x03, 0x14, 0x00, 0x34, 0x01, 0x3a, 0x00, 0x5e, 0x01,
    0x08, 0x00, 0x08, 0x03, 0x14, 0x00, 0x33, 0x01, 0x3b, 0x00, 0x5d, 0x01, 0x09, 0x00, 0x07, 0x03,
    0x15, 0x00, 0x33, 0x01, 0x3b, 0x00, 0x5d, 0x01, 0x0a, 0x00, 0x06, 0x03, 0x15, 0x00, 0x33, 0x01,
    0x3b, 0x00, 0x5d, 0x01, 0x0b, 0x00, 0x04, 0x03, 0x16, 0x00, 0x33, 0x01, 0x3b, 0x00, 0x5d, 0x01,
    0x25, 0x00, 0x33, 0x01, 0x3b, 0x00, 0x5d, 0x01, 0x26, 0x00, 0x32, 0x01, 0x3b, 0x00, 0x5d, 0x01,
    0x26, 0x00, 0x32, 0x01, 0x3b, 0x00, 0x5d, 0x01, 0x26, 0x00, 0x32, 0x01, 0x3b, 0x00, 0x5d, 0x01,
    0x26, 0x00, 0x32, 0x01, 0x3c, 0x00, 0x5c, 0x01, 0x26, 0x00, 0x31, 0x01, 0x3d, 0x00, 0x5c, 0x01,
    0x26, 0x00, 0x31, 0x01, 0x3d, 0x00, 0x5c, 0x01, 0x26, 0x00, 0x31, 0x01, 0x3d, 0x00, 0x5c, 0x01,
    0x26, 0x00, 0x31, 0x01, 0x3e, 0x00, 0x5b, 0x01, 0x26, 0x00, 0x30, 0x01, 0x3f, 0x00, 0x5b, 0x01,
    0x26, 0x00, 0x30, 0x01, 0x40, 0x00, 0x5a, 0x01, 0x25, 0x00, 0x30, 0x01, 0x41, 0x00, 0x5a, 0x01,
    0x25, 0x00, 0x30, 0x01, 0x41, 0x00, 0x5a, 0x01, 0x25, 0x00, 0x30, 0x01, 0x42, 0x00, 0x59, 0x01,
    0x25, 0x00, 0x2f, 0x01, 0x43, 0x00, 0x5a, 0x01, 0x24, 0x00, 0x2f, 0x01, 0x44, 0x00, 0x59, 0x01,
    0x24, 0x00, 0x2e, 0x01, 0x45, 0x00, 0x59, 0x01, 0x23, 0x00, 0x2f, 0x01, 0x46, 0x00, 0x58, 0x01,
    0x23, 0x00, 0x2e, 0x01, 0x47, 0x00, 0x59, 0x01, 0x22, 0x00, 0x2e, 0x01, 0x48, 0x00, 0x58, 0x01,
    0x22, 0x00, 0x2d, 0x01, 0x4a, 0x00, 0x57, 0x01, 0x21, 0x00, 0x2d, 0x01, 0x4b, 0x00, 0x58, 0x01,
    0x20, 0x00, 0x2d, 0x01, 0x4c, 0x00, 0x57, 0x01, 0x1f, 0x00, 0x2d, 0x01, 0x4e, 0x00, 0x56, 0x01,
    0x1f, 0x00, 0x2c, 0x01, 0x50, 0x00, 0x56, 0x01, 0x1e, 0x00, 0x2b, 0x01, 0x52, 0x00, 0x55, 0x01,
    0x1d, 0x00, 0x2b, 0x01, 0x53, 0x00, 0x56, 0x01, 0x1b, 0x00, 0x2c, 0x01, 0x54, 0x00, 0x56, 0x01,
    0x1a, 0x00, 0x2b, 0x01, 0x56, 0x00, 0x55, 0x01, 0x19, 0x00, 0x2b, 0x01, 0x58, 0x00, 0x55, 0x01,
    0x17, 0x00, 0x2b, 0x01, 0x5a, 0x00, 0x55, 0x01, 0x16, 0x00, 0x2a, 0x01, 0x5c, 0x00, 0x55, 0x01,
    0x14, 0x00, 0x2a, 0x01, 0x5e, 0x00, 0x55, 0x01, 0x12, 0x00, 0x2a, 0x01, 0x60, 0x00, 0x55, 0x01,
    0x0f, 0x00, 0x2b, 0x01, 0x63, 0x00, 0x55, 0x01, 0x0c, 0x00, 0x2a, 0x01, 0x66, 0x00, 0x56, 0x01,
    0x07, 0x00, 0x2c, 0x01, 0x68, 0x00, 0x87, 0x01, 0x6b, 0x00, 0x83, 0x01, 0x6e, 0x00, 0x81, 0x01,
    0x70, 0x00, 0x7f, 0x01, 0x73, 0x00, 0x7b, 0x01, 0x77, 0x00, 0x77, 0x01, 0x7a, 0x00, 0x75, 0x01,
    0x7d, 0x00, 0x71, 0x01, 0x81, 0x00, 0x6d, 0x01, 0x85, 0x00, 0x69, 0x01, 0x89, 0x00, 0x65, 0x01,
    0x8d, 0x00, 0x61, 0x01, 0x92, 0x00, 0x5b, 0x01, 0x98, 0x00, 0x55, 0x01, 0x9d, 0x00, 0x51, 0x01,
    0xa2, 0x00, 0x4b, 0x01, 0xa9, 0x00, 0x43, 0x01, 0xb1, 0x00, 0x3b, 0x01, 0xba, 0x00, 0x31, 0x01,
    0xc4, 0x00, 0x27, 0x01, 0xd2, 0x00, 0x15, 0x01, 0xff, 0x00, 0xff, 0x00, 0xff, 0x00, 0xff, 0x00,
    0xff, 0x00, 0xff, 0x00, 0xff, 0x00, 0xff, 0x00, 0xff, 0x00, 0xff, 0x00, 0xff, 0x00, 0xff, 0x00,
    0xff, 0x00, 0xff, 0x00, 0xff, 0x00, 0xff, 0x00, 0xff, 0x00, 0xff, 0x00, 0xff, 0x00, 0xff, 0x00,
    0xff, 0x00, 0xff, 0x00, 0xff, 0x00, 0xff, 0x00, 0xff, 0x00, 0xff, 0x00, 0xff, 0x00, 0xff, 0x00,
    0xff, 0x00, 0xff, 0x00, 0xff, 0x00, 0xff, 0x00, 0xff, 0x00, 0xff, 0x00, 0xff, 0x00, 0xff, 0x00,
    0xff, 0x00, 0xff, 0x00, 0xff, 0x00, 0xff, 0x00, 0xff, 0x00, 0xff, 0x00, 0xff, 0x00, 0xff, 0x00,
    0xff, 0x00, 0xff, 0x00, 0xff, 0x00, 0xff, 0x00, 0xff, 0x00, 0xff, 0x00, 0xff, 0x00, 0xff, 0x00,
    0xff, 0x00, 0xff, 0x00, 0x13, 0x00, 0xff, 0x00, 0xff, 0x00, 0xff, 0x00, 0xff, 0x00, 0xff, 0x00,
    0xff, 0x00, 0xff, 0x00, 0xff, 0x00, 0xff, 0x00, 0xff, 0x00, 0xff, 0x00, 0xff, 0x00, 0xff, 0x00,
    0xff, 0x00, 0xff, 0x00, 0xff, 0x00, 0xff, 0x00, 0xff, 0x00, 0xff, 0x00, 0xff, 0x00, 0x3c, 0x00,
    0x01, 0x05, 0xed, 0x00, 0x05, 0x05, 0xea, 0x00, 0x07, 0x05, 0xe9, 0x00, 0x07, 0x05, 0xe8, 0x00,
    0x09, 0x05, 0xe8, 0x00, 0x07, 0x05, 0xe9, 0x00, 0x07, 0x05, 0xea, 0x00, 0x05, 0x05, 0xed, 0x00,
    0x01, 0x05, 0xff, 0x00, 0xff, 0x00, 0xff, 0x00, 0xff, 0x00, 0xff, 0x00, 0xff, 0x00, 0xff, 0x00,
    0xff, 0x00, 0xff, 0x00, 0xff, 0x00, 0xff, 0x00, 0xff, 0x00, 0xff, 0x00, 0xff, 0x00, 0xff, 0x00,
    0xff, 0x00, 0xff, 0x00, 0xff, 0x00, 0xff, 0x00, 0xff, 0x00, 0xff, 0x00, 0xff, 0x00, 0xff, 0x00,
    0xff, 0x00, 0xff, 0x00, 0xff, 0x00, 0xff, 0x00, 0x40, 0x00, 0x15, 0x01, 0xd2, 0x00, 0x27, 0x01,
    0xc4, 0x00, 0x31, 0x01, 0xba, 0x00, 0x3b, 0x01, 0xb1, 0x00, 0x43, 0x01, 0xa9, 0x00, 0x4b, 0x01,
    0xa2, 0x00, 0x51, 0x01, 0x9d, 0x00, 0x55, 0x01, 0x98, 0x00, 0x5b, 0x01, 0x92, 0x00, 0x61, 0x01,
    0x8d, 0x00, 0x65, 0x01, 0x89, 0x00, 0x69, 0x01, 0x85, 0x00, 0x6d, 0x01, 0x81, 0x00, 0x71, 0x01,
    0x7d, 0x00, 0x75, 0x01, 0x7a, 0x00, 0x77, 0x01, 0x77, 0x00, 0x7b, 0x01, 0x73, 0x00, 0x7f, 0x01,
    0x70, 0x00, 0x81, 0x01, 0x6e, 0x00, 0x83, 0x01, 0x6b, 0x00, 0x87, 0x01, 0x68, 0x00, 0x89, 0x01,
    0x66, 0x00, 0x8b, 0x01, 0x63, 0x00, 0x8f, 0x01, 0x60, 0x00, 0x91, 0x01, 0x5e, 0x00, 0x93, 0x01,
    0x5c, 0x00, 0x95, 0x01, 0x5a, 0x00, 0x97, 0x01, 0x58, 0x00, 0x99, 0x01, 0x56, 0x00, 0x9b, 0x01,
    0x54, 0x00, 0x9d, 0x01, 0x53, 0x00, 0x9d, 0x01, 0x52, 0x00, 0x9f, 0x01, 0x50, 0x00, 0xa1, 0x01,
    0x4e, 0x00, 0xa3, 0x01, 0x4c, 0x00, 0xa5, 0x01, 0x4b, 0x00, 0xa5, 0x01, 0x4a, 0x00, 0xa7, 0x01,
    0x48, 0x00, 0xa9, 0x01, 0x47, 0x00, 0xa9, 0x01, 0x46, 0x00, 0xab, 0x01, 0x45, 0x00, 0xab, 0x01,
    0x44, 0x00, 0x3e, 0x01, 0x06, 0x00, 0x69, 0x01, 0x43, 0x00, 0x3c, 0x01, 0x0b, 0x00, 0x66, 0x01,
    0x42, 0x00, 0x3b, 0x01, 0x0f, 0x00, 0x65, 0x01, 0x41, 0x00, 0x3a, 0x01, 0x11, 0x00, 0x64, 0x01,
    0x41, 0x00, 0x39, 0x01, 0x13, 0x00, 0x63, 0x01, 0x40, 0x00, 0x39, 0x01, 0x15, 0x00, 0x63, 0x01,
    0x3f, 0x00, 0x38, 0x01, 0x17, 0x00, 0x62, 0x01, 0x3e, 0x00, 0x38, 0x01, 0x19, 0x00, 0x62, 0x01,
    0x3d, 0x00, 0x37, 0x01, 0x1a, 0x00, 0x62, 0x01, 0x3d, 0x00, 0x37, 0x01, 0x1b, 0x00, 0x61, 0x01,
    0x3d, 0x00, 0x36, 0x01, 0x1c, 0x00, 0x61, 0x01, 0x3c, 0x00, 0x37, 0x01, 0x1d, 0x00, 0x61, 0x01,
    0x3b, 0x00, 0x36, 0x01, 0x1e, 0x00, 0x61, 0x01, 0x3b, 0x00, 0x36, 0x01, 0x1f, 0x00, 0x60, 0x01,
    0x3b, 0x00, 0x35, 0x01, 0x20, 0x00, 0x60, 0x01, 0x3b, 0x00, 0x35, 0x01, 0x21, 0x00, 0x5f, 0x01,
    0x3b, 0x00, 0x35, 0x01, 0x21, 0x00, 0x5f, 0x01, 0x3b, 0x00, 0x34, 0x01, 0x0a, 0x00, 0x03, 0x03,
    0x15, 0x00, 0x5f, 0x01, 0x3b, 0x00, 0x34, 0x01, 0x08, 0x00, 0x06, 0x03, 0x15, 0x00, 0x5e, 0x01,
    0x3b, 0x00, 0x34, 0x01, 0x08, 0x00, 0x07, 0x03, 0x14, 0x00, 0x5e, 0x01, 0x3a, 0x00, 0x34, 0x01,
    0x08, 0x00, 0x08, 0x03, 0x14, 0x00, 0x5f, 0x01, 0x3a, 0x00, 0x33, 0x01, 0x08, 0x00, 0x08, 0x03,
    0x14, 0x00, 0x5e, 0x01, 0x3b, 0x00, 0x33, 0x01, 0x09, 0x00, 0x07, 0x03, 0x15, 0x00, 0x5d, 0x01,
    0x3b, 0x00, 0x33, 0x01, 0x09, 0x00, 0x06, 0x03, 0x16, 0x00, 0x5d, 0x01, 0x3b, 0x00, 0x33, 0x01,
    0x0a, 0x00, 0x04, 0x03, 0x17, 0x00, 0x5d, 0x01, 0x3b, 0x00, 0x33, 0x01, 0x25, 0x00, 0x5d, 0x01,
    0x3b, 0x00, 0x32, 0x01, 0x26, 0x00, 0x5d, 0x01, 0x3b, 0x00, 0x32, 0x01, 0x26, 0x00, 0x5d, 0x01,
    0x3b, 0x00, 0x32, 0x01, 0x26, 0x00, 0x5d, 0x01, 0x3b, 0x00, 0x32, 0x01, 0x26, 0x00, 0x5d, 0x01,
    0x3c, 0x00, 0x31, 0x01, 0x26, 0x00, 0x5c, 0x01, 0x3d, 0x00, 0x31, 0x01, 0x26, 0x00, 0x5c, 0x01,
    0x3d, 0x00, 0x31, 0x01, 0x26, 0x00, 0x5c, 0x01, 0x3d, 0x00, 0x31, 0x01, 0x26, 0x00, 0x5c, 0x01,
    0x3e, 0x00, 0x30, 0x01, 0x26, 0x00, 0x5b, 0x01, 0x3f, 0x00, 0x30, 0x01, 0x26, 0x00, 0x5b, 0x01,
    0x40, 0x00, 0x30, 0x01, 0x25, 0x00, 0x5a, 0x01, 0x41, 0x00, 0x30, 0x01, 0x25, 0x00, 0x5a, 0x01,
    0x41, 0x00, 0x30, 0x01, 0x25, 0x00, 0x5a, 0x01, 0x42, 0x00, 0x2f, 0x01, 0x25, 0x00, 0x59, 0x01,
    0x43, 0x00, 0x2f, 0x01, 0x24, 0x00, 0x5a, 0x01, 0x44, 0x00, 0x2e, 0x01, 0x24, 0x00, 0x59, 0x01,
    0x45, 0x00, 0x2f, 0x01, 0x23, 0x00, 0x59, 0x01, 0x46, 0x00, 0x2e, 0x01, 0x23, 0x00, 0x58, 0x01,
    0x47, 0x00, 0x2e, 0x01, 0x22, 0x00, 0x59, 0x01, 0x48, 0x00, 0x2d, 0x01, 0x22, 0x00, 0x58, 0x01,
    0x4a, 0x00, 0x2d, 0x01, 0x21, 0x00, 0x57, 0x01, 0x4b, 0x00, 0x2d, 0x01, 0x20, 0x00, 0x58, 0x01,
    0x4c, 0x00, 0x2d, 0x01, 0x1f, 0x00, 0x57, 0x01, 0x4e, 0x00, 0x2c, 0x01, 0x1f, 0x00, 0x56, 0x01,
    0x50, 0x00, 0x2b, 0x01, 0x1e, 0x00, 0x56, 0x01, 0x52, 0x00, 0x2b, 0x01, 0x1d, 0x00, 0x55, 0x01,
    0x53, 0x00, 0x2c, 0x01, 0x1b, 0x00, 0x56, 0x01, 0x54, 0x00, 0x2b, 0x01, 0x1a, 0x00, 0x56, 0x01,
    0x56, 0x00, 0x2b, 0x01, 0x19, 0x00, 0x55, 0x01, 0x58, 0x00, 0x2b, 0x01, 0x17, 0x00, 0x55, 0x01,
    0x5a, 0x00, 0x2a, 0x01, 0x16, 0x00, 0x55, 0x01, 0x5c, 0x00, 0x2a, 0x01, 0x14, 0x00, 0x55, 0x01,
    0x5e, 0x00, 0x2a, 0x01, 0x12, 0x00, 0x55, 0x01, 0x60, 0x00, 0x2b, 0x01, 0x0f, 0x00, 0x55, 0x01,
    0x63, 0x00, 0x2a, 0x01, 0x0c, 0x00, 0x55, 0x01, 0x66, 0x00, 0x2c, 0x01, 0x07, 0x00, 0x56, 0x01,
    0x68, 0x00, 0x87, 0x01, 0x6b, 0x00, 0x83, 0x01, 0x6e, 0x00, 0x81, 0x01, 0x70, 0x00, 0x7f, 0x01,
    0x73, 0x00, 0x7b, 0x01, 0x77, 0x00, 0x77, 0x01, 0x7a, 0x00, 0x75, 0x01, 0x7d, 0x00, 0x71, 0x01,
    0x81, 0x00, 0x6d, 0x01, 0x85, 0x00, 0x69, 0x01, 0x89, 0x00, 0x65, 0x01, 0x8d, 0x00, 0x61, 0x01,
    0x92, 0x00, 0x5b, 0x01, 0x98, 0x00, 0x55, 0x01, 0x9d, 0x00, 0x51, 0x01, 0xa2, 0x00, 0x4b, 0x01,
    0xa9, 0x00, 0x43, 0x01, 0xb1, 0x00, 0x3b, 0x01, 0xba, 0x00, 0x31, 0x01, 0xc4, 0x00, 0x27, 0x01,
    0xd2, 0x00, 0x15, 0x01, 0xff, 0x00, 0xff, 0x00, 0xff, 0x00, 0xff, 0x00, 0xff, 0x00, 0xff, 0x00,
    0xff, 0x00, 0xff, 0x00, 0xff, 0x00, 0xff, 0x00, 0xff, 0x00, 0xff, 0x00, 0xff, 0x00, 0xff, 0x00,
    0xff, 0x00, 0xff, 0x00, 0xff, 0x00, 0xff, 0x00, 0xff, 0x00, 0xff, 0x00, 0xff, 0x00, 0xff, 0x00,
    0xff, 0x00, 0xff, 0x00, 0xff, 0x00, 0xff, 0x00, 0xff, 0x00, 0xff, 0x00, 0xff, 0x00, 0xff, 0x00,
    0xff, 0x00, 0xff, 0x00, 0xff, 0x00, 0xff, 0x00, 0xff, 0x00, 0xff, 0x00, 0xff, 0x00, 0xff, 0x00,
    0xff, 0x00, 0xff, 0x00, 0xff, 0x00, 0xff, 0x00, 0xff, 0x00, 0xff, 0x00, 0xff, 0x00, 0xff, 0x00,
    0xff, 0x00, 0xff, 0x00, 0xff, 0x00, 0xff, 0x00, 0xff, 0x00, 0xff, 0x00, 0xff, 0x00, 0xff, 0x00,
    0x13, 0x00, 0xff, 0x00, 0xff, 0x00, 0xff, 0x00, 0xff, 0x00, 0xff, 0x00, 0xff, 0x00, 0xff, 0x00,
    0xff, 0x00, 0xff, 0x00, 0xff, 0x00, 0xff, 0x00, 0xff, 0x00, 0xff, 0x00, 0xff, 0x00, 0xff, 0x00,
    0xff, 0x00, 0xff, 0x00, 0xff, 0x00, 0x5a, 0x00, 0x01, 0x05, 0xec, 0x00, 0x07, 0x05, 0xe8, 0x00,
    0x09, 0x05, 0xe6, 0x00, 0x0b, 0x05, 0xe5, 0x00, 0x0b, 0x05, 0xe5, 0x00, 0x0b, 0x05, 0xe4, 0x00,
    0x0d, 0x05, 0xe4, 0x00, 0x0b, 0x05, 0xe5, 0x00, 0x0b, 0x05, 0xe5, 0x00, 0x0b, 0x05, 0xe6, 0x00,
    0x09, 0x05, 0xe8, 0x00, 0x07, 0x05, 0xec, 0x00, 0x01, 0x05, 0xff, 0x00, 0xff, 0x00, 0xff, 0x00,
    0xff, 0x00, 0xff, 0x00, 0xff, 0x00, 0xff, 0x00, 0xff, 0x00, 0xff, 0x00, 0xff, 0x00, 0xff, 0x00,
    0xff, 0x00, 0xff, 0x00, 0xff, 0x00, 0xff, 0x00, 0xff, 0x00, 0xff, 0x00, 0xff, 0x00, 0xff, 0x00,
    0xff, 0x00, 0xff, 0x00, 0xff, 0x00, 0xff, 0x00, 0xff, 0x00, 0xff, 0x00, 0x5e, 0x00, 0x15, 0x01,
    0xd2, 0x00, 0x27, 0x01, 0xc4, 0x00, 0x31, 0x01, 0xba, 0x00, 0x3b, 0x01, 0xb1, 0x00, 0x43, 0x01,
    0xa9, 0x00, 0x4b, 0x01, 0xa2, 0x00, 0x51, 0x01, 0x9d, 0x00, 0x55, 0x01, 0x98, 0x00, 0x5b, 0x01,
    0x92, 0x00, 0x61, 0x01, 0x8d, 0x00, 0x65, 0x01, 0x89, 0x00, 0x69, 0x01, 0x85, 0x00, 0x6d, 0x01,
    0x81, 0x00, 0x71, 0x01, 0x7d, 0x00, 0x75, 0x01, 0x7a, 0x00, 0x77, 0x01, 0x77, 0x00, 0x7b, 0x01,
    0x73, 0x00, 0x7f, 0x01, 0x70, 0x00, 0x81, 0x01, 0x6e, 0x00, 0x83, 0x01, 0x6b, 0x00, 0x87, 0x01,
    0x68, 0x00, 0x89, 0x01, 0x66, 0x00, 0x8b, 0x01, 0x63, 0x00, 0x8f, 0x01, 0x60, 0x00, 0x91, 0x01,
    0x5e, 0x00, 0x93, 0x01, 0x5c, 0x00, 0x95, 0x01, 0x5a, 0x00, 0x97, 0x01, 0x58, 0x00, 0x99, 0x01,
    0x56, 0x00, 0x9b, 0x01, 0x54, 0x00, 0x9d, 0x01, 0x53, 0x00, 0x30, 0x01, 0x01, 0x00, 0x6c, 0x01,
    0x52, 0x00, 0x2d, 0x01, 0x09, 0x00, 0x69, 0x01, 0x50, 0x00, 0x2c, 0x01, 0x0d, 0x00, 0x68, 0x01,
    0x4e, 0x00, 0x2b, 0x01, 0x11, 0x00, 0x67, 0x01, 0x4c, 0x00, 0x2b, 0x01, 0x13, 0x00, 0x67, 0x01,
    0x4b, 0x00, 0x2a, 0x01, 0x15, 0x00, 0x66, 0x01, 0x4a, 0x00, 0x2a, 0x01, 0x17, 0x00, 0x66, 0x01,
    0x48, 0x00, 0x2a, 0x01, 0x19, 0x00, 0x66, 0x01, 0x47, 0x00, 0x2a, 0x01, 0x19, 0x00, 0x66, 0x01,
    0x46, 0x00, 0x2a, 0x01, 0x1b, 0x00, 0x66, 0x01, 0x45, 0x00, 0x2a, 0x01, 0x1b, 0x00, 0x66, 0x01,
    0x44, 0x00, 0x2a, 0x01, 0x1d, 0x00, 0x66, 0x01, 0x43, 0x00, 0x29, 0x01, 0x1f, 0x00, 0x65, 0x01,
    0x42, 0x00, 0x2a, 0x01, 0x1f, 0x00, 0x66, 0x01, 0x41, 0x00, 0x2a, 0x01, 0x1f, 0x00, 0x66, 0x01,
    0x41, 0x00, 0x29, 0x01, 0x21, 0x00, 0x65, 0x01, 0x40, 0x00, 0x2a, 0x01, 0x21, 0x00, 0x66, 0x01,
    0x3f, 0x00, 0x2a, 0x01, 0x0a, 0x00, 0x01, 0x03, 0x16, 0x00, 0x66, 0x01, 0x3e, 0x00, 0x2a, 0x01,
    0x09, 0x00, 0x05, 0x03, 0x15, 0x00, 0x66, 0x01, 0x3d, 0x00, 0x2a, 0x01, 0x08, 0x00, 0x07, 0x03,
    0x14, 0x00, 0x66, 0x01, 0x3d, 0x00, 0x2a, 0x01, 0x08, 0x00, 0x07, 0x03, 0x14, 0x00, 0x66, 0x01,
    0x3d, 0x00, 0x2a, 0x01, 0x07, 0x00, 0x09, 0x03, 0x13, 0x00, 0x66, 0x01, 0x3c, 0x00, 0x2a, 0x01,
    0x09, 0x00, 0x07, 0x03, 0x15, 0x00, 0x66, 0x01, 0x3b, 0x00, 0x2a, 0x01, 0x09, 0x00, 0x07, 0x03,
    0x15, 0x00, 0x66, 0x01, 0x3b, 0x00, 0x2a, 0x01, 0x0a, 0x00, 0x05, 0x03, 0x16, 0x00, 0x66, 0x01,
    0x3b, 0x00, 0x2a, 0x01, 0x0c, 0x00, 0x01, 0x03, 0x18, 0x00, 0x66, 0x01, 0x3b, 0x00, 0x2a, 0x01,
    0x25, 0x00, 0x66, 0x01, 0x3b, 0x00, 0x2a, 0x01, 0x25, 0x00, 0x66, 0x01, 0x3b, 0x00, 0x2a, 0x01,
    0x25, 0x00, 0x66, 0x01, 0x3b, 0x00, 0x2a, 0x01, 0x25, 0x00, 0x66, 0x01, 0x3b, 0x00, 0x2a, 0x01,
    0x25, 0x00, 0x66, 0x01, 0x3a, 0x00, 0x2a, 0x01, 0x27, 0x00, 0x66, 0x01, 0x3a, 0x00, 0x2a, 0x01,
    0x25, 0x00, 0x66, 0x01, 0x3b, 0x00, 0x2a, 0x01, 0x25, 0x00, 0x66, 0x01, 0x3b, 0x00, 0x2a, 0x01,
    0x25, 0x00, 0x66, 0x01, 0x3b, 0x00, 0x2a, 0x01, 0x25, 0x00, 0x66, 0x01, 0x3b, 0x00, 0x2a, 0x01,
    0x25, 0x00, 0x66, 0x01, 0x3b, 0x00, 0x2a, 0x01, 0x25, 0x00, 0x66, 0x01, 0x3b, 0x00, 0x2a, 0x01,
    0x25, 0x00, 0x66, 0x01, 0x3b, 0x00, 0x2a, 0x01, 0x25, 0x00, 0x66, 0x01, 0x3b, 0x00, 0x2a, 0x01,
    0x25, 0x00, 0x66, 0x01, 0x3c, 0x00, 0x2a, 0x01, 0x23, 0x00, 0x66, 0x01, 0x3d, 0x00, 0x2a, 0x01,
    0x23, 0x00, 0x66, 0x01, 0x3d, 0x00, 0x2a, 0x01, 0x23, 0x00, 0x66, 0x01, 0x3d, 0x00, 0x2a, 0x01,
    0x23, 0x00, 0x66, 0x01, 0x3e, 0x00, 0x2a, 0x01, 0x21, 0x00, 0x66, 0x01, 0x3f, 0x00, 0x2a, 0x01,
    0x21, 0x00, 0x66, 0x01, 0x40, 0x00, 0x29, 0x01, 0x21, 0x00, 0x65, 0x01, 0x41, 0x00, 0x2a, 0x01,
    0x1f, 0x00, 0x66, 0x01, 0x41, 0x00, 0x2a, 0x01, 0x1f, 0x00, 0x66, 0x01, 0x42, 0x00, 0x29, 0x01,
    0x1f, 0x00, 0x65, 0x01, 0x43, 0x00, 0x2a, 0x01, 0x1d, 0x00, 0x66, 0x01, 0x44, 0x00, 0x2a, 0x01,
    0x1b, 0x00, 0x66, 0x01, 0x45, 0x00, 0x2a, 0x01, 0x1b, 0x00, 0x66, 0x01, 0x46, 0x00, 0x2a, 0x01,
    0x19, 0x00, 0x66, 0x01, 0x47, 0x00, 0x2a, 0x01, 0x19, 0x00, 0x66, 0x01, 0x48, 0x00, 0x2a, 0x01,
    0x17, 0x00, 0x66, 0x01, 0x4a, 0x00, 0x2a, 0x01, 0x15, 0x00, 0x66, 0x01, 0x4b, 0x00, 0x2b, 0x01,
    0x13, 0x00, 0x67, 0x01, 0x4c, 0x00, 0x2b, 0x01, 0x11, 0x00, 0x67, 0x01, 0x4e, 0x00, 0x2c, 0x01,
    0x0d, 0x00, 0x68, 0x01, 0x50, 0x00, 0x2d, 0x01, 0x09, 0x00, 0x69, 0x01, 0x52, 0x00, 0x30, 0x01,
    0x01, 0x00, 0x6c, 0x01, 0x53, 0x00, 0x9d, 0x01, 0x54, 0x00, 0x9b, 0x01, 0x56, 0x00, 0x99, 0x01,
    0x58, 0x00, 0x97, 0x01, 0x5a, 0x00, 0x95, 0x01, 0x5c, 0x00, 0x93, 0x01, 0x5e, 0x00, 0x91, 0x01,
    0x60, 0x00, 0x8f, 0x01, 0x63, 0x00, 0x8b, 0x01, 0x66, 0x00, 0x89, 0x01, 0x68, 0x00, 0x87, 0x01,
    0x6b, 0x00, 0x83, 0x01, 0x6e, 0x00, 0x81, 0x01, 0x70, 0x00, 0x7f, 0x01, 0x73, 0x00, 0x7b, 0x01,
    0x77, 0x00, 0x77, 0x01, 0x7a, 0x00, 0x75, 0x01, 0x7d, 0x00, 0x71, 0x01, 0x81, 0x00, 0x6d, 0x01,
    0x85, 0x00, 0x69, 0x01, 0x89, 0x00, 0x65, 0x01, 0x8d, 0x00, 0x61, 0x01, 0x92, 0x00, 0x5b, 0x01,
    0x98, 0x00, 0x55, 0x01, 0x9d, 0x00, 0x51, 0x01, 0xa2, 0x00, 0x4b, 0x01, 0xa9, 0x00, 0x43, 0x01,
    0xb1, 0x00, 0x3b, 0x01, 0xba, 0x00, 0x31, 0x01, 0xc4, 0x00, 0x27, 0x01, 0xd2, 0x00, 0x15, 0x01,
    0xff, 0x00, 0xff, 0x00, 0xff, 0x00, 0xff, 0x00, 0xff, 0x00, 0xff, 0x00, 0xff, 0x00, 0xff, 0x00,
    0xff, 0x00, 0xff, 0x00, 0xff, 0x00, 0xff, 0x00, 0xff, 0x00, 0xff, 0x00, 0xff, 0x00, 0xff, 0x00,
    0xff, 0x00, 0xff, 0x00, 0xff, 0x00, 0xff, 0x00, 0xff, 0x00, 0xff, 0x00, 0xff, 0x00, 0xff, 0x00,
    0xff, 0x00, 0xff, 0x00, 0xff, 0x00, 0xff, 0x00, 0xff, 0x00, 0xff, 0x00, 0xff, 0x00, 0xff, 0x00,
    0xff, 0x00, 0xff, 0x00, 0xff, 0x00, 0xff, 0x00, 0xff, 0x00, 0xff, 0x00, 0xff, 0x00, 0xff, 0x00,
    0xff, 0x00, 0xff, 0x00, 0xff, 0x00, 0xff, 0x00, 0xff, 0x00, 0xff, 0x00, 0xff, 0x00, 0xff, 0x00,
    0xff, 0x00, 0xff, 0x00, 0xff, 0x00, 0xff, 0x00, 0xff, 0x00, 0xff, 0x00, 0x13, 0x00, 0xff, 0x00,
    0xff, 0x00, 0xff, 0x00, 0xff, 0x00, 0xff, 0x00, 0xff, 0x00, 0xff, 0x00, 0xff, 0x00, 0xff, 0x00,
    0xff, 0x00, 0xff, 0x00, 0xff, 0x00, 0xff, 0x00, 0xff, 0x00, 0xff, 0x00, 0xff, 0x00, 0x78, 0x00,
    0x01, 0x05, 0xec, 0x00, 0x07, 0x05, 0xe7, 0x00, 0x0b, 0x05, 0xe4, 0x00, 0x0d, 0x05, 0xe3, 0x00,
    0x0d, 0x05, 0xe2, 0x00, 0x0f, 0x05, 0xe1, 0x00, 0x0f, 0x05, 0xe1, 0x00, 0x0f, 0x05, 0xe0, 0x00,
    0x11, 0x05, 0xe0, 0x00, 0x0f, 0x05, 0xe1, 0x00, 0x0f, 0x05, 0xe1, 0x00, 0x0f, 0x05, 0xe2, 0x00,
    0x0d, 0x05, 0xe3, 0x00, 0x0d, 0x05, 0xe4, 0x00, 0x0b, 0x05, 0xe7, 0x00, 0x07, 0x05, 0xec, 0x00,
    0x01, 0x05, 0xff, 0x00, 0xff, 0x00, 0xff, 0x00, 0xff, 0x00, 0xff, 0x00, 0xff, 0x00, 0xff, 0x00,
    0xff, 0x00, 0xff, 0x00, 0xff, 0x00, 0xff, 0x00, 0xff, 0x00, 0xff, 0x00, 0xff, 0x00, 0xff, 0x00,
    0xff, 0x00, 0xff, 0x00, 0xff, 0x00, 0xff, 0x00, 0xff, 0x00, 0xff, 0x00, 0xff, 0x00, 0xff, 0x00,
    0x7c, 0x00, 0x15, 0x01, 0xd2, 0x00, 0x27, 0x01, 0xc4, 0x00, 0x31, 0x01, 0xba, 0x00, 0x3b, 0x01,
    0xb1, 0x00, 0x43, 0x01, 0xa9, 0x00, 0x4b, 0x01, 0xa2, 0x00, 0x51, 0x01, 0x9d, 0x00, 0x55, 0x01,
    0x98, 0x00, 0x5b, 0x01, 0x92, 0x00, 0x61, 0x01, 0x8d, 0x00, 0x65, 0x01, 0x89, 0x00, 0x69, 0x01,
    0x85, 0x00, 0x6d, 0x01, 0x81, 0x00, 0x71, 0x01, 0x7d, 0x00, 0x75, 0x01, 0x7a, 0x00, 0x77, 0x01,
    0x77, 0x00, 0x7b, 0x01, 0x73, 0x00, 0x7f, 0x01, 0x70, 0x00, 0x81, 0x01, 0x6e, 0x00, 0x83, 0x01,
    0x6b, 0x00, 0x87, 0x01, 0x68, 0x00, 0x2c, 0x01, 0x07, 0x00, 0x56, 0x01, 0x66, 0x00, 0x2a, 0x01,
    0x0c, 0x00, 0x55, 0x01, 0x63, 0x00, 0x2b, 0x01, 0x0f, 0x00, 0x55, 0x01, 0x60, 0x00, 0x2a, 0x01,
    0x12, 0x00, 0x55, 0x01, 0x5e, 0x00, 0x2a, 0x01, 0x14, 0x00, 0x55, 0x01, 0x5c, 0x00, 0x2a, 0x01,
    0x16, 0x00, 0x55, 0x01, 0x5a, 0x00, 0x2b, 0x01, 0x17, 0x00, 0x55, 0x01, 0x58, 0x00, 0x2b, 0x01,
    0x19, 0x00, 0x55, 0x01, 0x56, 0x00, 0x2b, 0x01, 0x1a, 0x00, 0x56, 0x01, 0x54, 0x00, 0x2c, 0x01,
    0x1b, 0x00, 0x56, 0x01, 0x53, 0x00, 0x2b, 0x01, 0x1d, 0x00, 0x55, 0x01, 0x52, 0x00, 0x2b, 0x01,
    0x1e, 0x00, 0x56, 0x01, 0x50, 0x00, 0x2c, 0x01, 0x1f, 0x00, 0x56, 0x01, 0x4e, 0x00, 0x2d, 0x01,
    0x1f, 0x00, 0x57, 0x01, 0x4c, 0x00, 0x2d, 0x01, 0x20, 0x00, 0x58, 0x01, 0x4b, 0x00, 0x2d, 0x01,
    0x21, 0x00, 0x57, 0x01, 0x4a, 0x00, 0x2d, 0x01, 0x22, 0x00, 0x58, 0x01, 0x48, 0x00, 0x2e, 0x01,
    0x09, 0x00, 0x04, 0x03, 0x15, 0x00, 0x59, 0x01, 0x47, 0x00, 0x2e, 0x01, 0x08, 0x00, 0x06, 0x03,
    0x15, 0x00, 0x58, 0x01, 0x46, 0x00, 0x2f, 0x01, 0x08, 0x00, 0x07, 0x03, 0x14, 0x00, 0x59, 0x01,
    0x45, 0x00, 0x2e, 0x01, 0x08, 0x00, 0x08, 0x03, 0x14, 0x00, 0x59, 0x01, 0x44, 0x00, 0x2f, 0x01,
    0x08, 0x00, 0x08, 0x03, 0x14, 0x00, 0x5a, 0x01, 0x43, 0x00, 0x2f, 0x01, 0x09, 0x00, 0x07, 0x03,
    0x15, 0x00, 0x59, 0x01, 0x42, 0x00, 0x30, 0x01, 0x09, 0x00, 0x06, 0x03, 0x16, 0x00, 0x5a, 0x01,
    0x41, 0x00, 0x30, 0x01, 0x0b, 0x00, 0x03, 0x03, 0x17, 0x00, 0x5a, 0x01, 0x41, 0x00, 0x30, 0x01,
    0x25, 0x00, 0x5a, 0x01, 0x40, 0x00, 0x30, 0x01, 0x26, 0x00, 0x5b, 0x01, 0x3f, 0x00, 0x30, 0x01,
    0x26, 0x00, 0x5b, 0x01, 0x3e, 0x00, 0x31, 0x01, 0x26, 0x00, 0x5c, 0x01, 0x3d, 0x00, 0x31, 0x01,
    0x26, 0x00, 0x5c, 0x01, 0x3d, 0x00, 0x31, 0x01, 0x26, 0x00, 0x5c, 0x01, 0x3d, 0x00, 0x31, 0x01,
    0x26, 0x00, 0x5c, 0x01, 0x3c, 0x00, 0x32, 0x01, 0x26, 0x00, 0x5d, 0x01, 0x3b, 0x00, 0x32, 0x01,
    0x26, 0x00, 0x5d, 0x01, 0x3b, 0x00, 0x32, 0x01, 0x26, 0x00, 0x5d, 0x01, 0x3b, 0x00, 0x32, 0x01,
    0x26, 0x00, 0x5d, 0x01, 0x3b, 0x00, 0x33, 0x01, 0x25, 0x00, 0x5d, 0x01, 0x3b, 0x00, 0x33, 0x01,
    0x25, 0x00, 0x5d, 0x01, 0x3b, 0x00, 0x33, 0x01, 0x25, 0x00, 0x5d, 0x01, 0x3b, 0x00, 0x33, 0x01,
    0x25, 0x00, 0x5d, 0x01, 0x3b, 0x00, 0x33, 0x01, 0x24, 0x00, 0x5e, 0x01, 0x3a, 0x00, 0x34, 0x01,
    0x24, 0x00, 0x5f, 0x01, 0x3a, 0x00, 0x34, 0x01, 0x23, 0x00, 0x5e, 0x01, 0x3b, 0x00, 0x34, 0x01,
    0x23, 0x00, 0x5e, 0x01, 0x3b, 0x00, 0x34, 0x01, 0x22, 0x00, 0x5f, 0x01, 0x3b, 0x00, 0x35, 0x01,
    0x21, 0x00, 0x5f, 0x01, 0x3b, 0x00, 0x35, 0x01, 0x21, 0x00, 0x5f, 0x01, 0x3b, 0x00, 0x35, 0x01,
    0x20, 0x00, 0x60, 0x01, 0x3b, 0x00, 0x36, 0x01, 0x1f, 0x00, 0x60, 0x01, 0x3b, 0x00, 0x36, 0x01,
    0x1e, 0x00, 0x61, 0x01, 0x3b, 0x00, 0x37, 0x01, 0x1d, 0x00, 0x61, 0x01, 0x3c, 0x00, 0x36, 0x01,
    0x1c, 0x00, 0x61, 0x01, 0x3d, 0x00, 0x37, 0x01, 0x1b, 0x00, 0x61, 0x01, 0x3d, 0x00, 0x37, 0x01,
    0x1a, 0x00, 0x62, 0x01, 0x3d, 0x00, 0x38, 0x01, 0x19, 0x00, 0x62, 0x01, 0x3e, 0x00, 0x38, 0x01,
    0x17, 0x00, 0x62, 0x01, 0x3f, 0x00, 0x39, 0x01, 0x15, 0x00, 0x63, 0x01, 0x40, 0x00, 0x39, 0x01,
    0x13, 0x00, 0x63, 0x01, 0x41, 0x00, 0x3a, 0x01, 0x11, 0x00, 0x64, 0x01, 0x41, 0x00, 0x3b, 0x01,
    0x0f, 0x00, 0x65, 0x01, 0x42, 0x00, 0x3c, 0x01, 0x0b, 0x00, 0x66, 0x01, 0x43, 0x00, 0x3e, 0x01,
    0x06, 0x00, 0x69, 0x01, 0x44, 0x00, 0xab, 0x01, 0x45, 0x00, 0xab, 0x01, 0x46, 0x00, 0xa9, 0x01,
    0x47, 0x00, 0xa9, 0x01, 0x48, 0x00, 0xa7, 0x01, 0x4a, 0x00, 0xa5, 0x01, 0x4b, 0x00, 0xa5, 0x01,
    0x4c, 0x00, 0xa3, 0x01, 0x4e, 0x00, 0xa1, 0x01, 0x50, 0x00, 0x9f, 0x01, 0x52, 0x00, 0x9d, 0x01,
    0x53, 0x00, 0x9d, 0x01, 0x54, 0x00, 0x9b, 0x01, 0x56, 0x00, 0x99, 0x01, 0x58, 0x00, 0x97, 0x01,
    0x5a, 0x00, 0x95, 0x01, 0x5c, 0x00, 0x93, 0x01, 0x5e, 0x00, 0x91, 0x01, 0x60, 0x00, 0x8f, 0x01,
    0x63, 0x00, 0x8b, 0x01, 0x66, 0x00, 0x89, 0x01, 0x68, 0x00, 0x87, 0x01, 0x6b, 0x00, 0x83, 0x01,
    0x6e, 0x00, 0x81, 0x01, 0x70, 0x00, 0x7f, 0x01, 0x73, 0x00, 0x7b, 0x01, 0x77, 0x00, 0x77, 0x01,
    0x7a, 0x00, 0x75, 0x01, 0x7d, 0x00, 0x71, 0x01, 0x81, 0x00, 0x6d, 0x01, 0x85, 0x00, 0x69, 0x01,
    0x89, 0x00, 0x65, 0x01, 0x8d, 0x00, 0x61, 0x01, 0x92, 0x00, 0x5b, 0x01, 0x98, 0x00, 0x55, 0x01,
    0x9d, 0x00, 0x51, 0x01, 0xa2, 0x00, 0x4b, 0x01, 0xa9, 0x00, 0x43, 0x01, 0xb1, 0x00, 0x3b, 0x01,
    0xba, 0x00, 0x31, 0x01, 0xc4, 0x00, 0x27, 0x01, 0xd2, 0x00, 0x15, 0x01, 0xff, 0x00, 0xff, 0x00,
    0xff, 0x00, 0xff, 0x00, 0xff, 0x00, 0xff, 0x00, 0xff, 0x00, 0xff, 0x00, 0xff, 0x00, 0xff, 0x00,
    0xff, 0x00, 0xff, 0x00, 0xff, 0x00, 0xff, 0x00, 0xff, 0x00, 0xff, 0x00, 0xff, 0x00, 0xff, 0x00,
    0xff, 0x00, 0xff, 0x00, 0xff, 0x00, 0xff, 0x00, 0xff, 0x00, 0xff, 0x00, 0xff, 0x00, 0xff, 0x00,
    0xff, 0x00, 0xff, 0x00, 0xff, 0x00, 0xff, 0x00, 0xff, 0x00, 0xff, 0x00, 0xff, 0x00, 0xff, 0x00,
    0xff, 0x00, 0xff, 0x00, 0xff, 0x00, 0xff, 0x00, 0xff, 0x00, 0xff, 0x00, 0xff, 0x00, 0xff, 0x00,
    0xff, 0x00, 0xff, 0x00, 0xff, 0x00, 0xff, 0x00, 0xff, 0x00, 0xff, 0x00, 0xff, 0x00, 0xff, 0x00,
    0xff, 0x00, 0xff, 0x00, 0xff, 0x00, 0xff, 0x00, 0x13, 0x00, 0xff, 0x00, 0xff, 0x00, 0xff, 0x00,
    0xff, 0x00, 0xff, 0x00, 0xff, 0x00, 0xff, 0x00, 0xff, 0x00, 0xff, 0x00, 0xff, 0x00, 0xff, 0x00,
    0xff, 0x00, 0xff, 0x00, 0xff, 0x00, 0xff, 0x00, 0xff, 0x00, 0xff, 0x00, 0xff, 0x00, 0x5a, 0x00,
    0x01, 0x05, 0xec, 0x00, 0x07, 0x05, 0xe8, 0x00, 0x09, 0x05, 0xe6, 0x00, 0x0b, 0x05, 0xe5, 0x00,
    0x0b, 0x05, 0xe5, 0x00, 0x0b, 0x05, 0xe4, 0x00, 0x0d, 0x05, 0xe4, 0x00, 0x0b, 0x05, 0xe5, 0x00,
    0x0b, 0x05, 0xe5, 0x00, 0x0b, 0x05, 0xe6, 0x00, 0x09, 0x05, 0xe8, 0x00, 0x07, 0x05, 0xec, 0x00,
    0x01, 0x05, 0xff, 0x00, 0xff, 0x00, 0xff, 0x00, 0xff, 0x00, 0xff, 0x00, 0xff, 0x00, 0xff, 0x00,
    0xff, 0x00, 0xff, 0x00, 0xff, 0x00, 0xff, 0x00, 0xff, 0x00, 0xff, 0x00, 0xff, 0x00, 0xff, 0x00,
    0xff, 0x00, 0xff, 0x00, 0xff, 0x00, 0xff, 0x00, 0xff, 0x00, 0xff, 0x00, 0xff, 0x00, 0xff, 0x00,
    0xff, 0x00, 0xff, 0x00, 0x5e, 0x00, 0x15, 0x01, 0xd2, 0x00, 0x27, 0x01, 0xc4, 0x00, 0x31, 0x01,
    0xba, 0x00, 0x3b, 0x01, 0xb1, 0x00, 0x43, 0x01, 0xa9, 0x00, 0x4b, 0x01, 0xa2, 0x00, 0x51, 0x01,
    0x9d, 0x00, 0x55, 0x01, 0x98, 0x00, 0x5b, 0x01, 0x92, 0x00, 0x61, 0x01, 0x8d, 0x00, 0x65, 0x01,
    0x89, 0x00, 0x69, 0x01, 0x85, 0x00, 0x6d, 0x01, 0x81, 0x00, 0x71, 0x01, 0x7d, 0x00, 0x75, 0x01,
    0x7a, 0x00, 0x77, 0x01, 0x77, 0x00, 0x7b, 0x01, 0x73, 0x00, 0x7f, 0x01, 0x70, 0x00, 0x81, 0x01,
    0x6e, 0x00, 0x83, 0x01, 0x6b, 0x00, 0x87, 0x01, 0x68, 0x00, 0x56, 0x01, 0x07, 0x00, 0x2c, 0x01,
    0x66, 0x00, 0x55, 0x01, 0x0c, 0x00, 0x2a, 0x01, 0x63, 0x00, 0x55, 0x01, 0x0f, 0x00, 0x2b, 0x01,
    0x60, 0x00, 0x55, 0x01, 0x12, 0x00, 0x2a, 0x01, 0x5e, 0x00, 0x55, 0x01, 0x14, 0x00, 0x2a, 0x01,
    0x5c, 0x00, 0x55, 0x01, 0x16, 0x00, 0x2a, 0x01, 0x5a, 0x00, 0x55, 0x01, 0x17, 0x00, 0x2b, 0x01,
    0x58, 0x00, 0x55, 0x01, 0x19, 0x00, 0x2b, 0x01, 0x56, 0x00, 0x56, 0x01, 0x1a, 0x00, 0x2b, 0x01,
    0x54, 0x00, 0x56, 0x01, 0x1b, 0x00, 0x2c, 0x01, 0x53, 0x00, 0x55, 0x01, 0x1d, 0x00, 0x2b, 0x01,
    0x52, 0x00, 0x56, 0x01, 0x1e, 0x00, 0x2b, 0x01, 0x50, 0x00, 0x56, 0x01, 0x1f, 0x00, 0x2c, 0x01,
    0x4e, 0x00, 0x57, 0x01, 0x1f, 0x00, 0x2d, 0x01, 0x4c, 0x00, 0x58, 0x01, 0x20, 0x00, 0x2d, 0x01,
    0x4b, 0x00, 0x57, 0x01, 0x21, 0x00, 0x2d, 0x01, 0x4a, 0x00, 0x58, 0x01, 0x22, 0x00, 0x2d, 0x01,
    0x48, 0x00, 0x59, 0x01, 0x09, 0x00, 0x04, 0x03, 0x15, 0x00, 0x2e, 0x01, 0x47, 0x00, 0x58, 0x01,
    0x09, 0x00, 0x06, 0x03, 0x14, 0x00, 0x2e, 0x01, 0x46, 0x00, 0x59, 0x01, 0x08, 0x00, 0x07, 0x03,
    0x14, 0x00, 0x2f, 0x01, 0x45, 0x00, 0x59, 0x01, 0x08, 0x00, 0x08, 0x03, 0x14, 0x00, 0x2e, 0x01,
    0x44, 0x00, 0x5a, 0x01, 0x08, 0x00, 0x08, 0x03, 0x14, 0x00, 0x2f, 0x01, 0x43, 0x00, 0x59, 0x01,
    0x09, 0x00, 0x07, 0x03, 0x15, 0x00, 0x2f, 0x01, 0x42, 0x00, 0x5a, 0x01, 0x0a, 0x00, 0x06, 0x03,
    0x15, 0x00, 0x30, 0x01, 0x41, 0x00, 0x5a, 0x01, 0x0b, 0x00, 0x03, 0x03, 0x17, 0x00, 0x30, 0x01,
    0x41, 0x00, 0x5a, 0x01, 0x25, 0x00, 0x30, 0x01, 0x40, 0x00, 0x5b, 0x01, 0x26, 0x00, 0x30, 0x01,
    0x3f, 0x00, 0x5b, 0x01, 0x26, 0x00, 0x30, 0x01, 0x3e, 0x00, 0x5c, 0x01, 0x26, 0x00, 0x31, 0x01,
    0x3d, 0x00, 0x5c, 0x01, 0x26, 0x00, 0x31, 0x01, 0x3d, 0x00, 0x5c, 0x01, 0x26, 0x00, 0x31, 0x01,
    0x3d, 0x00, 0x5c, 0x01, 0x26, 0x00, 0x31, 0x01, 0x3c, 0x00, 0x5d, 0x01, 0x26, 0x00, 0x32, 0x01,
    0x3b, 0x00, 0x5d, 0x01, 0x26, 0x00, 0x32, 0x01, 0x3b, 0x00, 0x5d, 0x01, 0x26, 0x00, 0x32, 0x01,
    0x3b, 0x00, 0x5d, 0x01, 0x26, 0x00, 0x32, 0x01, 0x3b, 0x00, 0x5d, 0x01, 0x25, 0x00, 0x33, 0x01,
    0x3b, 0x00, 0x5d, 0x01, 0x25, 0x00, 0x33, 0x01, 0x3b, 0x00, 0x5d, 0x01, 0x25, 0x00, 0x33, 0x01,
    0x3b, 0x00, 0x5d, 0x01, 0x25, 0x00, 0x33, 0x01, 0x3b, 0x00, 0x5e, 0x01, 0x24, 0x00, 0x33, 0x01,
    0x3a, 0x00, 0x5f, 0x01, 0x24, 0x00, 0x34, 0x01, 0x3a, 0x00, 0x5e, 0x01, 0x23, 0x00, 0x34, 0x01,
    0x3b, 0x00, 0x5e, 0x01, 0x23, 0x00, 0x34, 0x01, 0x3b, 0x00, 0x5f, 0x01, 0x22, 0x00, 0x34, 0x01,
    0x3b, 0x00, 0x5f, 0x01, 0x21, 0x00, 0x35, 0x01, 0x3b, 0x00, 0x5f, 0x01, 0x21, 0x00, 0x35, 0x01,
    0x3b, 0x00, 0x60, 0x01, 0x20, 0x00, 0x35, 0x01, 0x3b, 0x00, 0x60, 0x01, 0x1f, 0x00, 0x36, 0x01,
    0x3b, 0x00, 0x61, 0x01, 0x1e, 0x00, 0x36, 0x01, 0x3b, 0x00, 0x61, 0x01, 0x1d, 0x00, 0x37, 0x01,
    0x3c, 0x00, 0x61, 0x01, 0x1c, 0x00, 0x36, 0x01, 0x3d, 0x00, 0x61, 0x01, 0x1b, 0x00, 0x37, 0x01,
    0x3d, 0x00, 0x62, 0x01, 0x1a, 0x00, 0x37, 0x01, 0x3d, 0x00, 0x62, 0x01, 0x19, 0x00, 0x38, 0x01,
    0x3e, 0x00, 0x62, 0x01, 0x17, 0x00, 0x38, 0x01, 0x3f, 0x00, 0x63, 0x01, 0x15, 0x00, 0x39, 0x01,
    0x40, 0x00, 0x63, 0x01, 0x13, 0x00, 0x39, 0x01, 0x41, 0x00, 0x64, 0x01, 0x11, 0x00, 0x3a, 0x01,
    0x41, 0x00, 0x65, 0x01, 0x0f, 0x00, 0x3b, 0x01, 0x42, 0x00, 0x66, 0x01, 0x0b, 0x00, 0x3c, 0x01,
    0x43, 0x00, 0x69, 0x01, 0x06, 0x00, 0x3e, 0x01, 0x44, 0x00, 0xab, 0x01, 0x45, 0x00, 0xab, 0x01,
    0x46, 0x00, 0xa9, 0x01, 0x47, 0x00, 0xa9, 0x01, 0x48, 0x00, 0xa7, 0x01, 0x4a, 0x00, 0xa5, 0x01,
    0x4b, 0x00, 0xa5, 0x01, 0x4c, 0x00, 0xa3, 0x01, 0x4e, 0x00, 0xa1, 0x01, 0x50, 0x00, 0x9f, 0x01,
    0x52, 0x00, 0x9d, 0x01, 0x53, 0x00, 0x9d, 0x01, 0x54, 0x00, 0x9b, 0x01, 0x56, 0x00, 0x99, 0x01,
    0x58, 0x00, 0x97, 0x01, 0x5a, 0x00, 0x95, 0x01, 0x5c, 0x00, 0x93, 0x01, 0x5e, 0x00, 0x91, 0x01,
    0x60, 0x00, 0x8f, 0x01, 0x63, 0x00, 0x8b, 0x01, 0x66, 0x00, 0x89, 0x01, 0x68, 0x00, 0x87, 0x01,
    0x6b, 0x00, 0x83, 0x01, 0x6e, 0x00, 0x81, 0x01, 0x70, 0x00, 0x7f, 0x01, 0x73, 0x00, 0x7b, 0x01,
    0x77, 0x00, 0x77, 0x01, 0x7a, 0x00, 0x75, 0x01, 0x7d, 0x00, 0x71, 0x01, 0x81, 0x00, 0x6d, 0x01,
    0x85, 0x00, 0x69, 0x01, 0x89, 0x00, 0x65, 0x01, 0x8d, 0x00, 0x61, 0x01, 0x92, 0x00, 0x5b, 0x01,
    0x98, 0x00, 0x55, 0x01, 0x9d, 0x00, 0x51, 0x01, 0xa2, 0x00, 0x4b, 0x01, 0xa9, 0x00, 0x43, 0x01,
    0xb1, 0x00, 0x3b, 0x01, 0xba, 0x00, 0x31, 0x01, 0xc4, 0x00, 0x27, 0x01, 0xd2, 0x00, 0x15, 0x01,
    0xff, 0x00, 0xff, 0x00, 0xff, 0x00, 0xff, 0x00, 0xff, 0x00, 0xff, 0x00, 0xff, 0x00, 0xff, 0x00,
    0xff, 0x00, 0xff, 0x00, 0xff, 0x00, 0xff, 0x00, 0xff, 0x00, 0xff, 0x00, 0xff, 0x00, 0xff, 0x00,
    0xff, 0x00, 0xff, 0x00, 0xff, 0x00, 0xff, 0x00, 0xff, 0x00, 0xff, 0x00, 0xff, 0x00, 0xff, 0x00,
    0xff, 0x00, 0xff, 0x00, 0xff, 0x00, 0xff, 0x00, 0xff, 0x00, 0xff, 0x00, 0xff, 0x00, 0xff, 0x00,
    0xff, 0x00, 0xff, 0x00, 0xff, 0x00, 0xff, 0x00, 0xff, 0x00, 0xff, 0x00, 0xff, 0x00, 0xff, 0x00,
    0xff, 0x00, 0xff, 0x00, 0xff, 0x00, 0xff, 0x00, 0xff, 0x00, 0xff, 0x00, 0xff, 0x00, 0xff, 0x00,
    0xff, 0x00, 0xff, 0x00, 0xff, 0x00, 0xff, 0x00, 0xff, 0x00, 0xff, 0x00, 0x13, 0x00, 0xff, 0x00,
    0xff, 0x00, 0xff, 0x00, 0xff, 0x00, 0xff, 0x00, 0xff, 0x00, 0xff, 0x00, 0xff, 0x00, 0xff, 0x00,
    0xff, 0x00, 0xff, 0x00, 0xff, 0x00, 0xff, 0x00, 0xff, 0x00, 0xff, 0x00, 0xff, 0x00, 0xff, 0x00,
    0xff, 0x00, 0xff, 0x00, 0xff, 0x00, 0xff, 0x00, 0xff, 0x00, 0xff, 0x00, 0xff, 0x00, 0xff, 0x00,
    0xff, 0x00, 0xff, 0x00, 0xff, 0x00, 0xff, 0x00, 0xff, 0x00, 0xff, 0x00, 0xff, 0x00, 0xff, 0x00,
    0xff, 0x00, 0xff, 0x00, 0xff, 0x00, 0xff, 0x00, 0xff, 0x00, 0xff, 0x00, 0xff, 0x00, 0xff, 0x00,
    0xff, 0x00, 0xff, 0x00, 0xff, 0x00, 0xff, 0x00, 0xff, 0x00, 0xff, 0x00, 0xff, 0x00, 0xff, 0x00,
    0xff, 0x00, 0xff, 0x00, 0xff, 0x00, 0xff, 0x00, 0xff, 0x00, 0xff, 0x00, 0xff, 0x00, 0xff, 0x00,
    0xff, 0x00, 0xff, 0x00, 0xff, 0x00, 0xff, 0x00, 0xff, 0x00, 0xff, 0x00, 0xff, 0x00, 0xff, 0x00,
    0xff, 0x00, 0xff, 0x00, 0xff, 0x00, 0xff, 0x00, 0xff, 0x00, 0xff, 0x00, 0xff, 0x00, 0xff, 0x00,
    0xff, 0x00, 0xff, 0x00, 0xff, 0x00, 0xff, 0x00, 0xff, 0x00, 0xff, 0x00, 0xff, 0x00, 0xff, 0x00,
    0xff, 0x00, 0xff, 0x00, 0xff, 0x00, 0xff, 0x00, 0xff, 0x00, 0xff, 0x00, 0xff, 0x00, 0xff, 0x00,
    0xff, 0x00, 0xd2, 0x00, 0x01, 0x02, 0xd6, 0x00, 0x33, 0x02, 0xb2, 0x00, 0x49, 0x02, 0x9f, 0x00,
    0x59, 0x02, 0x91, 0x00, 0x65, 0x02, 0x86, 0x00, 0x6f, 0x02, 0x7c, 0x00, 0x79, 0x02, 0x73, 0x00,
    0x81, 0x02, 0x6c, 0x00, 0x87, 0x02, 0x65, 0x00, 0x8f, 0x02, 0x5f, 0x00, 0x93, 0x02, 0x5a, 0x00,
    0x99, 0x02, 0x55, 0x00, 0x9d, 0x02, 0x51, 0x00, 0xa1, 0x02, 0x4d, 0x00, 0xa5, 0x02, 0x49, 0x00,
    0x54, 0x02, 0x01, 0x00, 0x54, 0x02, 0x46, 0x00, 0x53, 0x02, 0x05, 0x00, 0x53, 0x02, 0x43, 0x00,
    0x52, 0x02, 0x0b, 0x00, 0x52, 0x02, 0x40, 0x00, 0x52, 0x02, 0x0d, 0x00, 0x52, 0x02, 0x3e, 0x00,
    0x52, 0x02, 0x0f, 0x00, 0x52, 0x02, 0x3d, 0x00, 0x51, 0x02, 0x11, 0x00, 0x51, 0x02, 0x3c, 0x00,
    0x51, 0x02, 0x13, 0x00, 0x51, 0x02, 0x3b, 0x00, 0x50, 0x02, 0x15, 0x00, 0x50, 0x02, 0x3b, 0x00,
    0x4f, 0x02, 0x17, 0x00, 0x4f, 0x02, 0x3a, 0x00, 0x50, 0x02, 0x17, 0x00, 0x50, 0x02, 0x3a, 0x00,
    0x4e, 0x02, 0x19, 0x00, 0x4e, 0x02, 0x3b, 0x00, 0x4e, 0x02, 0x19, 0x00, 0x4e, 0x02, 0x3b, 0x00,
    0x4d, 0x02, 0x1b, 0x00, 0x4d, 0x02, 0x3c, 0x00, 0x4c, 0x02, 0x1b, 0x00, 0x4c, 0x02, 0x3d, 0x00,
    0x4b, 0x02, 0x1d, 0x00, 0x4b, 0x02, 0x3e, 0x00, 0x4a, 0x02, 0x1d, 0x00, 0x4a, 0x02, 0x40, 0x00,
    0x49, 0x02, 0x1d, 0x00, 0x49, 0x02, 0x43, 0x00, 0x47, 0x02, 0x1d, 0x00, 0x47, 0x02, 0x46, 0x00,
    0x45, 0x02, 0x1f, 0x00, 0x45, 0x02, 0x49, 0x00, 0x43, 0x02, 0x1f, 0x00, 0x43, 0x02, 0x4d, 0x00,
    0x41, 0x02, 0x1f, 0x00, 0x41, 0x02, 0x51, 0x00, 0x3f, 0x02, 0x1f, 0x00, 0x3f, 0x02, 0x55, 0x00,
    0x3d, 0x02, 0x1f, 0x00, 0x3d, 0x02, 0x5a, 0x00, 0x3a, 0x02, 0x1f, 0x00, 0x3a, 0x02, 0x5f, 0x00,
    0x37, 0x02, 0x21, 0x00, 0x37, 0x02, 0x65, 0x00, 0x33, 0x02, 0x21, 0x00, 0x33, 0x02, 0x6c, 0x00,
    0x30, 0x02, 0x21, 0x00, 0x30, 0x02, 0x73, 0x00, 0x2c, 0x02, 0x21, 0x00, 0x2c, 0x02, 0x7c, 0x00,
    0x27, 0x02, 0x21, 0x00, 0x27, 0x02, 0x86, 0x00, 0x22, 0x02, 0x21, 0x00, 0x22, 0x02, 0x91, 0x00,
    0x1c, 0x02, 0x21, 0x00, 0x1c, 0x02, 0x9f, 0x00, 0x15, 0x02, 0x1f, 0x00, 0x15, 0x02, 0xb2, 0x00,
    0x0a, 0x02, 0x1f, 0x00, 0x0a, 0x02, 0xff, 0x00, 0xff, 0x00, 0xff, 0x00, 0xff, 0x00, 0xff, 0x00,
    0xff, 0x00, 0xff, 0x00, 0xff, 0x00, 0xff, 0x00, 0xff, 0x00, 0xff, 0x00, 0xff, 0x00, 0xff, 0x00,
    0xff, 0x00, 0xff, 0x00, 0xff, 0x00, 0xff, 0x00, 0xff, 0x00, 0xff, 0x00, 0xff, 0x00, 0xff, 0x00,
    0xff, 0x00, 0xff, 0x00, 0xff, 0x00, 0xff, 0x00, 0xff, 0x00, 0xff, 0x00, 0xff, 0x00, 0xff, 0x00,
    0xff, 0x00, 0xff, 0x00, 0xff, 0x00, 0xff, 0x00, 0xff, 0x00, 0xff, 0x00, 0xff, 0x00, 0xff, 0x00,
    0xff, 0x00, 0xff, 0x00, 0xff, 0x00, 0xff, 0x00, 0xff, 0x00, 0xff, 0x00, 0xff, 0x00, 0xff, 0x00,
    0xff, 0x00, 0xff, 0x00, 0xff, 0x00, 0xff, 0x00, 0xff, 0x00, 0xff, 0x00, 0xff, 0x00, 0xff, 0x00,
    0xff, 0x00, 0xff, 0x00, 0xff, 0x00, 0xff, 0x00, 0xff, 0x00, 0xff, 0x00, 0xff, 0x00, 0xff, 0x00,
    0xff, 0x00, 0xff, 0x00, 0xff, 0x00, 0xff, 0x00, 0xff, 0x00, 0xff, 0x00, 0xff, 0x00, 0xff, 0x00,
    0xff, 0x00, 0xff, 0x00, 0xff, 0x00, 0xff, 0x00, 0xff, 0x00, 0xff, 0x00, 0xff, 0x00, 0xff, 0x00,
    0xff, 0x00, 0xff, 0x00, 0xff, 0x00, 0xff, 0x00, 0xff, 0x00, 0xff, 0x00, 0xff, 0x00, 0xff, 0x00,
    0xff, 0x00, 0xff, 0x00, 0xff, 0x00, 0xff, 0x00, 0xff, 0x00, 0xb8, 0x00, 0xff, 0x00, 0xff, 0x00,
    0xff, 0x00, 0xff, 0x00, 0xff, 0x00, 0xff, 0x00, 0xff, 0x00, 0xff, 0x00, 0xff, 0x00, 0xff, 0x00,
    0xff, 0x00, 0xff, 0x00, 0xff, 0x00, 0xff, 0x00, 0xff, 0x00, 0xff, 0x00, 0xff, 0x00, 0xff, 0x00,
    0xff, 0x00, 0xff, 0x00, 0xff, 0x00, 0xff, 0x00, 0xff, 0x00, 0xff, 0x00, 0xff, 0x00, 0xff, 0x00,
    0xff, 0x00, 0xff, 0x00, 0xff, 0x00, 0xff, 0x00, 0xff, 0x00, 0xff, 0x00, 0xff, 0x00, 0xff, 0x00,
    0xff, 0x00, 0xff, 0x00, 0xff, 0x00, 0xff, 0x00, 0xff, 0x00, 0xff, 0x00, 0xff, 0x00, 0xff, 0x00,
    0xff, 0x00, 0xff, 0x00, 0xff, 0x00, 0xff, 0x00, 0xff, 0x00, 0xff, 0x00, 0xff, 0x00, 0xff, 0x00,
    0xff, 0x00, 0xff, 0x00, 0xff, 0x00, 0xff, 0x00, 0xff, 0x00, 0xff, 0x00, 0xff, 0x00, 0xff, 0x00,
    0xff, 0x00, 0xff, 0x00, 0xff, 0x00, 0xff, 0x00, 0xff, 0x00, 0xff, 0x00, 0xff, 0x00, 0xff, 0x00,
    0xff, 0x00, 0xff, 0x00, 0xff, 0x00, 0xff, 0x00, 0xff, 0x00, 0xff, 0x00, 0xff, 0x00, 0xff, 0x00,
    0xff, 0x00, 0xff, 0x00, 0xff, 0x00, 0xff, 0x00, 0xff, 0x00, 0xff, 0x00, 0xff, 0x00, 0xff, 0x00,
    0xff, 0x00, 0xff, 0x00, 0xff, 0x00, 0xff, 0x00, 0xff, 0x00, 0xf4, 0x00, 0x17, 0x02, 0xca, 0x00,
    0x35, 0x02, 0xb2, 0x00, 0x47, 0x02, 0xa2, 0x00, 0x55, 0x02, 0x95, 0x00, 0x61, 0x02, 0x8a, 0x00,
    0x6b, 0x02, 0x81, 0x00, 0x73, 0x02, 0x79, 0x00, 0x7b, 0x02, 0x71, 0x00, 0x83, 0x02, 0x6a, 0x00,
    0x89, 0x02, 0x64, 0x00, 0x8f, 0x02, 0x5f, 0x00, 0x93, 0x02, 0x5b, 0x00, 0x97, 0x02, 0x56, 0x00,
    0x9d, 0x02, 0x52, 0x00, 0x9f, 0x02, 0x4f, 0x00, 0xa3, 0x02, 0x4b, 0x00, 0xa7, 0x02, 0x48, 0x00,
    0xa9, 0x02, 0x46, 0x00, 0x55, 0x02, 0x01, 0x00, 0x55, 0x02, 0x44, 0x00, 0x54, 0x02, 0x05, 0x00,
    0x54, 0x02, 0x42, 0x00, 0x52, 0x02, 0x0b, 0x00, 0x52, 0x02, 0x40, 0x00, 0x52, 0x02, 0x0d, 0x00,
    0x52, 0x02, 0x3e, 0x00, 0x52, 0x02, 0x0f, 0x00, 0x52, 0x02, 0x3c, 0x00, 0x52, 0x02, 0x11, 0x00,
    0x52, 0x02, 0x3b, 0x00, 0x51, 0x02, 0x13, 0x00, 0x51, 0x02, 0x3b, 0x00, 0x50, 0x02, 0x15, 0x00,
    0x50, 0x02, 0x3b, 0x00, 0x4f, 0x02, 0x17, 0x00, 0x4f, 0x02, 0x3a, 0x00, 0x50, 0x02, 0x17, 0x00,
    0x50, 0x02, 0x3a, 0x00, 0x4e, 0x02, 0x19, 0x00, 0x4e, 0x02, 0x3b, 0x00, 0x4e, 0x02, 0x19, 0x00,
    0x4e, 0x02, 0x3b, 0x00, 0x4d, 0x02, 0x1b, 0x00, 0x4d, 0x02, 0x3b, 0x00, 0x4d, 0x02, 0x1b, 0x00,
    0x4d, 0x02, 0x3c, 0x00, 0x4b, 0x02, 0x1d, 0x00, 0x4b, 0x02, 0x3e, 0x00, 0x4a, 0x02, 0x1d, 0x00,
    0x4a, 0x02, 0x40, 0x00, 0x49, 0x02, 0x1d, 0x00, 0x49, 0x02, 0x42, 0x00, 0x48, 0x02, 0x1d, 0x00,
    0x48, 0x02, 0x44, 0x00, 0x46, 0x02, 0x1f, 0x00, 0x46, 0x02, 0x46, 0x00, 0x45, 0x02, 0x1f, 0x00,
    0x45, 0x02, 0x48, 0x00, 0x44, 0x02, 0x1f, 0x00, 0x44, 0x02, 0x4b, 0x00, 0x42, 0x02, 0x1f, 0x00,
    0x42, 0x02, 0x4f, 0x00, 0x40, 0x02, 0x1f, 0x00, 0x40, 0x02, 0x52, 0x00, 0x3f, 0x02, 0x1f, 0x00,
    0x3f, 0x02, 0x56, 0x00, 0x3b, 0x02, 0x21, 0x00, 0x3b, 0x02, 0x5b, 0x00, 0x39, 0x02, 0x21, 0x00,
    0x39, 0x02, 0x5f, 0x00, 0x37, 0x02, 0x21, 0x00, 0x37, 0x02, 0x64, 0x00, 0x34, 0x02, 0x21, 0x00,
    0x34, 0x02, 0x6a, 0x00, 0x31, 0x02, 0x21, 0x00, 0x31, 0x02, 0x71, 0x00, 0x2d, 0x02, 0x21, 0x00,
    0x2d, 0x02, 0x79, 0x00, 0x29, 0x02, 0x21, 0x00, 0x29, 0x02, 0x81, 0x00, 0x26, 0x02, 0x1f, 0x00,
    0x26, 0x02, 0x8a, 0x00, 0x21, 0x02, 0x1f, 0x00, 0x21, 0x02, 0x95, 0x00, 0x1b, 0x02, 0x1f, 0x00,
    0x1b, 0x02, 0xa2, 0x00, 0x14, 0x02, 0x1f, 0x00, 0x14, 0x02, 0xb2, 0x00, 0x0b, 0x02, 0x1f, 0x00,
    0x0b, 0x02, 0xff, 0x00, 0xff, 0x00, 0xff, 0x00, 0xff, 0x00, 0xff, 0x00, 0xff, 0x00, 0xff, 0x00,
    0xff, 0x00, 0xff, 0x00, 0xff, 0x00, 0xff, 0x00, 0xff, 0x00, 0xff, 0x00, 0xff, 0x00, 0xff, 0x00,
    0xff, 0x00, 0xff, 0x00, 0xff, 0x00, 0xff, 0x00, 0xff, 0x00, 0xff, 0x00, 0xff, 0x00, 0xff, 0x00,
    0xff, 0x00, 0xff, 0x00, 0xff, 0x00, 0xff, 0x00, 0xff, 0x00, 0xff, 0x00, 0xff, 0x00, 0xff, 0x00,
    0xff, 0x00, 0xff, 0x00, 0xff, 0x00, 0xff, 0x00, 0xff, 0x00, 0xff, 0x00, 0xff, 0x00, 0xff, 0x00,
    0xff, 0x00, 0xff, 0x00, 0xff, 0x00, 0xff, 0x00, 0xff, 0x00, 0xff, 0x00, 0xff, 0x00, 0xff, 0x00,
    0xff, 0x00, 0xff, 0x00, 0xff, 0x00, 0xff, 0x00, 0xff, 0x00, 0xff, 0x00, 0xff, 0x00, 0xff, 0x00,
    0xff, 0x00, 0xff, 0x00, 0xff, 0x00, 0xff, 0x00, 0xff, 0x00, 0xff, 0x00, 0xff, 0x00, 0xff, 0x00,
    0xff, 0x00, 0xff, 0x00, 0xff, 0x00, 0xff, 0x00, 0xff, 0x00, 0xff, 0x00, 0xff, 0x00, 0xff, 0x00,
    0xff, 0x00, 0xff, 0x00, 0xff, 0x00, 0xff, 0x00, 0xff, 0x00, 0xff, 0x00, 0xff, 0x00, 0xff, 0x00,
    0xff, 0x00, 0xff, 0x00, 0xff, 0x00, 0xff, 0x00, 0xff, 0x00, 0xff, 0x00, 0xff, 0x00, 0xff, 0x00,
    0xe4, 0x00, 0xff, 0x00, 0xff, 0x00, 0xff, 0x00, 0xff, 0x00, 0xff, 0x00, 0xff, 0x00, 0xff, 0x00,
    0xff, 0x00, 0xff, 0x00, 0xff, 0x00, 0xff, 0x00, 0xff, 0x00, 0xb4, 0x00, 0x01, 0x0a, 0xec, 0x00,
    0x07, 0x0a, 0xe8, 0x00, 0x09, 0x0a, 0xe6, 0x00, 0x0b, 0x0a, 0xe4, 0x00, 0x0d, 0x0a, 0xe3, 0x00,
    0x0d, 0x0a, 0xe3, 0x00, 0x0d, 0x0a, 0xe2, 0x00, 0x0f, 0x0a, 0xe2, 0x00, 0x0d, 0x0a, 0xe3, 0x00,
    0x0d, 0x0a, 0xe3, 0x00, 0x0d, 0x0a, 0xe4, 0x00, 0x0b, 0x0a, 0xe6, 0x00, 0x09, 0x0a, 0xe8, 0x00,
    0x07, 0x0a, 0xec, 0x00, 0x01, 0x0a, 0xff, 0x00, 0xff, 0x00, 0xff, 0x00, 0xff, 0x00, 0xff, 0x00,
    0xff, 0x00, 0xff, 0x00, 0xff, 0x00, 0xff, 0x00, 0xff, 0x00, 0xff, 0x00, 0xff, 0x00, 0xff, 0x00,
    0xff, 0x00, 0xff, 0x00, 0xff, 0x00, 0xff, 0x00, 0xff, 0x00, 0xff, 0x00, 0xff, 0x00, 0xff, 0x00,
    0xff, 0x00, 0xff, 0x00, 0xff, 0x00, 0xff, 0x00, 0xff, 0x00, 0xff, 0x00, 0xff, 0x00, 0xff, 0x00,
    0xff, 0x00, 0xff, 0x00, 0xff, 0x00, 0xff, 0x00, 0xff, 0x00, 0xff, 0x00, 0xff, 0x00, 0xff, 0x00,
    0xff, 0x00, 0xff, 0x00, 0xff, 0x00, 0xff, 0x00, 0xff, 0x00, 0xff, 0x00, 0xff, 0x00, 0xff, 0x00,
    0xff, 0x00, 0xff, 0x00, 0xff, 0x00, 0xff, 0x00, 0xb0, 0x00, 0x24, 0x01, 0xc5, 0x00, 0x33, 0x01,
    0xb8, 0x00, 0x3f, 0x01, 0xad, 0x00, 0x49, 0x01, 0xa4, 0x00, 0x51, 0x01, 0x9c, 0x00, 0x58, 0x01,
    0x95, 0x00, 0x5f, 0x01, 0x8f, 0x00, 0x65, 0x01, 0x89, 0x00, 0x6a, 0x01, 0x84, 0x00, 0x70, 0x01,
    0x7f, 0x00, 0x74, 0x01, 0x7a, 0x00, 0x79, 0x01, 0x76, 0x00, 0x7c, 0x01, 0x73, 0x00, 0x80, 0x01,
    0x6f, 0x00, 0x84, 0x01, 0x6b, 0x00, 0x87, 0x01, 0x69, 0x00, 0x63, 0x01, 0x01, 0x00, 0x25, 0x01,
    0x66, 0x00, 0x62, 0x01, 0x05, 0x00, 0x26, 0x01, 0x63, 0x00, 0x60, 0x01, 0x09, 0x00, 0x26, 0x01,
    0x61, 0x00, 0x5e, 0x01, 0x0d, 0x00, 0x26, 0x01, 0x5e, 0x00, 0x5e, 0x01, 0x0f, 0x00, 0x27, 0x01,
    0x5c, 0x00, 0x5d, 0x01, 0x11, 0x00, 0x28, 0x01, 0x5a, 0x00, 0x5c, 0x01, 0x13, 0x00, 0x29, 0x01,
    0x58, 0x00, 0x5c, 0x01, 0x13, 0x00, 0x2a, 0x01, 0x56, 0x00, 0x5c, 0x01, 0x15, 0x00, 0x2b, 0x01,
    0x54, 0x00, 0x5c, 0x01, 0x15, 0x00, 0x2d, 0x01, 0x52, 0x00, 0x5b, 0x01, 0x17, 0x00, 0x2d, 0x01,
    0x51, 0x00, 0x5b, 0x01, 0x17, 0x00, 0x2f, 0x01, 0x4f, 0x00, 0x5a, 0x01, 0x19, 0x00, 0x2f, 0x01,
    0x4d, 0x00, 0x5b, 0x01, 0x19, 0x00, 0x30, 0x01, 0x4c, 0x00, 0x5b, 0x01, 0x06, 0x00, 0x04, 0x03,
    0x0f, 0x00, 0x32, 0x01, 0x4a, 0x00, 0x5a, 0x01, 0x06, 0x00, 0x06, 0x03, 0x0f, 0x00, 0x32, 0x01,
    0x49, 0x00, 0x5a, 0x01, 0x06, 0x00, 0x06, 0x03, 0x0f, 0x00, 0x33, 0x01, 0x48, 0x00, 0x5a, 0x01,
    0x06, 0x00, 0x06, 0x03, 0x0f, 0x00, 0x34, 0x01, 0x47, 0x00, 0x5a, 0x01, 0x06, 0x00, 0x06, 0x03,
    0x0f, 0x00, 0x35, 0x01, 0x46, 0x00, 0x5a, 0x01, 0x07, 0x00, 0x04, 0x03, 0x10, 0x00, 0x37, 0x01,
    0x44, 0x00, 0x59, 0x01, 0x1d, 0x00, 0x37, 0x01, 0x43, 0x00, 0x59, 0x01, 0x1d, 0x00, 0x37, 0x01,
    0x43, 0x00, 0x59, 0x01, 0x1d, 0x00, 0x38, 0x01, 0x42, 0x00, 0x59, 0x01, 0x1d, 0x00, 0x39, 0x01,
    0x40, 0x00, 0x5a, 0x01, 0x1d, 0x00, 0x3a, 0x01, 0x40, 0x00, 0x59, 0x01, 0x1d, 0x00, 0x39, 0x01,
    0x41, 0x00, 0x59, 0x01, 0x1d, 0x00, 0x38, 0x01, 0x42, 0x00, 0x59, 0x01, 0x1d, 0x00, 0x37, 0x01,
    0x43, 0x00, 0x59, 0x01, 0x1d, 0x00, 0x37, 0x01, 0x43, 0x00, 0x5a, 0x01, 0x1b, 0x00, 0x37, 0x01,
    0x44, 0x00, 0x5a, 0x01, 0x1b, 0x00, 0x35, 0x01, 0x46, 0x00, 0x5a, 0x01, 0x1b, 0x00, 0x34, 0x01,
    0x47, 0x00, 0x5a, 0x01, 0x1b, 0x00, 0x33, 0x01, 0x48, 0x00, 0x5a, 0x01, 0x1b, 0x00, 0x32, 0x01,
    0x49, 0x00, 0x5b, 0x01, 0x19, 0x00, 0x32, 0x01, 0x4a, 0x00, 0x5b, 0x01, 0x19, 0x00, 0x30, 0x01,
    0x4d, 0x00, 0x5a, 0x01, 0x19, 0x00, 0x2f, 0x01, 0x4e, 0x00, 0x5b, 0x01, 0x17, 0x00, 0x2f, 0x01,
    0x4f, 0x00, 0x5b, 0x01, 0x17, 0x00, 0x2d, 0x01, 0x51, 0x00, 0x5c, 0x01, 0x15, 0x00, 0x2d, 0x01,
    0x52, 0x00, 0x5c, 0x01, 0x15, 0x00, 0x2b, 0x01, 0x55, 0x00, 0x5c, 0x01, 0x13, 0x00, 0x2a, 0x01,
    0x57, 0x00, 0x5c, 0x01, 0x13, 0x00, 0x29, 0x01, 0x58, 0x00, 0x5d, 0x01, 0x11, 0x00, 0x28, 0x01,
    0x5a, 0x00, 0x5e, 0x01, 0x0f, 0x00, 0x27, 0x01, 0x5d, 0x00, 0x5e, 0x01, 0x0d, 0x00, 0x26, 0x01,
    0x5f, 0x00, 0x60, 0x01, 0x09, 0x00, 0x26, 0x01, 0x61, 0x00, 0x62, 0x01, 0x05, 0x00, 0x26, 0x01,
    0x64, 0x00, 0x89, 0x01, 0x67, 0x00, 0x87, 0x01, 0x6a, 0x00, 0x84, 0x01, 0x6d, 0x00, 0x80, 0x01,
    0x71, 0x00, 0x7c, 0x01, 0x75, 0x00, 0x79, 0x01, 0x79, 0x00, 0x74, 0x01, 0x7d, 0x00, 0x70, 0x01,
    0x82, 0x00, 0x6a, 0x01, 0x88, 0x00, 0x65, 0x01, 0x8d, 0x00, 0x5f, 0x01, 0x94, 0x00, 0x58, 0x01,
    0x9b, 0x00, 0x51, 0x01, 0xa2, 0x00, 0x49, 0x01, 0xab, 0x00, 0x3f, 0x01, 0xb6, 0x00, 0x33, 0x01,
    0xc4, 0x00, 0x24, 0x01, 0xff, 0x00, 0xff, 0x00, 0xff, 0x00, 0xff, 0x00, 0xff, 0x00, 0xff, 0x00,
    0xff, 0x00, 0xff, 0x00, 0xff, 0x00, 0xff, 0x00, 0xff, 0x00, 0xff, 0x00, 0xff, 0x00, 0xff, 0x00,
    0xff, 0x00, 0xff, 0x00, 0xff, 0x00, 0xff, 0x00, 0xff, 0x00, 0xff, 0x00, 0xff, 0x00, 0xff, 0x00,
    0xff, 0x00, 0xff, 0x00, 0xff, 0x00, 0xff, 0x00, 0xff, 0x00, 0xff, 0x00, 0xff, 0x00, 0xff, 0x00,
    0xff, 0x00, 0xff, 0x00, 0xff, 0x00, 0xff, 0x00, 0xff, 0x00, 0xff, 0x00, 0xff, 0x00, 0xff, 0x00,
    0xff, 0x00, 0xff, 0x00, 0xff, 0x00, 0xff, 0x00, 0xff, 0x00, 0xff, 0x00, 0xff, 0x00, 0xff, 0x00,
    0xff, 0x00, 0xff, 0x00, 0xff, 0x00, 0xff, 0x00, 0xff, 0x00, 0xff, 0x00, 0xff, 0x00, 0xff, 0x00,
    0xff, 0x00, 0xff, 0x00, 0xff, 0x00, 0xff, 0x00, 0xff, 0x00, 0xff, 0x00, 0xff, 0x00, 0xff, 0x00,
    0xff, 0x00, 0xff, 0x00, 0xff, 0x00, 0xff, 0x00, 0xff, 0x00, 0xff, 0x00, 0xff, 0x00, 0xff, 0x00,
    0xff, 0x00, 0xff, 0x00, 0xff, 0x00, 0xff, 0x00, 0xde, 0x00, 0xff, 0x00, 0xff, 0x00, 0xff, 0x00,
    0xff, 0x00, 0xff, 0x00, 0xff, 0x00, 0xff, 0x00, 0xff, 0x00, 0xff, 0x00, 0xff, 0x00, 0xff, 0x00,
    0xff, 0x00, 0xff, 0x00, 0xff, 0x00, 0xff, 0x00, 0xff, 0x00, 0xff, 0x00, 0xff, 0x00, 0xff, 0x00,
    0xff, 0x00, 0xff, 0x00, 0xff, 0x00, 0xff, 0x00, 0xff, 0x00, 0xff, 0x00, 0xff, 0x00, 0xff, 0x00,
    0xff, 0x00, 0xff, 0x00, 0xff, 0x00, 0xff, 0x00, 0xff, 0x00, 0xff, 0x00, 0xff, 0x00, 0xff, 0x00,
    0xff, 0x00, 0xff, 0x00, 0xff, 0x00, 0xff, 0x00, 0xff, 0x00, 0xff, 0x00, 0x35, 0x00, 0x06, 0x0a,
    0xe9, 0x00, 0x09, 0x0a, 0xe6, 0x00, 0x0b, 0x0a, 0xe4, 0x00, 0x0c, 0x0a, 0xe4, 0x00, 0x0d, 0x0a,
    0xe2, 0x00, 0x0e, 0x0a, 0xe2, 0x00, 0x0e, 0x0a, 0xe2, 0x00, 0x0e, 0x0a, 0xe2, 0x00, 0x0e, 0x0a,
    0xe3, 0x00, 0x0d, 0x0a, 0xe3, 0x00, 0x0c, 0x0a, 0xe5, 0x00, 0x0a, 0x0a, 0xe7, 0x00, 0x08, 0x0a,
    0xea, 0x00, 0x04, 0x0a, 0xff, 0x00, 0xff, 0x00, 0xff, 0x00, 0xff, 0x00, 0xff, 0x00, 0xff, 0x00,
    0xff, 0x00, 0xff, 0x00, 0xff, 0x00, 0xff, 0x00, 0xff, 0x00, 0xff, 0x00, 0xff, 0x00, 0xff, 0x00,
    0xff, 0x00, 0xff, 0x00, 0xff, 0x00, 0xff, 0x00, 0xff, 0x00, 0xff, 0x00, 0xff, 0x00, 0xff, 0x00,
    0x1d, 0x00, 0x24, 0x01, 0xc5, 0x00, 0x33, 0x01, 0xb8, 0x00, 0x3f, 0x01, 0xad, 0x00, 0x49, 0x01,
    0xa4, 0x00, 0x51, 0x01, 0x9c, 0x00, 0x58, 0x01, 0x95, 0x00, 0x5f, 0x01, 0x8f, 0x00, 0x65, 0x01,
    0x89, 0x00, 0x6a, 0x01, 0x84, 0x00, 0x70, 0x01, 0x7f, 0x00, 0x74, 0x01, 0x7a, 0x00, 0x79, 0x01,
    0x76, 0x00, 0x7c, 0x01, 0x73, 0x00, 0x80, 0x01, 0x6f, 0x00, 0x84, 0x01, 0x6b, 0x00, 0x87, 0x01,
    0x69, 0x00, 0x63, 0x01, 0x01, 0x00, 0x25, 0x01, 0x66, 0x00, 0x62, 0x01, 0x05, 0x00, 0x26, 0x01,
    0x63, 0x00, 0x60, 0x01, 0x09, 0x00, 0x26, 0x01, 0x61, 0x00, 0x5e, 0x01, 0x0d, 0x00, 0x26, 0x01,
    0x5e, 0x00, 0x5e, 0x01, 0x0f, 0x00, 0x27, 0x01, 0x5c, 0x00, 0x5d, 0x01, 0x11, 0x00, 0x28, 0x01,
    0x5a, 0x00, 0x5c, 0x01, 0x13, 0x00, 0x29, 0x01, 0x58, 0x00, 0x5c, 0x01, 0x13, 0x00, 0x2a, 0x01,
    0x56, 0x00, 0x5c, 0x01, 0x15, 0x00, 0x2b, 0x01, 0x54, 0x00, 0x5c, 0x01, 0x15, 0x00, 0x2d, 0x01,
    0x52, 0x00, 0x5b, 0x01, 0x17, 0x00, 0x2d, 0x01, 0x51, 0x00, 0x5b, 0x01, 0x17, 0x00, 0x2f, 0x01,
    0x4f, 0x00, 0x5a, 0x01, 0x19, 0x00, 0x2f, 0x01, 0x4d, 0x00, 0x5b, 0x01, 0x19, 0x00, 0x30, 0x01,
    0x4c, 0x00, 0x5b, 0x01, 0x06, 0x00, 0x04, 0x03, 0x0f, 0x00, 0x32, 0x01, 0x4a, 0x00, 0x5a, 0x01,
    0x06, 0x00, 0x06, 0x03, 0x0f, 0x00, 0x32, 0x01, 0x49, 0x00, 0x5a, 0x01, 0x06, 0x00, 0x06, 0x03,
    0x0f, 0x00, 0x33, 0x01, 0x48, 0x00, 0x5a, 0x01, 0x06, 0x00, 0x06, 0x03, 0x0f, 0x00, 0x34, 0x01,
    0x47, 0x00, 0x5a, 0x01, 0x06, 0x00, 0x06, 0x03, 0x0f, 0x00, 0x35, 0x01, 0x46, 0x00, 0x5a, 0x01,
    0x07, 0x00, 0x04, 0x03, 0x10, 0x00, 0x37, 0x01, 0x44, 0x00, 0x59, 0x01, 0x1d, 0x00, 0x37, 0x01,
    0x43, 0x00, 0x59, 0x01, 0x1d, 0x00, 0x37, 0x01, 0x43, 0x00, 0x59, 0x01, 0x1d, 0x00, 0x38, 0x01,
    0x42, 0x00, 0x59, 0x01, 0x1d, 0x00, 0x39, 0x01, 0x40, 0x00, 0x5a, 0x01, 0x1d, 0x00, 0x3a, 0x01,
    0x40, 0x00, 0x59, 0x01, 0x1d, 0x00, 0x39, 0x01, 0x41, 0x00, 0x59, 0x01, 0x1d, 0x00, 0x38, 0x01,
    0x42, 0x00, 0x59, 0x01, 0x1d, 0x00, 0x37, 0x01, 0x43, 0x00, 0x59, 0x01, 0x1d, 0x00, 0x37, 0x01,
    0x43, 0x00, 0x5a, 0x01, 0x1b, 0x00, 0x37, 0x01, 0x44, 0x00, 0x5a, 0x01, 0x1b, 0x00, 0x35, 0x01,
    0x46, 0x00, 0x5a, 0x01, 0x1b, 0x00, 0x34, 0x01, 0x47, 0x00, 0x5a, 0x01, 0x1b, 0x00, 0x33, 0x01,
    0x48, 0x00, 0x5a, 0x01, 0x1b, 0x00, 0x32, 0x01, 0x49, 0x00, 0x5b, 0x01, 0x19, 0x00, 0x32, 0x01,
    0x4a, 0x00, 0x5b, 0x01, 0x19, 0x00, 0x30, 0x01, 0x4d, 0x00, 0x5a, 0x01, 0x19, 0x00, 0x2f, 0x01,
    0x4e, 0x00, 0x5b, 0x01, 0x17, 0x00, 0x2f, 0x01, 0x4f, 0x00, 0x5b, 0x01, 0x17, 0x00, 0x2d, 0x01,
    0x51, 0x00, 0x5c, 0x01, 0x15, 0x00, 0x2d, 0x01, 0x52, 0x00, 0x5c, 0x01, 0x15, 0x00, 0x2b, 0x01,
    0x55, 0x00, 0x5c, 0x01, 0x13, 0x00, 0x2a, 0x01, 0x57, 0x00, 0x5c, 0x01, 0x13, 0x00, 0x29, 0x01,
    0x58, 0x00, 0x5d, 0x01, 0x11, 0x00, 0x28, 0x01, 0x5a, 0x00, 0x5e, 0x01, 0x0f, 0x00, 0x27, 0x01,
    0x5d, 0x00, 0x5e, 0x01, 0x0d, 0x00, 0x26, 0x01, 0x5f, 0x00, 0x60, 0x01, 0x09, 0x00, 0x26, 0x01,
    0x61, 0x00, 0x62, 0x01, 0x05, 0x00, 0x26, 0x01, 0x64, 0x00, 0x89, 0x01, 0x67, 0x00, 0x87, 0x01,
    0x6a, 0x00, 0x84, 0x01, 0x6d, 0x00, 0x80, 0x01, 0x71, 0x00, 0x7c, 0x01, 0x75, 0x00, 0x79, 0x01,
    0x79, 0x00, 0x74, 0x01, 0x7d, 0x00, 0x70, 0x01, 0x82, 0x00, 0x6a, 0x01, 0x88, 0x00, 0x65, 0x01,
    0x8d, 0x00, 0x5f, 0x01, 0x94, 0x00, 0x58, 0x01, 0x9b, 0x00, 0x51, 0x01, 0xa2, 0x00, 0x49, 0x01,
    0xab, 0x00, 0x3f, 0x01, 0xb6, 0x00, 0x33, 0x01, 0xc4, 0x00, 0x24, 0x01, 0xff, 0x00, 0xff, 0x00,
    0xff, 0x00, 0xff, 0x00, 0xff, 0x00, 0xff, 0x00, 0xff, 0x00, 0xff, 0x00, 0xff, 0x00, 0xff, 0x00,
    0xff, 0x00, 0xff, 0x00, 0xff, 0x00, 0xff, 0x00, 0xff, 0x00, 0xff, 0x00, 0xff, 0x00, 0xff, 0x00,
    0xff, 0x00, 0xff, 0x00, 0xff, 0x00, 0xff, 0x00, 0xff, 0x00, 0xff, 0x00, 0xff, 0x00, 0xff, 0x00,
    0xff, 0x00, 0xff, 0x00, 0xff, 0x00, 0xff, 0x00, 0xff, 0x00, 0xff, 0x00, 0xff, 0x00, 0xff, 0x00,
    0xff, 0x00, 0xff, 0x00, 0xff, 0x00, 0xff, 0x00, 0xff, 0x00, 0xff, 0x00, 0xff, 0x00, 0xff, 0x00,
    0xff, 0x00, 0xff, 0x00, 0xff, 0x00, 0xff, 0x00, 0xff, 0x00, 0xff, 0x00, 0xff, 0x00, 0xff, 0x00,
    0xff, 0x00, 0xff, 0x00, 0xff, 0x00, 0xff, 0x00, 0xff, 0x00, 0xff, 0x00, 0xff, 0x00, 0xff, 0x00,
    0xff, 0x00, 0xff, 0x00, 0xff, 0x00, 0xff, 0x00, 0xff, 0x00, 0xff, 0x00, 0xff, 0x00, 0xff, 0x00,
    0xff, 0x00, 0xff, 0x00, 0xff, 0x00, 0xff, 0x00, 0xff, 0x00, 0xff, 0x00, 0xff, 0x00, 0xff, 0x00,
    0xde, 0x00, 0xff, 0x00, 0xff, 0x00, 0xff, 0x00, 0xff, 0x00, 0xff, 0x00, 0xff, 0x00, 0xff, 0x00,
    0xff, 0x00, 0xff, 0x00, 0xff, 0x00, 0xff, 0x00, 0xff, 0x00, 0xff, 0x00, 0xff, 0x00, 0xff, 0x00,
    0xff, 0x00, 0xff, 0x00, 0xff, 0x00, 0xff, 0x00, 0xff, 0x00, 0xff, 0x00, 0xff, 0x00, 0xff, 0x00,
    0xff, 0x00, 0xff, 0x00, 0xff, 0x00, 0xff, 0x00, 0xff, 0x00, 0xff, 0x00, 0xff, 0x00, 0xff, 0x00,
    0xff, 0x00, 0xff, 0x00, 0xff, 0x00, 0xff, 0x00, 0xff, 0x00, 0xff, 0x00, 0xff, 0x00, 0xff, 0x00,
    0xff, 0x00, 0xff, 0x00, 0xff, 0x00, 0xff, 0x00, 0xff, 0x00, 0xff, 0x00, 0xff, 0x00, 0xff, 0x00,
    0xff, 0x00, 0xff, 0x00, 0xff, 0x00, 0xff, 0x00, 0xff, 0x00, 0xff, 0x00, 0xff, 0x00, 0xff, 0x00,
    0xff, 0x00, 0xff, 0x00, 0xff, 0x00, 0xff, 0x00, 0xff, 0x00, 0xff, 0x00, 0xff, 0x00, 0xff, 0x00,
    0xff, 0x00, 0xff, 0x00, 0xff, 0x00, 0xff, 0x00, 0xff, 0x00, 0xff, 0x00, 0xff, 0x00, 0xff, 0x00,
    0xff, 0x00, 0xff, 0x00, 0xff, 0x00, 0xff, 0x00, 0x93, 0x00, 0x24, 0x01, 0xc5, 0x00, 0x33, 0x01,
    0xb8, 0x00, 0x3f, 0x01, 0xad, 0x00, 0x49, 0x01, 0xa4, 0x00, 0x51, 0x01, 0x9c, 0x00, 0x58, 0x01,
    0x95, 0x00, 0x5f, 0x01, 0x8f, 0x00, 0x65, 0x01, 0x89, 0x00, 0x6a, 0x01, 0x84, 0x00, 0x70, 0x01,
    0x7f, 0x00, 0x74, 0x01, 0x7a, 0x00, 0x79, 0x01, 0x76, 0x00, 0x7c, 0x01, 0x73, 0x00, 0x80, 0x01,
    0x6f, 0x00, 0x84, 0x01, 0x6b, 0x00, 0x87, 0x01, 0x69, 0x00, 0x63, 0x01, 0x01, 0x00, 0x25, 0x01,
    0x66, 0x00, 0x62, 0x01, 0x05, 0x00, 0x26, 0x01, 0x63, 0x00, 0x60, 0x01, 0x09, 0x00, 0x26, 0x01,
    0x61, 0x00, 0x5e, 0x01, 0x0d, 0x00, 0x26, 0x01, 0x5e, 0x00, 0x5e, 0x01, 0x0f, 0x00, 0x27, 0x01,
    0x5c, 0x00, 0x5d, 0x01, 0x11, 0x00, 0x28, 0x01, 0x5a, 0x00, 0x5c, 0x01, 0x13, 0x00, 0x29, 0x01,
    0x58, 0x00, 0x5c, 0x01, 0x13, 0x00, 0x2a, 0x01, 0x56, 0x00, 0x5c, 0x01, 0x15, 0x00, 0x2b, 0x01,
    0x54, 0x00, 0x5c, 0x01, 0x15, 0x00, 0x2d, 0x01, 0x52, 0x00, 0x5b, 0x01, 0x17, 0x00, 0x2d, 0x01,
    0x51, 0x00, 0x5b, 0x01, 0x17, 0x00, 0x2f, 0x01, 0x4f, 0x00, 0x5a, 0x01, 0x19, 0x00, 0x2f, 0x01,
    0x4d, 0x00, 0x5b, 0x01, 0x19, 0x00, 0x30, 0x01, 0x4c, 0x00, 0x5b, 0x01, 0x06, 0x00, 0x04, 0x03,
    0x0f, 0x00, 0x32, 0x01, 0x4a, 0x00, 0x5a, 0x01, 0x06, 0x00, 0x06, 0x03, 0x0f, 0x00, 0x32, 0x01,
    0x49, 0x00, 0x5a, 0x01, 0x06, 0x00, 0x06, 0x03, 0x0f, 0x00, 0x33, 0x01, 0x48, 0x00, 0x5a, 0x01,
    0x06, 0x00, 0x06, 0x03, 0x0f, 0x00, 0x34, 0x01, 0x15, 0x00, 0x01, 0x0a, 0x31, 0x00, 0x5a, 0x01,
    0x06, 0x00, 0x06, 0x03, 0x0f, 0x00, 0x35, 0x01, 0x11, 0x00, 0x07, 0x0a, 0x2e, 0x00, 0x5a, 0x01,
    0x07, 0x00, 0x04, 0x03, 0x10, 0x00, 0x37, 0x01, 0x0e, 0x00, 0x09, 0x0a, 0x2d, 0x00, 0x59, 0x01,
    0x1d, 0x00, 0x37, 0x01, 0x0c, 0x00, 0x0b, 0x0a, 0x2c, 0x00, 0x59, 0x01, 0x1d, 0x00, 0x37, 0x01,
    0x0b, 0x00, 0x0d, 0x0a, 0x2b, 0x00, 0x59, 0x01, 0x1d, 0x00, 0x38, 0x01, 0x0a, 0x00, 0x0d, 0x0a,
    0x2b, 0x00, 0x59, 0x01, 0x1d, 0x00, 0x39, 0x01, 0x09, 0x00, 0x0d, 0x0a, 0x2a, 0x00, 0x5a, 0x01,
    0x1d, 0x00, 0x3a, 0x01, 0x07, 0x00, 0x0f, 0x0a, 0x2a, 0x00, 0x59, 0x01, 0x1d, 0x00, 0x39, 0x01,
    0x09, 0x00, 0x0d, 0x0a, 0x2b, 0x00, 0x59, 0x01, 0x1d, 0x00, 0x38, 0x01, 0x0a, 0x00, 0x0d, 0x0a,
    0x2b, 0x00, 0x59, 0x01, 0x1d, 0x00, 0x37, 0x01, 0x0b, 0x00, 0x0d, 0x0a, 0x2b, 0x00, 0x59, 0x01,
    0x1d, 0x00, 0x37, 0x01, 0x0c, 0x00, 0x0b, 0x0a, 0x2c, 0x00, 0x5a, 0x01, 0x1b, 0x00, 0x37, 0x01,
    0x0e, 0x00, 0x09, 0x0a, 0x2d, 0x00, 0x5a, 0x01, 0x1b, 0x00, 0x35, 0x01, 0x11, 0x00, 0x07, 0x0a,
    0x2e, 0x00, 0x5a, 0x01, 0x1b, 0x00, 0x34, 0x01, 0x15, 0x00, 0x01, 0x0a, 0x31, 0x00, 0x5a, 0x01,
    0x1b, 0x00, 0x33, 0x01, 0x48, 0x00, 0x5a, 0x01, 0x1b, 0x00, 0x32, 0x01, 0x49, 0x00, 0x5b, 0x01,
    0x19, 0x00, 0x32, 0x01, 0x4a, 0x00, 0x5b, 0x01, 0x19, 0x00, 0x30, 0x01, 0x4d, 0x00, 0x5a, 0x01,
    0x19, 0x00, 0x2f, 0x01, 0x4e, 0x00, 0x5b, 0x01, 0x17, 0x00, 0x2f, 0x01, 0x4f, 0x00, 0x5b, 0x01,
    0x17, 0x00, 0x2d, 0x01, 0x51, 0x00, 0x5c, 0x01, 0x15, 0x00, 0x2d, 0x01, 0x52, 0x00, 0x5c, 0x01,
    0x15, 0x00, 0x2b, 0x01, 0x55, 0x00, 0x5c, 0x01, 0x13, 0x00, 0x2a, 0x01, 0x57, 0x00, 0x5c, 0x01,
    0x13, 0x00, 0x29, 0x01, 0x58, 0x00, 0x5d, 0x01, 0x11, 0x00, 0x28, 0x01, 0x5a, 0x00, 0x5e, 0x01,
    0x0f, 0x00, 0x27, 0x01, 0x5d, 0x00, 0x5e, 0x01, 0x0d, 0x00, 0x26, 0x01, 0x5f, 0x00, 0x60, 0x01,
    0x09, 0x00, 0x26, 0x01, 0x61, 0x00, 0x62, 0x01, 0x05, 0x00, 0x26, 0x01, 0x64, 0x00, 0x89, 0x01,
    0x67, 0x00, 0x87, 0x01, 0x6a, 0x00, 0x84, 0x01, 0x6d, 0x00, 0x80, 0x01, 0x71, 0x00, 0x7c, 0x01,
    0x75, 0x00, 0x79, 0x01, 0x79, 0x00, 0x74, 0x01, 0x7d, 0x00, 0x70, 0x01, 0x82, 0x00, 0x6a, 0x01,
    0x88, 0x00, 0x65, 0x01, 0x8d, 0x00, 0x5f, 0x01, 0x94, 0x00, 0x58, 0x01, 0x9b, 0x00, 0x51, 0x01,
    0xa2, 0x00, 0x49, 0x01, 0xab, 0x00, 0x3f, 0x01, 0xb6, 0x00, 0x33, 0x01, 0xc4, 0x00, 0x24, 0x01,
    0xff, 0x00, 0xff, 0x00, 0xff, 0x00, 0xff, 0x00, 0xff, 0x00, 0xff, 0x00, 0xff, 0x00, 0xff, 0x00,
    0xff, 0x00, 0xff, 0x00, 0xff, 0x00, 0xff, 0x00, 0xff, 0x00, 0xff, 0x00, 0xff, 0x00, 0xff, 0x00,
    0xff, 0x00, 0xff, 0x00, 0xff, 0x00, 0xff, 0x00, 0xff, 0x00, 0xff, 0x00, 0xff, 0x00, 0xff, 0x00,
    0xff, 0x00, 0xff, 0x00, 0xff, 0x00, 0xff, 0x00, 0xff, 0x00, 0xff, 0x00, 0xff, 0x00, 0xff, 0x00,
    0xff, 0x00, 0xff, 0x00, 0xff, 0x00, 0xff, 0x00, 0xff, 0x00, 0xff, 0x00, 0xff, 0x00, 0xff, 0x00,
    0xff, 0x00, 0xff, 0x00, 0xff, 0x00, 0xff, 0x00, 0xff, 0x00, 0xff, 0x00, 0xff, 0x00, 0xff, 0x00,
    0xff, 0x00, 0xff, 0x00, 0xff, 0x00, 0xff, 0x00, 0xff, 0x00, 0xff, 0x00, 0xff, 0x00, 0xff, 0x00,
    0xff, 0x00, 0xff, 0x00, 0xff, 0x00, 0xff, 0x00, 0xff, 0x00, 0xff, 0x00, 0xff, 0x00, 0xff, 0x00,
    0xff, 0x00, 0xff, 0x00, 0xff, 0x00, 0xff, 0x00, 0xff, 0x00, 0xff, 0x00, 0xff, 0x00, 0xff, 0x00,
    0xff, 0x00, 0xff, 0x00, 0xde, 0x00, 0xff, 0x00, 0xff, 0x00, 0xff, 0x00, 0xff, 0x00, 0xff, 0x00,
    0xff, 0x00, 0xff, 0x00, 0xff, 0x00, 0xff, 0x00, 0xff, 0x00, 0xff, 0x00, 0xff, 0x00, 0xff, 0x00,
    0xff, 0x00, 0xff, 0x00, 0xff, 0x00, 0xff, 0x00, 0xff, 0x00, 0xff, 0x00, 0xff, 0x00, 0xff, 0x00,
    0xff, 0x00, 0xff, 0x00, 0xff, 0x00, 0xff, 0x00, 0xff, 0x00, 0xff, 0x00, 0xff, 0x00, 0xff, 0x00,
    0xff, 0x00, 0xff, 0x00, 0xff, 0x00, 0xff, 0x00, 0xff, 0x00, 0xff, 0x00, 0xff, 0x00, 0xff, 0x00,
    0xff, 0x00, 0xff, 0x00, 0xff, 0x00, 0xff, 0x00, 0xff, 0x00, 0xff, 0x00, 0xff, 0x00, 0xff, 0x00,
    0xff, 0x00, 0xff, 0x00, 0xff, 0x00, 0xff, 0x00, 0xff, 0x00, 0xff, 0x00, 0xff, 0x00, 0xff, 0x00,
    0xff, 0x00, 0xff, 0x00, 0xff, 0x00, 0xff, 0x00, 0xff, 0x00, 0xff, 0x00, 0xff, 0x00, 0xff, 0x00,
    0xff, 0x00, 0xff, 0x00, 0xff, 0x00, 0xff, 0x00, 0xff, 0x00, 0xff, 0x00, 0xff, 0x00, 0xff, 0x00,
    0xff, 0x00, 0xff, 0x00, 0xff, 0x00, 0xff, 0x00, 0xff, 0x00, 0xff, 0x00, 0x93, 0x00, 0x24, 0x01,
    0xc5, 0x00, 0x33, 0x01, 0xb8, 0x00, 0x3f, 0x01, 0xad, 0x00, 0x49, 0x01, 0xa4, 0x00, 0x51, 0x01,
    0x9c, 0x00, 0x58, 0x01, 0x95, 0x00, 0x5f, 0x01, 0x8f, 0x00, 0x65, 0x01, 0x89, 0x00, 0x6a, 0x01,
    0x84, 0x00, 0x70, 0x01, 0x7f, 0x00, 0x74, 0x01, 0x7a, 0x00, 0x79, 0x01, 0x76, 0x00, 0x7c, 0x01,
    0x73, 0x00, 0x80, 0x01, 0x6f, 0x00, 0x84, 0x01, 0x6b, 0x00, 0x87, 0x01, 0x69, 0x00, 0x63, 0x01,
    0x01, 0x00, 0x25, 0x01, 0x66, 0x00, 0x62, 0x01, 0x05, 0x00, 0x26, 0x01, 0x63, 0x00, 0x60, 0x01,
    0x09, 0x00, 0x26, 0x01, 0x61, 0x00, 0x5e, 0x01, 0x0d, 0x00, 0x26, 0x01, 0x5e, 0x00, 0x5e, 0x01,
    0x0f, 0x00, 0x27, 0x01, 0x5c, 0x00, 0x5d, 0x01, 0x11, 0x00, 0x28, 0x01, 0x5a, 0x00, 0x5c, 0x01,
    0x13, 0x00, 0x29, 0x01, 0x58, 0x00, 0x5c, 0x01, 0x13, 0x00, 0x2a, 0x01, 0x56, 0x00, 0x5c, 0x01,
    0x15, 0x00, 0x2b, 0x01, 0x54, 0x00, 0x5c, 0x01, 0x15, 0x00, 0x2d, 0x01, 0x52, 0x00, 0x5b, 0x01,
    0x17, 0x00, 0x2d, 0x01, 0x51, 0x00, 0x5b, 0x01, 0x17, 0x00, 0x2f, 0x01, 0x4f, 0x00, 0x5a, 0x01,
    0x19, 0x00, 0x2f, 0x01, 0x4d, 0x00, 0x5b, 0x01, 0x19, 0x00, 0x30, 0x01, 0x4c, 0x00, 0x5b, 0x01,
    0x06, 0x00, 0x04, 0x03, 0x0f, 0x00, 0x32, 0x01, 0x4a, 0x00, 0x5a, 0x01, 0x06, 0x00, 0x06, 0x03,
    0x0f, 0x00, 0x32, 0x01, 0x49, 0x00, 0x5a, 0x01, 0x06, 0x00, 0x06, 0x03, 0x0f, 0x00, 0x33, 0x01,
    0x48, 0x00, 0x5a, 0x01, 0x06, 0x00, 0x06, 0x03, 0x0f, 0x00, 0x34, 0x01, 0x47, 0x00, 0x5a, 0x01,
    0x06, 0x00, 0x06, 0x03, 0x0f, 0x00, 0x35, 0x01, 0x46, 0x00, 0x5a, 0x01, 0x07, 0x00, 0x04, 0x03,
    0x10, 0x00, 0x37, 0x01, 0x44, 0x00, 0x59, 0x01, 0x1d, 0x00, 0x37, 0x01, 0x43, 0x00, 0x59, 0x01,
    0x1d, 0x00, 0x37, 0x01, 0x43, 0x00, 0x59, 0x01, 0x1d, 0x00, 0x38, 0x01, 0x42, 0x00, 0x59, 0x01,
    0x1d, 0x00, 0x39, 0x01, 0x40, 0x00, 0x5a, 0x01, 0x1d, 0x00, 0x3a, 0x01, 0x40, 0x00, 0x59, 0x01,
    0x1d, 0x00, 0x39, 0x01, 0x41, 0x00, 0x59, 0x01, 0x1d, 0x00, 0x38, 0x01, 0x42, 0x00, 0x59, 0x01,
    0x1d, 0x00, 0x37, 0x01, 0x43, 0x00, 0x59, 0x01, 0x1d, 0x00, 0x37, 0x01, 0x43, 0x00, 0x5a, 0x01,
    0x1b, 0x00, 0x37, 0x01, 0x44, 0x00, 0x5a, 0x01, 0x1b, 0x00, 0x35, 0x01, 0x46, 0x00, 0x5a, 0x01,
    0x1b, 0x00, 0x34, 0x01, 0x47, 0x00, 0x5a, 0x01, 0x1b, 0x00, 0x33, 0x01, 0x48, 0x00, 0x5a, 0x01,
    0x1b, 0x00, 0x32, 0x01, 0x49, 0x00, 0x5b, 0x01, 0x19, 0x00, 0x32, 0x01, 0x4a, 0x00, 0x5b, 0x01,
    0x19, 0x00, 0x30, 0x01, 0x4d, 0x00, 0x5a, 0x01, 0x19, 0x00, 0x2f, 0x01, 0x4e, 0x00, 0x5b, 0x01,
    0x17, 0x00, 0x2f, 0x01, 0x4f, 0x00, 0x5b, 0x01, 0x17, 0x00, 0x2d, 0x01, 0x51, 0x00, 0x5c, 0x01,
    0x15, 0x00, 0x2d, 0x01, 0x52, 0x00, 0x5c, 0x01, 0x15, 0x00, 0x2b, 0x01, 0x55, 0x00, 0x5c, 0x01,
    0x13, 0x00, 0x2a, 0x01, 0x57, 0x00, 0x5c, 0x01, 0x13, 0x00, 0x29, 0x01, 0x58, 0x00, 0x5d, 0x01,
    0x11, 0x00, 0x28, 0x01, 0x5a, 0x00, 0x5e, 0x01, 0x0f, 0x00, 0x27, 0x01, 0x5d, 0x00, 0x5e, 0x01,
    0x0d, 0x00, 0x26, 0x01, 0x5f, 0x00, 0x60, 0x01, 0x09, 0x00, 0x26, 0x01, 0x61, 0x00, 0x62, 0x01,
    0x05, 0x00, 0x26, 0x01, 0x64, 0x00, 0x89, 0x01, 0x67, 0x00, 0x87, 0x01, 0x6a, 0x00, 0x84, 0x01,
    0x6d, 0x00, 0x80, 0x01, 0x71, 0x00, 0x7c, 0x01, 0x75, 0x00, 0x79, 0x01, 0x79, 0x00, 0x74, 0x01,
    0x7d, 0x00, 0x70, 0x01, 0x82, 0x00, 0x6a, 0x01, 0x88, 0x00, 0x65, 0x01, 0x8d, 0x00, 0x5f, 0x01,
    0x94, 0x00, 0x58, 0x01, 0x9b, 0x00, 0x51, 0x01, 0xa2, 0x00, 0x49, 0x01, 0xab, 0x00, 0x3f, 0x01,
    0xb6, 0x00, 0x33, 0x01, 0xc4, 0x00, 0x24, 0x01, 0xff, 0x00, 0xff, 0x00, 0xff, 0x00, 0xff, 0x00,
    0xff, 0x00, 0xff, 0x00, 0xff, 0x00, 0xff, 0x00, 0xff, 0x00, 0xff, 0x00, 0xff, 0x00, 0xff, 0x00,
    0xff, 0x00, 0xff, 0x00, 0xff, 0x00, 0xff, 0x00, 0xff, 0x00, 0xff, 0x00, 0xff, 0x00, 0xff, 0x00,
    0xff, 0x00, 0xff, 0x00, 0xe7, 0x00, 0x04, 0x0a, 0xea, 0x00, 0x08, 0x0a, 0xe7, 0x00, 0x0a, 0x0a,
    0xe5, 0x00, 0x0c, 0x0a, 0xe4, 0x00, 0x0d, 0x0a, 0xe2, 0x00, 0x0e, 0x0a, 0xe2, 0x00, 0x0e, 0x0a,
    0xe2, 0x00, 0x0e, 0x0a, 0xe2, 0x00, 0x0e, 0x0a, 0xe3, 0x00, 0x0d, 0x0a, 0xe3, 0x00, 0x0c, 0x0a,
    0xe5, 0x00, 0x0b, 0x0a, 0xe6, 0x00, 0x09, 0x0a, 0xe8, 0x00, 0x06, 0x0a, 0xff, 0x00, 0xff, 0x00,
    0xff, 0x00, 0xff, 0x00, 0xff, 0x00, 0xff, 0x00, 0xff, 0x00, 0xff, 0x00, 0xff, 0x00, 0xff, 0x00,
    0xff, 0x00, 0xff, 0x00, 0xff, 0x00, 0xff, 0x00, 0xff, 0x00, 0xff, 0x00, 0xff, 0x00, 0xff, 0x00,
    0xff, 0x00, 0xff, 0x00, 0xff, 0x00, 0xff, 0x00, 0xff, 0x00, 0xff, 0x00, 0xff, 0x00, 0xff, 0x00,
    0xff, 0x00, 0xff, 0x00, 0xff, 0x00, 0xff, 0x00, 0xff, 0x00, 0xff, 0x00, 0xff, 0x00, 0xff, 0x00,
    0xff, 0x00, 0xff, 0x00, 0xff, 0x00, 0xff, 0x00, 0xff, 0x00, 0xb5, 0x00, 0xff, 0x00, 0xff, 0x00,
    0xff, 0x00, 0xff, 0x00, 0xff, 0x00, 0xff, 0x00, 0xff, 0x00, 0xff, 0x00, 0xff, 0x00, 0xff, 0x00,
    0xff, 0x00, 0xff, 0x00, 0xff, 0x00, 0xff, 0x00, 0xff, 0x00, 0xff, 0x00, 0xff, 0x00, 0xff, 0x00,
    0xff, 0x00, 0xff, 0x00, 0xff, 0x00, 0xff, 0x00, 0xff, 0x00, 0xff, 0x00, 0xff, 0x00, 0xff, 0x00,
    0xff, 0x00, 0xff, 0x00, 0xff, 0x00, 0xff, 0x00, 0xff, 0x00, 0xff, 0x00, 0xff, 0x00, 0xff, 0x00,
    0xff, 0x00, 0xff, 0x00, 0xff, 0x00, 0xff, 0x00, 0xff, 0x00, 0xff, 0x00, 0xff, 0x00, 0xff, 0x00,
    0xff, 0x00, 0xff, 0x00, 0xff, 0x00, 0xff, 0x00, 0xff, 0x00, 0xff, 0x00, 0xff, 0x00, 0xff, 0x00,
    0xff, 0x00, 0xff, 0x00, 0xff, 0x00, 0xff, 0x00, 0xff, 0x00, 0xff, 0x00, 0xff, 0x00, 0xff, 0x00,
    0xff, 0x00, 0xff, 0x00, 0xff, 0x00, 0xff, 0x00, 0xff, 0x00, 0xff, 0x00, 0xff, 0x00, 0xff, 0x00,
    0xff, 0x00, 0xff, 0x00, 0xff, 0x00, 0xff, 0x00, 0xff, 0x00, 0xff, 0x00, 0xff, 0x00, 0xff, 0x00,
    0xff, 0x00, 0x93, 0x00, 0x24, 0x01, 0xc5, 0x00, 0x33, 0x01, 0xb8, 0x00, 0x3f, 0x01, 0xad, 0x00,
    0x49, 0x01, 0xa4, 0x00, 0x51, 0x01, 0x9c, 0x00, 0x58, 0x01, 0x95, 0x00, 0x5f, 0x01, 0x8f, 0x00,
    0x65, 0x01, 0x89, 0x00, 0x6a, 0x01, 0x84, 0x00, 0x70, 0x01, 0x7f, 0x00, 0x74, 0x01, 0x7a, 0x00,
    0x79, 0x01, 0x76, 0x00, 0x7c, 0x01, 0x73, 0x00, 0x80, 0x01, 0x6f, 0x00, 0x84, 0x01, 0x6b, 0x00,
    0x87, 0x01, 0x69, 0x00, 0x63, 0x01, 0x01, 0x00, 0x25, 0x01, 0x66, 0x00, 0x62, 0x01, 0x05, 0x00,
    0x26, 0x01, 0x63, 0x00, 0x60, 0x01, 0x09, 0x00, 0x26, 0x01, 0x61, 0x00, 0x5e, 0x01, 0x0d, 0x00,
    0x26, 0x01, 0x5e, 0x00, 0x5e, 0x01, 0x0f, 0x00, 0x27, 0x01, 0x5c, 0x00, 0x5d, 0x01, 0x11, 0x00,
    0x28, 0x01, 0x5a, 0x00, 0x5c, 0x01, 0x13, 0x00, 0x29, 0x01, 0x58, 0x00, 0x5c, 0x01, 0x13, 0x00,
    0x2a, 0x01, 0x56, 0x00, 0x5c, 0x01, 0x15, 0x00, 0x2b, 0x01, 0x54, 0x00, 0x5c, 0x01, 0x15, 0x00,
    0x2d, 0x01, 0x52, 0x00, 0x5b, 0x01, 0x17, 0x00, 0x2d, 0x01, 0x51, 0x00, 0x5b, 0x01, 0x17, 0x00,
    0x2f, 0x01, 0x4f, 0x00, 0x5a, 0x01, 0x19, 0x00, 0x2f, 0x01, 0x4d, 0x00, 0x5b, 0x01, 0x19, 0x00,
    0x30, 0x01, 0x4c, 0x00, 0x5b, 0x01, 0x06, 0x00, 0x04, 0x03, 0x0f, 0x00, 0x32, 0x01, 0x4a, 0x00,
    0x5a, 0x01, 0x06, 0x00, 0x06, 0x03, 0x0f, 0x00, 0x32, 0x01, 0x49, 0x00, 0x5a, 0x01, 0x06, 0x00,
    0x06, 0x03, 0x0f, 0x00, 0x33, 0x01, 0x48, 0x00, 0x5a, 0x01, 0x06, 0x00, 0x06, 0x03, 0x0f, 0x00,
    0x34, 0x01, 0x47, 0x00, 0x5a, 0x01, 0x06, 0x00, 0x06, 0x03, 0x0f, 0x00, 0x35, 0x01, 0x46, 0x00,
    0x5a, 0x01, 0x07, 0x00, 0x04, 0x03, 0x10, 0x00, 0x37, 0x01, 0x44, 0x00, 0x59, 0x01, 0x1d, 0x00,
    0x37, 0x01, 0x43, 0x00, 0x59, 0x01, 0x1d, 0x00, 0x37, 0x01, 0x43, 0x00, 0x59, 0x01, 0x1d, 0x00,
    0x38, 0x01, 0x42, 0x00, 0x59, 0x01, 0x1d, 0x00, 0x39, 0x01, 0x40, 0x00, 0x5a, 0x01, 0x1d, 0x00,
    0x3a, 0x01, 0x40, 0x00, 0x59, 0x01, 0x1d, 0x00, 0x39, 0x01, 0x41, 0x00, 0x59, 0x01, 0x1d, 0x00,
    0x38, 0x01, 0x42, 0x00, 0x59, 0x01, 0x1d, 0x00, 0x37, 0x01, 0x43, 0x00, 0x59, 0x01, 0x1d, 0x00,
    0x37, 0x01, 0x43, 0x00, 0x5a, 0x01, 0x1b, 0x00, 0x37, 0x01, 0x44, 0x00, 0x5a, 0x01, 0x1b, 0x00,
    0x35, 0x01, 0x46, 0x00, 0x5a, 0x01, 0x1b, 0x00, 0x34, 0x01, 0x47, 0x00, 0x5a, 0x01, 0x1b, 0x00,
    0x33, 0x01, 0x48, 0x00, 0x5a, 0x01, 0x1b, 0x00, 0x32, 0x01, 0x49, 0x00, 0x5b, 0x01, 0x19, 0x00,
    0x32, 0x01, 0x4a, 0x00, 0x5b, 0x01, 0x19, 0x00, 0x30, 0x01, 0x4d, 0x00, 0x5a, 0x01, 0x19, 0x00,
    0x2f, 0x01, 0x4e, 0x00, 0x5b, 0x01, 0x17, 0x00, 0x2f, 0x01, 0x4f, 0x00, 0x5b, 0x01, 0x17, 0x00,
    0x2d, 0x01, 0x51, 0x00, 0x5c, 0x01, 0x15, 0x00, 0x2d, 0x01, 0x52, 0x00, 0x5c, 0x01, 0x15, 0x00,
    0x2b, 0x01, 0x55, 0x00, 0x5c, 0x01, 0x13, 0x00, 0x2a, 0x01, 0x57, 0x00, 0x5c, 0x01, 0x13, 0x00,
    0x29, 0x01, 0x58, 0x00, 0x5d, 0x01, 0x11, 0x00, 0x28, 0x01, 0x5a, 0x00, 0x5e, 0x01, 0x0f, 0x00,
    0x27, 0x01, 0x5d, 0x00, 0x5e, 0x01, 0x0d, 0x00, 0x26, 0x01, 0x5f, 0x00, 0x60, 0x01, 0x09, 0x00,
    0x26, 0x01, 0x61, 0x00, 0x62, 0x01, 0x05, 0x00, 0x26, 0x01, 0x64, 0x00, 0x89, 0x01, 0x67, 0x00,
    0x87, 0x01, 0x6a, 0x00, 0x84, 0x01, 0x6d, 0x00, 0x80, 0x01, 0x71, 0x00, 0x7c, 0x01, 0x75, 0x00,
    0x79, 0x01, 0x79, 0x00, 0x74, 0x01, 0x7d, 0x00, 0x70, 0x01, 0x82, 0x00, 0x6a, 0x01, 0x88, 0x00,
    0x65, 0x01, 0x8d, 0x00, 0x5f, 0x01, 0x94, 0x00, 0x58, 0x01, 0x9b, 0x00, 0x51, 0x01, 0xa2, 0x00,
    0x49, 0x01, 0xab, 0x00, 0x3f, 0x01, 0xb6, 0x00, 0x33, 0x01, 0xc4, 0x00, 0x24, 0x01, 0xff, 0x00,
    0xff, 0x00, 0xff, 0x00, 0xff, 0x00, 0xff, 0x00, 0xff, 0x00, 0xff, 0x00, 0xff, 0x00, 0xff, 0x00,
    0xff, 0x00, 0xff, 0x00, 0xff, 0x00, 0xff, 0x00, 0xff, 0x00, 0xff, 0x00, 0xff, 0x00, 0xff, 0x00,
    0xff, 0x00, 0xff, 0x00, 0xff, 0x00, 0xff, 0x00, 0xff, 0x00, 0xff, 0x00, 0xff, 0x00, 0xff, 0x00,
    0xff, 0x00, 0xff, 0x00, 0xff, 0x00, 0xff, 0x00, 0xff, 0x00, 0xff, 0x00, 0xff, 0x00, 0xff, 0x00,
    0xff, 0x00, 0xff, 0x00, 0xff, 0x00, 0xff, 0x00, 0xff, 0x00, 0xff, 0x00, 0xff, 0x00, 0xff, 0x00,
    0xff, 0x00, 0xff, 0x00, 0xff, 0x00, 0xff, 0x00, 0xff, 0x00, 0xff, 0x00, 0xff, 0x00, 0xff, 0x00,
    0xed, 0x00, 0x01, 0x0a, 0xec, 0x00, 0x07, 0x0a, 0xe8, 0x00, 0x09, 0x0a, 0xe6, 0x00, 0x0b, 0x0a,
    0xe4, 0x00, 0x0d, 0x0a, 0xe3, 0x00, 0x0d, 0x0a, 0xe3, 0x00, 0x0d, 0x0a, 0xe2, 0x00, 0x0f, 0x0a,
    0xe2, 0x00, 0x0d, 0x0a, 0xe3, 0x00, 0x0d, 0x0a, 0xe3, 0x00, 0x0d, 0x0a, 0xe4, 0x00, 0x0b, 0x0a,
    0xe6, 0x00, 0x09, 0x0a, 0xe8, 0x00, 0x07, 0x0a, 0xec, 0x00, 0x01, 0x0a, 0xff, 0x00, 0xff, 0x00,
    0xff, 0x00, 0xff, 0x00, 0xff, 0x00, 0xff, 0x00, 0xff, 0x00, 0xff, 0x00, 0xff, 0x00, 0xff, 0x00,
    0xff, 0x00, 0xc2, 0x00, 0xff, 0x00, 0xff, 0x00, 0xff, 0x00, 0xff, 0x00, 0xff, 0x00, 0xff, 0x00,
    0xff, 0x00, 0xff, 0x00, 0xff, 0x00, 0xff, 0x00, 0xff, 0x00, 0xff, 0x00, 0xff, 0x00, 0xff, 0x00,
    0xff, 0x00, 0xff, 0x00, 0xff, 0x00, 0xff, 0x00, 0xff, 0x00, 0xff, 0x00, 0xff, 0x00, 0xff, 0x00,
    0xff, 0x00, 0xff, 0x00, 0xff, 0x00, 0xff, 0x00, 0xff, 0x00, 0xff, 0x00, 0xff, 0x00, 0xff, 0x00,
    0xff, 0x00, 0xff, 0x00, 0xff, 0x00, 0xff, 0x00, 0xff, 0x00, 0xff, 0x00, 0xff, 0x00, 0xff, 0x00,
    0xff, 0x00, 0xff, 0x00, 0xff, 0x00, 0xff, 0x00, 0xff, 0x00, 0xff, 0x00, 0xff, 0x00, 0xff, 0x00,
    0xff, 0x00, 0xff, 0x00, 0xff, 0x00, 0xff, 0x00, 0xff, 0x00, 0xff, 0x00, 0xff, 0x00, 0xff, 0x00,
    0xff, 0x00, 0xff, 0x00, 0xff, 0x00, 0xff, 0x00, 0xff, 0x00, 0xff, 0x00, 0xff, 0x00, 0xff, 0x00,
    0xff, 0x00, 0xff, 0x00, 0xff, 0x00, 0xff, 0x00, 0xff, 0x00, 0xff, 0x00, 0xff, 0x00, 0xff, 0x00,
    0xff, 0x00, 0xff, 0x00, 0xff, 0x00, 0xff, 0x00, 0xff, 0x00, 0x93, 0x00, 0x24, 0x01, 0xc5, 0x00,
    0x33, 0x01, 0xb8, 0x00, 0x3f, 0x01, 0xad, 0x00, 0x49, 0x01, 0xa4, 0x00, 0x51, 0x01, 0x9c, 0x00,
    0x58, 0x01, 0x95, 0x00, 0x5f, 0x01, 0x8f, 0x00, 0x65, 0x01, 0x89, 0x00, 0x6a, 0x01, 0x84, 0x00,
    0x70, 0x01, 0x7f, 0x00, 0x74, 0x01, 0x7a, 0x00, 0x79, 0x01, 0x76, 0x00, 0x7c, 0x01, 0x73, 0x00,
    0x80, 0x01, 0x6f, 0x00, 0x84, 0x01, 0x6b, 0x00, 0x87, 0x01, 0x69, 0x00, 0x63, 0x01, 0x01, 0x00,
    0x25, 0x01, 0x66, 0x00, 0x62, 0x01, 0x05, 0x00, 0x26, 0x01, 0x63, 0x00, 0x60, 0x01, 0x09, 0x00,
    0x26, 0x01, 0x61, 0x00, 0x5e, 0x01, 0x0d, 0x00, 0x26, 0x01, 0x5e, 0x00, 0x5e, 0x01, 0x0f, 0x00,
    0x27, 0x01, 0x5c, 0x00, 0x5d, 0x01, 0x11, 0x00, 0x28, 0x01, 0x5a, 0x00, 0x5c, 0x01, 0x13, 0x00,
    0x29, 0x01, 0x58, 0x00, 0x5c, 0x01, 0x13, 0x00, 0x2a, 0x01, 0x56, 0x00, 0x5c, 0x01, 0x15, 0x00,
    0x2b, 0x01, 0x54, 0x00, 0x5c, 0x01, 0x15, 0x00, 0x2d, 0x01, 0x52, 0x00, 0x5b, 0x01, 0x17, 0x00,
    0x2d, 0x01, 0x51, 0x00, 0x5b, 0x01, 0x17, 0x00, 0x2f, 0x01, 0x4f, 0x00, 0x5a, 0x01, 0x19, 0x00,
    0x2f, 0x01, 0x4d, 0x00, 0x5b, 0x01, 0x19, 0x00, 0x30, 0x01, 0x4c, 0x00, 0x5b, 0x01, 0x06, 0x00,
    0x04, 0x03, 0x0f, 0x00, 0x32, 0x01, 0x4a, 0x00, 0x5a, 0x01, 0x06, 0x00, 0x06, 0x03, 0x0f, 0x00,
    0x32, 0x01, 0x49, 0x00, 0x5a, 0x01, 0x06, 0x00, 0x06, 0x03, 0x0f, 0x00, 0x33, 0x01, 0x48, 0x00,
    0x5a, 0x01, 0x06, 0x00, 0x06, 0x03, 0x0f, 0x00, 0x34, 0x01, 0x47, 0x00, 0x5a, 0x01, 0x06, 0x00,
    0x06, 0x03, 0x0f, 0x00, 0x35, 0x01, 0x46, 0x00, 0x5a, 0x01, 0x07, 0x00, 0x04, 0x03, 0x10, 0x00,
    0x37, 0x01, 0x44, 0x00, 0x59, 0x01, 0x1d, 0x00, 0x37, 0x01, 0x43, 0x00, 0x59, 0x01, 0x1d, 0x00,
    0x37, 0x01, 0x43, 0x00, 0x59, 0x01, 0x1d, 0x00, 0x38, 0x01, 0x42, 0x00, 0x59, 0x01, 0x1d, 0x00,
    0x39, 0x01, 0x40, 0x00, 0x5a, 0x01, 0x1d, 0x00, 0x3a, 0x01, 0x40, 0x00, 0x59, 0x01, 0x1d, 0x00,
    0x39, 0x01, 0x41, 0x00, 0x59, 0x01, 0x1d, 0x00, 0x38, 0x01, 0x42, 0x00, 0x59, 0x01, 0x1d, 0x00,
    0x37, 0x01, 0x43, 0x00, 0x59, 0x01, 0x1d, 0x00, 0x37, 0x01, 0x43, 0x00, 0x5a, 0x01, 0x1b, 0x00,
    0x37, 0x01, 0x44, 0x00, 0x5a, 0x01, 0x1b, 0x00, 0x35, 0x01, 0x46, 0x00, 0x5a, 0x01, 0x1b, 0x00,
    0x34, 0x01, 0x47, 0x00, 0x5a, 0x01, 0x1b, 0x00, 0x33, 0x01, 0x48, 0x00, 0x5a, 0x01, 0x1b, 0x00,
    0x32, 0x01, 0x49, 0x00, 0x5b, 0x01, 0x19, 0x00, 0x32, 0x01, 0x4a, 0x00, 0x5b, 0x01, 0x19, 0x00,
    0x30, 0x01, 0x4d, 0x00, 0x5a, 0x01, 0x19, 0x00, 0x2f, 0x01, 0x4e, 0x00, 0x5b, 0x01, 0x17, 0x00,
    0x2f, 0x01, 0x4f, 0x00, 0x5b, 0x01, 0x17, 0x00, 0x2d, 0x01, 0x51, 0x00, 0x5c, 0x01, 0x15, 0x00,
    0x2d, 0x01, 0x52, 0x00, 0x5c, 0x01, 0x15, 0x00, 0x2b, 0x01, 0x55, 0x00, 0x5c, 0x01, 0x13, 0x00,
    0x2a, 0x01, 0x57, 0x00, 0x5c, 0x01, 0x13, 0x00, 0x29, 0x01, 0x58, 0x00, 0x5d, 0x01, 0x11, 0x00,
    0x28, 0x01, 0x5a, 0x00, 0x5e, 0x01, 0x0f, 0x00, 0x27, 0x01, 0x5d, 0x00, 0x5e, 0x01, 0x0d, 0x00,
    0x26, 0x01, 0x5f, 0x00, 0x60, 0x01, 0x09, 0x00, 0x26, 0x01, 0x61, 0x00, 0x62, 0x01, 0x05, 0x00,
    0x26, 0x01, 0x64, 0x00, 0x89, 0x01, 0x67, 0x00, 0x87, 0x01, 0x6a, 0x00, 0x84, 0x01, 0x6d, 0x00,
    0x80, 0x01, 0x71, 0x00, 0x7c, 0x01, 0x75, 0x00, 0x79, 0x01, 0x79, 0x00, 0x74, 0x01, 0x7d, 0x00,
    0x70, 0x01, 0x82, 0x00, 0x6a, 0x01, 0x88, 0x00, 0x65, 0x01, 0x8d, 0x00, 0x5f, 0x01, 0x94, 0x00,
    0x58, 0x01, 0x9b, 0x00, 0x51, 0x01, 0xa2, 0x00, 0x49, 0x01, 0xab, 0x00, 0x3f, 0x01, 0xb6, 0x00,
    0x33, 0x01, 0xc4, 0x00, 0x24, 0x01, 0xff, 0x00, 0xff, 0x00, 0xff, 0x00, 0xff, 0x00, 0xff, 0x00,
    0xff, 0x00, 0xff, 0x00, 0xff, 0x00, 0xff, 0x00, 0xff, 0x00, 0xff, 0x00, 0xff, 0x00, 0xff, 0x00,
    0xff, 0x00, 0xff, 0x00, 0xff, 0x00, 0xff, 0x00, 0xff, 0x00, 0xff, 0x00, 0xff, 0x00, 0xff, 0x00,
    0xff, 0x00, 0x5a, 0x00, 0x04, 0x0a, 0xea, 0x00, 0x08, 0x0a, 0xe7, 0x00, 0x0a, 0x0a, 0xe5, 0x00,
    0x0c, 0x0a, 0xe3, 0x00, 0x0d, 0x0a, 0xe3, 0x00, 0x0e, 0x0a, 0xe2, 0x00, 0x0e, 0x0a, 0xe2, 0x00,
    0x0e, 0x0a, 0xe2, 0x00, 0x0e, 0x0a, 0xe2, 0x00, 0x0d, 0x0a, 0xe4, 0x00, 0x0c, 0x0a, 0xe4, 0x00,
    0x0b, 0x0a, 0xe6, 0x00, 0x09, 0x0a, 0xe9, 0x00, 0x06, 0x0a, 0xff, 0x00, 0xff, 0x00, 0xff, 0x00,
    0xff, 0x00, 0xff, 0x00, 0xff, 0x00, 0xff, 0x00, 0xff, 0x00, 0xff, 0x00, 0xff, 0x00, 0xff, 0x00,
    0xff, 0x00, 0xff, 0x00, 0xff, 0x00, 0xff, 0x00, 0xff, 0x00, 0xff, 0x00, 0xff, 0x00, 0xff, 0x00,
    0xff, 0x00, 0xff, 0x00, 0xff, 0x00, 0xff, 0x00, 0xff, 0x00, 0xff, 0x00, 0xff, 0x00, 0xff, 0x00,
    0xff, 0x00, 0xff, 0x00, 0xff, 0x00, 0xff, 0x00, 0xff, 0x00, 0xff, 0x00, 0xff, 0x00, 0xff, 0x00,
    0xff, 0x00, 0xff, 0x00, 0xff, 0x00, 0xff, 0x00, 0xff, 0x00, 0x43, 0x00, 0xff, 0x00, 0xff, 0x00,
    0xff, 0x00, 0xff, 0x00, 0xff, 0x00, 0xff, 0x00, 0xff, 0x00, 0xff, 0x00, 0xff, 0x00, 0xff, 0x00,
    0xff, 0x00, 0xff, 0x00, 0xff, 0x00, 0xff, 0x00, 0xff, 0x00, 0xff, 0x00, 0xff, 0x00, 0xff, 0x00,
    0xff, 0x00, 0xff, 0x00, 0xff, 0x00, 0xff, 0x00, 0xff, 0x00, 0xff, 0x00, 0xff, 0x00, 0xff, 0x00,
    0xff, 0x00, 0xff, 0x00, 0xff, 0x00, 0xff, 0x00, 0xff, 0x00, 0xff, 0x00, 0xff, 0x00, 0xff, 0x00,
    0xff, 0x00, 0xff, 0x00, 0xff, 0x00, 0xff, 0x00, 0xff, 0x00, 0xff, 0x00, 0xff, 0x00, 0xff, 0x00,
    0xff, 0x00, 0xff, 0x00, 0xff, 0x00, 0xff, 0x00, 0xff, 0x00, 0xff, 0x00, 0xff, 0x00, 0xff, 0x00,
    0xff, 0x00, 0xff, 0x00, 0xff, 0x00, 0xff, 0x00, 0xff, 0x00, 0xff, 0x00, 0xff, 0x00, 0xff, 0x00,
    0xff, 0x00, 0xff, 0x00, 0xff, 0x00, 0xff, 0x00, 0xff, 0x00, 0xff, 0x00, 0xff, 0x00, 0xff, 0x00,
    0xff, 0x00, 0xff, 0x00, 0xff, 0x00, 0xff, 0x00, 0xff, 0x00, 0xff, 0x00, 0xff, 0x00, 0xff, 0x00,
    0xff, 0x00, 0x93, 0x00, 0x24, 0x01, 0xc5, 0x00, 0x33, 0x01, 0xb8, 0x00, 0x3f, 0x01, 0xad, 0x00,
    0x49, 0x01, 0xa4, 0x00, 0x51, 0x01, 0x9c, 0x00, 0x58, 0x01, 0x95, 0x00, 0x5f, 0x01, 0x8f, 0x00,
    0x65, 0x01, 0x89, 0x00, 0x6a, 0x01, 0x84, 0x00, 0x70, 0x01, 0x7f, 0x00, 0x74, 0x01, 0x7a, 0x00,
    0x79, 0x01, 0x76, 0x00, 0x7c, 0x01, 0x73, 0x00, 0x80, 0x01, 0x6f, 0x00, 0x84, 0x01, 0x6b, 0x00,
    0x87, 0x01, 0x69, 0x00, 0x63, 0x01, 0x01, 0x00, 0x25, 0x01, 0x66, 0x00, 0x62, 0x01, 0x05, 0x00,
    0x26, 0x01, 0x63, 0x00, 0x60, 0x01, 0x09, 0x00, 0x26, 0x01, 0x61, 0x00, 0x5e, 0x01, 0x0d, 0x00,
    0x26, 0x01, 0x5e, 0x00, 0x5e, 0x01, 0x0f, 0x00, 0x27, 0x01, 0x5c, 0x00, 0x5d, 0x01, 0x11, 0x00,
    0x28, 0x01, 0x5a, 0x00, 0x5c, 0x01, 0x13, 0x00, 0x29, 0x01, 0x58, 0x00, 0x5c, 0x01, 0x13, 0x00,
    0x2a, 0x01, 0x56, 0x00, 0x5c, 0x01, 0x15, 0x00, 0x2b, 0x01, 0x54, 0x00, 0x5c, 0x01, 0x15, 0x00,
    0x2d, 0x01, 0x52, 0x00, 0x5b, 0x01, 0x17, 0x00, 0x2d, 0x01, 0x51, 0x00, 0x5b, 0x01, 0x17, 0x00,
    0x2f, 0x01, 0x4f, 0x00, 0x5a, 0x01, 0x19, 0x00, 0x2f, 0x01, 0x4d, 0x00, 0x5b, 0x01, 0x19, 0x00,
    0x30, 0x01, 0x4c, 0x00, 0x5b, 0x01, 0x06, 0x00, 0x04, 0x03, 0x0f, 0x00, 0x32, 0x01, 0x4a, 0x00,
    0x5a, 0x01, 0x06, 0x00, 0x06, 0x03, 0x0f, 0x00, 0x32, 0x01, 0x49, 0x00, 0x5a, 0x01, 0x06, 0x00,
    0x06, 0x03, 0x0f, 0x00, 0x33, 0x01, 0x3e, 0x00, 0x01, 0x0a, 0x09, 0x00, 0x5a, 0x01, 0x06, 0x00,
    0x06, 0x03, 0x0f, 0x00, 0x34, 0x01, 0x3a, 0x00, 0x07, 0x0a, 0x06, 0x00, 0x5a, 0x01, 0x06, 0x00,
    0x06, 0x03, 0x0f, 0x00, 0x35, 0x01, 0x38, 0x00, 0x09, 0x0a, 0x05, 0x00, 0x5a, 0x01, 0x07, 0x00,
    0x04, 0x03, 0x10, 0x00, 0x37, 0x01, 0x35, 0x00, 0x0b, 0x0a, 0x04, 0x00, 0x59, 0x01, 0x1d, 0x00,
    0x37, 0x01, 0x33, 0x00, 0x0d, 0x0a, 0x03, 0x00, 0x59, 0x01, 0x1d, 0x00, 0x37, 0x01, 0x33, 0x00,
    0x0d, 0x0a, 0x03, 0x00, 0x59, 0x01, 0x1d, 0x00, 0x38, 0x01, 0x32, 0x00, 0x0d, 0x0a, 0x03, 0x00,
    0x59, 0x01, 0x1d, 0x00, 0x39, 0x01, 0x30, 0x00, 0x0f, 0x0a, 0x01, 0x00, 0x5a, 0x01, 0x1d, 0x00,
    0x3a, 0x01, 0x30, 0x00, 0x0d, 0x0a, 0x03, 0x00, 0x59, 0x01, 0x1d, 0x00, 0x39, 0x01, 0x31, 0x00,
    0x0d, 0x0a, 0x03, 0x00, 0x59, 0x01, 0x1d, 0x00, 0x38, 0x01, 0x32, 0x00, 0x0d, 0x0a, 0x03, 0x00,
    0x59, 0x01, 0x1d, 0x00, 0x37, 0x01, 0x34, 0x00, 0x0b, 0x0a, 0x04, 0x00, 0x59, 0x01, 0x1d, 0x00,
    0x37, 0x01, 0x35, 0x00, 0x09, 0x0a, 0x05, 0x00, 0x5a, 0x01, 0x1b, 0x00, 0x37, 0x01, 0x37, 0x00,
    0x07, 0x0a, 0x06, 0x00, 0x5a, 0x01, 0x1b, 0x00, 0x35, 0x01, 0x3c, 0x00, 0x01, 0x0a, 0x09, 0x00,
    0x5a, 0x01, 0x1b, 0x00, 0x34, 0x01, 0x47, 0x00, 0x5a, 0x01, 0x1b, 0x00, 0x33, 0x01, 0x48, 0x00,
    0x5a, 0x01, 0x1b, 0x00, 0x32, 0x01, 0x49, 0x00, 0x5b, 0x01, 0x19, 0x00, 0x32, 0x01, 0x4a, 0x00,
    0x5b, 0x01, 0x19, 0x00, 0x30, 0x01, 0x4d, 0x00, 0x5a, 0x01, 0x19, 0x00, 0x2f, 0x01, 0x4e, 0x00,
    0x5b, 0x01, 0x17, 0x00, 0x2f, 0x01, 0x4f, 0x00, 0x5b, 0x01, 0x17, 0x00, 0x2d, 0x01, 0x51, 0x00,
    0x5c, 0x01, 0x15, 0x00, 0x2d, 0x01, 0x52, 0x00, 0x5c, 0x01, 0x15, 0x00, 0x2b, 0x01, 0x55, 0x00,
    0x5c, 0x01, 0x13, 0x00, 0x2a, 0x01, 0x57, 0x00, 0x5c, 0x01, 0x13, 0x00, 0x29, 0x01, 0x58, 0x00,
    0x5d, 0x01, 0x11, 0x00, 0x28, 0x01, 0x5a, 0x00, 0x5e, 0x01, 0x0f, 0x00, 0x27, 0x01, 0x5d, 0x00,
    0x5e, 0x01, 0x0d, 0x00, 0x26, 0x01, 0x5f, 0x00, 0x60, 0x01, 0x09, 0x00, 0x26, 0x01, 0x61, 0x00,
    0x62, 0x01, 0x05, 0x00, 0x26, 0x01, 0x64, 0x00, 0x89, 0x01, 0x67, 0x00, 0x87, 0x01, 0x6a, 0x00,
    0x84, 0x01, 0x6d, 0x00, 0x80, 0x01, 0x71, 0x00, 0x7c, 0x01, 0x75, 0x00, 0x79, 0x01, 0x79, 0x00,
    0x74, 0x01, 0x7d, 0x00, 0x70, 0x01, 0x82, 0x00, 0x6a, 0x01, 0x88, 0x00, 0x65, 0x01, 0x8d, 0x00,
    0x5f, 0x01, 0x94, 0x00, 0x58, 0x01, 0x9b, 0x00, 0x51, 0x01, 0xa2, 0x00, 0x49, 0x01, 0xab, 0x00,
    0x3f, 0x01, 0xb6, 0x00, 0x33, 0x01, 0xc4, 0x00, 0x24, 0x01, 0xff, 0x00, 0xff, 0x00, 0xff, 0x00,
    0xff, 0x00, 0xff, 0x00, 0xff, 0x00, 0xff, 0x00, 0xff, 0x00, 0xff, 0x00, 0xff, 0x00, 0xff, 0x00,
    0xff, 0x00, 0xff, 0x00, 0xff, 0x00, 0xff, 0x00, 0xff, 0x00, 0xff, 0x00, 0xff, 0x00, 0xff, 0x00,
    0xff, 0x00, 0xff, 0x00, 0xff, 0x00, 0xff, 0x00, 0xff, 0x00, 0xff, 0x00, 0xff, 0x00, 0xff, 0x00,
    0xff, 0x00, 0xff, 0x00, 0xff, 0x00, 0xff, 0x00, 0xff, 0x00, 0xff, 0x00, 0xff, 0x00, 0xff, 0x00,
    0xff, 0x00, 0xff, 0x00, 0xff, 0x00, 0xff, 0x00, 0xff, 0x00, 0xff, 0x00, 0xff, 0x00, 0xff, 0x00,
    0xff, 0x00, 0xff, 0x00, 0xff, 0x00, 0xff, 0x00, 0xff, 0x00, 0xff, 0x00, 0xff, 0x00, 0xff, 0x00,
    0xff, 0x00, 0xff, 0x00, 0xff, 0x00, 0xff, 0x00, 0xff, 0x00, 0xff, 0x00, 0xff, 0x00, 0xff, 0x00,
    0xff, 0x00, 0xff, 0x00, 0xff, 0x00, 0xff, 0x00, 0xff, 0x00, 0xff, 0x00, 0xff, 0x00, 0xff, 0x00,
    0xff, 0x00, 0xff, 0x00, 0xff, 0x00, 0xff, 0x00, 0xff, 0x00, 0xff, 0x00, 0xff, 0x00, 0xde, 0x00,
    0xff, 0x00, 0xff, 0x00, 0xff, 0x00, 0xff, 0x00, 0xff, 0x00, 0xff, 0x00, 0xff, 0x00, 0xff, 0x00,
    0xff, 0x00, 0xff, 0x00, 0xff, 0x00, 0xff, 0x00, 0xff, 0x00, 0xff, 0x00, 0xff, 0x00, 0xff, 0x00,
    0xff, 0x00, 0xff, 0x00, 0xff, 0x00, 0xff, 0x00, 0xff, 0x00, 0xff, 0x00, 0xff, 0x00, 0xff, 0x00,
    0xff, 0x00, 0xff, 0x00, 0xff, 0x00, 0xff, 0x00, 0xff, 0x00, 0xff, 0x00, 0xff, 0x00, 0xff, 0x00,
    0xff, 0x00, 0xff, 0x00, 0xff, 0x00, 0xff, 0x00, 0xff, 0x00, 0xff, 0x00, 0xff, 0x00, 0xff, 0x00,
    0xa7, 0x00, 0x06, 0x0a, 0xe8, 0x00, 0x09, 0x0a, 0xe6, 0x00, 0x0b, 0x0a, 0xe5, 0x00, 0x0c, 0x0a,
    0xe3, 0x00, 0x0d, 0x0a, 0xe3, 0x00, 0x0e, 0x0a, 0xe2, 0x00, 0x0e, 0x0a, 0xe2, 0x00, 0x0e, 0x0a,
    0xe2, 0x00, 0x0e, 0x0a, 0xe2, 0x00, 0x0d, 0x0a, 0xe4, 0x00, 0x0c, 0x0a, 0xe5, 0x00, 0x0a, 0x0a,
    0xe7, 0x00, 0x08, 0x0a, 0xea, 0x00, 0x04, 0x0a, 0xff, 0x00, 0xff, 0x00, 0xff, 0x00, 0xff, 0x00,
    0xff, 0x00, 0xff, 0x00, 0xff, 0x00, 0xff, 0x00, 0xff, 0x00, 0xff, 0x00, 0xff, 0x00, 0xff, 0x00,
    0xff, 0x00, 0xff, 0x00, 0xff, 0x00, 0xff, 0x00, 0xff, 0x00, 0xff, 0x00, 0xff, 0x00, 0xff, 0x00,
    0xff, 0x00, 0xff, 0x00, 0xaa, 0x00, 0x24, 0x01, 0xc5, 0x00, 0x33, 0x01, 0xb8, 0x00, 0x3f, 0x01,
    0xad, 0x00, 0x49, 0x01, 0xa4, 0x00, 0x51, 0x01, 0x9c, 0x00, 0x58, 0x01, 0x95, 0x00, 0x5f, 0x01,
    0x8f, 0x00, 0x65, 0x01, 0x89, 0x00, 0x6a, 0x01, 0x84, 0x00, 0x70, 0x01, 0x7f, 0x00, 0x74, 0x01,
    0x7a, 0x00, 0x79, 0x01, 0x76, 0x00, 0x7c, 0x01, 0x73, 0x00, 0x80, 0x01, 0x6f, 0x00, 0x84, 0x01,
    0x6b, 0x00, 0x87, 0x01, 0x69, 0x00, 0x63, 0x01, 0x01, 0x00, 0x25, 0x01, 0x66, 0x00, 0x62, 0x01,
    0x05, 0x00, 0x26, 0x01, 0x63, 0x00, 0x60, 0x01, 0x09, 0x00, 0x26, 0x01, 0x61, 0x00, 0x5e, 0x01,
    0x0d, 0x00, 0x26, 0x01, 0x5e, 0x00, 0x5e, 0x01, 0x0f, 0x00, 0x27, 0x01, 0x5c, 0x00, 0x5d, 0x01,
    0x11, 0x00, 0x28, 0x01, 0x5a, 0x00, 0x5c, 0x01, 0x13, 0x00, 0x29, 0x01, 0x58, 0x00, 0x5c, 0x01,
    0x13, 0x00, 0x2a, 0x01, 0x56, 0x00, 0x5c, 0x01, 0x15, 0x00, 0x2b, 0x01, 0x54, 0x00, 0x5c, 0x01,
    0x15, 0x00, 0x2d, 0x01, 0x52, 0x00, 0x5b, 0x01, 0x17, 0x00, 0x2d, 0x01, 0x51, 0x00, 0x5b, 0x01,
    0x17, 0x00, 0x2f, 0x01, 0x4f, 0x00, 0x5a, 0x01, 0x19, 0x00, 0x2f, 0x01, 0x4d, 0x00, 0x5b, 0x01,
    0x19, 0x00, 0x30, 0x01, 0x4c, 0x00, 0x5b, 0x01, 0x06, 0x00, 0x04, 0x03, 0x0f, 0x00, 0x32, 0x01,
    0x4a, 0x00, 0x5a, 0x01, 0x06, 0x00, 0x06, 0x03, 0x0f, 0x00, 0x32, 0x01, 0x49, 0x00, 0x5a, 0x01,
    0x06, 0x00, 0x06, 0x03, 0x0f, 0x00, 0x33, 0x01, 0x48, 0x00, 0x5a, 0x01, 0x06, 0x00, 0x06, 0x03,
    0x0f, 0x00, 0x34, 0x01, 0x47, 0x00, 0x5a, 0x01, 0x06, 0x00, 0x06, 0x03, 0x0f, 0x00, 0x35, 0x01,
    0x46, 0x00, 0x5a, 0x01, 0x07, 0x00, 0x04, 0x03, 0x10, 0x00, 0x37, 0x01, 0x44, 0x00, 0x59, 0x01,
    0x1d, 0x00, 0x37, 0x01, 0x43, 0x00, 0x59, 0x01, 0x1d, 0x00, 0x37, 0x01, 0x43, 0x00, 0x59, 0x01,
    0x1d, 0x00, 0x38, 0x01, 0x42, 0x00, 0x59, 0x01, 0x1d, 0x00, 0x39, 0x01, 0x40, 0x00, 0x5a, 0x01,
    0x1d, 0x00, 0x3a, 0x01, 0x40, 0x00, 0x59, 0x01, 0x1d, 0x00, 0x39, 0x01, 0x41, 0x00, 0x59, 0x01,
    0x1d, 0x00, 0x38, 0x01, 0x42, 0x00, 0x59, 0x01, 0x1d, 0x00, 0x37, 0x01, 0x43, 0x00, 0x59, 0x01,
    0x1d, 0x00, 0x37, 0x01, 0x43, 0x00, 0x5a, 0x01, 0x1b, 0x00, 0x37, 0x01, 0x44, 0x00, 0x5a, 0x01,
    0x1b, 0x00, 0x35, 0x01, 0x46, 0x00, 0x5a, 0x01, 0x1b, 0x00, 0x34, 0x01, 0x47, 0x00, 0x5a, 0x01,
    0x1b, 0x00, 0x33, 0x01, 0x48, 0x00, 0x5a, 0x01, 0x1b, 0x00, 0x32, 0x01, 0x49, 0x00, 0x5b, 0x01,
    0x19, 0x00, 0x32, 0x01, 0x4a, 0x00, 0x5b, 0x01, 0x19, 0x00, 0x30, 0x01, 0x4d, 0x00, 0x5a, 0x01,
    0x19, 0x00, 0x2f, 0x01, 0x4e, 0x00, 0x5b, 0x01, 0x17, 0x00, 0x2f, 0x01, 0x4f, 0x00, 0x5b, 0x01,
    0x17, 0x00, 0x2d, 0x01, 0x51, 0x00, 0x5c, 0x01, 0x15, 0x00, 0x2d, 0x01, 0x52, 0x00, 0x5c, 0x01,
    0x15, 0x00, 0x2b, 0x01, 0x55, 0x00, 0x5c, 0x01, 0x13, 0x00, 0x2a, 0x01, 0x57, 0x00, 0x5c, 0x01,
    0x13, 0x00, 0x29, 0x01, 0x58, 0x00, 0x5d, 0x01, 0x11, 0x00, 0x28, 0x01, 0x5a, 0x00, 0x5e, 0x01,
    0x0f, 0x00, 0x27, 0x01, 0x5d, 0x00, 0x5e, 0x01, 0x0d, 0x00, 0x26, 0x01, 0x5f, 0x00, 0x60, 0x01,
    0x09, 0x00, 0x26, 0x01, 0x61, 0x00, 0x62, 0x01, 0x05, 0x00, 0x26, 0x01, 0x64, 0x00, 0x89, 0x01,
    0x67, 0x00, 0x87, 0x01, 0x6a, 0x00, 0x84, 0x01, 0x6d, 0x00, 0x80, 0x01, 0x71, 0x00, 0x7c, 0x01,
    0x75, 0x00, 0x79, 0x01, 0x79, 0x00, 0x74, 0x01, 0x7d, 0x00, 0x70, 0x01, 0x82, 0x00, 0x6a, 0x01,
    0x88, 0x00, 0x65, 0x01, 0x8d, 0x00, 0x5f, 0x01, 0x94, 0x00, 0x58, 0x01, 0x9b, 0x00, 0x51, 0x01,
    0xa2, 0x00, 0x49, 0x01, 0xab, 0x00, 0x3f, 0x01, 0xb6, 0x00, 0x33, 0x01, 0xc4, 0x00, 0x24, 0x01,
    0xff, 0x00, 0xff, 0x00, 0xff, 0x00, 0xff, 0x00, 0xff, 0x00, 0xff, 0x00, 0xff, 0x00, 0xff, 0x00,
    0xff, 0x00, 0xff, 0x00, 0xff, 0x00, 0xff, 0x00, 0xff, 0x00, 0xff, 0x00, 0xff, 0x00, 0xff, 0x00,
    0xff, 0x00, 0xff, 0x00, 0xff, 0x00, 0xff, 0x00, 0xff, 0x00, 0xff, 0x00, 0xff, 0x00, 0xff, 0x00,
    0xff, 0x00, 0xff, 0x00, 0xff, 0x00, 0xff, 0x00, 0xff, 0x00, 0xff, 0x00, 0xff, 0x00, 0xff, 0x00,
    0xff, 0x00, 0xff, 0x00, 0xff, 0x00, 0xff, 0x00, 0xff, 0x00, 0xff, 0x00, 0xff, 0x00, 0xff, 0x00,
    0xff, 0x00, 0xff, 0x00, 0xff, 0x00, 0xff, 0x00, 0xff, 0x00, 0xff, 0x00, 0xff, 0x00, 0xff, 0x00,
    0xff, 0x00, 0xff, 0x00, 0xff, 0x00, 0xff, 0x00, 0xff, 0x00, 0xff, 0x00, 0xff, 0x00, 0xff, 0x00,
    0xff, 0x00, 0xff, 0x00, 0xff, 0x00, 0xff, 0x00, 0xff, 0x00, 0xff, 0x00, 0xff, 0x00, 0xff, 0x00,
    0xff, 0x00, 0xff, 0x00, 0xff, 0x00, 0xff, 0x00, 0xff, 0x00, 0xff, 0x00, 0xff, 0x00, 0xff, 0x00,
    0xff, 0x00, 0xff, 0x00, 0xde, 0x00, 0xff, 0x00, 0xff, 0x00, 0xff, 0x00, 0xff, 0x00, 0xff, 0x00,
    0xff, 0x00, 0xff, 0x00, 0xff, 0x00, 0xff, 0x00, 0xff, 0x00, 0xff, 0x00, 0xff, 0x00, 0xb4, 0x00,
    0x01, 0x0a, 0xec, 0x00, 0x07, 0x0a, 0xe8, 0x00, 0x09, 0x0a, 0xe6, 0x00, 0x0b, 0x0a, 0xe4, 0x00,
    0x0d, 0x0a, 0xe3, 0x00, 0x0d, 0x0a, 0xe3, 0x00, 0x0d, 0x0a, 0xe2, 0x00, 0x0f, 0x0a, 0xe2, 0x00,
    0x0d, 0x0a, 0xe3, 0x00, 0x0d, 0x0a, 0xe3, 0x00, 0x0d, 0x0a, 0xe4, 0x00, 0x0b, 0x0a, 0xe6, 0x00,
    0x09, 0x0a, 0xe8, 0x00, 0x07, 0x0a, 0xec, 0x00, 0x01, 0x0a, 0xff, 0x00, 0xff, 0x00, 0xff, 0x00,
    0xff, 0x00, 0xff, 0x00, 0xff, 0x00, 0xff, 0x00, 0xff, 0x00, 0xff, 0x00, 0xff, 0x00, 0xff, 0x00,
    0xff, 0x00, 0xff, 0x00, 0xff, 0x00, 0xff, 0x00, 0xff, 0x00, 0xff, 0x00, 0xff, 0x00, 0xff, 0x00,
    0xff, 0x00, 0xff, 0x00, 0xff, 0x00, 0xff, 0x00, 0xff, 0x00, 0xff, 0x00, 0xff, 0x00, 0xff, 0x00,
    0xff, 0x00, 0xff, 0x00, 0xff, 0x00, 0xff, 0x00, 0xff, 0x00, 0xff, 0x00, 0xff, 0x00, 0xff, 0x00,
    0xff, 0x00, 0xff, 0x00, 0xff, 0x00, 0xff, 0x00, 0xff, 0x00, 0xff, 0x00, 0xff, 0x00, 0xff, 0x00,
    0xff, 0x00, 0xff, 0x00, 0xff, 0x00, 0xff, 0x00, 0xff, 0x00, 0xff, 0x00, 0xed, 0x00, 0x24, 0x01,
    0xc4, 0x00, 0x33, 0x01, 0xb6, 0x00, 0x3f, 0x01, 0xab, 0x00, 0x49, 0x01, 0xa2, 0x00, 0x51, 0x01,
    0x9b, 0x00, 0x58, 0x01, 0x94, 0x00, 0x5f, 0x01, 0x8d, 0x00, 0x65, 0x01, 0x88, 0x00, 0x6a, 0x01,
    0x82, 0x00, 0x70, 0x01, 0x7d, 0x00, 0x74, 0x01, 0x79, 0x00, 0x79, 0x01, 0x75, 0x00, 0x7c, 0x01,
    0x71, 0x00, 0x80, 0x01, 0x6d, 0x00, 0x84, 0x01, 0x6a, 0x00, 0x87, 0x01, 0x67, 0x00, 0x25, 0x01,
    0x01, 0x00, 0x63, 0x01, 0x64, 0x00, 0x26, 0x01, 0x05, 0x00, 0x62, 0x01, 0x61, 0x00, 0x26, 0x01,
    0x09, 0x00, 0x60, 0x01, 0x5f, 0x00, 0x26, 0x01, 0x0d, 0x00, 0x5e, 0x01, 0x5d, 0x00, 0x27, 0x01,
    0x0f, 0x00, 0x5e, 0x01, 0x5a, 0x00, 0x28, 0x01, 0x11, 0x00, 0x5d, 0x01, 0x58, 0x00, 0x29, 0x01,
    0x13, 0x00, 0x5c, 0x01, 0x57, 0x00, 0x2a, 0x01, 0x13, 0x00, 0x5c, 0x01, 0x55, 0x00, 0x2b, 0x01,
    0x15, 0x00, 0x5c, 0x01, 0x52, 0x00, 0x2d, 0x01, 0x15, 0x00, 0x5c, 0x01, 0x51, 0x00, 0x2d, 0x01,
    0x17, 0x00, 0x5b, 0x01, 0x4f, 0x00, 0x2f, 0x01, 0x17, 0x00, 0x5b, 0x01, 0x4e, 0x00, 0x2f, 0x01,
    0x19, 0x00, 0x5a, 0x01, 0x4d, 0x00, 0x30, 0x01, 0x19, 0x00, 0x5b, 0x01, 0x4a, 0x00, 0x32, 0x01,
    0x06, 0x00, 0x04, 0x03, 0x0f, 0x00, 0x5b, 0x01, 0x49, 0x00, 0x32, 0x01, 0x06, 0x00, 0x06, 0x03,
    0x0f, 0x00, 0x5a, 0x01, 0x48, 0x00, 0x33, 0x01, 0x06, 0x00, 0x06, 0x03, 0x0f, 0x00, 0x5a, 0x01,
    0x47, 0x00, 0x34, 0x01, 0x06, 0x00, 0x06, 0x03, 0x0f, 0x00, 0x5a, 0x01, 0x46, 0x00, 0x35, 0x01,
    0x06, 0x00, 0x06, 0x03, 0x0f, 0x00, 0x5a, 0x01, 0x44, 0x00, 0x37, 0x01, 0x07, 0x00, 0x04, 0x03,
    0x10, 0x00, 0x5a, 0x01, 0x43, 0x00, 0x37, 0x01, 0x1d, 0x00, 0x59, 0x01, 0x43, 0x00, 0x37, 0x01,
    0x1d, 0x00, 0x59, 0x01, 0x42, 0x00, 0x38, 0x01, 0x1d, 0x00, 0x59, 0x01, 0x41, 0x00, 0x39, 0x01,
    0x1d, 0x00, 0x59, 0x01, 0x40, 0x00, 0x3a, 0x01, 0x1d, 0x00, 0x5a, 0x01, 0x40, 0x00, 0x39, 0x01,
    0x1d, 0x00, 0x59, 0x01, 0x42, 0x00, 0x38, 0x01, 0x1d, 0x00, 0x59, 0x01, 0x43, 0x00, 0x37, 0x01,
    0x1d, 0x00, 0x59, 0x01, 0x43, 0x00, 0x37, 0x01, 0x1d, 0x00, 0x59, 0x01, 0x44, 0x00, 0x37, 0x01,
    0x1b, 0x00, 0x5a, 0x01, 0x46, 0x00, 0x35, 0x01, 0x1b, 0x00, 0x5a, 0x01, 0x47, 0x00, 0x34, 0x01,
    0x1b, 0x00, 0x5a, 0x01, 0x48, 0x00, 0x33, 0x01, 0x1b, 0x00, 0x5a, 0x01, 0x49, 0x00, 0x32, 0x01,
    0x1b, 0x00, 0x5a, 0x01, 0x4a, 0x00, 0x32, 0x01, 0x19, 0x00, 0x5b, 0x01, 0x4c, 0x00, 0x30, 0x01,
    0x19, 0x00, 0x5b, 0x01, 0x4d, 0x00, 0x2f, 0x01, 0x19, 0x00, 0x5a, 0x01, 0x4f, 0x00, 0x2f, 0x01,
    0x17, 0x00, 0x5b, 0x01, 0x51, 0x00, 0x2d, 0x01, 0x17, 0x00, 0x5b, 0x01, 0x52, 0x00, 0x2d, 0x01,
    0x15, 0x00, 0x5c, 0x01, 0x54, 0x00, 0x2b, 0x01, 0x15, 0x00, 0x5c, 0x01, 0x56, 0x00, 0x2a, 0x01,
    0x13, 0x00, 0x5c, 0x01, 0x58, 0x00, 0x29, 0x01, 0x13, 0x00, 0x5c, 0x01, 0x5a, 0x00, 0x28, 0x01,
    0x11, 0x00, 0x5d, 0x01, 0x5c, 0x00, 0x27, 0x01, 0x0f, 0x00, 0x5e, 0x01, 0x5e, 0x00, 0x26, 0x01,
    0x0d, 0x00, 0x5e, 0x01, 0x61, 0x00, 0x26, 0x01, 0x09, 0x00, 0x60, 0x01, 0x63, 0x00, 0x26, 0x01,
    0x05, 0x00, 0x62, 0x01, 0x66, 0x00, 0x89, 0x01, 0x69, 0x00, 0x87, 0x01, 0x6b, 0x00, 0x84, 0x01,
    0x6f, 0x00, 0x80, 0x01, 0x73, 0x00, 0x7c, 0x01, 0x76, 0x00, 0x79, 0x01, 0x7a, 0x00, 0x74, 0x01,
    0x7f, 0x00, 0x70, 0x01, 0x84, 0x00, 0x6a, 0x01, 0x89, 0x00, 0x65, 0x01, 0x8f, 0x00, 0x5f, 0x01,
    0x95, 0x00, 0x58, 0x01, 0x9c, 0x00, 0x51, 0x01, 0xa4, 0x00, 0x49, 0x01, 0xad, 0x00, 0x3f, 0x01,
    0xb8, 0x00, 0x33, 0x01, 0xc5, 0x00, 0x24, 0x01, 0xff, 0x00, 0xff, 0x00, 0xff, 0x00, 0xff, 0x00,
    0xff, 0x00, 0xff, 0x00, 0xff, 0x00, 0xff, 0x00, 0xff, 0x00, 0xff, 0x00, 0xff, 0x00, 0xff, 0x00,
    0xff, 0x00, 0xff, 0x00, 0xff, 0x00, 0xff, 0x00, 0xff, 0x00, 0xff, 0x00, 0xff, 0x00, 0xff, 0x00,
    0xff, 0x00, 0xff, 0x00, 0xff, 0x00, 0xff, 0x00, 0xff, 0x00, 0xff, 0x00, 0xff, 0x00, 0xff, 0x00,
    0xff, 0x00, 0xff, 0x00, 0xff, 0x00, 0xff, 0x00, 0xff, 0x00, 0xff, 0x00, 0xff, 0x00, 0xff, 0x00,
    0xff, 0x00, 0xff, 0x00, 0xff, 0x00, 0xff, 0x00, 0xff, 0x00, 0xff, 0x00, 0xff, 0x00, 0xff, 0x00,
    0xff, 0x00, 0xff, 0x00, 0xff, 0x00, 0xff, 0x00, 0xff, 0x00, 0xff, 0x00, 0xff, 0x00, 0xff, 0x00,
    0xff, 0x00, 0xff, 0x00, 0xff, 0x00, 0xff, 0x00, 0xff, 0x00, 0xff, 0x00, 0xff, 0x00, 0xff, 0x00,
    0xff, 0x00, 0xff, 0x00, 0xff, 0x00, 0xff, 0x00, 0xff, 0x00, 0xff, 0x00, 0xff, 0x00, 0xff, 0x00,
    0xff, 0x00, 0xff, 0x00, 0xff, 0x00, 0xff, 0x00, 0xff, 0x00, 0xff, 0x00, 0xa1, 0x00, 0xff, 0x00,
    0xff, 0x00, 0xff, 0x00, 0xff, 0x00, 0xff, 0x00, 0xff, 0x00, 0xff, 0x00, 0xff, 0x00, 0xff, 0x00,
    0xff, 0x00, 0xff, 0x00, 0xff, 0x00, 0xff, 0x00, 0xff, 0x00, 0xff, 0x00, 0xff, 0x00, 0xff, 0x00,
    0xff, 0x00, 0xff, 0x00, 0xff, 0x00, 0xff, 0x00, 0xff, 0x00, 0xff, 0x00, 0xff, 0x00, 0xff, 0x00,
    0xff, 0x00, 0xff, 0x00, 0xff, 0x00, 0xff, 0x00, 0xff, 0x00, 0xff, 0x00, 0xff, 0x00, 0xff, 0x00,
    0xff, 0x00, 0xff, 0x00, 0xff, 0x00, 0xff, 0x00, 0xff, 0x00, 0xff, 0x00, 0xff, 0x00, 0xff, 0x00,
    0x35, 0x00, 0x06, 0x0a, 0xe9, 0x00, 0x09, 0x0a, 0xe6, 0x00, 0x0b, 0x0a, 0xe4, 0x00, 0x0c, 0x0a,
    0xe4, 0x00, 0x0d, 0x0a, 0xe2, 0x00, 0x0e, 0x0a, 0xe2, 0x00, 0x0e, 0x0a, 0xe2, 0x00, 0x0e, 0x0a,
    0xe2, 0x00, 0x0e, 0x0a, 0xe3, 0x00, 0x0d, 0x0a, 0xe3, 0x00, 0x0c, 0x0a, 0xe5, 0x00, 0x0a, 0x0a,
    0xe7, 0x00, 0x08, 0x0a, 0xea, 0x00, 0x04, 0x0a, 0xff, 0x00, 0xff, 0x00, 0xff, 0x00, 0xff, 0x00,
    0xff, 0x00, 0xff, 0x00, 0xff, 0x00, 0xff, 0x00, 0xff, 0x00, 0xff, 0x00, 0xff, 0x00, 0xff, 0x00,
    0xff, 0x00, 0xff, 0x00, 0xff, 0x00, 0xff, 0x00, 0xff, 0x00, 0xff, 0x00, 0xff, 0x00, 0xff, 0x00,
    0xff, 0x00, 0xff, 0x00, 0x5a, 0x00, 0x24, 0x01, 0xc4, 0x00, 0x33, 0x01, 0xb6, 0x00, 0x3f, 0x01,
    0xab, 0x00, 0x49, 0x01, 0xa2, 0x00, 0x51, 0x01, 0x9b, 0x00, 0x58, 0x01, 0x94, 0x00, 0x5f, 0x01,
    0x8d, 0x00, 0x65, 0x01, 0x88, 0x00, 0x6a, 0x01, 0x82, 0x00, 0x70, 0x01, 0x7d, 0x00, 0x74, 0x01,
    0x79, 0x00, 0x79, 0x01, 0x75, 0x00, 0x7c, 0x01, 0x71, 0x00, 0x80, 0x01, 0x6d, 0x00, 0x84, 0x01,
    0x6a, 0x00, 0x87, 0x01, 0x67, 0x00, 0x25, 0x01, 0x01, 0x00, 0x63, 0x01, 0x64, 0x00, 0x26, 0x01,
    0x05, 0x00, 0x62, 0x01, 0x61, 0x00, 0x26, 0x01, 0x09, 0x00, 0x60, 0x01, 0x5f, 0x00, 0x26, 0x01,
    0x0d, 0x00, 0x5e, 0x01, 0x5d, 0x00, 0x27, 0x01, 0x0f, 0x00, 0x5e, 0x01, 0x5a, 0x00, 0x28, 0x01,
    0x11, 0x00, 0x5d, 0x01, 0x58, 0x00, 0x29, 0x01, 0x13, 0x00, 0x5c, 0x01, 0x57, 0x00, 0x2a, 0x01,
    0x13, 0x00, 0x5c, 0x01, 0x55, 0x00, 0x2b, 0x01, 0x15, 0x00, 0x5c, 0x01, 0x52, 0x00, 0x2d, 0x01,
    0x15, 0x00, 0x5c, 0x01, 0x51, 0x00, 0x2d, 0x01, 0x17, 0x00, 0x5b, 0x01, 0x4f, 0x00, 0x2f, 0x01,
    0x17, 0x00, 0x5b, 0x01, 0x4e, 0x00, 0x2f, 0x01, 0x19, 0x00, 0x5a, 0x01, 0x4d, 0x00, 0x30, 0x01,
    0x19, 0x00, 0x5b, 0x01, 0x4a, 0x00, 0x32, 0x01, 0x06, 0x00, 0x04, 0x03, 0x0f, 0x00, 0x5b, 0x01,
    0x49, 0x00, 0x32, 0x01, 0x06, 0x00, 0x06, 0x03, 0x0f, 0x00, 0x5a, 0x01, 0x48, 0x00, 0x33, 0x01,
    0x06, 0x00, 0x06, 0x03, 0x0f, 0x00, 0x5a, 0x01, 0x47, 0x00, 0x34, 0x01, 0x06, 0x00, 0x06, 0x03,
    0x0f, 0x00, 0x5a, 0x01, 0x46, 0x00, 0x35, 0x01, 0x06, 0x00, 0x06, 0x03, 0x0f, 0x00, 0x5a, 0x01,
    0x44, 0x00, 0x37, 0x01, 0x07, 0x00, 0x04, 0x03, 0x10, 0x00, 0x5a, 0x01, 0x43, 0x00, 0x37, 0x01,
    0x1d, 0x00, 0x59, 0x01, 0x43, 0x00, 0x37, 0x01, 0x1d, 0x00, 0x59, 0x01, 0x42, 0x00, 0x38, 0x01,
    0x1d, 0x00, 0x59, 0x01, 0x41, 0x00, 0x39, 0x01, 0x1d, 0x00, 0x59, 0x01, 0x40, 0x00, 0x3a, 0x01,
    0x1d, 0x00, 0x5a, 0x01, 0x40, 0x00, 0x39, 0x01, 0x1d, 0x00, 0x59, 0x01, 0x42, 0x00, 0x38, 0x01,
    0x1d, 0x00, 0x59, 0x01, 0x43, 0x00, 0x37, 0x01, 0x1d, 0x00, 0x59, 0x01, 0x43, 0x00, 0x37, 0x01,
    0x1d, 0x00, 0x59, 0x01, 0x44, 0x00, 0x37, 0x01, 0x1b, 0x00, 0x5a, 0x01, 0x46, 0x00, 0x35, 0x01,
    0x1b, 0x00, 0x5a, 0x01, 0x47, 0x00, 0x34, 0x01, 0x1b, 0x00, 0x5a, 0x01, 0x48, 0x00, 0x33, 0x01,
    0x1b, 0x00, 0x5a, 0x01, 0x49, 0x00, 0x32, 0x01, 0x1b, 0x00, 0x5a, 0x01, 0x4a, 0x00, 0x32, 0x01,
    0x19, 0x00, 0x5b, 0x01, 0x4c, 0x00, 0x30, 0x01, 0x19, 0x00, 0x5b, 0x01, 0x4d, 0x00, 0x2f, 0x01,
    0x19, 0x00, 0x5a, 0x01, 0x4f, 0x00, 0x2f, 0x01, 0x17, 0x00, 0x5b, 0x01, 0x51, 0x00, 0x2d, 0x01,
    0x17, 0x00, 0x5b, 0x01, 0x52, 0x00, 0x2d, 0x01, 0x15, 0x00, 0x5c, 0x01, 0x54, 0x00, 0x2b, 0x01,
    0x15, 0x00, 0x5c, 0x01, 0x56, 0x00, 0x2a, 0x01, 0x13, 0x00, 0x5c, 0x01, 0x58, 0x00, 0x29, 0x01,
    0x13, 0x00, 0x5c, 0x01, 0x5a, 0x00, 0x28, 0x01, 0x11, 0x00, 0x5d, 0x01, 0x5c, 0x00, 0x27, 0x01,
    0x0f, 0x00, 0x5e, 0x01, 0x5e, 0x00, 0x26, 0x01, 0x0d, 0x00, 0x5e, 0x01, 0x61, 0x00, 0x26, 0x01,
    0x09, 0x00, 0x60, 0x01, 0x63, 0x00, 0x26, 0x01, 0x05, 0x00, 0x62, 0x01, 0x66, 0x00, 0x89, 0x01,
    0x69, 0x00, 0x87, 0x01, 0x6b, 0x00, 0x84, 0x01, 0x6f, 0x00, 0x80, 0x01, 0x73, 0x00, 0x7c, 0x01,
    0x76, 0x00, 0x79, 0x01, 0x7a, 0x00, 0x74, 0x01, 0x7f, 0x00, 0x70, 0x01, 0x84, 0x00, 0x6a, 0x01,
    0x89, 0x00, 0x65, 0x01, 0x8f, 0x00, 0x5f, 0x01, 0x95, 0x00, 0x58, 0x01, 0x9c, 0x00, 0x51, 0x01,
    0xa4, 0x00, 0x49, 0x01, 0xad, 0x00, 0x3f, 0x01, 0xb8, 0x00, 0x33, 0x01, 0xc5, 0x00, 0x24, 0x01,
    0xff, 0x00, 0xff, 0x00, 0xff, 0x00, 0xff, 0x00, 0xff, 0x00, 0xff, 0x00, 0xff, 0x00, 0xff, 0x00,
    0xff, 0x00, 0xff, 0x00, 0xff, 0x00, 0xff, 0x00, 0xff, 0x00, 0xff, 0x00, 0xff, 0x00, 0xff, 0x00,
    0xff, 0x00, 0xff, 0x00, 0xff, 0x00, 0xff, 0x00, 0xff, 0x00, 0xff, 0x00, 0xff, 0x00, 0xff, 0x00,
    0xff, 0x00, 0xff, 0x00, 0xff, 0x00, 0xff, 0x00, 0xff, 0x00, 0xff, 0x00, 0xff, 0x00, 0xff, 0x00,
    0xff, 0x00, 0xff, 0x00, 0xff, 0x00, 0xff, 0x00, 0xff, 0x00, 0xff, 0x00, 0xff, 0x00, 0xff, 0x00,
    0xff, 0x00, 0xff, 0x00, 0xff, 0x00, 0xff, 0x00, 0xff, 0x00, 0xff, 0x00, 0xff, 0x00, 0xff, 0x00,
    0xff, 0x00, 0xff, 0x00, 0xff, 0x00, 0xff, 0x00, 0xff, 0x00, 0xff, 0x00, 0xff, 0x00, 0xff, 0x00,
    0xff, 0x00, 0xff, 0x00, 0xff, 0x00, 0xff, 0x00, 0xff, 0x00, 0xff, 0x00, 0xff, 0x00, 0xff, 0x00,
    0xff, 0x00, 0xff, 0x00, 0xff, 0x00, 0xff, 0x00, 0xff, 0x00, 0xff, 0x00, 0xff, 0x00, 0xff, 0x00,
    0xff, 0x00, 0xff, 0x00, 0xa1, 0x00, 0xff, 0x00, 0xff, 0x00, 0xff, 0x00, 0xff, 0x00, 0xff, 0x00,
    0xff, 0x00, 0xff, 0x00, 0xff, 0x00, 0xff, 0x00, 0xff, 0x00, 0xff, 0x00, 0xff, 0x00, 0xff, 0x00,
    0xff, 0x00, 0xff, 0x00, 0xff, 0x00, 0xff, 0x00, 0xff, 0x00, 0xff, 0x00, 0xff, 0x00, 0xff, 0x00,
    0xff, 0x00, 0xff, 0x00, 0xff, 0x00, 0xff, 0x00, 0xff, 0x00, 0xff, 0x00, 0xff, 0x00, 0xff, 0x00,
    0xff, 0x00, 0xff, 0x00, 0xff, 0x00, 0xff, 0x00, 0xff, 0x00, 0xff, 0x00, 0xff, 0x00, 0xff, 0x00,
    0xff, 0x00, 0xff, 0x00, 0xff, 0x00, 0xff, 0x00, 0xff, 0x00, 0xff, 0x00, 0xff, 0x00, 0xff, 0x00,
    0xff, 0x00, 0xff, 0x00, 0xff, 0x00, 0xff, 0x00, 0xff, 0x00, 0xff, 0x00, 0xff, 0x00, 0xff, 0x00,
    0xff, 0x00, 0xff, 0x00, 0xff, 0x00, 0xff, 0x00, 0xff, 0x00, 0xff, 0x00, 0xff, 0x00, 0xff, 0x00,
    0xff, 0x00, 0xff, 0x00, 0xff, 0x00, 0xff, 0x00, 0xff, 0x00, 0xff, 0x00, 0xff, 0x00, 0xff, 0x00,
    0xff, 0x00, 0xff, 0x00, 0xff, 0x00, 0xff, 0x00, 0xff, 0x00, 0xff, 0x00, 0xd0, 0x00, 0x24, 0x01,
    0xc4, 0x00, 0x33, 0x01, 0xb6, 0x00, 0x3f, 0x01, 0xab, 0x00, 0x49, 0x01, 0xa2, 0x00, 0x51, 0x01,
    0x9b, 0x00, 0x58, 0x01, 0x94, 0x00, 0x5f, 0x01, 0x8d, 0x00, 0x65, 0x01, 0x88, 0x00, 0x6a, 0x01,
    0x82, 0x00, 0x70, 0x01, 0x7d, 0x00, 0x74, 0x01, 0x79, 0x00, 0x79, 0x01, 0x75, 0x00, 0x7c, 0x01,
    0x71, 0x00, 0x80, 0x01, 0x6d, 0x00, 0x84, 0x01, 0x6a, 0x00, 0x87, 0x01, 0x67, 0x00, 0x25, 0x01,
    0x01, 0x00, 0x63, 0x01, 0x64, 0x00, 0x26, 0x01, 0x05, 0x00, 0x62, 0x01, 0x61, 0x00, 0x26, 0x01,
    0x09, 0x00, 0x60, 0x01, 0x5f, 0x00, 0x26, 0x01, 0x0d, 0x00, 0x5e, 0x01, 0x5d, 0x00, 0x27, 0x01,
    0x0f, 0x00, 0x5e, 0x01, 0x5a, 0x00, 0x28, 0x01, 0x11, 0x00, 0x5d, 0x01, 0x58, 0x00, 0x29, 0x01,
    0x13, 0x00, 0x5c, 0x01, 0x57, 0x00, 0x2a, 0x01, 0x13, 0x00, 0x5c, 0x01, 0x55, 0x00, 0x2b, 0x01,
    0x15, 0x00, 0x5c, 0x01, 0x52, 0x00, 0x2d, 0x01, 0x15, 0x00, 0x5c, 0x01, 0x51, 0x00, 0x2d, 0x01,
    0x17, 0x00, 0x5b, 0x01, 0x4f, 0x00, 0x2f, 0x01, 0x17, 0x00, 0x5b, 0x01, 0x4e, 0x00, 0x2f, 0x01,
    0x19, 0x00, 0x5a, 0x01, 0x4d, 0x00, 0x30, 0x01, 0x19, 0x00, 0x5b, 0x01, 0x4a, 0x00, 0x32, 0x01,
    0x06, 0x00, 0x04, 0x03, 0x0f, 0x00, 0x5b, 0x01, 0x49, 0x00, 0x32, 0x01, 0x06, 0x00, 0x06, 0x03,
    0x0f, 0x00, 0x5a, 0x01, 0x48, 0x00, 0x33, 0x01, 0x06, 0x00, 0x06, 0x03, 0x0f, 0x00, 0x5a, 0x01,
    0x47, 0x00, 0x34, 0x01, 0x06, 0x00, 0x06, 0x03, 0x0f, 0x00, 0x5a, 0x01, 0x09, 0x00, 0x01, 0x0a,
    0x3c, 0x00, 0x35, 0x01, 0x06, 0x00, 0x06, 0x03, 0x0f, 0x00, 0x5a, 0x01, 0x06, 0x00, 0x07, 0x0a,
    0x37, 0x00, 0x37, 0x01, 0x07, 0x00, 0x04, 0x03, 0x10, 0x00, 0x5a, 0x01, 0x05, 0x00, 0x09, 0x0a,
    0x35, 0x00, 0x37, 0x01, 0x1d, 0x00, 0x59, 0x01, 0x04, 0x00, 0x0b, 0x0a, 0x34, 0x00, 0x37, 0x01,
    0x1d, 0x00, 0x59, 0x01, 0x03, 0x00, 0x0d, 0x0a, 0x32, 0x00, 0x38, 0x01, 0x1d, 0x00, 0x59, 0x01,
    0x03, 0x00, 0x0d, 0x0a, 0x31, 0x00, 0x39, 0x01, 0x1d, 0x00, 0x59, 0x01, 0x03, 0x00, 0x0d, 0x0a,
    0x30, 0x00, 0x3a, 0x01, 0x1d, 0x00, 0x5a, 0x01, 0x01, 0x00, 0x0f, 0x0a, 0x30, 0x00, 0x39, 0x01,
    0x1d, 0x00, 0x59, 0x01, 0x03, 0x00, 0x0d, 0x0a, 0x32, 0x00, 0x38, 0x01, 0x1d, 0x00, 0x59, 0x01,
    0x03, 0x00, 0x0d, 0x0a, 0x33, 0x00, 0x37, 0x01, 0x1d, 0x00, 0x59, 0x01, 0x03, 0x00, 0x0d, 0x0a,
    0x33, 0x00, 0x37, 0x01, 0x1d, 0x00, 0x59, 0x01, 0x04, 0x00, 0x0b, 0x0a, 0x35, 0x00, 0x37, 0x01,
    0x1b, 0x00, 0x5a, 0x01, 0x05, 0x00, 0x09, 0x0a, 0x38, 0x00, 0x35, 0x01, 0x1b, 0x00, 0x5a, 0x01,
    0x06, 0x00, 0x07, 0x0a, 0x3a, 0x00, 0x34, 0x01, 0x1b, 0x00, 0x5a, 0x01, 0x09, 0x00, 0x01, 0x0a,
    0x3e, 0x00, 0x33, 0x01, 0x1b, 0x00, 0x5a, 0x01, 0x49, 0x00, 0x32, 0x01, 0x1b, 0x00, 0x5a, 0x01,
    0x4a, 0x00, 0x32, 0x01, 0x19, 0x00, 0x5b, 0x01, 0x4c, 0x00, 0x30, 0x01, 0x19, 0x00, 0x5b, 0x01,
    0x4d, 0x00, 0x2f, 0x01, 0x19, 0x00, 0x5a, 0x01, 0x4f, 0x00, 0x2f, 0x01, 0x17, 0x00, 0x5b, 0x01,
    0x51, 0x00, 0x2d, 0x01, 0x17, 0x00, 0x5b, 0x01, 0x52, 0x00, 0x2d, 0x01, 0x15, 0x00, 0x5c, 0x01,
    0x54, 0x00, 0x2b, 0x01, 0x15, 0x00, 0x5c, 0x01, 0x56, 0x00, 0x2a, 0x01, 0x13, 0x00, 0x5c, 0x01,
    0x58, 0x00, 0x29, 0x01, 0x13, 0x00, 0x5c, 0x01, 0x5a, 0x00, 0x28, 0x01, 0x11, 0x00, 0x5d, 0x01,
    0x5c, 0x00, 0x27, 0x01, 0x0f, 0x00, 0x5e, 0x01, 0x5e, 0x00, 0x26, 0x01, 0x0d, 0x00, 0x5e, 0x01,
    0x61, 0x00, 0x26, 0x01, 0x09, 0x00, 0x60, 0x01, 0x63, 0x00, 0x26, 0x01, 0x05, 0x00, 0x62, 0x01,
    0x66, 0x00, 0x89, 0x01, 0x69, 0x00, 0x87, 0x01, 0x6b, 0x00, 0x84, 0x01, 0x6f, 0x00, 0x80, 0x01,
    0x73, 0x00, 0x7c, 0x01, 0x76, 0x00, 0x79, 0x01, 0x7a, 0x00, 0x74, 0x01, 0x7f, 0x00, 0x70, 0x01,
    0x84, 0x00, 0x6a, 0x01, 0x89, 0x00, 0x65, 0x01, 0x8f, 0x00, 0x5f, 0x01, 0x95, 0x00, 0x58, 0x01,
    0x9c, 0x00, 0x51, 0x01, 0xa4, 0x00, 0x49, 0x01, 0xad, 0x00, 0x3f, 0x01, 0xb8, 0x00, 0x33, 0x01,
    0xc5, 0x00, 0x24, 0x01, 0xff, 0x00, 0xff, 0x00, 0xff, 0x00, 0xff, 0x00, 0xff, 0x00, 0xff, 0x00,
    0xff, 0x00, 0xff, 0x00, 0xff, 0x00, 0xff, 0x00, 0xff, 0x00, 0xff, 0x00, 0xff, 0x00, 0xff, 0x00,
    0xff, 0x00, 0xff, 0x00, 0xff, 0x00, 0xff, 0x00, 0xff, 0x00, 0xff, 0x00, 0xff, 0x00, 0xff, 0x00,
    0xff, 0x00, 0xff, 0x00, 0xff, 0x00, 0xff, 0x00, 0xff, 0x00, 0xff, 0x00, 0xff, 0x00, 0xff, 0x00,
    0xff, 0x00, 0xff, 0x00, 0xff, 0x00, 0xff, 0x00, 0xff, 0x00, 0xff, 0x00, 0xff, 0x00, 0xff, 0x00,
    0xff, 0x00, 0xff, 0x00, 0xff, 0x00, 0xff, 0x00, 0xff, 0x00, 0xff, 0x00, 0xff, 0x00, 0xff, 0x00,
    0xff, 0x00, 0xff, 0x00, 0xff, 0x00, 0xff, 0x00, 0xff, 0x00, 0xff, 0x00, 0xff, 0x00, 0xff, 0x00,
    0xff, 0x00, 0xff, 0x00, 0xff, 0x00, 0xff, 0x00, 0xff, 0x00, 0xff, 0x00, 0xff, 0x00, 0xff, 0x00,
    0xff, 0x00, 0xff, 0x00, 0xff, 0x00, 0xff, 0x00, 0xff, 0x00, 0xff, 0x00, 0xff, 0x00, 0xff, 0x00,
    0xff, 0x00, 0xff, 0x00, 0xff, 0x00, 0xff, 0x00, 0xa1, 0x00, 0xff, 0x00, 0xff, 0x00, 0xff, 0x00,
    0xff, 0x00, 0xff, 0x00, 0xff, 0x00, 0xff, 0x00, 0xff, 0x00, 0xff, 0x00, 0xff, 0x00, 0xff, 0x00,
    0xff, 0x00, 0xff, 0x00, 0xff, 0x00, 0xff, 0x00, 0xff, 0x00, 0xff, 0x00, 0xff, 0x00, 0xff, 0x00,
    0xff, 0x00, 0xff, 0x00, 0xff, 0x00, 0xff, 0x00, 0xff, 0x00, 0xff, 0x00, 0xff, 0x00, 0xff, 0x00,
    0xff, 0x00, 0xff, 0x00, 0xff, 0x00, 0xff, 0x00, 0xff, 0x00, 0xff, 0x00, 0xff, 0x00, 0xff, 0x00,
    0xff, 0x00, 0xff, 0x00, 0xff, 0x00, 0xff, 0x00, 0xff, 0x00, 0xff, 0x00, 0xff, 0x00, 0xff, 0x00,
    0xff, 0x00, 0xff, 0x00, 0xff, 0x00, 0xff, 0x00, 0xff, 0x00, 0xff, 0x00, 0xff, 0x00, 0xff, 0x00,
    0xff, 0x00, 0xff, 0x00, 0xff, 0x00, 0xff, 0x00, 0xff, 0x00, 0xff, 0x00, 0xff, 0x00, 0xff, 0x00,
    0xff, 0x00, 0xff, 0x00, 0xff, 0x00, 0xff, 0x00, 0xff, 0x00, 0xff, 0x00, 0xff, 0x00, 0xff, 0x00,
    0xff, 0x00, 0xff, 0x00, 0xff, 0x00, 0xff, 0x00, 0xff, 0x00, 0xff, 0x00, 0xff, 0x00, 0xff, 0x00,
    0xd0, 0x00, 0x24, 0x01, 0xc4, 0x00, 0x33, 0x01, 0xb6, 0x00, 0x3f, 0x01, 0xab, 0x00, 0x49, 0x01,
    0xa2, 0x00, 0x51, 0x01, 0x9b, 0x00, 0x58, 0x01, 0x94, 0x00, 0x5f, 0x01, 0x8d, 0x00, 0x65, 0x01,
    0x88, 0x00, 0x6a, 0x01, 0x82, 0x00, 0x70, 0x01, 0x7d, 0x00, 0x74, 0x01, 0x79, 0x00, 0x79, 0x01,
    0x75, 0x00, 0x7c, 0x01, 0x71, 0x00, 0x80, 0x01, 0x6d, 0x00, 0x84, 0x01, 0x6a, 0x00, 0x87, 0x01,
    0x67, 0x00, 0x25, 0x01, 0x01, 0x00, 0x63, 0x01, 0x64, 0x00, 0x26, 0x01, 0x05, 0x00, 0x62, 0x01,
    0x61, 0x00, 0x26, 0x01, 0x09, 0x00, 0x60, 0x01, 0x5f, 0x00, 0x26, 0x01, 0x0d, 0x00, 0x5e, 0x01,
    0x5d, 0x00, 0x27, 0x01, 0x0f, 0x00, 0x5e, 0x01, 0x5a, 0x00, 0x28, 0x01, 0x11, 0x00, 0x5d, 0x01,
    0x58, 0x00, 0x29, 0x01, 0x13, 0x00, 0x5c, 0x01, 0x57, 0x00, 0x2a, 0x01, 0x13, 0x00, 0x5c, 0x01,
    0x55, 0x00, 0x2b, 0x01, 0x15, 0x00, 0x5c, 0x01, 0x52, 0x00, 0x2d, 0x01, 0x15, 0x00, 0x5c, 0x01,
    0x51, 0x00, 0x2d, 0x01, 0x17, 0x00, 0x5b, 0x01, 0x4f, 0x00, 0x2f, 0x01, 0x17, 0x00, 0x5b, 0x01,
    0x4e, 0x00, 0x2f, 0x01, 0x19, 0x00, 0x5a, 0x01, 0x4d, 0x00, 0x30, 0x01, 0x19, 0x00, 0x5b, 0x01,
    0x4a, 0x00, 0x32, 0x01, 0x06, 0x00, 0x04, 0x03, 0x0f, 0x00, 0x5b, 0x01, 0x49, 0x00, 0x32, 0x01,
    0x06, 0x00, 0x06, 0x03, 0x0f, 0x00, 0x5a, 0x01, 0x48, 0x00, 0x33, 0x01, 0x06, 0x00, 0x06, 0x03,
    0x0f, 0x00, 0x5a, 0x01, 0x47, 0x00, 0x34, 0x01, 0x06, 0x00, 0x06, 0x03, 0x0f, 0x00, 0x5a, 0x01,
    0x46, 0x00, 0x35, 0x01, 0x06, 0x00, 0x06, 0x03, 0x0f, 0x00, 0x5a, 0x01, 0x44, 0x00, 0x37, 0x01,
    0x07, 0x00, 0x04, 0x03, 0x10, 0x00, 0x5a, 0x01, 0x43, 0x00, 0x37, 0x01, 0x1d, 0x00, 0x59, 0x01,
    0x43, 0x00, 0x37, 0x01, 0x1d, 0x00, 0x59, 0x01, 0x42, 0x00, 0x38, 0x01, 0x1d, 0x00, 0x59, 0x01,
    0x41, 0x00, 0x39, 0x01, 0x1d, 0x00, 0x59, 0x01, 0x40, 0x00, 0x3a, 0x01, 0x1d, 0x00, 0x5a, 0x01,
    0x40, 0x00, 0x39, 0x01, 0x1d, 0x00, 0x59, 0x01, 0x42, 0x00, 0x38, 0x01, 0x1d, 0x00, 0x59, 0x01,
    0x43, 0x00, 0x37, 0x01, 0x1d, 0x00, 0x59, 0x01, 0x43, 0x00, 0x37, 0x01, 0x1d, 0x00, 0x59, 0x01,
    0x44, 0x00, 0x37, 0x01, 0x1b, 0x00, 0x5a, 0x01, 0x46, 0x00, 0x35, 0x01, 0x1b, 0x00, 0x5a, 0x01,
    0x47, 0x00, 0x34, 0x01, 0x1b, 0x00, 0x5a, 0x01, 0x48, 0x00, 0x33, 0x01, 0x1b, 0x00, 0x5a, 0x01,
    0x49, 0x00, 0x32, 0x01, 0x1b, 0x00, 0x5a, 0x01, 0x4a, 0x00, 0x32, 0x01, 0x19, 0x00, 0x5b, 0x01,
    0x4c, 0x00, 0x30, 0x01, 0x19, 0x00, 0x5b, 0x01, 0x4d, 0x00, 0x2f, 0x01, 0x19, 0x00, 0x5a, 0x01,
    0x4f, 0x00, 0x2f, 0x01, 0x17, 0x00, 0x5b, 0x01, 0x51, 0x00, 0x2d, 0x01, 0x17, 0x00, 0x5b, 0x01,
    0x52, 0x00, 0x2d, 0x01, 0x15, 0x00, 0x5c, 0x01, 0x54, 0x00, 0x2b, 0x01, 0x15, 0x00, 0x5c, 0x01,
    0x56, 0x00, 0x2a, 0x01, 0x13, 0x00, 0x5c, 0x01, 0x58, 0x00, 0x29, 0x01, 0x13, 0x00, 0x5c, 0x01,
    0x5a, 0x00, 0x28, 0x01, 0x11, 0x00, 0x5d, 0x01, 0x5c, 0x00, 0x27, 0x01, 0x0f, 0x00, 0x5e, 0x01,
    0x5e, 0x00, 0x26, 0x01, 0x0d, 0x00, 0x5e, 0x01, 0x61, 0x00, 0x26, 0x01, 0x09, 0x00, 0x60, 0x01,
    0x63, 0x00, 0x26, 0x01, 0x05, 0x00, 0x62, 0x01, 0x66, 0x00, 0x89, 0x01, 0x69, 0x00, 0x87, 0x01,
    0x6b, 0x00, 0x84, 0x01, 0x6f, 0x00, 0x80, 0x01, 0x73, 0x00, 0x7c, 0x01, 0x76, 0x00, 0x79, 0x01,
    0x7a, 0x00, 0x74, 0x01, 0x7f, 0x00, 0x70, 0x01, 0x84, 0x00, 0x6a, 0x01, 0x89, 0x00, 0x65, 0x01,
    0x8f, 0x00, 0x5f, 0x01, 0x95, 0x00, 0x58, 0x01, 0x9c, 0x00, 0x51, 0x01, 0xa4, 0x00, 0x49, 0x01,
    0xad, 0x00, 0x3f, 0x01, 0xb8, 0x00, 0x33, 0x01, 0xc5, 0x00, 0x24, 0x01, 0xff, 0x00, 0xff, 0x00,
    0xff, 0x00, 0xff, 0x00, 0xff, 0x00, 0xff, 0x00, 0xff, 0x00, 0xff, 0x00, 0xff, 0x00, 0xff, 0x00,
    0xff, 0x00, 0xff, 0x00, 0xff, 0x00, 0xff, 0x00, 0xff, 0x00, 0xff, 0x00, 0xff, 0x00, 0xff, 0x00,
    0xff, 0x00, 0xff, 0x00, 0xff, 0x00, 0xff, 0x00, 0xaa, 0x00, 0x04, 0x0a, 0xea, 0x00, 0x08, 0x0a,
    0xe7, 0x00, 0x0a, 0x0a, 0xe5, 0x00, 0x0c, 0x0a, 0xe4, 0x00, 0x0d, 0x0a, 0xe2, 0x00, 0x0e, 0x0a,
    0xe2, 0x00, 0x0e, 0x0a, 0xe2, 0x00, 0x0e, 0x0a, 0xe2, 0x00, 0x0e, 0x0a, 0xe3, 0x00, 0x0d, 0x0a,
    0xe3, 0x00, 0x0c, 0x0a, 0xe5, 0x00, 0x0b, 0x0a, 0xe6, 0x00, 0x09, 0x0a, 0xe8, 0x00, 0x06, 0x0a,
    0xff, 0x00, 0xff, 0x00, 0xff, 0x00, 0xff, 0x00, 0xff, 0x00, 0xff, 0x00, 0xff, 0x00, 0xff, 0x00,
    0xff, 0x00, 0xff, 0x00, 0xff, 0x00, 0xff, 0x00, 0xff, 0x00, 0xff, 0x00, 0xff, 0x00, 0xff, 0x00,
    0xff, 0x00, 0xff, 0x00, 0xff, 0x00, 0xff, 0x00, 0xff, 0x00, 0xff, 0x00, 0xff, 0x00, 0xff, 0x00,
    0xff, 0x00, 0xff, 0x00, 0xff, 0x00, 0xff, 0x00, 0xff, 0x00, 0xff, 0x00, 0xff, 0x00, 0xff, 0x00,
    0xff, 0x00, 0xff, 0x00, 0xff, 0x00, 0xff, 0x00, 0xff, 0x00, 0xff, 0x00, 0xff, 0x00, 0xb5, 0x00,
    0xff, 0x00, 0xff, 0x00, 0xff, 0x00, 0xff, 0x00, 0xff, 0x00, 0xff, 0x00, 0xff, 0x00, 0xff, 0x00,
    0xff, 0x00, 0xff, 0x00, 0xff, 0x00, 0xff, 0x00, 0xff, 0x00, 0xff, 0x00, 0xff, 0x00, 0xff, 0x00,
    0xff, 0x00, 0xff, 0x00, 0xff, 0x00, 0xff, 0x00, 0xff, 0x00, 0xff, 0x00, 0xff, 0x00, 0xff, 0x00,
    0xff, 0x00, 0xff, 0x00, 0xff, 0x00, 0xff, 0x00, 0xff, 0x00, 0xff, 0x00, 0xff, 0x00, 0xff, 0x00,
    0xff, 0x00, 0xff, 0x00, 0xff, 0x00, 0xff, 0x00, 0xff, 0x00, 0xff, 0x00, 0xff, 0x00, 0xff, 0x00,
    0xff, 0x00, 0xff, 0x00, 0xff, 0x00, 0xff, 0x00, 0xff, 0x00, 0xff, 0x00, 0xff, 0x00, 0xff, 0x00,
    0xff, 0x00, 0xff, 0x00, 0xff, 0x00, 0xff, 0x00, 0xff, 0x00, 0xff, 0x00, 0xff, 0x00, 0xff, 0x00,
    0xff, 0x00, 0xff, 0x00, 0xff, 0x00, 0xff, 0x00, 0xff, 0x00, 0xff, 0x00, 0xff, 0x00, 0xff, 0x00,
    0xff, 0x00, 0xff, 0x00, 0xff, 0x00, 0xff, 0x00, 0xff, 0x00, 0xff, 0x00, 0xff, 0x00, 0xff, 0x00,
    0xff, 0x00, 0xff, 0x00, 0xff, 0x00, 0xd0, 0x00, 0x24, 0x01, 0xc4, 0x00, 0x33, 0x01, 0xb6, 0x00,
    0x3f, 0x01, 0xab, 0x00, 0x49, 0x01, 0xa2, 0x00, 0x51, 0x01, 0x9b, 0x00, 0x58, 0x01, 0x94, 0x00,
    0x5f, 0x01, 0x8d, 0x00, 0x65, 0x01, 0x88, 0x00, 0x6a, 0x01, 0x82, 0x00, 0x70, 0x01, 0x7d, 0x00,
    0x74, 0x01, 0x79, 0x00, 0x79, 0x01, 0x75, 0x00, 0x7c, 0x01, 0x71, 0x00, 0x80, 0x01, 0x6d, 0x00,
    0x84, 0x01, 0x6a, 0x00, 0x87, 0x01, 0x67, 0x00, 0x25, 0x01, 0x01, 0x00, 0x63, 0x01, 0x64, 0x00,
    0x26, 0x01, 0x05, 0x00, 0x62, 0x01, 0x61, 0x00, 0x26, 0x01, 0x09, 0x00, 0x60, 0x01, 0x5f, 0x00,
    0x26, 0x01, 0x0d, 0x00, 0x5e, 0x01, 0x5d, 0x00, 0x27, 0x01, 0x0f, 0x00, 0x5e, 0x01, 0x5a, 0x00,
    0x28, 0x01, 0x11, 0x00, 0x5d, 0x01, 0x58, 0x00, 0x29, 0x01, 0x13, 0x00, 0x5c, 0x01, 0x57, 0x00,
    0x2a, 0x01, 0x13, 0x00, 0x5c, 0x01, 0x55, 0x00, 0x2b, 0x01, 0x15, 0x00, 0x5c, 0x01, 0x52, 0x00,
    0x2d, 0x01, 0x15, 0x00, 0x5c, 0x01, 0x51, 0x00, 0x2d, 0x01, 0x17, 0x00, 0x5b, 0x01, 0x4f, 0x00,
    0x2f, 0x01, 0x17, 0x00, 0x5b, 0x01, 0x4e, 0x00, 0x2f, 0x01, 0x19, 0x00, 0x5a, 0x01, 0x4d, 0x00,
    0x30, 0x01, 0x19, 0x00, 0x5b, 0x01, 0x4a, 0x00, 0x32, 0x01, 0x06, 0x00, 0x04, 0x03, 0x0f, 0x00,
    0x5b, 0x01, 0x49, 0x00, 0x32, 0x01, 0x06, 0x00, 0x06, 0x03, 0x0f, 0x00, 0x5a, 0x01, 0x48, 0x00,
    0x33, 0x01, 0x06, 0x00, 0x06, 0x03, 0x0f, 0x00, 0x5a, 0x01, 0x47, 0x00, 0x34, 0x01, 0x06, 0x00,
    0x06, 0x03, 0x0f, 0x00, 0x5a, 0x01, 0x46, 0x00, 0x35, 0x01, 0x06, 0x00, 0x06, 0x03, 0x0f, 0x00,
    0x5a, 0x01, 0x44, 0x00, 0x37, 0x01, 0x07, 0x00, 0x04, 0x03, 0x10, 0x00, 0x5a, 0x01, 0x43, 0x00,
    0x37, 0x01, 0x1d, 0x00, 0x59, 0x01, 0x43, 0x00, 0x37, 0x01, 0x1d, 0x00, 0x59, 0x01, 0x42, 0x00,
    0x38, 0x01, 0x1d, 0x00, 0x59, 0x01, 0x41, 0x00, 0x39, 0x01, 0x1d, 0x00, 0x59, 0x01, 0x40, 0x00,
    0x3a, 0x01, 0x1d, 0x00, 0x5a, 0x01, 0x40, 0x00, 0x39, 0x01, 0x1d, 0x00, 0x59, 0x01, 0x42, 0x00,
    0x38, 0x01, 0x1d, 0x00, 0x59, 0x01, 0x43, 0x00, 0x37, 0x01, 0x1d, 0x00, 0x59, 0x01, 0x43, 0x00,
    0x37, 0x01, 0x1d, 0x00, 0x59, 0x01, 0x44, 0x00, 0x37, 0x01, 0x1b, 0x00, 0x5a, 0x01, 0x46, 0x00,
    0x35, 0x01, 0x1b, 0x00, 0x5a, 0x01, 0x47, 0x00, 0x34, 0x01, 0x1b, 0x00, 0x5a, 0x01, 0x48, 0x00,
    0x33, 0x01, 0x1b, 0x00, 0x5a, 0x01, 0x49, 0x00, 0x32, 0x01, 0x1b, 0x00, 0x5a, 0x01, 0x4a, 0x00,
    0x32, 0x01, 0x19, 0x00, 0x5b, 0x01, 0x4c, 0x00, 0x30, 0x01, 0x19, 0x00, 0x5b, 0x01, 0x4d, 0x00,
    0x2f, 0x01, 0x19, 0x00, 0x5a, 0x01, 0x4f, 0x00, 0x2f, 0x01, 0x17, 0x00, 0x5b, 0x01, 0x51, 0x00,
    0x2d, 0x01, 0x17, 0x00, 0x5b, 0x01, 0x52, 0x00, 0x2d, 0x01, 0x15, 0x00, 0x5c, 0x01, 0x54, 0x00,
    0x2b, 0x01, 0x15, 0x00, 0x5c, 0x01, 0x56, 0x00, 0x2a, 0x01, 0x13, 0x00, 0x5c, 0x01, 0x58, 0x00,
    0x29, 0x01, 0x13, 0x00, 0x5c, 0x01, 0x5a, 0x00, 0x28, 0x01, 0x11, 0x00, 0x5d, 0x01, 0x5c, 0x00,
    0x27, 0x01, 0x0f, 0x00, 0x5e, 0x01, 0x5e, 0x00, 0x26, 0x01, 0x0d, 0x00, 0x5e, 0x01, 0x61, 0x00,
    0x26, 0x01, 0x09, 0x00, 0x60, 0x01, 0x63, 0x00, 0x26, 0x01, 0x05, 0x00, 0x62, 0x01, 0x66, 0x00,
    0x89, 0x01, 0x69, 0x00, 0x87, 0x01, 0x6b, 0x00, 0x84, 0x01, 0x6f, 0x00, 0x80, 0x01, 0x73, 0x00,
    0x7c, 0x01, 0x76, 0x00, 0x79, 0x01, 0x7a, 0x00, 0x74, 0x01, 0x7f, 0x00, 0x70, 0x01, 0x84, 0x00,
    0x6a, 0x01, 0x89, 0x00, 0x65, 0x01, 0x8f, 0x00, 0x5f, 0x01, 0x95, 0x00, 0x58, 0x01, 0x9c, 0x00,
    0x51, 0x01, 0xa4, 0x00, 0x49, 0x01, 0xad, 0x00, 0x3f, 0x01, 0xb8, 0x00, 0x33, 0x01, 0xc5, 0x00,
    0x24, 0x01, 0xff, 0x00, 0xff, 0x00, 0xff, 0x00, 0xff, 0x00, 0xff, 0x00, 0xff, 0x00, 0xff, 0x00,
    0xff, 0x00, 0xff, 0x00, 0xff, 0x00, 0xff, 0x00, 0xff, 0x00, 0xff, 0x00, 0xff, 0x00, 0xff, 0x00,
    0xff, 0x00, 0xff, 0x00, 0xff, 0x00, 0xff, 0x00, 0xff, 0x00, 0xff, 0x00, 0xff, 0x00, 0xff, 0x00,
    0xff, 0x00, 0xff, 0x00, 0xff, 0x00, 0xff, 0x00, 0xff, 0x00, 0xff, 0x00, 0xff, 0x00, 0xff, 0x00,
    0xff, 0x00, 0xff, 0x00, 0xff, 0x00, 0xff, 0x00, 0xff, 0x00, 0xff, 0x00, 0xff, 0x00, 0xff, 0x00,
    0xff, 0x00, 0xff, 0x00, 0xff, 0x00, 0xff, 0x00, 0xff, 0x00, 0xff, 0x00, 0xff, 0x00, 0xff, 0x00,
    0xff, 0x00, 0xff, 0x00, 0xb0, 0x00, 0x01, 0x0a, 0xec, 0x00, 0x07, 0x0a, 0xe8, 0x00, 0x09, 0x0a,
    0xe6, 0x00, 0x0b, 0x0a, 0xe4, 0x00, 0x0d, 0x0a, 0xe3, 0x00, 0x0d, 0x0a, 0xe3, 0x00, 0x0d, 0x0a,
    0xe2, 0x00, 0x0f, 0x0a, 0xe2, 0x00, 0x0d, 0x0a, 0xe3, 0x00, 0x0d, 0x0a, 0xe3, 0x00, 0x0d, 0x0a,
    0xe4, 0x00, 0x0b, 0x0a, 0xe6, 0x00, 0x09, 0x0a, 0xe8, 0x00, 0x07, 0x0a, 0xec, 0x00, 0x01, 0x0a,
    0xff, 0x00, 0xff, 0x00, 0xff, 0x00, 0xff, 0x00, 0xff, 0x00, 0xff, 0x00, 0xff, 0x00, 0xff, 0x00,
    0xff, 0x00, 0xff, 0x00, 0xff, 0x00, 0xc2, 0x00, 0xff, 0x00, 0xff, 0x00, 0xff, 0x00, 0xff, 0x00,
    0xff, 0x00, 0xff, 0x00, 0xff, 0x00, 0xff, 0x00, 0xff, 0x00, 0xff, 0x00, 0xff, 0x00, 0xff, 0x00,
    0xff, 0x00, 0xff, 0x00, 0xff, 0x00, 0xff, 0x00, 0xff, 0x00, 0xff, 0x00, 0xff, 0x00, 0xff, 0x00,
    0xff, 0x00, 0xff, 0x00, 0xff, 0x00, 0xff, 0x00, 0xff, 0x00, 0xff, 0x00, 0xff, 0x00, 0xff, 0x00,
    0xff, 0x00, 0xff, 0x00, 0xff, 0x00, 0xff, 0x00, 0xff, 0x00, 0xff, 0x00, 0xff, 0x00, 0xff, 0x00,
    0xff, 0x00, 0xff, 0x00, 0xff, 0x00, 0xff, 0x00, 0xff, 0x00, 0xff, 0x00, 0xff, 0x00, 0xff, 0x00,
    0xff, 0x00, 0xff, 0x00, 0xff, 0x00, 0xff, 0x00, 0xff, 0x00, 0xff, 0x00, 0xff, 0x00, 0xff, 0x00,
    0xff, 0x00, 0xff, 0x00, 0xff, 0x00, 0xff, 0x00, 0xff, 0x00, 0xff, 0x00, 0xff, 0x00, 0xff, 0x00,
    0xff, 0x00, 0xff, 0x00, 0xff, 0x00, 0xff, 0x00, 0xff, 0x00, 0xff, 0x00, 0xff, 0x00, 0xff, 0x00,
    0xff, 0x00, 0xff, 0x00, 0xff, 0x00, 0xff, 0x00, 0xff, 0x00, 0xff, 0x00, 0xff, 0x00, 0xd0, 0x00,
    0x24, 0x01, 0xc4, 0x00, 0x33, 0x01, 0xb6, 0x00, 0x3f, 0x01, 0xab, 0x00, 0x49, 0x01, 0xa2, 0x00,
    0x51, 0x01, 0x9b, 0x00, 0x58, 0x01, 0x94, 0x00, 0x5f, 0x01, 0x8d, 0x00, 0x65, 0x01, 0x88, 0x00,
    0x6a, 0x01, 0x82, 0x00, 0x70, 0x01, 0x7d, 0x00, 0x74, 0x01, 0x79, 0x00, 0x79, 0x01, 0x75, 0x00,
    0x7c, 0x01, 0x71, 0x00, 0x80, 0x01, 0x6d, 0x00, 0x84, 0x01, 0x6a, 0x00, 0x87, 0x01, 0x67, 0x00,
    0x25, 0x01, 0x01, 0x00, 0x63, 0x01, 0x64, 0x00, 0x26, 0x01, 0x05, 0x00, 0x62, 0x01, 0x61, 0x00,
    0x26, 0x01, 0x09, 0x00, 0x60, 0x01, 0x5f, 0x00, 0x26, 0x01, 0x0d, 0x00, 0x5e, 0x01, 0x5d, 0x00,
    0x27, 0x01, 0x0f, 0x00, 0x5e, 0x01, 0x5a, 0x00, 0x28, 0x01, 0x11, 0x00, 0x5d, 0x01, 0x58, 0x00,
    0x29, 0x01, 0x13, 0x00, 0x5c, 0x01, 0x57, 0x00, 0x2a, 0x01, 0x13, 0x00, 0x5c, 0x01, 0x55, 0x00,
    0x2b, 0x01, 0x15, 0x00, 0x5c, 0x01, 0x52, 0x00, 0x2d, 0x01, 0x15, 0x00, 0x5c, 0x01, 0x51, 0x00,
    0x2d, 0x01, 0x17, 0x00, 0x5b, 0x01, 0x4f, 0x00, 0x2f, 0x01, 0x17, 0x00, 0x5b, 0x01, 0x4e, 0x00,
    0x2f, 0x01, 0x19, 0x00, 0x5a, 0x01, 0x4d, 0x00, 0x30, 0x01, 0x19, 0x00, 0x5b, 0x01, 0x4a, 0x00,
    0x32, 0x01, 0x06, 0x00, 0x04, 0x03, 0x0f, 0x00, 0x5b, 0x01, 0x49, 0x00, 0x32, 0x01, 0x06, 0x00,
    0x06, 0x03, 0x0f, 0x00, 0x5a, 0x01, 0x48, 0x00, 0x33, 0x01, 0x06, 0x00, 0x06, 0x03, 0x0f, 0x00,
    0x5a, 0x01, 0x47, 0x00, 0x34, 0x01, 0x06, 0x00, 0x06, 0x03, 0x0f, 0x00, 0x5a, 0x01, 0x46, 0x00,
    0x35, 0x01, 0x06, 0x00, 0x06, 0x03, 0x0f, 0x00, 0x5a, 0x01, 0x44, 0x00, 0x37, 0x01, 0x07, 0x00,
    0x04, 0x03, 0x10, 0x00, 0x5a, 0x01, 0x43, 0x00, 0x37, 0x01, 0x1d, 0x00, 0x59, 0x01, 0x43, 0x00,
    0x37, 0x01, 0x1d, 0x00, 0x59, 0x01, 0x42, 0x00, 0x38, 0x01, 0x1d, 0x00, 0x59, 0x01, 0x41, 0x00,
    0x39, 0x01, 0x1d, 0x00, 0x59, 0x01, 0x40, 0x00, 0x3a, 0x01, 0x1d, 0x00, 0x5a, 0x01, 0x40, 0x00,
    0x39, 0x01, 0x1d, 0x00, 0x59, 0x01, 0x42, 0x00, 0x38, 0x01, 0x1d, 0x00, 0x59, 0x01, 0x43, 0x00,
    0x37, 0x01, 0x1d, 0x00, 0x59, 0x01, 0x43, 0x00, 0x37, 0x01, 0x1d, 0x00, 0x59, 0x01, 0x44, 0x00,
    0x37, 0x01, 0x1b, 0x00, 0x5a, 0x01, 0x46, 0x00, 0x35, 0x01, 0x1b, 0x00, 0x5a, 0x01, 0x47, 0x00,
    0x34, 0x01, 0x1b, 0x00, 0x5a, 0x01, 0x48, 0x00, 0x33, 0x01, 0x1b, 0x00, 0x5a, 0x01, 0x49, 0x00,
    0x32, 0x01, 0x1b, 0x00, 0x5a, 0x01, 0x4a, 0x00, 0x32, 0x01, 0x19, 0x00, 0x5b, 0x01, 0x4c, 0x00,
    0x30, 0x01, 0x19, 0x00, 0x5b, 0x01, 0x4d, 0x00, 0x2f, 0x01, 0x19, 0x00, 0x5a, 0x01, 0x4f, 0x00,
    0x2f, 0x01, 0x17, 0x00, 0x5b, 0x01, 0x51, 0x00, 0x2d, 0x01, 0x17, 0x00, 0x5b, 0x01, 0x52, 0x00,
    0x2d, 0x01, 0x15, 0x00, 0x5c, 0x01, 0x54, 0x00, 0x2b, 0x01, 0x15, 0x00, 0x5c, 0x01, 0x56, 0x00,
    0x2a, 0x01, 0x13, 0x00, 0x5c, 0x01, 0x58, 0x00, 0x29, 0x01, 0x13, 0x00, 0x5c, 0x01, 0x5a, 0x00,
    0x28, 0x01, 0x11, 0x00, 0x5d, 0x01, 0x5c, 0x00, 0x27, 0x01, 0x0f, 0x00, 0x5e, 0x01, 0x5e, 0x00,
    0x26, 0x01, 0x0d, 0x00, 0x5e, 0x01, 0x61, 0x00, 0x26, 0x01, 0x09, 0x00, 0x60, 0x01, 0x63, 0x00,
    0x26, 0x01, 0x05, 0x00, 0x62, 0x01, 0x66, 0x00, 0x89, 0x01, 0x69, 0x00, 0x87, 0x01, 0x6b, 0x00,
    0x84, 0x01, 0x6f, 0x00, 0x80, 0x01, 0x73, 0x00, 0x7c, 0x01, 0x76, 0x00, 0x79, 0x01, 0x7a, 0x00,
    0x74, 0x01, 0x7f, 0x00, 0x70, 0x01, 0x84, 0x00, 0x6a, 0x01, 0x89, 0x00, 0x65, 0x01, 0x8f, 0x00,
    0x5f, 0x01, 0x95, 0x00, 0x58, 0x01, 0x9c, 0x00, 0x51, 0x01, 0xa4, 0x00, 0x49, 0x01, 0xad, 0x00,
    0x3f, 0x01, 0xb8, 0x00, 0x33, 0x01, 0xc5, 0x00, 0x24, 0x01, 0xff, 0x00, 0xff, 0x00, 0xff, 0x00,
    0xff, 0x00, 0xff, 0x00, 0xff, 0x00, 0xff, 0x00, 0xff, 0x00, 0xff, 0x00, 0xff, 0x00, 0xff, 0x00,
    0xff, 0x00, 0xff, 0x00, 0xff, 0x00, 0xff, 0x00, 0xff, 0x00, 0xff, 0x00, 0xff, 0x00, 0xff, 0x00,
    0xff, 0x00, 0xff, 0x00, 0xff, 0x00, 0x1d, 0x00, 0x04, 0x0a, 0xea, 0x00, 0x08, 0x0a, 0xe7, 0x00,
    0x0a, 0x0a, 0xe5, 0x00, 0x0c, 0x0a, 0xe3, 0x00, 0x0d, 0x0a, 0xe3, 0x00, 0x0e, 0x0a, 0xe2, 0x00,
    0x0e, 0x0a, 0xe2, 0x00, 0x0e, 0x0a, 0xe2, 0x00, 0x0e, 0x0a, 0xe2, 0x00, 0x0d, 0x0a, 0xe4, 0x00,
    0x0c, 0x0a, 0xe4, 0x00, 0x0b, 0x0a, 0xe6, 0x00, 0x09, 0x0a, 0xe9, 0x00, 0x06, 0x0a, 0xff, 0x00,
    0xff, 0x00, 0xff, 0x00, 0xff, 0x00, 0xff, 0x00, 0xff, 0x00, 0xff, 0x00, 0xff, 0x00, 0xff, 0x00,
    0xff, 0x00, 0xff, 0x00, 0xff, 0x00, 0xff, 0x00, 0xff, 0x00, 0xff, 0x00, 0xff, 0x00, 0xff, 0x00,
    0xff, 0x00, 0xff, 0x00, 0xff, 0x00, 0xff, 0x00, 0xff, 0x00, 0xff, 0x00, 0xff, 0x00, 0xff, 0x00,
    0xff, 0x00, 0xff, 0x00, 0xff, 0x00, 0xff, 0x00, 0xff, 0x00, 0xff, 0x00, 0xff, 0x00, 0xff, 0x00,
    0xff, 0x00, 0xff, 0x00, 0xff, 0x00, 0xff, 0x00, 0xff, 0x00, 0xff, 0x00, 0xff, 0x00, 0x43, 0x00,
    0xff, 0x00, 0xff, 0x00, 0xff, 0x00, 0xff, 0x00, 0xff, 0x00, 0xff, 0x00, 0xff, 0x00, 0xff, 0x00,
    0xff, 0x00, 0xff, 0x00, 0xff, 0x00, 0xff, 0x00, 0xff, 0x00, 0xff, 0x00, 0xff, 0x00, 0xff, 0x00,
    0xff, 0x00, 0xff, 0x00, 0xff, 0x00, 0xff, 0x00, 0xff, 0x00, 0xff, 0x00, 0xff, 0x00, 0xff, 0x00,
    0xff, 0x00, 0xff, 0x00, 0xff, 0x00, 0xff, 0x00, 0xff, 0x00, 0xff, 0x00, 0xff, 0x00, 0xff, 0x00,
    0xff, 0x00, 0xff, 0x00, 0xff, 0x00, 0xff, 0x00, 0xff, 0x00, 0xff, 0x00, 0xff, 0x00, 0xff, 0x00,
    0xff, 0x00, 0xff, 0x00, 0xff, 0x00, 0xff, 0x00, 0xff, 0x00, 0xff, 0x00, 0xff, 0x00, 0xff, 0x00,
    0xff, 0x00, 0xff, 0x00, 0xff, 0x00, 0xff, 0x00, 0xff, 0x00, 0xff, 0x00, 0xff, 0x00, 0xff, 0x00,
    0xff, 0x00, 0xff, 0x00, 0xff, 0x00, 0xff, 0x00, 0xff, 0x00, 0xff, 0x00, 0xff, 0x00, 0xff, 0x00,
    0xff, 0x00, 0xff, 0x00, 0xff, 0x00, 0xff, 0x00, 0xff, 0x00, 0xff, 0x00, 0xff, 0x00, 0xff, 0x00,
    0xff, 0x00, 0xff, 0x00, 0xff, 0x00, 0xd0, 0x00, 0x24, 0x01, 0xc4, 0x00, 0x33, 0x01, 0xb6, 0x00,
    0x3f, 0x01, 0xab, 0x00, 0x49, 0x01, 0xa2, 0x00, 0x51, 0x01, 0x9b, 0x00, 0x58, 0x01, 0x94, 0x00,
    0x5f, 0x01, 0x8d, 0x00, 0x65, 0x01, 0x88, 0x00, 0x6a, 0x01, 0x82, 0x00, 0x70, 0x01, 0x7d, 0x00,
    0x74, 0x01, 0x79, 0x00, 0x79, 0x01, 0x75, 0x00, 0x7c, 0x01, 0x71, 0x00, 0x80, 0x01, 0x6d, 0x00,
    0x84, 0x01, 0x6a, 0x00, 0x87, 0x01, 0x67, 0x00, 0x25, 0x01, 0x01, 0x00, 0x63, 0x01, 0x64, 0x00,
    0x26, 0x01, 0x05, 0x00, 0x62, 0x01, 0x61, 0x00, 0x26, 0x01, 0x09, 0x00, 0x60, 0x01, 0x5f, 0x00,
    0x26, 0x01, 0x0d, 0x00, 0x5e, 0x01, 0x5d, 0x00, 0x27, 0x01, 0x0f, 0x00, 0x5e, 0x01, 0x5a, 0x00,
    0x28, 0x01, 0x11, 0x00, 0x5d, 0x01, 0x58, 0x00, 0x29, 0x01, 0x13, 0x00, 0x5c, 0x01, 0x57, 0x00,
    0x2a, 0x01, 0x13, 0x00, 0x5c, 0x01, 0x55, 0x00, 0x2b, 0x01, 0x15, 0x00, 0x5c, 0x01, 0x52, 0x00,
    0x2d, 0x01, 0x15, 0x00, 0x5c, 0x01, 0x51, 0x00, 0x2d, 0x01, 0x17, 0x00, 0x5b, 0x01, 0x4f, 0x00,
    0x2f, 0x01, 0x17, 0x00, 0x5b, 0x01, 0x4e, 0x00, 0x2f, 0x01, 0x19, 0x00, 0x5a, 0x01, 0x4d, 0x00,
    0x30, 0x01, 0x19, 0x00, 0x5b, 0x01, 0x4a, 0x00, 0x32, 0x01, 0x06, 0x00, 0x04, 0x03, 0x0f, 0x00,
    0x5b, 0x01, 0x49, 0x00, 0x32, 0x01, 0x06, 0x00, 0x06, 0x03, 0x0f, 0x00, 0x5a, 0x01, 0x48, 0x00,
    0x33, 0x01, 0x06, 0x00, 0x06, 0x03, 0x0f, 0x00, 0x5a, 0x01, 0x31, 0x00, 0x01, 0x0a, 0x15, 0x00,
    0x34, 0x01, 0x06, 0x00, 0x06, 0x03, 0x0f, 0x00, 0x5a, 0x01, 0x2e, 0x00, 0x07, 0x0a, 0x11, 0x00,
    0x35, 0x01, 0x06, 0x00, 0x06, 0x03, 0x0f, 0x00, 0x5a, 0x01, 0x2d, 0x00, 0x09, 0x0a, 0x0e, 0x00,
    0x37, 0x01, 0x07, 0x00, 0x04, 0x03, 0x10, 0x00, 0x5a, 0x01, 0x2c, 0x00, 0x0b, 0x0a, 0x0c, 0x00,
    0x37, 0x01, 0x1d, 0x00, 0x59, 0x01, 0x2b, 0x00, 0x0d, 0x0a, 0x0b, 0x00, 0x37, 0x01, 0x1d, 0x00,
    0x59, 0x01, 0x2b, 0x00, 0x0d, 0x0a, 0x0a, 0x00, 0x38, 0x01, 0x1d, 0x00, 0x59, 0x01, 0x2b, 0x00,
    0x0d, 0x0a, 0x09, 0x00, 0x39, 0x01, 0x1d, 0x00, 0x59, 0x01, 0x2a, 0x00, 0x0f, 0x0a, 0x07, 0x00,
    0x3a, 0x01, 0x1d, 0x00, 0x5a, 0x01, 0x2a, 0x00, 0x0d, 0x0a, 0x09, 0x00, 0x39, 0x01, 0x1d, 0x00,
    0x59, 0x01, 0x2b, 0x00, 0x0d, 0x0a, 0x0a, 0x00, 0x38, 0x01, 0x1d, 0x00, 0x59, 0x01, 0x2b, 0x00,
    0x0d, 0x0a, 0x0b, 0x00, 0x37, 0x01, 0x1d, 0x00, 0x59, 0x01, 0x2c, 0x00, 0x0b, 0x0a, 0x0c, 0x00,
    0x37, 0x01, 0x1d, 0x00, 0x59, 0x01, 0x2d, 0x00, 0x09, 0x0a, 0x0e, 0x00, 0x37, 0x01, 0x1b, 0x00,
    0x5a, 0x01, 0x2e, 0x00, 0x07, 0x0a, 0x11, 0x00, 0x35, 0x01, 0x1b, 0x00, 0x5a, 0x01, 0x31, 0x00,
    0x01, 0x0a, 0x15, 0x00, 0x34, 0x01, 0x1b, 0x00, 0x5a, 0x01, 0x48, 0x00, 0x33, 0x01, 0x1b, 0x00,
    0x5a, 0x01, 0x49, 0x00, 0x32, 0x01, 0x1b, 0x00, 0x5a, 0x01, 0x4a, 0x00, 0x32, 0x01, 0x19, 0x00,
    0x5b, 0x01, 0x4c, 0x00, 0x30, 0x01, 0x19, 0x00, 0x5b, 0x01, 0x4d, 0x00, 0x2f, 0x01, 0x19, 0x00,
    0x5a, 0x01, 0x4f, 0x00, 0x2f, 0x01, 0x17, 0x00, 0x5b, 0x01, 0x51, 0x00, 0x2d, 0x01, 0x17, 0x00,
    0x5b, 0x01, 0x52, 0x00, 0x2d, 0x01, 0x15, 0x00, 0x5c, 0x01, 0x54, 0x00, 0x2b, 0x01, 0x15, 0x00,
    0x5c, 0x01, 0x56, 0x00, 0x2a, 0x01, 0x13, 0x00, 0x5c, 0x01, 0x58, 0x00, 0x29, 0x01, 0x13, 0x00,
    0x5c, 0x01, 0x5a, 0x00, 0x28, 0x01, 0x11, 0x00, 0x5d, 0x01, 0x5c, 0x00, 0x27, 0x01, 0x0f, 0x00,
    0x5e, 0x01, 0x5e, 0x00, 0x26, 0x01, 0x0d, 0x00, 0x5e, 0x01, 0x61, 0x00, 0x26, 0x01, 0x09, 0x00,
    0x60, 0x01, 0x63, 0x00, 0x26, 0x01, 0x05, 0x00, 0x62, 0x01, 0x66, 0x00, 0x89, 0x01, 0x69, 0x00,
    0x87, 0x01, 0x6b, 0x00, 0x84, 0x01, 0x6f, 0x00, 0x80, 0x01, 0x73, 0x00, 0x7c, 0x01, 0x76, 0x00,
    0x79, 0x01, 0x7a, 0x00, 0x74, 0x01, 0x7f, 0x00, 0x70, 0x01, 0x84, 0x00, 0x6a, 0x01, 0x89, 0x00,
    0x65, 0x01, 0x8f, 0x00, 0x5f, 0x01, 0x95, 0x00, 0x58, 0x01, 0x9c, 0x00, 0x51, 0x01, 0xa4, 0x00,
    0x49, 0x01, 0xad, 0x00, 0x3f, 0x01, 0xb8, 0x00, 0x33, 0x01, 0xc5, 0x00, 0x24, 0x01, 0xff, 0x00,
    0xff, 0x00, 0xff, 0x00, 0xff, 0x00, 0xff, 0x00, 0xff, 0x00, 0xff, 0x00, 0xff, 0x00, 0xff, 0x00,
    0xff, 0x00, 0xff, 0x00, 0xff, 0x00, 0xff, 0x00, 0xff, 0x00, 0xff, 0x00, 0xff, 0x00, 0xff, 0x00,
    0xff, 0x00, 0xff, 0x00, 0xff, 0x00, 0xff, 0x00, 0xff, 0x00, 0xff, 0x00, 0xff, 0x00, 0xff, 0x00,
    0xff, 0x00, 0xff, 0x00, 0xff, 0x00, 0xff, 0x00, 0xff, 0x00, 0xff, 0x00, 0xff, 0x00, 0xff, 0x00,
    0xff, 0x00, 0xff, 0x00, 0xff, 0x00, 0xff, 0x00, 0xff, 0x00, 0xff, 0x00, 0xff, 0x00, 0xff, 0x00,
    0xff, 0x00, 0xff, 0x00, 0xff, 0x00, 0xff, 0x00, 0xff, 0x00, 0xff, 0x00, 0xff, 0x00, 0xff, 0x00,
    0xff, 0x00, 0xff, 0x00, 0xff, 0x00, 0xff, 0x00, 0xff, 0x00, 0xff, 0x00, 0xff, 0x00, 0xff, 0x00,
    0xff, 0x00, 0xff, 0x00, 0xff, 0x00, 0xff, 0x00, 0xff, 0x00, 0xff, 0x00, 0xff, 0x00, 0xff, 0x00,
    0xff, 0x00, 0xff, 0x00, 0xff, 0x00, 0xff, 0x00, 0xff, 0x00, 0xff, 0x00, 0xff, 0x00, 0xff, 0x00,
    0xff, 0x00, 0xa1, 0x00, 0xff, 0x00, 0xff, 0x00, 0xff, 0x00, 0xff, 0x00, 0xff, 0x00, 0xff, 0x00,
    0xff, 0x00, 0xff, 0x00, 0xff, 0x00, 0xff, 0x00, 0xff, 0x00, 0xff, 0x00, 0xff, 0x00, 0xff, 0x00,
    0xff, 0x00, 0xff, 0x00, 0xff, 0x00, 0xff, 0x00, 0xff, 0x00, 0xff, 0x00, 0xff, 0x00, 0xff, 0x00,
    0xff, 0x00, 0xff, 0x00, 0xff, 0x00, 0xff, 0x00, 0xff, 0x00, 0xff, 0x00, 0xff, 0x00, 0xff, 0x00,
    0xff, 0x00, 0xff, 0x00, 0xff, 0x00, 0xff, 0x00, 0xff, 0x00, 0xff, 0x00, 0xff, 0x00, 0xff, 0x00,
    0xff, 0x00, 0xff, 0x00, 0xa7, 0x00, 0x06, 0x0a, 0xe8, 0x00, 0x09, 0x0a, 0xe6, 0x00, 0x0b, 0x0a,
    0xe5, 0x00, 0x0c, 0x0a, 0xe3, 0x00, 0x0d, 0x0a, 0xe3, 0x00, 0x0e, 0x0a, 0xe2, 0x00, 0x0e, 0x0a,
    0xe2, 0x00, 0x0e, 0x0a, 0xe2, 0x00, 0x0e, 0x0a, 0xe2, 0x00, 0x0d, 0x0a, 0xe4, 0x00, 0x0c, 0x0a,
    0xe5, 0x00, 0x0a, 0x0a, 0xe7, 0x00, 0x08, 0x0a, 0xea, 0x00, 0x04, 0x0a, 0xff, 0x00, 0xff, 0x00,
    0xff, 0x00, 0xff, 0x00, 0xff, 0x00, 0xff, 0x00, 0xff, 0x00, 0xff, 0x00, 0xff, 0x00, 0xff, 0x00,
    0xff, 0x00, 0xff, 0x00, 0xff, 0x00, 0xff, 0x00, 0xff, 0x00, 0xff, 0x00, 0xff, 0x00, 0xff, 0x00,
    0xff, 0x00, 0xff, 0x00, 0xff, 0x00, 0xff, 0x00, 0xe7, 0x00, 0x24, 0x01, 0xc4, 0x00, 0x33, 0x01,
    0xb6, 0x00, 0x3f, 0x01, 0xab, 0x00, 0x49, 0x01, 0xa2, 0x00, 0x51, 0x01, 0x9b, 0x00, 0x58, 0x01,
    0x94, 0x00, 0x5f, 0x01, 0x8d, 0x00, 0x65, 0x01, 0x88, 0x00, 0x6a, 0x01, 0x82, 0x00, 0x70, 0x01,
    0x7d, 0x00, 0x74, 0x01, 0x79, 0x00, 0x79, 0x01, 0x75, 0x00, 0x7c, 0x01, 0x71, 0x00, 0x80, 0x01,
    0x6d, 0x00, 0x84, 0x01, 0x6a, 0x00, 0x87, 0x01, 0x67, 0x00, 0x25, 0x01, 0x01, 0x00, 0x63, 0x01,
    0x64, 0x00, 0x26, 0x01, 0x05, 0x00, 0x62, 0x01, 0x61, 0x00, 0x26, 0x01, 0x09, 0x00, 0x60, 0x01,
    0x5f, 0x00, 0x26, 0x01, 0x0d, 0x00, 0x5e, 0x01, 0x5d, 0x00, 0x27, 0x01, 0x0f, 0x00, 0x5e, 0x01,
    0x5a, 0x00, 0x28, 0x01, 0x11, 0x00, 0x5d, 0x01, 0x58, 0x00, 0x29, 0x01, 0x13, 0x00, 0x5c, 0x01,
    0x57, 0x00, 0x2a, 0x01, 0x13, 0x00, 0x5c, 0x01, 0x55, 0x00, 0x2b, 0x01, 0x15, 0x00, 0x5c, 0x01,
    0x52, 0x00, 0x2d, 0x01, 0x15, 0x00, 0x5c, 0x01, 0x51, 0x00, 0x2d, 0x01, 0x17, 0x00, 0x5b, 0x01,
    0x4f, 0x00, 0x2f, 0x01, 0x17, 0x00, 0x5b, 0x01, 0x4e, 0x00, 0x2f, 0x01, 0x19, 0x00, 0x5a, 0x01,
    0x4d, 0x00, 0x30, 0x01, 0x19, 0x00, 0x5b, 0x01, 0x4a, 0x00, 0x32, 0x01, 0x06, 0x00, 0x04, 0x03,
    0x0f, 0x00, 0x5b, 0x01, 0x49, 0x00, 0x32, 0x01, 0x06, 0x00, 0x06, 0x03, 0x0f, 0x00, 0x5a, 0x01,
    0x48, 0x00, 0x33, 0x01, 0x06, 0x00, 0x06, 0x03, 0x0f, 0x00, 0x5a, 0x01, 0x47, 0x00, 0x34, 0x01,
    0x06, 0x00, 0x06, 0x03, 0x0f, 0x00, 0x5a, 0x01, 0x46, 0x00, 0x35, 0x01, 0x06, 0x00, 0x06, 0x03,
    0x0f, 0x00, 0x5a, 0x01, 0x44, 0x00, 0x37, 0x01, 0x07, 0x00, 0x04, 0x03, 0x10, 0x00, 0x5a, 0x01,
    0x43, 0x00, 0x37, 0x01, 0x1d, 0x00, 0x59, 0x01, 0x43, 0x00, 0x37, 0x01, 0x1d, 0x00, 0x59, 0x01,
    0x42, 0x00, 0x38, 0x01, 0x1d, 0x00, 0x59, 0x01, 0x41, 0x00, 0x39, 0x01, 0x1d, 0x00, 0x59, 0x01,
    0x40, 0x00, 0x3a, 0x01, 0x1d, 0x00, 0x5a, 0x01, 0x40, 0x00, 0x39, 0x01, 0x1d, 0x00, 0x59, 0x01,
    0x42, 0x00, 0x38, 0x01, 0x1d, 0x00, 0x59, 0x01, 0x43, 0x00, 0x37, 0x01, 0x1d, 0x00, 0x59, 0x01,
    0x43, 0x00, 0x37, 0x01, 0x1d, 0x00, 0x59, 0x01, 0x44, 0x00, 0x37, 0x01, 0x1b, 0x00, 0x5a, 0x01,
    0x46, 0x00, 0x35, 0x01, 0x1b, 0x00, 0x5a, 0x01, 0x47, 0x00, 0x34, 0x01, 0x1b, 0x00, 0x5a, 0x01,
    0x48, 0x00, 0x33, 0x01, 0x1b, 0x00, 0x5a, 0x01, 0x49, 0x00, 0x32, 0x01, 0x1b, 0x00, 0x5a, 0x01,
    0x4a, 0x00, 0x32, 0x01, 0x19, 0x00, 0x5b, 0x01, 0x4c, 0x00, 0x30, 0x01, 0x19, 0x00, 0x5b, 0x01,
    0x4d, 0x00, 0x2f, 0x01, 0x19, 0x00, 0x5a, 0x01, 0x4f, 0x00, 0x2f, 0x01, 0x17, 0x00, 0x5b, 0x01,
    0x51, 0x00, 0x2d, 0x01, 0x17, 0x00, 0x5b, 0x01, 0x52, 0x00, 0x2d, 0x01, 0x15, 0x00, 0x5c, 0x01,
    0x54, 0x00, 0x2b, 0x01, 0x15, 0x00, 0x5c, 0x01, 0x56, 0x00, 0x2a, 0x01, 0x13, 0x00, 0x5c, 0x01,
    0x58, 0x00, 0x29, 0x01, 0x13, 0x00, 0x5c, 0x01, 0x5a, 0x00, 0x28, 0x01, 0x11, 0x00, 0x5d, 0x01,
    0x5c, 0x00, 0x27, 0x01, 0x0f, 0x00, 0x5e, 0x01, 0x5e, 0x00, 0x26, 0x01, 0x0d, 0x00, 0x5e, 0x01,
    0x61, 0x00, 0x26, 0x01, 0x09, 0x00, 0x60, 0x01, 0x63, 0x00, 0x26, 0x01, 0x05, 0x00, 0x62, 0x01,
    0x66, 0x00, 0x89, 0x01, 0x69, 0x00, 0x87, 0x01, 0x6b, 0x00, 0x84, 0x01, 0x6f, 0x00, 0x80, 0x01,
    0x73, 0x00, 0x7c, 0x01, 0x76, 0x00, 0x79, 0x01, 0x7a, 0x00, 0x74, 0x01, 0x7f, 0x00, 0x70, 0x01,
    0x84, 0x00, 0x6a, 0x01, 0x89, 0x00, 0x65, 0x01, 0x8f, 0x00, 0x5f, 0x01, 0x95, 0x00, 0x58, 0x01,
    0x9c, 0x00, 0x51, 0x01, 0xa4, 0x00, 0x49, 0x01, 0xad, 0x00, 0x3f, 0x01, 0xb8, 0x00, 0x33, 0x01,
    0xc5, 0x00, 0x24, 0x01, 0xff, 0x00, 0xff, 0x00, 0xff, 0x00, 0xff, 0x00, 0xff, 0x00, 0xff, 0x00,
    0xff, 0x00, 0xff, 0x00, 0xff, 0x00, 0xff, 0x00, 0xff, 0x00, 0xff, 0x00, 0xff, 0x00, 0xff, 0x00,
    0xff, 0x00, 0xff, 0x00, 0xff, 0x00, 0xff, 0x00, 0xff, 0x00, 0xff, 0x00, 0xff, 0x00, 0xff, 0x00,
    0xff, 0x00, 0xff, 0x00, 0xff, 0x00, 0xff, 0x00, 0xff, 0x00, 0xff, 0x00, 0xff, 0x00, 0xff, 0x00,
    0xff, 0x00, 0xff, 0x00, 0xff, 0x00, 0xff, 0x00, 0xff, 0x00, 0xff, 0x00, 0xff, 0x00, 0xff, 0x00,
    0xff, 0x00, 0xff, 0x00, 0xff, 0x00, 0xff, 0x00, 0xff, 0x00, 0xff, 0x00, 0xff, 0x00, 0xff, 0x00,
    0xff, 0x00, 0xff, 0x00, 0xff, 0x00, 0xff, 0x00, 0xff, 0x00, 0xff, 0x00, 0xff, 0x00, 0xff, 0x00,
    0xff, 0x00, 0xff, 0x00, 0xff, 0x00, 0xff, 0x00, 0xff, 0x00, 0xff, 0x00, 0xff, 0x00, 0xff, 0x00,
    0xff, 0x00, 0xff, 0x00, 0xff, 0x00, 0xff, 0x00, 0xff, 0x00, 0xff, 0x00, 0xff, 0x00, 0xff, 0x00,
    0xff, 0x00, 0xff, 0x00, 0xff, 0x00, 0xff, 0x00, 0xa1, 0x00, 0xff, 0x00, 0xff, 0x00, 0xff, 0x00,
    0xff, 0x00, 0xff, 0x00, 0xff, 0x00, 0xff, 0x00, 0xff, 0x00, 0xff, 0x00, 0xff, 0x00, 0xff, 0x00,
    0xff, 0x00, 0xff, 0x00, 0xff, 0x00, 0xff, 0x00, 0xff, 0x00, 0xff, 0x00, 0xff, 0x00, 0xff, 0x00,
    0xff, 0x00, 0xff, 0x00, 0xff, 0x00, 0xff, 0x00, 0xff, 0x00, 0xff, 0x00, 0xff, 0x00, 0xff, 0x00,
    0xff, 0x00, 0xff, 0x00, 0xff, 0x00, 0xff, 0x00, 0xff, 0x00, 0xff, 0x00, 0xff, 0x00, 0xff, 0x00,
    0xff, 0x00, 0xff, 0x00, 0xff, 0x00, 0x1e, 0x00, 0x01, 0x01, 0xe1, 0x00, 0x1d, 0x01, 0xcd, 0x00,
    0x29, 0x01, 0xc3, 0x00, 0x31, 0x01, 0xbb, 0x00, 0x39, 0x01, 0xb4, 0x00, 0x3f, 0x01, 0xae, 0x00,
    0x45, 0x01, 0xa8, 0x00, 0x4b, 0x01, 0xa3, 0x00, 0x4f, 0x01, 0x9f, 0x00, 0x53, 0x01, 0x9a, 0x00,
    0x59, 0x01, 0x95, 0x00, 0x5d, 0x01, 0x92, 0x00, 0x5f, 0x01, 0x8f, 0x00, 0x63, 0x01, 0x8b, 0x00,
    0x67, 0x01, 0x87, 0x00, 0x6b, 0x01, 0x84, 0x00, 0x6d, 0x01, 0x81, 0x00, 0x71, 0x01, 0x7e, 0x00,
    0x73, 0x01, 0x7c, 0x00, 0x75, 0x01, 0x79, 0x00, 0x79, 0x01, 0x76, 0x00, 0x7b, 0x01, 0x74, 0x00,
    0x7d, 0x01, 0x72, 0x00, 0x7f, 0x01, 0x70, 0x00, 0x40, 0x01, 0x01, 0x00, 0x40, 0x01, 0x6d, 0x00,
    0x3e, 0x01, 0x09, 0x00, 0x3e, 0x01, 0x6a, 0x00, 0x3d, 0x01, 0x0d, 0x00, 0x3d, 0x01, 0x68, 0x00,
    0x3c, 0x01, 0x11, 0x00, 0x3c, 0x01, 0x66, 0x00, 0x3c, 0x01, 0x13, 0x00, 0x3c, 0x01, 0x64, 0x00,
    0x3c, 0x01, 0x15, 0x00, 0x3c, 0x01, 0x62, 0x00, 0x3c, 0x01, 0x17, 0x00, 0x3c, 0x01, 0x61, 0x00,
    0x3b, 0x01, 0x19, 0x00, 0x3b, 0x01, 0x60, 0x00, 0x3c, 0x01, 0x19, 0x00, 0x3c, 0x01, 0x5e, 0x00,
    0x3c, 0x01, 0x1b, 0x00, 0x3c, 0x01, 0x5c, 0x00, 0x3d, 0x01, 0x1b, 0x00, 0x3d, 0x01, 0x5a, 0x00,
    0x3d, 0x01, 0x1d, 0x00, 0x3d, 0x01, 0x59, 0x00, 0x3c, 0x01, 0x1f, 0x00, 0x3c, 0x01, 0x58, 0x00,
    0x3d, 0x01, 0x1f, 0x00, 0x3d, 0x01, 0x56, 0x00, 0x3e, 0x01, 0x1f, 0x00, 0x3e, 0x01, 0x54, 0x00,
    0x3e, 0x01, 0x21, 0x00, 0x3e, 0x01, 0x53, 0x00, 0x3e, 0x01, 0x21, 0x00, 0x3e, 0x01, 0x52, 0x00,
    0x3f, 0x01, 0x0a, 0x00, 0x01, 0x03, 0x16, 0x00, 0x3f, 0x01, 0x50, 0x00, 0x3f, 0x01, 0x09, 0x00,
    0x05, 0x03, 0x15, 0x00, 0x3f, 0x01, 0x4f, 0x00, 0x3f, 0x01, 0x08, 0x00, 0x07, 0x03, 0x14, 0x00,
    0x3f, 0x01, 0x4e, 0x00, 0x40, 0x01, 0x08, 0x00, 0x07, 0x03, 0x14, 0x00, 0x40, 0x01, 0x4d, 0x00,
    0x40, 0x01, 0x07, 0x00, 0x09, 0x03, 0x13, 0x00, 0x40, 0x01, 0x4c, 0x00, 0x40, 0x01, 0x09, 0x00,
    0x07, 0x03, 0x15, 0x00, 0x40, 0x01, 0x4b, 0x00, 0x40, 0x01, 0x09, 0x00, 0x07, 0x03, 0x15, 0x00,
    0x40, 0x01, 0x4a, 0x00, 0x41, 0x01, 0x0a, 0x00, 0x05, 0x03, 0x16, 0x00, 0x41, 0x01, 0x49, 0x00,
    0x41, 0x01, 0x0c, 0x00, 0x01, 0x03, 0x18, 0x00, 0x41, 0x01, 0x48, 0x00, 0x42, 0x01, 0x25, 0x00,
    0x42, 0x01, 0x47, 0x00, 0x42, 0x01, 0x25, 0x00, 0x42, 0x01, 0x46, 0x00, 0x43, 0x01, 0x25, 0x00,
    0x43, 0x01, 0x45, 0x00, 0x43, 0x01, 0x25, 0x00, 0x43, 0x01, 0x44, 0x00, 0x44, 0x01, 0x25, 0x00,
    0x44, 0x01, 0x43, 0x00, 0x43, 0x01, 0x27, 0x00, 0x43, 0x01, 0x43, 0x00, 0x44, 0x01, 0x25, 0x00,
    0x44, 0x01, 0x42, 0x00, 0x45, 0x01, 0x25, 0x00, 0x45, 0x01, 0x41, 0x00, 0x45, 0x01, 0x25, 0x00,
    0x45, 0x01, 0x41, 0x00, 0x45, 0x01, 0x25, 0x00, 0x45, 0x01, 0x40, 0x00, 0x46, 0x01, 0x25, 0x00,
    0x46, 0x01, 0x3f, 0x00, 0x46, 0x01, 0x25, 0x00, 0x46, 0x01, 0x3f, 0x00, 0x46, 0x01, 0x25, 0x00,
    0x46, 0x01, 0x3f, 0x00, 0x46, 0x01, 0x25, 0x00, 0x46, 0x01, 0x3e, 0x00, 0x47, 0x01, 0x25, 0x00,
    0x47, 0x01, 0x3d, 0x00, 0x48, 0x01, 0x23, 0x00, 0x48, 0x01, 0x3d, 0x00, 0x48, 0x01, 0x23, 0x00,
    0x48, 0x01, 0x3d, 0x00, 0x48, 0x01, 0x23, 0x00, 0x48, 0x01, 0x3d, 0x00, 0x48, 0x01, 0x23, 0x00,
    0x48, 0x01, 0x3c, 0x00, 0x4a, 0x01, 0x21, 0x00, 0x4a, 0x01, 0x3b, 0x00, 0x4a, 0x01, 0x21, 0x00,
    0x4a, 0x01, 0x3b, 0x00, 0x4a, 0x01, 0x21, 0x00, 0x4a, 0x01, 0x3b, 0x00, 0x4b, 0x01, 0x1f, 0x00,
    0x4b, 0x01, 0x3b, 0x00, 0x4b, 0x01, 0x1f, 0x00, 0x4b, 0x01, 0x3b, 0x00, 0x4b, 0x01, 0x1f, 0x00,
    0x4b, 0x01, 0x3b, 0x00, 0x4c, 0x01, 0x1d, 0x00, 0x4c, 0x01, 0x3b, 0x00, 0x4d, 0x01, 0x1b, 0x00,
    0x4d, 0x01, 0x3b, 0x00, 0x4d, 0x01, 0x1b, 0x00, 0x4d, 0x01, 0x3b, 0x00, 0x4e, 0x01, 0x19, 0x00,
    0x4e, 0x01, 0x3b, 0x00, 0x4e, 0x01, 0x19, 0x00, 0x4e, 0x01, 0x3a, 0x00, 0x50, 0x01, 0x17, 0x00,
    0x50, 0x01, 0x3a, 0x00, 0x50, 0x01, 0x15, 0x00, 0x50, 0x01, 0x3b, 0x00, 0x51, 0x01, 0x13, 0x00,
    0x51, 0x01, 0x3b, 0x00, 0x52, 0x01, 0x11, 0x00, 0x52, 0x01, 0x3b, 0x00, 0x54, 0x01, 0x0d, 0x00,
    0x54, 0x01, 0x3b, 0x00, 0x56, 0x01, 0x09, 0x00, 0x56, 0x01, 0x3b, 0x00, 0x5a, 0x01, 0x01, 0x00,
    0x5a, 0x01, 0x3b, 0x00, 0xb5, 0x01, 0x3b, 0x00, 0xb5, 0x01, 0x3b, 0x00, 0xb5, 0x01, 0x3b, 0x00,
    0xb5, 0x01, 0x3b, 0x00, 0xb5, 0x01, 0x3c, 0x00, 0xb3, 0x01, 0x3d, 0x00, 0xb3, 0x01, 0x3d, 0x00,
    0xb3, 0x01, 0x3d, 0x00, 0xb3, 0x01, 0x3d, 0x00, 0xb3, 0x01, 0x3e, 0x00, 0xb1, 0x01, 0x3f, 0x00,
    0xb1, 0x01, 0x3f, 0x00, 0xb1, 0x01, 0x3f, 0x00, 0xb1, 0x01, 0x40, 0x00, 0xaf, 0x01, 0x41, 0x00,
    0xaf, 0x01, 0x41, 0x00, 0xaf, 0x01, 0x42, 0x00, 0xad, 0x01, 0x43, 0x00, 0xad, 0x01, 0x43, 0x00,
    0xad, 0x01, 0x44, 0x00, 0xab, 0x01, 0x45, 0x00, 0xab, 0x01, 0x46, 0x00, 0xa9, 0x01, 0x47, 0x00,
    0xa9, 0x01, 0x48, 0x00, 0xa7, 0x01, 0x49, 0x00, 0xa7, 0x01, 0x4a, 0x00, 0xa5, 0x01, 0x4b, 0x00,
    0xa5, 0x01, 0x4c, 0x00, 0xa3, 0x01, 0x4d, 0x00, 0xa3, 0x01, 0x4e, 0x00, 0xa1, 0x01, 0x4f, 0x00,
    0xa1, 0x01, 0x50, 0x00, 0x9f, 0x01, 0x52, 0x00, 0x9d, 0x01, 0x53, 0x00, 0x9d, 0x01, 0x54, 0x00,
    0x9b, 0x01, 0x56, 0x00, 0x99, 0x01, 0x58, 0x00, 0x97, 0x01, 0x59, 0x00, 0x97, 0x01, 0x5a, 0x00,
    0x95, 0x01, 0x5c, 0x00, 0x93, 0x01, 0x5e, 0x00, 0x91, 0x01, 0x60, 0x00, 0x8f, 0x01, 0x61, 0x00,
    0x8f, 0x01, 0x62, 0x00, 0x8d, 0x01, 0x64, 0x00, 0x8b, 0x01, 0x66, 0x00, 0x89, 0x01, 0x68, 0x00,
    0x87, 0x01, 0x6a, 0x00, 0x85, 0x01, 0x6d, 0x00, 0x81, 0x01, 0x70, 0x00, 0x7f, 0x01, 0x72, 0x00,
    0x7d, 0x01, 0x74, 0x00, 0x7b, 0x01, 0x76, 0x00, 0x79, 0x01, 0x79, 0x00, 0x75, 0x01, 0x7c, 0x00,
    0x73, 0x01, 0x7e, 0x00, 0x71, 0x01, 0x81, 0x00, 0x6d, 0x01, 0x84, 0x00, 0x6b, 0x01, 0x87, 0x00,
    0x67, 0x01, 0x8b, 0x00, 0x63, 0x01, 0x8f, 0x00, 0x5f, 0x01, 0x92, 0x00, 0x5d, 0x01, 0x95, 0x00,
    0x59, 0x01, 0x9a, 0x00, 0x53, 0x01, 0x9f, 0x00, 0x4f, 0x01, 0xa3, 0x00, 0x4b, 0x01, 0xa8, 0x00,
    0x45, 0x01, 0xae, 0x00, 0x3f, 0x01, 0xb4, 0x00, 0x39, 0x01, 0xbb, 0x00, 0x31, 0x01, 0xc3, 0x00,
    0x29, 0x01, 0xcd, 0x00, 0x1d, 0x01, 0xe1, 0x00, 0x01, 0x01, 0xff, 0x00, 0xff, 0x00, 0xff, 0x00,
    0xff, 0x00, 0xff, 0x00, 0xff, 0x00, 0xff, 0x00, 0xff, 0x00, 0xff, 0x00, 0xff, 0x00, 0xff, 0x00,
    0xff, 0x00, 0xff, 0x00, 0xff, 0x00, 0xff, 0x00, 0xff, 0x00, 0xff, 0x00, 0xff, 0x00, 0xff, 0x00,
    0xff, 0x00, 0xff, 0x00, 0xff, 0x00, 0xff, 0x00, 0xff, 0x00, 0xff, 0x00, 0xff, 0x00, 0xff, 0x00,
    0xff, 0x00, 0xff, 0x00, 0xff, 0x00, 0xff, 0x00, 0xff, 0x00, 0xff, 0x00, 0xff, 0x00, 0xff, 0x00,
    0xff, 0x00, 0xff, 0x00, 0x2c, 0x00, 0xff, 0x00, 0xff, 0x00, 0xff, 0x00, 0xff, 0x00, 0xff, 0x00,
    0xff, 0x00, 0xff, 0x00, 0xff, 0x00, 0xff, 0x00, 0xff, 0x00, 0xff, 0x00, 0xff, 0x00, 0xff, 0x00,
    0xff, 0x00, 0xff, 0x00, 0xff, 0x00, 0xff, 0x00, 0xff, 0x00, 0xff, 0x00, 0xff, 0x00, 0xff, 0x00,
    0xff, 0x00, 0xff, 0x00, 0xff, 0x00, 0xff, 0x00, 0xff, 0x00, 0xff, 0x00, 0xff, 0x00, 0xff, 0x00,
    0xff, 0x00, 0xff, 0x00, 0xff, 0x00, 0xff, 0x00, 0xff, 0x00, 0xff, 0x00, 0xff, 0x00, 0xff, 0x00,
    0xff, 0x00, 0xff, 0x00, 0xff, 0x00, 0xff, 0x00, 0xff, 0x00, 0xff, 0x00, 0xff, 0x00, 0xa9, 0x00,
    0x17, 0x01, 0xd2, 0x00, 0x25, 0x01, 0xc6, 0x00, 0x2f, 0x01, 0xbc, 0x00, 0x39, 0x01, 0xb4, 0x00,
    0x3f, 0x01, 0xae, 0x00, 0x45, 0x01, 0xa8, 0x00, 0x4b, 0x01, 0xa2, 0x00, 0x51, 0x01, 0x9d, 0x00,
    0x55, 0x01, 0x99, 0x00, 0x59, 0x01, 0x94, 0x00, 0x5f, 0x01, 0x8f, 0x00, 0x63, 0x01, 0x8c, 0x00,
    0x65, 0x01, 0x89, 0x00, 0x69, 0x01, 0x85, 0x00, 0x6d, 0x01, 0x81, 0x00, 0x71, 0x01, 0x7e, 0x00,
    0x73, 0x01, 0x7b, 0x00, 0x77, 0x01, 0x78, 0x00, 0x79, 0x01, 0x76, 0x00, 0x7b, 0x01, 0x73, 0x00,
    0x7f, 0x01, 0x70, 0x00, 0x81, 0x01, 0x6e, 0x00, 0x83, 0x01, 0x6c, 0x00, 0x85, 0x01, 0x6a, 0x00,
    0x87, 0x01, 0x68, 0x00, 0x89, 0x01, 0x65, 0x00, 0x8d, 0x01, 0x62, 0x00, 0x8f, 0x01, 0x60, 0x00,
    0x91, 0x01, 0x5f, 0x00, 0x91, 0x01, 0x5e, 0x00, 0x93, 0x01, 0x5c, 0x00, 0x95, 0x01, 0x5a, 0x00,
    0x97, 0x01, 0x58, 0x00, 0x99, 0x01, 0x56, 0x00, 0x9b, 0x01, 0x55, 0x00, 0x9b, 0x01, 0x54, 0x00,
    0x9d, 0x01, 0x52, 0x00, 0x9f, 0x01, 0x50, 0x00, 0xa1, 0x01, 0x4f, 0x00, 0xa1, 0x01, 0x4e, 0x00,
    0xa3, 0x01, 0x4d, 0x00, 0xa3, 0x01, 0x4c, 0x00, 0x32, 0x01, 0x01, 0x00, 0x72, 0x01, 0x4a, 0x00,
    0x2f, 0x01, 0x09, 0x00, 0x6f, 0x01, 0x49, 0x00, 0x2d, 0x01, 0x0d, 0x00, 0x6d, 0x01, 0x48, 0x00,
    0x2c, 0x01, 0x11, 0x00, 0x6c, 0x01, 0x47, 0x00, 0x2b, 0x01, 0x13, 0x00, 0x6b, 0x01, 0x46, 0x00,
    0x2b, 0x01, 0x15, 0x00, 0x6b, 0x01, 0x45, 0x00, 0x2a, 0x01, 0x17, 0x00, 0x6a, 0x01, 0x44, 0x00,
    0x2a, 0x01, 0x19, 0x00, 0x6a, 0x01, 0x43, 0x00, 0x2a, 0x01, 0x19, 0x00, 0x6a, 0x01, 0x43, 0x00,
    0x29, 0x01, 0x1b, 0x00, 0x69, 0x01, 0x42, 0x00, 0x2a, 0x01, 0x1b, 0x00, 0x6a, 0x01, 0x41, 0x00,
    0x29, 0x01, 0x1d, 0x00, 0x69, 0x01, 0x41, 0x00, 0x28, 0x01, 0x1f, 0x00, 0x68, 0x01, 0x40, 0x00,
    0x29, 0x01, 0x1f, 0x00, 0x69, 0x01, 0x3f, 0x00, 0x29, 0x01, 0x1f, 0x00, 0x69, 0x01, 0x3f, 0x00,
    0x28, 0x01, 0x21, 0x00, 0x68, 0x01, 0x3e, 0x00, 0x29, 0x01, 0x21, 0x00, 0x69, 0x01, 0x3d, 0x00,
    0x29, 0x01, 0x0a, 0x00, 0x01, 0x03, 0x16, 0x00, 0x69, 0x01, 0x3d, 0x00, 0x28, 0x01, 0x09, 0x00,
    0x05, 0x03, 0x15, 0x00, 0x68, 0x01, 0x3d, 0x00, 0x28, 0x01, 0x08, 0x00, 0x07, 0x03, 0x14, 0x00,
    0x68, 0x01, 0x3d, 0x00, 0x28, 0x01, 0x08, 0x00, 0x07, 0x03, 0x14, 0x00, 0x68, 0x01, 0x3c, 0x00,
    0x29, 0x01, 0x07, 0x00, 0x09, 0x03, 0x13, 0x00, 0x69, 0x01, 0x3b, 0x00, 0x28, 0x01, 0x09, 0x00,
    0x07, 0x03, 0x15, 0x00, 0x68, 0x01, 0x3b, 0x00, 0x28, 0x01, 0x09, 0x00, 0x07, 0x03, 0x15, 0x00,
    0x68, 0x01, 0x3b, 0x00, 0x28, 0x01, 0x0a, 0x00, 0x05, 0x03, 0x16, 0x00, 0x68, 0x01, 0x3b, 0x00,
    0x28, 0x01, 0x0c, 0x00, 0x01, 0x03, 0x18, 0x00, 0x68, 0x01, 0x3b, 0x00, 0x28, 0x01, 0x25, 0x00,
    0x68, 0x01, 0x3b, 0x00, 0x28, 0x01, 0x25, 0x00, 0x68, 0x01, 0x3b, 0x00, 0x28, 0x01, 0x25, 0x00,
    0x68, 0x01, 0x3b, 0x00, 0x28, 0x01, 0x25, 0x00, 0x68, 0x01, 0x3b, 0x00, 0x28, 0x01, 0x25, 0x00,
    0x68, 0x01, 0x3a, 0x00, 0x28, 0x01, 0x27, 0x00, 0x68, 0x01, 0x3a, 0x00, 0x28, 0x01, 0x25, 0x00,
    0x68, 0x01, 0x3b, 0x00, 0x28, 0x01, 0x25, 0x00, 0x68, 0x01, 0x3b, 0x00, 0x28, 0x01, 0x25, 0x00,
    0x68, 0x01, 0x3b, 0x00, 0x28, 0x01, 0x25, 0x00, 0x68, 0x01, 0x3b, 0x00, 0x28, 0x01, 0x25, 0x00,
    0x68, 0x01, 0x3b, 0x00, 0x28, 0x01, 0x25, 0x00, 0x68, 0x01, 0x3b, 0x00, 0x28, 0x01, 0x25, 0x00,
    0x68, 0x01, 0x3b, 0x00, 0x28, 0x01, 0x25, 0x00, 0x68, 0x01, 0x3b, 0x00, 0x28, 0x01, 0x25, 0x00,
    0x68, 0x01, 0x3b, 0x00, 0x29, 0x01, 0x23, 0x00, 0x69, 0x01, 0x3c, 0x00, 0x28, 0x01, 0x23, 0x00,
    0x68, 0x01, 0x3d, 0x00, 0x28, 0x01, 0x23, 0x00, 0x68, 0x01, 0x3d, 0x00, 0x28, 0x01, 0x23, 0x00,
    0x68, 0x01, 0x3d, 0x00, 0x29, 0x01, 0x21, 0x00, 0x69, 0x01, 0x3d, 0x00, 0x29, 0x01, 0x21, 0x00,
    0x69, 0x01, 0x3e, 0x00, 0x28, 0x01, 0x21, 0x00, 0x68, 0x01, 0x3f, 0x00, 0x29, 0x01, 0x1f, 0x00,
    0x69, 0x01, 0x3f, 0x00, 0x29, 0x01, 0x1f, 0x00, 0x69, 0x01, 0x40, 0x00, 0x28, 0x01, 0x1f, 0x00,
    0x68, 0x01, 0x41, 0x00, 0x29, 0x01, 0x1d, 0x00, 0x69, 0x01, 0x41, 0x00, 0x2a, 0x01, 0x1b, 0x00,
    0x6a, 0x01, 0x42, 0x00, 0x29, 0x01, 0x1b, 0x00, 0x69, 0x01, 0x43, 0x00, 0x2a, 0x01, 0x19, 0x00,
    0x6a, 0x01, 0x43, 0x00, 0x2a, 0x01, 0x19, 0x00, 0x6a, 0x01, 0x44, 0x00, 0x2a, 0x01, 0x17, 0x00,
    0x6a, 0x01, 0x45, 0x00, 0x2b, 0x01, 0x15, 0x00, 0x6b, 0x01, 0x46, 0x00, 0x2b, 0x01, 0x13, 0x00,
    0x6b, 0x01, 0x47, 0x00, 0x2c, 0x01, 0x11, 0x00, 0x6c, 0x01, 0x48, 0x00, 0x2d, 0x01, 0x0d, 0x00,
    0x6d, 0x01, 0x49, 0x00, 0x2f, 0x01, 0x09, 0x00, 0x6f, 0x01, 0x4a, 0x00, 0x32, 0x01, 0x01, 0x00,
    0x72, 0x01, 0x4c, 0x00, 0xa3, 0x01, 0x4d, 0x00, 0xa3, 0x01, 0x4e, 0x00, 0xa1, 0x01, 0x4f, 0x00,
    0xa1, 0x01, 0x50, 0x00, 0x9f, 0x01, 0x52, 0x00, 0x9d, 0x01, 0x54, 0x00, 0x9b, 0x01, 0x55, 0x00,
    0x9b, 0x01, 0x56, 0x00, 0x99, 0x01, 0x58, 0x00, 0x97, 0x01, 0x5a, 0x00, 0x95, 0x01, 0x5c, 0x00,
    0x93, 0x01, 0x5e, 0x00, 0x91, 0x01, 0x5f, 0x00, 0x91, 0x01, 0x60, 0x00, 0x8f, 0x01, 0x62, 0x00,
    0x8d, 0x01, 0x65, 0x00, 0x89, 0x01, 0x68, 0x00, 0x87, 0x01, 0x6a, 0x00, 0x85, 0x01, 0x6c, 0x00,
    0x83, 0x01, 0x6e, 0x00, 0x81, 0x01, 0x70, 0x00, 0x7f, 0x01, 0x73, 0x00, 0x7b, 0x01, 0x76, 0x00,
    0x79, 0x01, 0x78, 0x00, 0x77, 0x01, 0x7b, 0x00, 0x73, 0x01, 0x7e, 0x00, 0x71, 0x01, 0x81, 0x00,
    0x6d, 0x01, 0x85, 0x00, 0x69, 0x01, 0x89, 0x00, 0x65, 0x01, 0x8c, 0x00, 0x63, 0x01, 0x8f, 0x00,
    0x5f, 0x01, 0x94, 0x00, 0x59, 0x01, 0x99, 0x00, 0x55, 0x01, 0x9d, 0x00, 0x51, 0x01, 0xa2, 0x00,
    0x4b, 0x01, 0xa8, 0x00, 0x45, 0x01, 0xae, 0x00, 0x3f, 0x01, 0xb4, 0x00, 0x39, 0x01, 0xbc, 0x00,
    0x2f, 0x01, 0xc6, 0x00, 0x25, 0x01, 0xd2, 0x00, 0x17, 0x01, 0xff, 0x00, 0xff, 0x00, 0xff, 0x00,
    0xff, 0x00, 0xff, 0x00, 0xff, 0x00, 0xff, 0x00, 0xff, 0x00, 0xff, 0x00, 0xff, 0x00, 0xff, 0x00,
    0xff, 0x00, 0xff, 0x00, 0xff, 0x00, 0xff, 0x00, 0xff, 0x00, 0xff, 0x00, 0xff, 0x00, 0xff, 0x00,
    0xff, 0x00, 0xff, 0x00, 0xff, 0x00, 0xff, 0x00, 0xff, 0x00, 0xff, 0x00, 0xff, 0x00, 0xff, 0x00,
    0xff, 0x00, 0xff, 0x00, 0xff, 0x00, 0xff, 0x00, 0xff, 0x00, 0xff, 0x00, 0xff, 0x00, 0xff, 0x00,
    0xff, 0x00, 0xff, 0x00, 0xff, 0x00, 0xff, 0x00, 0xff, 0x00, 0xff, 0x00, 0xff, 0x00, 0xff, 0x00,
    0xb7, 0x00, 0xff, 0x00, 0xff, 0x00, 0xff, 0x00, 0xff, 0x00, 0xff, 0x00, 0xff, 0x00, 0xff, 0x00,
    0xff, 0x00, 0xff, 0x00, 0xff, 0x00, 0xff, 0x00, 0xff, 0x00, 0xff, 0x00, 0xff, 0x00, 0xff, 0x00,
    0xff, 0x00, 0xff, 0x00, 0xff, 0x00, 0xff, 0x00, 0xff, 0x00, 0xff, 0x00, 0xff, 0x00, 0xff, 0x00,
    0xff, 0x00, 0xff, 0x00, 0xff, 0x00, 0xff, 0x00, 0xff, 0x00, 0xff, 0x00, 0xff, 0x00, 0xff, 0x00,
    0xff, 0x00, 0xff, 0x00, 0xff, 0x00, 0xff, 0x00, 0xff, 0x00, 0xff, 0x00, 0xff, 0x00, 0xff, 0x00,
    0xff, 0x00, 0xff, 0x00, 0xff, 0x00, 0xff, 0x00, 0xff, 0x00, 0xa9, 0x00, 0x17, 0x01, 0xd2, 0x00,
    0x25, 0x01, 0xc6, 0x00, 0x2f, 0x01, 0xbc, 0x00, 0x39, 0x01, 0xb4, 0x00, 0x3f, 0x01, 0xae, 0x00,
    0x45, 0x01, 0xa8, 0x00, 0x4b, 0x01, 0xa2, 0x00, 0x51, 0x01, 0x9d, 0x00, 0x55, 0x01, 0x99, 0x00,
    0x59, 0x01, 0x94, 0x00, 0x5f, 0x01, 0x8f, 0x00, 0x63, 0x01, 0x8c, 0x00, 0x65, 0x01, 0x89, 0x00,
    0x69, 0x01, 0x85, 0x00, 0x6d, 0x01, 0x81, 0x00, 0x71, 0x01, 0x7e, 0x00, 0x73, 0x01, 0x7b, 0x00,
    0x77, 0x01, 0x78, 0x00, 0x79, 0x01, 0x76, 0x00, 0x7b, 0x01, 0x73, 0x00, 0x7f, 0x01, 0x70, 0x00,
    0x81, 0x01, 0x6e, 0x00, 0x83, 0x01, 0x6c, 0x00, 0x85, 0x01, 0x6a, 0x00, 0x87, 0x01, 0x68, 0x00,
    0x89, 0x01, 0x65, 0x00, 0x8d, 0x01, 0x62, 0x00, 0x8f, 0x01, 0x60, 0x00, 0x91, 0x01, 0x5f, 0x00,
    0x91, 0x01, 0x5e, 0x00, 0x93, 0x01, 0x5c, 0x00, 0x95, 0x01, 0x5a, 0x00, 0x97, 0x01, 0x58, 0x00,
    0x99, 0x01, 0x56, 0x00, 0x9b, 0x01, 0x55, 0x00, 0x9b, 0x01, 0x54, 0x00, 0x9d, 0x01, 0x52, 0x00,
    0x9f, 0x01, 0x50, 0x00, 0xa1, 0x01, 0x4f, 0x00, 0xa1, 0x01, 0x4e, 0x00, 0xa3, 0x01, 0x4d, 0x00,
    0xa3, 0x01, 0x4c, 0x00, 0xa5, 0x01, 0x4a, 0x00, 0x36, 0x01, 0x09, 0x00, 0x68, 0x01, 0x49, 0x00,
    0x34, 0x01, 0x0d, 0x00, 0x66, 0x01, 0x48, 0x00, 0x33, 0x01, 0x11, 0x00, 0x65, 0x01, 0x47, 0x00,
    0x32, 0x01, 0x13, 0x00, 0x64, 0x01, 0x46, 0x00, 0x32, 0x01, 0x15, 0x00, 0x64, 0x01, 0x45, 0x00,
    0x31, 0x01, 0x17, 0x00, 0x63, 0x01, 0x44, 0x00, 0x32, 0x01, 0x18, 0x00, 0x63, 0x01, 0x43, 0x00,
    0x31, 0x01, 0x19, 0x00, 0x63, 0x01, 0x43, 0x00, 0x30, 0x01, 0x1b, 0x00, 0x62, 0x01, 0x42, 0x00,
    0x31, 0x01, 0x1c, 0x00, 0x62, 0x01, 0x41, 0x00, 0x30, 0x01, 0x1d, 0x00, 0x62, 0x01, 0x41, 0x00,
    0x30, 0x01, 0x1e, 0x00, 0x61, 0x01, 0x40, 0x00, 0x30, 0x01, 0x1f, 0x00, 0x62, 0x01, 0x3f, 0x00,
    0x30, 0x01, 0x1f, 0x00, 0x62, 0x01, 0x3f, 0x00, 0x2f, 0x01, 0x21, 0x00, 0x61, 0x01, 0x3e, 0x00,
    0x30, 0x01, 0x21, 0x00, 0x62, 0x01, 0x3d, 0x00, 0x30, 0x01, 0x22, 0x00, 0x61, 0x01, 0x3d, 0x00,
    0x2f, 0x01, 0x09, 0x00, 0x05, 0x03, 0x15, 0x00, 0x61, 0x01, 0x3d, 0x00, 0x2f, 0x01, 0x08, 0x00,
    0x07, 0x03, 0x14, 0x00, 0x61, 0x01, 0x3d, 0x00, 0x2f, 0x01, 0x08, 0x00, 0x07, 0x03, 0x14, 0x00,
    0x61, 0x01, 0x3c, 0x00, 0x30, 0x01, 0x08, 0x00, 0x08, 0x03, 0x14, 0x00, 0x61, 0x01, 0x3b, 0x00,
    0x2f, 0x01, 0x09, 0x00, 0x07, 0x03, 0x15, 0x00, 0x61, 0x01, 0x3b, 0x00, 0x2f, 0x01, 0x09, 0x00,
    0x07, 0x03, 0x15, 0x00, 0x61, 0x01, 0x3b, 0x00, 0x2f, 0x01, 0x0a, 0x00, 0x05, 0x03, 0x16, 0x00,
    0x61, 0x01, 0x3b, 0x00, 0x2f, 0x01, 0x25, 0x00, 0x61, 0x01, 0x3b, 0x00, 0x2f, 0x01, 0x25, 0x00,
    0x61, 0x01, 0x3b, 0x00, 0x2f, 0x01, 0x25, 0x00, 0x61, 0x01, 0x3b, 0x00, 0x2f, 0x01, 0x26, 0x00,
    0x60, 0x01, 0x3b, 0x00, 0x2f, 0x01, 0x26, 0x00, 0x60, 0x01, 0x3b, 0x00, 0x2f, 0x01, 0x26, 0x00,
    0x60, 0x01, 0x3a, 0x00, 0x30, 0x01, 0x26, 0x00, 0x61, 0x01, 0x3a, 0x00, 0x2f, 0x01, 0x26, 0x00,
    0x60, 0x01, 0x3b, 0x00, 0x2f, 0x01, 0x26, 0x00, 0x60, 0x01, 0x3b, 0x00, 0x2f, 0x01, 0x26, 0x00,
    0x60, 0x01, 0x3b, 0x00, 0x2f, 0x01, 0x25, 0x00, 0x61, 0x01, 0x3b, 0x00, 0x2f, 0x01, 0x25, 0x00,
    0x61, 0x01, 0x3b, 0x00, 0x2f, 0x01, 0x25, 0x00, 0x61, 0x01, 0x3b, 0x00, 0x2f, 0x01, 0x25, 0x00,
    0x61, 0x01, 0x3b, 0x00, 0x2f, 0x01, 0x25, 0x00, 0x61, 0x01, 0x3b, 0x00, 0x2f, 0x01, 0x25, 0x00,
    0x61, 0x01, 0x3b, 0x00, 0x30, 0x01, 0x24, 0x00, 0x61, 0x01, 0x3c, 0x00, 0x2f, 0x01, 0x23, 0x00,
    0x61, 0x01, 0x3d, 0x00, 0x2f, 0x01, 0x23, 0x00, 0x61, 0x01, 0x3d, 0x00, 0x2f, 0x01, 0x23, 0x00,
    0x61, 0x01, 0x3d, 0x00, 0x30, 0x01, 0x22, 0x00, 0x61, 0x01, 0x3d, 0x00, 0x30, 0x01, 0x21, 0x00,
    0x62, 0x01, 0x3e, 0x00, 0x2f, 0x01, 0x21, 0x00, 0x61, 0x01, 0x3f, 0x00, 0x30, 0x01, 0x1f, 0x00,
    0x62, 0x01, 0x3f, 0x00, 0x30, 0x01, 0x1f, 0x00, 0x62, 0x01, 0x40, 0x00, 0x30, 0x01, 0x1e, 0x00,
    0x61, 0x01, 0x41, 0x00, 0x30, 0x01, 0x1d, 0x00, 0x62, 0x01, 0x41, 0x00, 0x31, 0x01, 0x1c, 0x00,
    0x62, 0x01, 0x42, 0x00, 0x30, 0x01, 0x1b, 0x00, 0x62, 0x01, 0x43, 0x00, 0x31, 0x01, 0x19, 0x00,
    0x63, 0x01, 0x43, 0x00, 0x32, 0x01, 0x18, 0x00, 0x63, 0x01, 0x44, 0x00, 0x31, 0x01, 0x17, 0x00,
    0x63, 0x01, 0x45, 0x00, 0x32, 0x01, 0x15, 0x00, 0x64, 0x01, 0x46, 0x00, 0x32, 0x01, 0x13, 0x00,
    0x64, 0x01, 0x47, 0x00, 0x33, 0x01, 0x11, 0x00, 0x65, 0x01, 0x48, 0x00, 0x34, 0x01, 0x0d, 0x00,
    0x66, 0x01, 0x49, 0x00, 0x36, 0x01, 0x09, 0x00, 0x68, 0x01, 0x4a, 0x00, 0xa5, 0x01, 0x4c, 0x00,
    0xa3, 0x01, 0x4d, 0x00, 0xa3, 0x01, 0x4e, 0x00, 0xa1, 0x01, 0x4f, 0x00, 0xa1, 0x01, 0x50, 0x00,
    0x9f, 0x01, 0x52, 0x00, 0x9d, 0x01, 0x54, 0x00, 0x9b, 0x01, 0x55, 0x00, 0x9b, 0x01, 0x56, 0x00,
    0x99, 0x01, 0x58, 0x00, 0x97, 0x01, 0x5a, 0x00, 0x95, 0x01, 0x5c, 0x00, 0x93, 0x01, 0x5e, 0x00,
    0x91, 0x01, 0x5f, 0x00, 0x91, 0x01, 0x60, 0x00, 0x8f, 0x01, 0x62, 0x00, 0x8d, 0x01, 0x65, 0x00,
    0x89, 0x01, 0x68, 0x00, 0x87, 0x01, 0x6a, 0x00, 0x85, 0x01, 0x6c, 0x00, 0x83, 0x01, 0x6e, 0x00,
    0x81, 0x01, 0x70, 0x00, 0x7f, 0x01, 0x73, 0x00, 0x7b, 0x01, 0x76, 0x00, 0x79, 0x01, 0x78, 0x00,
    0x77, 0x01, 0x7b, 0x00, 0x73, 0x01, 0x7e, 0x00, 0x71, 0x01, 0x81, 0x00, 0x6d, 0x01, 0x85, 0x00,
    0x69, 0x01, 0x89, 0x00, 0x65, 0x01, 0x8c, 0x00, 0x63, 0x01, 0x8f, 0x00, 0x5f, 0x01, 0x94, 0x00,
    0x59, 0x01, 0x99, 0x00, 0x55, 0x01, 0x9d, 0x00, 0x51, 0x01, 0xa2, 0x00, 0x4b, 0x01, 0xa8, 0x00,
    0x45, 0x01, 0xae, 0x00, 0x3f, 0x01, 0xb4, 0x00, 0x39, 0x01, 0xbc, 0x00, 0x2f, 0x01, 0xc6, 0x00,
    0x25, 0x01, 0xd2, 0x00, 0x17, 0x01, 0xff, 0x00, 0xff, 0x00, 0xff, 0x00, 0xff, 0x00, 0xff, 0x00,
    0xff, 0x00, 0xff, 0x00, 0xff, 0x00, 0xff, 0x00, 0xff, 0x00, 0xff, 0x00, 0xff, 0x00, 0xff, 0x00,
    0xff, 0x00, 0xff, 0x00, 0xff, 0x00, 0xff, 0x00, 0xff, 0x00, 0xff, 0x00, 0xff, 0x00, 0xff, 0x00,
    0xff, 0x00, 0xff, 0x00, 0xff, 0x00, 0xff, 0x00, 0xff, 0x00, 0xff, 0x00, 0xff, 0x00, 0xff, 0x00,
    0xff, 0x00, 0xff, 0x00, 0xff, 0x00, 0xff, 0x00, 0xff, 0x00, 0xff, 0x00, 0xff, 0x00, 0xff, 0x00,
    0xff, 0x00, 0xff, 0x00, 0xff, 0x00, 0xff, 0x00, 0xff, 0x00, 0xff, 0x00, 0xb7, 0x00, 0xff, 0x00,
    0xff, 0x00, 0xff, 0x00, 0xff, 0x00, 0xff, 0x00, 0xff, 0x00, 0xff, 0x00, 0xff, 0x00, 0xff, 0x00,
    0xff, 0x00, 0xff, 0x00, 0xff, 0x00, 0xff, 0x00, 0xff, 0x00, 0xff, 0x00, 0xff, 0x00, 0xff, 0x00,
    0xff, 0x00, 0xff, 0x00, 0xff, 0x00, 0xff, 0x00, 0xff, 0x00, 0xff, 0x00, 0xff, 0x00, 0xff, 0x00,
    0xff, 0x00, 0xff, 0x00, 0xff, 0x00, 0xff, 0x00, 0xff, 0x00, 0xff, 0x00, 0xff, 0x00, 0xff, 0x00,
    0xff, 0x00, 0xff, 0x00, 0xff, 0x00, 0xff, 0x00, 0xff, 0x00, 0xff, 0x00, 0xff, 0x00, 0xff, 0x00,
    0xff, 0x00, 0xff, 0x00, 0xff, 0x00, 0xa9, 0x00, 0x17, 0x01, 0xd2, 0x00, 0x25, 0x01, 0xc6, 0x00,
    0x2f, 0x01, 0xbc, 0x00, 0x39, 0x01, 0xb4, 0x00, 0x3f, 0x01, 0xae, 0x00, 0x45, 0x01, 0xa8, 0x00,
    0x4b, 0x01, 0xa2, 0x00, 0x51, 0x01, 0x9d, 0x00, 0x55, 0x01, 0x99, 0x00, 0x59, 0x01, 0x94, 0x00,
    0x5f, 0x01, 0x8f, 0x00, 0x63, 0x01, 0x8c, 0x00, 0x65, 0x01, 0x89, 0x00, 0x69, 0x01, 0x85, 0x00,
    0x6d, 0x01, 0x81, 0x00, 0x71, 0x01, 0x7e, 0x00, 0x73, 0x01, 0x7b, 0x00, 0x77, 0x01, 0x78, 0x00,
    0x79, 0x01, 0x76, 0x00, 0x7b, 0x01, 0x73, 0x00, 0x7f, 0x01, 0x70, 0x00, 0x81, 0x01, 0x6e, 0x00,
    0x83, 0x01, 0x6c, 0x00, 0x85, 0x01, 0x6a, 0x00, 0x87, 0x01, 0x68, 0x00, 0x89, 0x01, 0x65, 0x00,
    0x8d, 0x01, 0x62, 0x00, 0x8f, 0x01, 0x60, 0x00, 0x91, 0x01, 0x5f, 0x00, 0x91, 0x01, 0x5e, 0x00,
    0x93, 0x01, 0x5c, 0x00, 0x95, 0x01, 0x5a, 0x00, 0x97, 0x01, 0x58, 0x00, 0x99, 0x01, 0x56, 0x00,
    0x9b, 0x01, 0x55, 0x00, 0x9b, 0x01, 0x54, 0x00, 0x9d, 0x01, 0x52, 0x00, 0x9f, 0x01, 0x50, 0x00,
    0xa1, 0x01, 0x4f, 0x00, 0xa1, 0x01, 0x4e, 0x00, 0xa3, 0x01, 0x4d, 0x00, 0xa3, 0x01, 0x4c, 0x00,
    0xa5, 0x01, 0x4a, 0x00, 0x3d, 0x01, 0x0a, 0x00, 0x60, 0x01, 0x49, 0x00, 0x3b, 0x01, 0x0d, 0x00,
    0x5f, 0x01, 0x48, 0x00, 0x3b, 0x01, 0x10, 0x00, 0x5e, 0x01, 0x47, 0x00, 0x39, 0x01, 0x13, 0x00,
    0x5d, 0x01, 0x46, 0x00, 0x39, 0x01, 0x15, 0x00, 0x5d, 0x01, 0x45, 0x00, 0x38, 0x01, 0x17, 0x00,
    0x5c, 0x01, 0x44, 0x00, 0x39, 0x01, 0x18, 0x00, 0x5c, 0x01, 0x43, 0x00, 0x38, 0x01, 0x19, 0x00,
    0x5c, 0x01, 0x43, 0x00, 0x37, 0x01, 0x1b, 0x00, 0x5b, 0x01, 0x42, 0x00, 0x38, 0x01, 0x1c, 0x00,
    0x5b, 0x01, 0x41, 0x00, 0x37, 0x01, 0x1d, 0x00, 0x5b, 0x01, 0x41, 0x00, 0x37, 0x01, 0x1e, 0x00,
    0x5a, 0x01, 0x40, 0x00, 0x37, 0x01, 0x1f, 0x00, 0x5b, 0x01, 0x3f, 0x00, 0x37, 0x01, 0x20, 0x00,
    0x5a, 0x01, 0x3f, 0x00, 0x36, 0x01, 0x21, 0x00, 0x5a, 0x01, 0x3e, 0x00, 0x37, 0x01, 0x21, 0x00,
    0x5b, 0x01, 0x3d, 0x00, 0x37, 0x01, 0x22, 0x00, 0x5a, 0x01, 0x3d, 0x00, 0x36, 0x01, 0x09, 0x00,
    0x05, 0x03, 0x15, 0x00, 0x5a, 0x01, 0x3d, 0x00, 0x36, 0x01, 0x08, 0x00, 0x07, 0x03, 0x14, 0x00,
    0x5a, 0x01, 0x3d, 0x00, 0x36, 0x01, 0x08, 0x00, 0x08, 0x03, 0x13, 0x00, 0x5a, 0x01, 0x3c, 0x00,
    0x37, 0x01, 0x08, 0x00, 0x08, 0x03, 0x14, 0x00, 0x5a, 0x01, 0x3b, 0x00, 0x37, 0x01, 0x08, 0x00,
    0x08, 0x03, 0x14, 0x00, 0x5a, 0x01, 0x3b, 0x00, 0x36, 0x01, 0x09, 0x00, 0x07, 0x03, 0x15, 0x00,
    0x5a, 0x01, 0x3b, 0x00, 0x36, 0x01, 0x0a, 0x00, 0x05, 0x03, 0x16, 0x00, 0x5a, 0x01, 0x3b, 0x00,
    0x36, 0x01, 0x25, 0x00, 0x5a, 0x01, 0x3b, 0x00, 0x36, 0x01, 0x25, 0x00, 0x5a, 0x01, 0x3b, 0x00,
    0x36, 0x01, 0x26, 0x00, 0x59, 0x01, 0x3b, 0x00, 0x36, 0x01, 0x26, 0x00, 0x59, 0x01, 0x3b, 0x00,
    0x36, 0x01, 0x26, 0x00, 0x59, 0x01, 0x3b, 0x00, 0x36, 0x01, 0x26, 0x00, 0x59, 0x01, 0x3a, 0x00,
    0x37, 0x01, 0x26, 0x00, 0x5a, 0x01, 0x3a, 0x00, 0x36, 0x01, 0x26, 0x00, 0x59, 0x01, 0x3b, 0x00,
    0x36, 0x01, 0x26, 0x00, 0x59, 0x01, 0x3b, 0x00, 0x36, 0x01, 0x26, 0x00, 0x59, 0x01, 0x3b, 0x00,
    0x36, 0x01, 0x26, 0x00, 0x59, 0x01, 0x3b, 0x00, 0x36, 0x01, 0x25, 0x00, 0x5a, 0x01, 0x3b, 0x00,
    0x36, 0x01, 0x25, 0x00, 0x5a, 0x01, 0x3b, 0x00, 0x36, 0x01, 0x25, 0x00, 0x5a, 0x01, 0x3b, 0x00,
    0x36, 0x01, 0x25, 0x00, 0x5a, 0x01, 0x3b, 0x00, 0x37, 0x01, 0x24, 0x00, 0x5a, 0x01, 0x3b, 0x00,
    0x37, 0x01, 0x24, 0x00, 0x5a, 0x01, 0x3c, 0x00, 0x36, 0x01, 0x23, 0x00, 0x5a, 0x01, 0x3d, 0x00,
    0x36, 0x01, 0x23, 0x00, 0x5a, 0x01, 0x3d, 0x00, 0x36, 0x01, 0x23, 0x00, 0x5a, 0x01, 0x3d, 0x00,
    0x37, 0x01, 0x22, 0x00, 0x5a, 0x01, 0x3d, 0x00, 0x37, 0x01, 0x21, 0x00, 0x5b, 0x01, 0x3e, 0x00,
    0x36, 0x01, 0x21, 0x00, 0x5a, 0x01, 0x3f, 0x00, 0x37, 0x01, 0x20, 0x00, 0x5a, 0x01, 0x3f, 0x00,
    0x37, 0x01, 0x1f, 0x00, 0x5b, 0x01, 0x40, 0x00, 0x37, 0x01, 0x1e, 0x00, 0x5a, 0x01, 0x41, 0x00,
    0x37, 0x01, 0x1d, 0x00, 0x5b, 0x01, 0x41, 0x00, 0x38, 0x01, 0x1c, 0x00, 0x5b, 0x01, 0x42, 0x00,
    0x37, 0x01, 0x1b, 0x00, 0x5b, 0x01, 0x43, 0x00, 0x38, 0x01, 0x19, 0x00, 0x5c, 0x01, 0x43, 0x00,
    0x39, 0x01, 0x18, 0x00, 0x5c, 0x01, 0x44, 0x00, 0x38, 0x01, 0x17, 0x00, 0x5c, 0x01, 0x45, 0x00,
    0x39, 0x01, 0x15, 0x00, 0x5d, 0x01, 0x46, 0x00, 0x39, 0x01, 0x13, 0x00, 0x5d, 0x01, 0x47, 0x00,
    0x3b, 0x01, 0x10, 0x00, 0x5e, 0x01, 0x48, 0x00, 0x3b, 0x01, 0x0d, 0x00, 0x5f, 0x01, 0x49, 0x00,
    0x3d, 0x01, 0x0a, 0x00, 0x60, 0x01, 0x4a, 0x00, 0xa5, 0x01, 0x4c, 0x00, 0xa3, 0x01, 0x4d, 0x00,
    0xa3, 0x01, 0x4e, 0x00, 0xa1, 0x01, 0x4f, 0x00, 0xa1, 0x01, 0x50, 0x00, 0x9f, 0x01, 0x52, 0x00,
    0x9d, 0x01, 0x54, 0x00, 0x9b, 0x01, 0x55, 0x00, 0x9b, 0x01, 0x56, 0x00, 0x99, 0x01, 0x58, 0x00,
    0x97, 0x01, 0x5a, 0x00, 0x95, 0x01, 0x5c, 0x00, 0x93, 0x01, 0x5e, 0x00, 0x91, 0x01, 0x5f, 0x00,
    0x91, 0x01, 0x60, 0x00, 0x8f, 0x01, 0x62, 0x00, 0x8d, 0x01, 0x65, 0x00, 0x89, 0x01, 0x68, 0x00,
    0x87, 0x01, 0x6a, 0x00, 0x85, 0x01, 0x6c, 0x00, 0x83, 0x01, 0x6e, 0x00, 0x81, 0x01, 0x70, 0x00,
    0x7f, 0x01, 0x73, 0x00, 0x7b, 0x01, 0x76, 0x00, 0x79, 0x01, 0x78, 0x00, 0x77, 0x01, 0x7b, 0x00,
    0x73, 0x01, 0x7e, 0x00, 0x71, 0x01, 0x81, 0x00, 0x6d, 0x01, 0x85, 0x00, 0x69, 0x01, 0x89, 0x00,
    0x65, 0x01, 0x8c, 0x00, 0x63, 0x01, 0x8f, 0x00, 0x5f, 0x01, 0x94, 0x00, 0x59, 0x01, 0x99, 0x00,
    0x55, 0x01, 0x9d, 0x00, 0x51, 0x01, 0xa2, 0x00, 0x4b, 0x01, 0xa8, 0x00, 0x45, 0x01, 0xae, 0x00,
    0x3f, 0x01, 0xb4, 0x00, 0x39, 0x01, 0xbc, 0x00, 0x2f, 0x01, 0xc6, 0x00, 0x25, 0x01, 0xd2, 0x00,
    0x17, 0x01, 0xff, 0x00, 0xff, 0x00, 0xff, 0x00, 0xff, 0x00, 0xff, 0x00, 0xff, 0x00, 0xff, 0x00,
    0xff, 0x00, 0xff, 0x00, 0xff, 0x00, 0xff, 0x00, 0xff, 0x00, 0xff, 0x00, 0xff, 0x00, 0xff, 0x00,
    0xff, 0x00, 0xff, 0x00, 0xff, 0x00, 0xff, 0x00, 0xff, 0x00, 0xff, 0x00, 0xff, 0x00, 0xff, 0x00,
    0xff, 0x00, 0xff, 0x00, 0xff, 0x00, 0xff, 0x00, 0xff, 0x00, 0xff, 0x00, 0xff, 0x00, 0xff, 0x00,
    0xff, 0x00, 0xff, 0x00, 0xff, 0x00, 0xff, 0x00, 0xff, 0x00, 0xff, 0x00, 0xff, 0x00, 0xff, 0x00,
    0xff, 0x00, 0xff, 0x00, 0xff, 0x00, 0xff, 0x00, 0xb7, 0x00, 0xff, 0x00, 0xff, 0x00, 0xff, 0x00,
    0xff, 0x00, 0xff, 0x00, 0xff, 0x00, 0xff, 0x00, 0xff, 0x00, 0xff, 0x00, 0xff, 0x00, 0xff, 0x00,
    0xff, 0x00, 0xff, 0x00, 0xff, 0x00, 0xff, 0x00, 0xff, 0x00, 0xff, 0x00, 0xff, 0x00, 0xff, 0x00,
    0xff, 0x00, 0xff, 0x00, 0xff, 0x00, 0xff, 0x00, 0xff, 0x00, 0xff, 0x00, 0xff, 0x00, 0xff, 0x00,
    0xff, 0x00, 0xff, 0x00, 0xff, 0x00, 0xff, 0x00, 0xff, 0x00, 0xff, 0x00, 0xff, 0x00, 0xff, 0x00,
    0xff, 0x00, 0xff, 0x00, 0xff, 0x00, 0xff, 0x00, 0xff, 0x00, 0xff, 0x00, 0xff, 0x00, 0xff, 0x00,
    0xff, 0x00, 0xa9, 0x00, 0x17, 0x01, 0xd2, 0x00, 0x25, 0x01, 0xc6, 0x00, 0x2f, 0x01, 0xbc, 0x00,
    0x39, 0x01, 0xb4, 0x00, 0x3f, 0x01, 0xae, 0x00, 0x45, 0x01, 0xa8, 0x00, 0x4b, 0x01, 0xa2, 0x00,
    0x51, 0x01, 0x9d, 0x00, 0x55, 0x01, 0x99, 0x00, 0x59, 0x01, 0x94, 0x00, 0x5f, 0x01, 0x8f, 0x00,
    0x63, 0x01, 0x8c, 0x00, 0x65, 0x01, 0x89, 0x00, 0x69, 0x01, 0x85, 0x00, 0x6d, 0x01, 0x81, 0x00,
    0x71, 0x01, 0x7e, 0x00, 0x73, 0x01, 0x7b, 0x00, 0x77, 0x01, 0x78, 0x00, 0x79, 0x01, 0x76, 0x00,
    0x7b, 0x01, 0x73, 0x00, 0x7f, 0x01, 0x70, 0x00, 0x81, 0x01, 0x6e, 0x00, 0x83, 0x01, 0x6c, 0x00,
    0x85, 0x01, 0x6a, 0x00, 0x87, 0x01, 0x68, 0x00, 0x89, 0x01, 0x65, 0x00, 0x8d, 0x01, 0x62, 0x00,
    0x8f, 0x01, 0x60, 0x00, 0x91, 0x01, 0x5f, 0x00, 0x91, 0x01, 0x5e, 0x00, 0x93, 0x01, 0x5c, 0x00,
    0x95, 0x01, 0x5a, 0x00, 0x97, 0x01, 0x58, 0x00, 0x99, 0x01, 0x56, 0x00, 0x9b, 0x01, 0x55, 0x00,
    0x9b, 0x01, 0x54, 0x00, 0x9d, 0x01, 0x52, 0x00, 0x9f, 0x01, 0x50, 0x00, 0xa1, 0x01, 0x4f, 0x00,
    0xa1, 0x01, 0x4e, 0x00, 0xa3, 0x01, 0x4d, 0x00, 0xa3, 0x01, 0x4c, 0x00, 0xa5, 0x01, 0x4a, 0x00,
    0x44, 0x01, 0x0a, 0x00, 0x59, 0x01, 0x49, 0x00, 0x42, 0x01, 0x0e, 0x00, 0x57, 0x01, 0x48, 0x00,
    0x42, 0x01, 0x10, 0x00, 0x57, 0x01, 0x47, 0x00, 0x40, 0x01, 0x13, 0x00, 0x56, 0x01, 0x46, 0x00,
    0x40, 0x01, 0x15, 0x00, 0x56, 0x01, 0x45, 0x00, 0x40, 0x01, 0x16, 0x00, 0x55, 0x01, 0x44, 0x00,
    0x40, 0x01, 0x18, 0x00, 0x55, 0x01, 0x43, 0x00, 0x3f, 0x01, 0x1a, 0x00, 0x54, 0x01, 0x43, 0x00,
    0x3e, 0x01, 0x1b, 0x00, 0x54, 0x01, 0x42, 0x00, 0x3f, 0x01, 0x1c, 0x00, 0x54, 0x01, 0x41, 0x00,
    0x3e, 0x01, 0x1d, 0x00, 0x54, 0x01, 0x41, 0x00, 0x3e, 0x01, 0x1e, 0x00, 0x53, 0x01, 0x40, 0x00,
    0x3e, 0x01, 0x1f, 0x00, 0x54, 0x01, 0x3f, 0x00, 0x3e, 0x01, 0x20, 0x00, 0x53, 0x01, 0x3f, 0x00,
    0x3e, 0x01, 0x20, 0x00, 0x53, 0x01, 0x3e, 0x00, 0x3e, 0x01, 0x21, 0x00, 0x54, 0x01, 0x3d, 0x00,
    0x3e, 0x01, 0x22, 0x00, 0x53, 0x01, 0x3d, 0x00, 0x3e, 0x01, 0x08, 0x00, 0x05, 0x03, 0x15, 0x00,
    0x53, 0x01, 0x3d, 0x00, 0x3d, 0x01, 0x08, 0x00, 0x07, 0x03, 0x14, 0x00, 0x53, 0x01, 0x3d, 0x00,
    0x3d, 0x01, 0x08, 0x00, 0x08, 0x03, 0x14, 0x00, 0x52, 0x01, 0x3c, 0x00, 0x3e, 0x01, 0x08, 0x00,
    0x08, 0x03, 0x14, 0x00, 0x53, 0x01, 0x3b, 0x00, 0x3e, 0x01, 0x08, 0x00, 0x08, 0x03, 0x14, 0x00,
    0x53, 0x01, 0x3b, 0x00, 0x3d, 0x01, 0x09, 0x00, 0x07, 0x03, 0x15, 0x00, 0x53, 0x01, 0x3b, 0x00,
    0x3d, 0x01, 0x0a, 0x00, 0x05, 0x03, 0x16, 0x00, 0x53, 0x01, 0x3b, 0x00, 0x3d, 0x01, 0x25, 0x00,
    0x53, 0x01, 0x3b, 0x00, 0x3d, 0x01, 0x26, 0x00, 0x52, 0x01, 0x3b, 0x00, 0x3d, 0x01, 0x26, 0x00,
    0x52, 0x01, 0x3b, 0x00, 0x3d, 0x01, 0x26, 0x00, 0x52, 0x01, 0x3b, 0x00, 0x3d, 0x01, 0x26, 0x00,
    0x52, 0x01, 0x3b, 0x00, 0x3d, 0x01, 0x26, 0x00, 0x52, 0x01, 0x3a, 0x00, 0x3e, 0x01, 0x26, 0x00,
    0x53, 0x01, 0x3a, 0x00, 0x3d, 0x01, 0x26, 0x00, 0x52, 0x01, 0x3b, 0x00, 0x3d, 0x01, 0x26, 0x00,
    0x52, 0x01, 0x3b, 0x00, 0x3d, 0x01, 0x26, 0x00, 0x52, 0x01, 0x3b, 0x00, 0x3d, 0x01, 0x26, 0x00,
    0x52, 0x01, 0x3b, 0x00, 0x3d, 0x01, 0x26, 0x00, 0x52, 0x01, 0x3b, 0x00, 0x3d, 0x01, 0x25, 0x00,
    0x53, 0x01, 0x3b, 0x00, 0x3d, 0x01, 0x25, 0x00, 0x53, 0x01, 0x3b, 0x00, 0x3d, 0x01, 0x25, 0x00,
    0x53, 0x01, 0x3b, 0x00, 0x3e, 0x01, 0x24, 0x00, 0x53, 0x01, 0x3b, 0x00, 0x3e, 0x01, 0x24, 0x00,
    0x53, 0x01, 0x3c, 0x00, 0x3d, 0x01, 0x24, 0x00, 0x52, 0x01, 0x3d, 0x00, 0x3d, 0x01, 0x23, 0x00,
    0x53, 0x01, 0x3d, 0x00, 0x3e, 0x01, 0x22, 0x00, 0x53, 0x01, 0x3d, 0x00, 0x3e, 0x01, 0x22, 0x00,
    0x53, 0x01, 0x3d, 0x00, 0x3e, 0x01, 0x21, 0x00, 0x54, 0x01, 0x3e, 0x00, 0x3e, 0x01, 0x20, 0x00,
    0x53, 0x01, 0x3f, 0x00, 0x3e, 0x01, 0x20, 0x00, 0x53, 0x01, 0x3f, 0x00, 0x3e, 0x01, 0x1f, 0x00,
    0x54, 0x01, 0x40, 0x00, 0x3e, 0x01, 0x1e, 0x00, 0x53, 0x01, 0x41, 0x00, 0x3e, 0x01, 0x1d, 0x00,
    0x54, 0x01, 0x41, 0x00, 0x3f, 0x01, 0x1c, 0x00, 0x54, 0x01, 0x42, 0x00, 0x3e, 0x01, 0x1b, 0x00,
    0x54, 0x01, 0x43, 0x00, 0x3f, 0x01, 0x1a, 0x00, 0x54, 0x01, 0x43, 0x00, 0x40, 0x01, 0x18, 0x00,
    0x55, 0x01, 0x44, 0x00, 0x40, 0x01, 0x16, 0x00, 0x55, 0x01, 0x45, 0x00, 0x40, 0x01, 0x15, 0x00,
    0x56, 0x01, 0x46, 0x00, 0x40, 0x01, 0x13, 0x00, 0x56, 0x01, 0x47, 0x00, 0x42, 0x01, 0x10, 0x00,
    0x57, 0x01, 0x48, 0x00, 0x42, 0x01, 0x0e, 0x00, 0x57, 0x01, 0x49, 0x00, 0x44, 0x01, 0x0a, 0x00,
    0x59, 0x01, 0x4a, 0x00, 0xa5, 0x01, 0x4c, 0x00, 0xa3, 0x01, 0x4d, 0x00, 0xa3, 0x01, 0x4e, 0x00,
    0xa1, 0x01, 0x4f, 0x00, 0xa1, 0x01, 0x50, 0x00, 0x9f, 0x01, 0x52, 0x00, 0x9d, 0x01, 0x54, 0x00,
    0x9b, 0x01, 0x55, 0x00, 0x9b, 0x01, 0x56, 0x00, 0x99, 0x01, 0x58, 0x00, 0x97, 0x01, 0x5a, 0x00,
    0x95, 0x01, 0x5c, 0x00, 0x93, 0x01, 0x5e, 0x00, 0x91, 0x01, 0x5f, 0x00, 0x91, 0x01, 0x60, 0x00,
    0x8f, 0x01, 0x62, 0x00, 0x8d, 0x01, 0x65, 0x00, 0x89, 0x01, 0x68, 0x00, 0x87, 0x01, 0x6a, 0x00,
    0x85, 0x01, 0x6c, 0x00, 0x83, 0x01, 0x6e, 0x00, 0x81, 0x01, 0x70, 0x00, 0x7f, 0x01, 0x73, 0x00,
    0x7b, 0x01, 0x76, 0x00, 0x79, 0x01, 0x78, 0x00, 0x77, 0x01, 0x7b, 0x00, 0x73, 0x01, 0x7e, 0x00,
    0x71, 0x01, 0x81, 0x00, 0x6d, 0x01, 0x85, 0x00, 0x69, 0x01, 0x89, 0x00, 0x65, 0x01, 0x8c, 0x00,
    0x63, 0x01, 0x8f, 0x00, 0x5f, 0x01, 0x94, 0x00, 0x59, 0x01, 0x99, 0x00, 0x55, 0x01, 0x9d, 0x00,
    0x51, 0x01, 0xa2, 0x00, 0x4b, 0x01, 0xa8, 0x00, 0x45, 0x01, 0xae, 0x00, 0x3f, 0x01, 0xb4, 0x00,
    0x39, 0x01, 0xbc, 0x00, 0x2f, 0x01, 0xc6, 0x00, 0x25, 0x01, 0xd2, 0x00, 0x17, 0x01, 0xff, 0x00,
    0xff, 0x00, 0xff, 0x00, 0xff, 0x00, 0xff, 0x00, 0xff, 0x00, 0xff, 0x00, 0xff, 0x00, 0xff, 0x00,
    0xff, 0x00, 0xff, 0x00, 0xff, 0x00, 0xff, 0x00, 0xff, 0x00, 0xff, 0x00, 0xff, 0x00, 0xff, 0x00,
    0xff, 0x00, 0xff, 0x00, 0xff, 0x00, 0xff, 0x00, 0xff, 0x00, 0xff, 0x00, 0xff, 0x00, 0xff, 0x00,
    0xff, 0x00, 0xff, 0x00, 0xff, 0x00, 0xff, 0x00, 0xff, 0x00, 0xff, 0x00, 0xff, 0x00, 0xff, 0x00,
    0xff, 0x00, 0xff, 0x00, 0xff, 0x00, 0xff, 0x00, 0xff, 0x00, 0xff, 0x00, 0xff, 0x00, 0xff, 0x00,
    0xff, 0x00, 0xff, 0x00, 0xb7, 0x00, 0xff, 0x00, 0xff, 0x00, 0xff, 0x00, 0xff, 0x00, 0xff, 0x00,
    0xff, 0x00, 0xff, 0x00, 0xff, 0x00, 0xff, 0x00, 0xff, 0x00, 0xff, 0x00, 0xff, 0x00, 0xff, 0x00,
    0xff, 0x00, 0xff, 0x00, 0xff, 0x00, 0xff, 0x00, 0xff, 0x00, 0xff, 0x00, 0xff, 0x00, 0xff, 0x00,
    0xff, 0x00, 0xff, 0x00, 0xff, 0x00, 0xff, 0x00, 0xff, 0x00, 0xff, 0x00, 0xff, 0x00, 0xff, 0x00,
    0xff, 0x00, 0xff, 0x00, 0xff, 0x00, 0xff, 0x00, 0xff, 0x00, 0xff, 0x00, 0xff, 0x00, 0xff, 0x00,
    0xff, 0x00, 0xff, 0x00, 0xff, 0x00, 0xff, 0x00, 0xff, 0x00, 0xff, 0x00, 0xff, 0x00, 0xa9, 0x00,
    0x17, 0x01, 0xd2, 0x00, 0x25, 0x01, 0xc6, 0x00, 0x2f, 0x01, 0xbc, 0x00, 0x39, 0x01, 0xb4, 0x00,
    0x3f, 0x01, 0xae, 0x00, 0x45, 0x01, 0xa8, 0x00, 0x4b, 0x01, 0xa2, 0x00, 0x51, 0x01, 0x9d, 0x00,
    0x55, 0x01, 0x99, 0x00, 0x59, 0x01, 0x94, 0x00, 0x5f, 0x01, 0x8f, 0x00, 0x63, 0x01, 0x8c, 0x00,
    0x65, 0x01, 0x89, 0x00, 0x69, 0x01, 0x85, 0x00, 0x6d, 0x01, 0x81, 0x00, 0x71, 0x01, 0x7e, 0x00,
    0x73, 0x01, 0x7b, 0x00, 0x77, 0x01, 0x78, 0x00, 0x79, 0x01, 0x76, 0x00, 0x7b, 0x01, 0x73, 0x00,
    0x7f, 0x01, 0x70, 0x00, 0x81, 0x01, 0x6e, 0x00, 0x83, 0x01, 0x6c, 0x00, 0x85, 0x01, 0x6a, 0x00,
    0x87, 0x01, 0x68, 0x00, 0x89, 0x01, 0x65, 0x00, 0x8d, 0x01, 0x62, 0x00, 0x8f, 0x01, 0x60, 0x00,
    0x91, 0x01, 0x5f, 0x00, 0x91, 0x01, 0x5e, 0x00, 0x93, 0x01, 0x5c, 0x00, 0x95, 0x01, 0x5a, 0x00,
    0x97, 0x01, 0x58, 0x00, 0x99, 0x01, 0x56, 0x00, 0x9b, 0x01, 0x55, 0x00, 0x9b, 0x01, 0x54, 0x00,
    0x9d, 0x01, 0x52, 0x00, 0x9f, 0x01, 0x50, 0x00, 0xa1, 0x01, 0x4f, 0x00, 0xa1, 0x01, 0x4e, 0x00,
    0xa3, 0x01, 0x4d, 0x00, 0xa3, 0x01, 0x4c, 0x00, 0xa5, 0x01, 0x4a, 0x00, 0x4b, 0x01, 0x0a, 0x00,
    0x52, 0x01, 0x49, 0x00, 0x49, 0x01, 0x0e, 0x00, 0x50, 0x01, 0x48, 0x00, 0x49, 0x01, 0x10, 0x00,
    0x50, 0x01, 0x47, 0x00, 0x48, 0x01, 0x12, 0x00, 0x4f, 0x01, 0x46, 0x00, 0x48, 0x01, 0x14, 0x00,
    0x4f, 0x01, 0x45, 0x00, 0x47, 0x01, 0x16, 0x00, 0x4e, 0x01, 0x44, 0x00, 0x47, 0x01, 0x18, 0x00,
    0x4e, 0x01, 0x43, 0x00, 0x46, 0x01, 0x1a, 0x00, 0x4d, 0x01, 0x43, 0x00, 0x46, 0x01, 0x1a, 0x00,
    0x4d, 0x01, 0x42, 0x00, 0x46, 0x01, 0x1c, 0x00, 0x4d, 0x01, 0x41, 0x00, 0x45, 0x01, 0x1d, 0x00,
    0x4d, 0x01, 0x41, 0x00, 0x45, 0x01, 0x1e, 0x00, 0x4c, 0x01, 0x40, 0x00, 0x45, 0x01, 0x1f, 0x00,
    0x4d, 0x01, 0x3f, 0x00, 0x45, 0x01, 0x20, 0x00, 0x4c, 0x01, 0x3f, 0x00, 0x45, 0x01, 0x20, 0x00,
    0x4c, 0x01, 0x3e, 0x00, 0x45, 0x01, 0x22, 0x00, 0x4c, 0x01, 0x3d, 0x00, 0x45, 0x01, 0x22, 0x00,
    0x4c, 0x01, 0x3d, 0x00, 0x45, 0x01, 0x08, 0x00, 0x06, 0x03, 0x14, 0x00, 0x4c, 0x01, 0x3d, 0x00,
    0x44, 0x01, 0x08, 0x00, 0x07, 0x03, 0x14, 0x00, 0x4c, 0x01, 0x3d, 0x00, 0x44, 0x01, 0x08, 0x00,
    0x08, 0x03, 0x14, 0x00, 0x4b, 0x01, 0x3c, 0x00, 0x45, 0x01, 0x08, 0x00, 0x08, 0x03, 0x14, 0x00,
    0x4c, 0x01, 0x3b, 0x00, 0x45, 0x01, 0x08, 0x00, 0x08, 0x03, 0x14, 0x00, 0x4c, 0x01, 0x3b, 0x00,
    0x45, 0x01, 0x08, 0x00, 0x07, 0x03, 0x15, 0x00, 0x4c, 0x01, 0x3b, 0x00, 0x44, 0x01, 0x0a, 0x00,
    0x06, 0x03, 0x15, 0x00, 0x4c, 0x01, 0x3b, 0x00, 0x44, 0x01, 0x26, 0x00, 0x4b, 0x01, 0x3b, 0x00,
    0x44, 0x01, 0x26, 0x00, 0x4b, 0x01, 0x3b, 0x00, 0x44, 0x01, 0x26, 0x00, 0x4b, 0x01, 0x3b, 0x00,
    0x44, 0x01, 0x26, 0x00, 0x4b, 0x01, 0x3b, 0x00, 0x44, 0x01, 0x26, 0x00, 0x4b, 0x01, 0x3b, 0x00,
    0x44, 0x01, 0x26, 0x00, 0x4b, 0x01, 0x3a, 0x00, 0x45, 0x01, 0x26, 0x00, 0x4c, 0x01, 0x3a, 0x00,
    0x44, 0x01, 0x26, 0x00, 0x4b, 0x01, 0x3b, 0x00, 0x44, 0x01, 0x26, 0x00, 0x4b, 0x01, 0x3b, 0x00,
    0x44, 0x01, 0x26, 0x00, 0x4b, 0x01, 0x3b, 0x00, 0x44, 0x01, 0x26, 0x00, 0x4b, 0x01, 0x3b, 0x00,
    0x44, 0x01, 0x26, 0x00, 0x4b, 0x01, 0x3b, 0x00, 0x44, 0x01, 0x26, 0x00, 0x4b, 0x01, 0x3b, 0x00,
    0x44, 0x01, 0x25, 0x00, 0x4c, 0x01, 0x3b, 0x00, 0x45, 0x01, 0x24, 0x00, 0x4c, 0x01, 0x3b, 0x00,
    0x45, 0x01, 0x24, 0x00, 0x4c, 0x01, 0x3b, 0x00, 0x45, 0x01, 0x24, 0x00, 0x4c, 0x01, 0x3c, 0x00,
    0x44, 0x01, 0x24, 0x00, 0x4b, 0x01, 0x3d, 0x00, 0x44, 0x01, 0x23, 0x00, 0x4c, 0x01, 0x3d, 0x00,
    0x45, 0x01, 0x22, 0x00, 0x4c, 0x01, 0x3d, 0x00, 0x45, 0x01, 0x22, 0x00, 0x4c, 0x01, 0x3d, 0x00,
    0x45, 0x01, 0x22, 0x00, 0x4c, 0x01, 0x3e, 0x00, 0x45, 0x01, 0x20, 0x00, 0x4c, 0x01, 0x3f, 0x00,
    0x45, 0x01, 0x20, 0x00, 0x4c, 0x01, 0x3f, 0x00, 0x45, 0x01, 0x1f, 0x00, 0x4d, 0x01, 0x40, 0x00,
    0x45, 0x01, 0x1e, 0x00, 0x4c, 0x01, 0x41, 0x00, 0x45, 0x01, 0x1d, 0x00, 0x4d, 0x01, 0x41, 0x00,
    0x46, 0x01, 0x1c, 0x00, 0x4d, 0x01, 0x42, 0x00, 0x46, 0x01, 0x1a, 0x00, 0x4d, 0x01, 0x43, 0x00,
    0x46, 0x01, 0x1a, 0x00, 0x4d, 0x01, 0x43, 0x00, 0x47, 0x01, 0x18, 0x00, 0x4e, 0x01, 0x44, 0x00,
    0x47, 0x01, 0x16, 0x00, 0x4e, 0x01, 0x45, 0x00, 0x48, 0x01, 0x14, 0x00, 0x4f, 0x01, 0x46, 0x00,
    0x48, 0x01, 0x12, 0x00, 0x4f, 0x01, 0x47, 0x00, 0x49, 0x01, 0x10, 0x00, 0x50, 0x01, 0x48, 0x00,
    0x49, 0x01, 0x0e, 0x00, 0x50, 0x01, 0x49, 0x00, 0x4b, 0x01, 0x0a, 0x00, 0x52, 0x01, 0x4a, 0x00,
    0xa5, 0x01, 0x4c, 0x00, 0xa3, 0x01, 0x4d, 0x00, 0xa3, 0x01, 0x4e, 0x00, 0xa1, 0x01, 0x4f, 0x00,
    0xa1, 0x01, 0x50, 0x00, 0x9f, 0x01, 0x52, 0x00, 0x9d, 0x01, 0x54, 0x00, 0x9b, 0x01, 0x55, 0x00,
    0x9b, 0x01, 0x56, 0x00, 0x99, 0x01, 0x58, 0x00, 0x97, 0x01, 0x5a, 0x00, 0x95, 0x01, 0x5c, 0x00,
    0x93, 0x01, 0x5e, 0x00, 0x91, 0x01, 0x5f, 0x00, 0x91, 0x01, 0x60, 0x00, 0x8f, 0x01, 0x62, 0x00,
    0x8d, 0x01, 0x65, 0x00, 0x89, 0x01, 0x68, 0x00, 0x87, 0x01, 0x6a, 0x00, 0x85, 0x01, 0x6c, 0x00,
    0x83, 0x01, 0x6e, 0x00, 0x81, 0x01, 0x70, 0x00, 0x7f, 0x01, 0x73, 0x00, 0x7b, 0x01, 0x76, 0x00,
    0x79, 0x01, 0x78, 0x00, 0x77, 0x01, 0x7b, 0x00, 0x73, 0x01, 0x7e, 0x00, 0x71, 0x01, 0x81, 0x00,
    0x6d, 0x01, 0x85, 0x00, 0x69, 0x01, 0x89, 0x00, 0x65, 0x01, 0x8c, 0x00, 0x63, 0x01, 0x8f, 0x00,
    0x5f, 0x01, 0x94, 0x00, 0x59, 0x01, 0x99, 0x00, 0x55, 0x01, 0x9d, 0x00, 0x51, 0x01, 0xa2, 0x00,
    0x4b, 0x01, 0xa8, 0x00, 0x45, 0x01, 0xae, 0x00, 0x3f, 0x01, 0xb4, 0x00, 0x39, 0x01, 0xbc, 0x00,
    0x2f, 0x01, 0xc6, 0x00, 0x25, 0x01, 0xd2, 0x00, 0x17, 0x01, 0xff, 0x00, 0xff, 0x00, 0xff, 0x00,
    0xff, 0x00, 0xff, 0x00, 0xff, 0x00, 0xff, 0x00, 0xff, 0x00, 0xff, 0x00, 0xff, 0x00, 0xff, 0x00,
    0xff, 0x00, 0xff, 0x00, 0xff, 0x00, 0xff, 0x00, 0xff, 0x00, 0xff, 0x00, 0xff, 0x00, 0xff, 0x00,
    0xff, 0x00, 0xff, 0x00, 0xff, 0x00, 0xff, 0x00, 0xff, 0x00, 0xff, 0x00, 0xff, 0x00, 0xff, 0x00,
    0xff, 0x00, 0xff, 0x00, 0xff, 0x00, 0xff, 0x00, 0xff, 0x00, 0xff, 0x00, 0xff, 0x00, 0xff, 0x00,
    0xff, 0x00, 0xff, 0x00, 0xff, 0x00, 0xff, 0x00, 0xff, 0x00, 0xff, 0x00, 0xff, 0x00, 0xff, 0x00,
    0xb7, 0x00, 0xff, 0x00, 0xff, 0x00, 0xff, 0x00, 0xff, 0x00, 0xff, 0x00, 0xff, 0x00, 0xff, 0x00,
    0xff, 0x00, 0xff, 0x00, 0xff, 0x00, 0xff, 0x00, 0xff, 0x00, 0xff, 0x00, 0xff, 0x00, 0xff, 0x00,
    0xff, 0x00, 0xff, 0x00, 0xff, 0x00, 0xff, 0x00, 0xff, 0x00, 0xff, 0x00, 0xff, 0x00, 0xff, 0x00,
    0xff, 0x00, 0xff, 0x00, 0xff, 0x00, 0xff, 0x00, 0xff, 0x00, 0xff, 0x00, 0xff, 0x00, 0xff, 0x00,
    0xff, 0x00, 0xff, 0x00, 0xff, 0x00, 0xff, 0x00, 0xff, 0x00, 0xff, 0x00, 0xff, 0x00, 0xff, 0x00,
    0xff, 0x00, 0xff, 0x00, 0xff, 0x00, 0xff, 0x00, 0xff, 0x00, 0xa9, 0x00, 0x17, 0x01, 0xd2, 0x00,
    0x25, 0x01, 0xc6, 0x00, 0x2f, 0x01, 0xbc, 0x00, 0x39, 0x01, 0xb4, 0x00, 0x3f, 0x01, 0xae, 0x00,
    0x45, 0x01, 0xa8, 0x00, 0x4b, 0x01, 0xa2, 0x00, 0x51, 0x01, 0x9d, 0x00, 0x55, 0x01, 0x99, 0x00,
    0x59, 0x01, 0x94, 0x00, 0x5f, 0x01, 0x8f, 0x00, 0x63, 0x01, 0x8c, 0x00, 0x65, 0x01, 0x89, 0x00,
    0x69, 0x01, 0x85, 0x00, 0x6d, 0x01, 0x81, 0x00, 0x71, 0x01, 0x7e, 0x00, 0x73, 0x01, 0x7b, 0x00,
    0x77, 0x01, 0x78, 0x00, 0x79, 0x01, 0x76, 0x00, 0x7b, 0x01, 0x73, 0x00, 0x7f, 0x01, 0x70, 0x00,
    0x81, 0x01, 0x6e, 0x00, 0x83, 0x01, 0x6c, 0x00, 0x85, 0x01, 0x6a, 0x00, 0x87, 0x01, 0x68, 0x00,
    0x89, 0x01, 0x65, 0x00, 0x8d, 0x01, 0x62, 0x00, 0x8f, 0x01, 0x60, 0x00, 0x91, 0x01, 0x5f, 0x00,
    0x91, 0x01, 0x5e, 0x00, 0x93, 0x01, 0x5c, 0x00, 0x95, 0x01, 0x5a, 0x00, 0x97, 0x01, 0x58, 0x00,
    0x99, 0x01, 0x56, 0x00, 0x9b, 0x01, 0x55, 0x00, 0x9b, 0x01, 0x54, 0x00, 0x9d, 0x01, 0x52, 0x00,
    0x9f, 0x01, 0x50, 0x00, 0xa1, 0x01, 0x4f, 0x00, 0xa1, 0x01, 0x4e, 0x00, 0xa3, 0x01, 0x4d, 0x00,
    0xa3, 0x01, 0x4c, 0x00, 0xa5, 0x01, 0x4a, 0x00, 0x52, 0x01, 0x0a, 0x00, 0x4b, 0x01, 0x49, 0x00,
    0x50, 0x01, 0x0e, 0x00, 0x49, 0x01, 0x48, 0x00, 0x50, 0x01, 0x10, 0x00, 0x49, 0x01, 0x47, 0x00,
    0x4f, 0x01, 0x12, 0x00, 0x48, 0x01, 0x46, 0x00, 0x4f, 0x01, 0x14, 0x00, 0x48, 0x01, 0x45, 0x00,
    0x4e, 0x01, 0x16, 0x00, 0x47, 0x01, 0x44, 0x00, 0x4e, 0x01, 0x18, 0x00, 0x47, 0x01, 0x43, 0x00,
    0x4d, 0x01, 0x1a, 0x00, 0x46, 0x01, 0x43, 0x00, 0x4d, 0x01, 0x1a, 0x00, 0x46, 0x01, 0x42, 0x00,
    0x4d, 0x01, 0x1c, 0x00, 0x46, 0x01, 0x41, 0x00, 0x4d, 0x01, 0x1d, 0x00, 0x45, 0x01, 0x41, 0x00,
    0x4c, 0x01, 0x1e, 0x00, 0x45, 0x01, 0x40, 0x00, 0x4d, 0x01, 0x1f, 0x00, 0x45, 0x01, 0x3f, 0x00,
    0x4c, 0x01, 0x20, 0x00, 0x45, 0x01, 0x3f, 0x00, 0x4c, 0x01, 0x20, 0x00, 0x45, 0x01, 0x3e, 0x00,
    0x4c, 0x01, 0x22, 0x00, 0x45, 0x01, 0x3d, 0x00, 0x4c, 0x01, 0x22, 0x00, 0x45, 0x01, 0x3d, 0x00,
    0x4c, 0x01, 0x08, 0x00, 0x06, 0x03, 0x14, 0x00, 0x45, 0x01, 0x3d, 0x00, 0x4c, 0x01, 0x08, 0x00,
    0x07, 0x03, 0x14, 0x00, 0x44, 0x01, 0x3d, 0x00, 0x4b, 0x01, 0x08, 0x00, 0x08, 0x03, 0x14, 0x00,
    0x44, 0x01, 0x3c, 0x00, 0x4c, 0x01, 0x08, 0x00, 0x08, 0x03, 0x14, 0x00, 0x45, 0x01, 0x3b, 0x00,
    0x4c, 0x01, 0x08, 0x00, 0x08, 0x03, 0x14, 0x00, 0x45, 0x01, 0x3b, 0x00, 0x4c, 0x01, 0x09, 0x00,
    0x07, 0x03, 0x14, 0x00, 0x45, 0x01, 0x3b, 0x00, 0x4c, 0x01, 0x09, 0x00, 0x06, 0x03, 0x16, 0x00,
    0x44, 0x01, 0x3b, 0x00, 0x4b, 0x01, 0x26, 0x00, 0x44, 0x01, 0x3b, 0x00, 0x4b, 0x01, 0x26, 0x00,
    0x44, 0x01, 0x3b, 0x00, 0x4b, 0x01, 0x26, 0x00, 0x44, 0x01, 0x3b, 0x00, 0x4b, 0x01, 0x26, 0x00,
    0x44, 0x01, 0x3b, 0x00, 0x4b, 0x01, 0x26, 0x00, 0x44, 0x01, 0x3b, 0x00, 0x4b, 0x01, 0x26, 0x00,
    0x44, 0x01, 0x3a, 0x00, 0x4c, 0x01, 0x26, 0x00, 0x45, 0x01, 0x3a, 0x00, 0x4b, 0x01, 0x26, 0x00,
    0x44, 0x01, 0x3b, 0x00, 0x4b, 0x01, 0x26, 0x00, 0x44, 0x01, 0x3b, 0x00, 0x4b, 0x01, 0x26, 0x00,
    0x44, 0x01, 0x3b, 0x00, 0x4b, 0x01, 0x26, 0x00, 0x44, 0x01, 0x3b, 0x00, 0x4b, 0x01, 0x26, 0x00,
    0x44, 0x01, 0x3b, 0x00, 0x4b, 0x01, 0x26, 0x00, 0x44, 0x01, 0x3b, 0x00, 0x4c, 0x01, 0x25, 0x00,
    0x44, 0x01, 0x3b, 0x00, 0x4c, 0x01, 0x24, 0x00, 0x45, 0x01, 0x3b, 0x00, 0x4c, 0x01, 0x24, 0x00,
    0x45, 0x01, 0x3b, 0x00, 0x4c, 0x01, 0x24, 0x00, 0x45, 0x01, 0x3c, 0x00, 0x4b, 0x01, 0x24, 0x00,
    0x44, 0x01, 0x3d, 0x00, 0x4c, 0x01, 0x23, 0x00, 0x44, 0x01, 0x3d, 0x00, 0x4c, 0x01, 0x22, 0x00,
    0x45, 0x01, 0x3d, 0x00, 0x4c, 0x01, 0x22, 0x00, 0x45, 0x01, 0x3d, 0x00, 0x4c, 0x01, 0x22, 0x00,
    0x45, 0x01, 0x3e, 0x00, 0x4c, 0x01, 0x20, 0x00, 0x45, 0x01, 0x3f, 0x00, 0x4c, 0x01, 0x20, 0x00,
    0x45, 0x01, 0x3f, 0x00, 0x4d, 0x01, 0x1f, 0x00, 0x45, 0x01, 0x40, 0x00, 0x4c, 0x01, 0x1e, 0x00,
    0x45, 0x01, 0x41, 0x00, 0x4d, 0x01, 0x1d, 0x00, 0x45, 0x01, 0x41, 0x00, 0x4d, 0x01, 0x1c, 0x00,
    0x46, 0x01, 0x42, 0x00, 0x4d, 0x01, 0x1a, 0x00, 0x46, 0x01, 0x43, 0x00, 0x4d, 0x01, 0x1a, 0x00,
    0x46, 0x01, 0x43, 0x00, 0x4e, 0x01, 0x18, 0x00, 0x47, 0x01, 0x44, 0x00, 0x4e, 0x01, 0x16, 0x00,
    0x47, 0x01, 0x45, 0x00, 0x4f, 0x01, 0x14, 0x00, 0x48, 0x01, 0x46, 0x00, 0x4f, 0x01, 0x12, 0x00,
    0x48, 0x01, 0x47, 0x00, 0x50, 0x01, 0x10, 0x00, 0x49, 0x01, 0x48, 0x00, 0x50, 0x01, 0x0e, 0x00,
    0x49, 0x01, 0x49, 0x00, 0x52, 0x01, 0x0a, 0x00, 0x4b, 0x01, 0x4a, 0x00, 0xa5, 0x01, 0x4c, 0x00,
    0xa3, 0x01, 0x4d, 0x00, 0xa3, 0x01, 0x4e, 0x00, 0xa1, 0x01, 0x4f, 0x00, 0xa1, 0x01, 0x50, 0x00,
    0x9f, 0x01, 0x52, 0x00, 0x9d, 0x01, 0x54, 0x00, 0x9b, 0x01, 0x55, 0x00, 0x9b, 0x01, 0x56, 0x00,
    0x99, 0x01, 0x58, 0x00, 0x97, 0x01, 0x5a, 0x00, 0x95, 0x01, 0x5c, 0x00, 0x93, 0x01, 0x5e, 0x00,
    0x91, 0x01, 0x5f, 0x00, 0x91, 0x01, 0x60, 0x00, 0x8f, 0x01, 0x62, 0x00, 0x8d, 0x01, 0x65, 0x00,
    0x89, 0x01, 0x68, 0x00, 0x87, 0x01, 0x6a, 0x00, 0x85, 0x01, 0x6c, 0x00, 0x83, 0x01, 0x6e, 0x00,
    0x81, 0x01, 0x70, 0x00, 0x7f, 0x01, 0x73, 0x00, 0x7b, 0x01, 0x76, 0x00, 0x79, 0x01, 0x78, 0x00,
    0x77, 0x01, 0x7b, 0x00, 0x73, 0x01, 0x7e, 0x00, 0x71, 0x01, 0x81, 0x00, 0x6d, 0x01, 0x85, 0x00,
    0x69, 0x01, 0x89, 0x00, 0x65, 0x01, 0x8c, 0x00, 0x63, 0x01, 0x8f, 0x00, 0x5f, 0x01, 0x94, 0x00,
    0x59, 0x01, 0x99, 0x00, 0x55, 0x01, 0x9d, 0x00, 0x51, 0x01, 0xa2, 0x00, 0x4b, 0x01, 0xa8, 0x00,
    0x45, 0x01, 0xae, 0x00, 0x3f, 0x01, 0xb4, 0x00, 0x39, 0x01, 0xbc, 0x00, 0x2f, 0x01, 0xc6, 0x00,
    0x25, 0x01, 0xd2, 0x00, 0x17, 0x01, 0xff, 0x00, 0xff, 0x00, 0xff, 0x00, 0xff, 0x00, 0xff, 0x00,
    0xff, 0x00, 0xff, 0x00, 0xff, 0x00, 0xff, 0x00, 0xff, 0x00, 0xff, 0x00, 0xff, 0x00, 0xff, 0x00,
    0xff, 0x00, 0xff, 0x00, 0xff, 0x00, 0xff, 0x00, 0xff, 0x00, 0xff, 0x00, 0xff, 0x00, 0xff, 0x00,
    0xff, 0x00, 0xff, 0x00, 0xff, 0x00, 0xff, 0x00, 0xff, 0x00, 0xff, 0x00, 0xff, 0x00, 0xff, 0x00,
    0xff, 0x00, 0xff, 0x00, 0xff, 0x00, 0xff, 0x00, 0xff, 0x00, 0xff, 0x00, 0xff, 0x00, 0xff, 0x00,
    0xff, 0x00, 0xff, 0x00, 0xff, 0x00, 0xff, 0x00, 0xff, 0x00, 0xff, 0x00, 0xb7, 0x00, 0xff, 0x00,
    0xff, 0x00, 0xff, 0x00, 0xff, 0x00, 0xff, 0x00, 0xff, 0x00, 0xff, 0x00, 0xff, 0x00, 0xff, 0x00,
    0xff, 0x00, 0xff, 0x00, 0xff, 0x00, 0xff, 0x00, 0xff, 0x00, 0xff, 0x00, 0xff, 0x00, 0xff, 0x00,
    0xff, 0x00, 0xff, 0x00, 0xff, 0x00, 0xff, 0x00, 0xff, 0x00, 0xff, 0x00, 0xff, 0x00, 0xff, 0x00,
    0xff, 0x00, 0xff, 0x00, 0xff, 0x00, 0xff, 0x00, 0xff, 0x00, 0xff, 0x00, 0xff, 0x00, 0xff, 0x00,
    0xff, 0x00, 0xff, 0x00, 0xff, 0x00, 0xff, 0x00, 0xff, 0x00, 0xff, 0x00, 0xff, 0x00, 0xff, 0x00,
    0xff, 0x00, 0xff, 0x00, 0xff, 0x00, 0xa9, 0x00, 0x17, 0x01, 0xd2, 0x00, 0x25, 0x01, 0xc6, 0x00,
    0x2f, 0x01, 0xbc, 0x00, 0x39, 0x01, 0xb4, 0x00, 0x3f, 0x01, 0xae, 0x00, 0x45, 0x01, 0xa8, 0x00,
    0x4b, 0x01, 0xa2, 0x00, 0x51, 0x01, 0x9d, 0x00, 0x55, 0x01, 0x99, 0x00, 0x59, 0x01, 0x94, 0x00,
    0x5f, 0x01, 0x8f, 0x00, 0x63, 0x01, 0x8c, 0x00, 0x65, 0x01, 0x89, 0x00, 0x69, 0x01, 0x85, 0x00,
    0x6d, 0x01, 0x81, 0x00, 0x71, 0x01, 0x7e, 0x00, 0x73, 0x01, 0x7b, 0x00, 0x77, 0x01, 0x78, 0x00,
    0x79, 0x01, 0x76, 0x00, 0x7b, 0x01, 0x73, 0x00, 0x7f, 0x01, 0x70, 0x00, 0x81, 0x01, 0x6e, 0x00,
    0x83, 0x01, 0x6c, 0x00, 0x85, 0x01, 0x6a, 0x00, 0x87, 0x01, 0x68, 0x00, 0x89, 0x01, 0x65, 0x00,
    0x8d, 0x01, 0x62, 0x00, 0x8f, 0x01, 0x60, 0x00, 0x91, 0x01, 0x5f, 0x00, 0x91, 0x01, 0x5e, 0x00,
    0x93, 0x01, 0x5c, 0x00, 0x95, 0x01, 0x5a, 0x00, 0x97, 0x01, 0x58, 0x00, 0x99, 0x01, 0x56, 0x00,
    0x9b, 0x01, 0x55, 0x00, 0x9b, 0x01, 0x54, 0x00, 0x9d, 0x01, 0x52, 0x00, 0x9f, 0x01, 0x50, 0x00,
    0xa1, 0x01, 0x4f, 0x00, 0xa1, 0x01, 0x4e, 0x00, 0xa3, 0x01, 0x4d, 0x00, 0xa3, 0x01, 0x4c, 0x00,
    0xa5, 0x01, 0x4a, 0x00, 0x59, 0x01, 0x0a, 0x00, 0x44, 0x01, 0x49, 0x00, 0x57, 0x01, 0x0e, 0x00,
    0x42, 0x01, 0x48, 0x00, 0x57, 0x01, 0x10, 0x00, 0x42, 0x01, 0x47, 0x00, 0x56, 0x01, 0x13, 0x00,
    0x40, 0x01, 0x46, 0x00, 0x56, 0x01, 0x15, 0x00, 0x40, 0x01, 0x45, 0x00, 0x55, 0x01, 0x16, 0x00,
    0x40, 0x01, 0x44, 0x00, 0x55, 0x01, 0x18, 0x00, 0x40, 0x01, 0x43, 0x00, 0x54, 0x01, 0x1a, 0x00,
    0x3f, 0x01, 0x43, 0x00, 0x54, 0x01, 0x1b, 0x00, 0x3e, 0x01, 0x42, 0x00, 0x54, 0x01, 0x1c, 0x00,
    0x3f, 0x01, 0x41, 0x00, 0x54, 0x01, 0x1d, 0x00, 0x3e, 0x01, 0x41, 0x00, 0x53, 0x01, 0x1e, 0x00,
    0x3e, 0x01, 0x40, 0x00, 0x54, 0x01, 0x1f, 0x00, 0x3e, 0x01, 0x3f, 0x00, 0x53, 0x01, 0x20, 0x00,
    0x3e, 0x01, 0x3f, 0x00, 0x53, 0x01, 0x20, 0x00, 0x3e, 0x01, 0x3e, 0x00, 0x54, 0x01, 0x21, 0x00,
    0x3e, 0x01, 0x3d, 0x00, 0x53, 0x01, 0x22, 0x00, 0x3e, 0x01, 0x3d, 0x00, 0x53, 0x01, 0x09, 0x00,
    0x05, 0x03, 0x14, 0x00, 0x3e, 0x01, 0x3d, 0x00, 0x53, 0x01, 0x08, 0x00, 0x07, 0x03, 0x14, 0x00,
    0x3d, 0x01, 0x3d, 0x00, 0x52, 0x01, 0x08, 0x00, 0x08, 0x03, 0x14, 0x00, 0x3d, 0x01, 0x3c, 0x00,
    0x53, 0x01, 0x08, 0x00, 0x08, 0x03, 0x14, 0x00, 0x3e, 0x01, 0x3b, 0x00, 0x53, 0x01, 0x08, 0x00,
    0x08, 0x03, 0x14, 0x00, 0x3e, 0x01, 0x3b, 0x00, 0x53, 0x01, 0x09, 0x00, 0x07, 0x03, 0x15, 0x00,
    0x3d, 0x01, 0x3b, 0x00, 0x53, 0x01, 0x0a, 0x00, 0x05, 0x03, 0x16, 0x00, 0x3d, 0x01, 0x3b, 0x00,
    0x53, 0x01, 0x25, 0x00, 0x3d, 0x01, 0x3b, 0x00, 0x52, 0x01, 0x26, 0x00, 0x3d, 0x01, 0x3b, 0x00,
    0x52, 0x01, 0x26, 0x00, 0x3d, 0x01, 0x3b, 0x00, 0x52, 0x01, 0x26, 0x00, 0x3d, 0x01, 0x3b, 0x00,
    0x52, 0x01, 0x26, 0x00, 0x3d, 0x01, 0x3b, 0x00, 0x52, 0x01, 0x26, 0x00, 0x3d, 0x01, 0x3a, 0x00,
    0x53, 0x01, 0x26, 0x00, 0x3e, 0x01, 0x3a, 0x00, 0x52, 0x01, 0x26, 0x00, 0x3d, 0x01, 0x3b, 0x00,
    0x52, 0x01, 0x26, 0x00, 0x3d, 0x01, 0x3b, 0x00, 0x52, 0x01, 0x26, 0x00, 0x3d, 0x01, 0x3b, 0x00,
    0x52, 0x01, 0x26, 0x00, 0x3d, 0x01, 0x3b, 0x00, 0x52, 0x01, 0x26, 0x00, 0x3d, 0x01, 0x3b, 0x00,
    0x53, 0x01, 0x25, 0x00, 0x3d, 0x01, 0x3b, 0x00, 0x53, 0x01, 0x25, 0x00, 0x3d, 0x01, 0x3b, 0x00,
    0x53, 0x01, 0x25, 0x00, 0x3d, 0x01, 0x3b, 0x00, 0x53, 0x01, 0x24, 0x00, 0x3e, 0x01, 0x3b, 0x00,
    0x53, 0x01, 0x24, 0x00, 0x3e, 0x01, 0x3c, 0x00, 0x52, 0x01, 0x24, 0x00, 0x3d, 0x01, 0x3d, 0x00,
    0x53, 0x01, 0x23, 0x00, 0x3d, 0x01, 0x3d, 0x00, 0x53, 0x01, 0x22, 0x00, 0x3e, 0x01, 0x3d, 0x00,
    0x53, 0x01, 0x22, 0x00, 0x3e, 0x01, 0x3d, 0x00, 0x54, 0x01, 0x21, 0x00, 0x3e, 0x01, 0x3e, 0x00,
    0x53, 0x01, 0x20, 0x00, 0x3e, 0x01, 0x3f, 0x00, 0x53, 0x01, 0x20, 0x00, 0x3e, 0x01, 0x3f, 0x00,
    0x54, 0x01, 0x1f, 0x00, 0x3e, 0x01, 0x40, 0x00, 0x53, 0x01, 0x1e, 0x00, 0x3e, 0x01, 0x41, 0x00,
    0x54, 0x01, 0x1d, 0x00, 0x3e, 0x01, 0x41, 0x00, 0x54, 0x01, 0x1c, 0x00, 0x3f, 0x01, 0x42, 0x00,
    0x54, 0x01, 0x1b, 0x00, 0x3e, 0x01, 0x43, 0x00, 0x54, 0x01, 0x1a, 0x00, 0x3f, 0x01, 0x43, 0x00,
    0x55, 0x01, 0x18, 0x00, 0x40, 0x01, 0x44, 0x00, 0x55, 0x01, 0x16, 0x00, 0x40, 0x01, 0x45, 0x00,
    0x56, 0x01, 0x15, 0x00, 0x40, 0x01, 0x46, 0x00, 0x56, 0x01, 0x13, 0x00, 0x40, 0x01, 0x47, 0x00,
    0x57, 0x01, 0x10, 0x00, 0x42, 0x01, 0x48, 0x00, 0x57, 0x01, 0x0e, 0x00, 0x42, 0x01, 0x49, 0x00,
    0x59, 0x01, 0x0a, 0x00, 0x44, 0x01, 0x4a, 0x00, 0xa5, 0x01, 0x4c, 0x00, 0xa3, 0x01, 0x4d, 0x00,
    0xa3, 0x01, 0x4e, 0x00, 0xa1, 0x01, 0x4f, 0x00, 0xa1, 0x01, 0x50, 0x00, 0x9f, 0x01, 0x52, 0x00,
    0x9d, 0x01, 0x54, 0x00, 0x9b, 0x01, 0x55, 0x00, 0x9b, 0x01, 0x56, 0x00, 0x99, 0x01, 0x58, 0x00,
    0x97, 0x01, 0x5a, 0x00, 0x95, 0x01, 0x5c, 0x00, 0x93, 0x01, 0x5e, 0x00, 0x91, 0x01, 0x5f, 0x00,
    0x91, 0x01, 0x60, 0x00, 0x8f, 0x01, 0x62, 0x00, 0x8d, 0x01, 0x65, 0x00, 0x89, 0x01, 0x68, 0x00,
    0x87, 0x01, 0x6a, 0x00, 0x85, 0x01, 0x6c, 0x00, 0x83, 0x01, 0x6e, 0x00, 0x81, 0x01, 0x70, 0x00,
    0x7f, 0x01, 0x73, 0x00, 0x7b, 0x01, 0x76, 0x00, 0x79, 0x01, 0x78, 0x00, 0x77, 0x01, 0x7b, 0x00,
    0x73, 0x01, 0x7e, 0x00, 0x71, 0x01, 0x81, 0x00, 0x6d, 0x01, 0x85, 0x00, 0x69, 0x01, 0x89, 0x00,
    0x65, 0x01, 0x8c, 0x00, 0x63, 0x01, 0x8f, 0x00, 0x5f, 0x01, 0x94, 0x00, 0x59, 0x01, 0x99, 0x00,
    0x55, 0x01, 0x9d, 0x00, 0x51, 0x01, 0xa2, 0x00, 0x4b, 0x01, 0xa8, 0x00, 0x45, 0x01, 0xae, 0x00,
    0x3f, 0x01, 0xb4, 0x00, 0x39, 0x01, 0xbc, 0x00, 0x2f, 0x01, 0xc6, 0x00, 0x25, 0x01, 0xd2, 0x00,
    0x17, 0x01, 0xff, 0x00, 0xff, 0x00, 0xff, 0x00, 0xff, 0x00, 0xff, 0x00, 0xff, 0x00, 0xff, 0x00,
    0xff, 0x00, 0xff, 0x00, 0xff, 0x00, 0xff, 0x00, 0xff, 0x00, 0xff, 0x00, 0xff, 0x00, 0xff, 0x00,
    0xff, 0x00, 0xff, 0x00, 0xff, 0x00, 0xff, 0x00, 0xff, 0x00, 0xff, 0x00, 0xff, 0x00, 0xff, 0x00,
    0xff, 0x00, 0xff, 0x00, 0xff, 0x00, 0xff, 0x00, 0xff, 0x00, 0xff, 0x00, 0xff, 0x00, 0xff, 0x00,
    0xff, 0x00, 0xff, 0x00, 0xff, 0x00, 0xff, 0x00, 0xff, 0x00, 0xff, 0x00, 0xff, 0x00, 0xff, 0x00,
    0xff, 0x00, 0xff, 0x00, 0xff, 0x00, 0xff, 0x00, 0xb7, 0x00, 0xff, 0x00, 0xff, 0x00, 0xff, 0x00,
    0xff, 0x00, 0xff, 0x00, 0xff, 0x00, 0xff, 0x00, 0xff, 0x00, 0xff, 0x00, 0xff, 0x00, 0xff, 0x00,
    0xff, 0x00, 0xff, 0x00, 0xff, 0x00, 0xff, 0x00, 0xff, 0x00, 0xff, 0x00, 0xff, 0x00, 0xff, 0x00,
    0xff, 0x00, 0xff, 0x00, 0xff, 0x00, 0xff, 0x00, 0xff, 0x00, 0xff, 0x00, 0xff, 0x00, 0xff, 0x00,
    0xff, 0x00, 0xff, 0x00, 0xff, 0x00, 0xff, 0x00, 0xff, 0x00, 0xff, 0x00, 0xff, 0x00, 0xff, 0x00,
    0xff, 0x00, 0xff, 0x00, 0xff, 0x00, 0xff, 0x00, 0xff, 0x00, 0xff, 0x00, 0xff, 0x00, 0xff, 0x00,
    0xff, 0x00, 0xa9, 0x00, 0x17, 0x01, 0xd2, 0x00, 0x25, 0x01, 0xc6, 0x00, 0x2f, 0x01, 0xbc, 0x00,
    0x39, 0x01, 0xb4, 0x00, 0x3f, 0x01, 0xae, 0x00, 0x45, 0x01, 0xa8, 0x00, 0x4b, 0x01, 0xa2, 0x00,
    0x51, 0x01, 0x9d, 0x00, 0x55, 0x01, 0x99, 0x00, 0x59, 0x01, 0x94, 0x00, 0x5f, 0x01, 0x8f, 0x00,
    0x63, 0x01, 0x8c, 0x00, 0x65, 0x01, 0x89, 0x00, 0x69, 0x01, 0x85, 0x00, 0x6d, 0x01, 0x81, 0x00,
    0x71, 0x01, 0x7e, 0x00, 0x73, 0x01, 0x7b, 0x00, 0x77, 0x01, 0x78, 0x00, 0x79, 0x01, 0x76, 0x00,
    0x7b, 0x01, 0x73, 0x00, 0x7f, 0x01, 0x70, 0x00, 0x81, 0x01, 0x6e, 0x00, 0x83, 0x01, 0x6c, 0x00,
    0x85, 0x01, 0x6a, 0x00, 0x87, 0x01, 0x68, 0x00, 0x89, 0x01, 0x65, 0x00, 0x8d, 0x01, 0x62, 0x00,
    0x8f, 0x01, 0x60, 0x00, 0x91, 0x01, 0x5f, 0x00, 0x91, 0x01, 0x5e, 0x00, 0x93, 0x01, 0x5c, 0x00,
    0x95, 0x01, 0x5a, 0x00, 0x97, 0x01, 0x58, 0x00, 0x99, 0x01, 0x56, 0x00, 0x9b, 0x01, 0x55, 0x00,
    0x9b, 0x01, 0x54, 0x00, 0x9d, 0x01, 0x52, 0x00, 0x9f, 0x01, 0x50, 0x00, 0xa1, 0x01, 0x4f, 0x00,
    0xa1, 0x01, 0x4e, 0x00, 0xa3, 0x01, 0x4d, 0x00, 0xa3, 0x01, 0x4c, 0x00, 0xa5, 0x01, 0x4a, 0x00,
    0x60, 0x01, 0x0a, 0x00, 0x3d, 0x01, 0x49, 0x00, 0x5f, 0x01, 0x0d, 0x00, 0x3b, 0x01, 0x48, 0x00,
    0x5e, 0x01, 0x10, 0x00, 0x3b, 0x01, 0x47, 0x00, 0x5d, 0x01, 0x13, 0x00, 0x39, 0x01, 0x46, 0x00,
    0x5d, 0x01, 0x15, 0x00, 0x39, 0x01, 0x45, 0x00, 0x5c, 0x01, 0x17, 0x00, 0x38, 0x01, 0x44, 0x00,
    0x5c, 0x01, 0x18, 0x00, 0x39, 0x01, 0x43, 0x00, 0x5c, 0x01, 0x19, 0x00, 0x38, 0x01, 0x43, 0x00,
    0x5b, 0x01, 0x1b, 0x00, 0x37, 0x01, 0x42, 0x00, 0x5b, 0x01, 0x1c, 0x00, 0x38, 0x01, 0x41, 0x00,
    0x5b, 0x01, 0x1d, 0x00, 0x37, 0x01, 0x41, 0x00, 0x5a, 0x01, 0x1e, 0x00, 0x37, 0x01, 0x40, 0x00,
    0x5b, 0x01, 0x1f, 0x00, 0x37, 0x01, 0x3f, 0x00, 0x5a, 0x01, 0x20, 0x00, 0x37, 0x01, 0x3f, 0x00,
    0x5a, 0x01, 0x21, 0x00, 0x36, 0x01, 0x3e, 0x00, 0x5b, 0x01, 0x21, 0x00, 0x37, 0x01, 0x3d, 0x00,
    0x5a, 0x01, 0x22, 0x00, 0x37, 0x01, 0x3d, 0x00, 0x5a, 0x01, 0x09, 0x00, 0x05, 0x03, 0x15, 0x00,
    0x36, 0x01, 0x3d, 0x00, 0x5a, 0x01, 0x08, 0x00, 0x07, 0x03, 0x14, 0x00, 0x36, 0x01, 0x3d, 0x00,
    0x5a, 0x01, 0x07, 0x00, 0x08, 0x03, 0x14, 0x00, 0x36, 0x01, 0x3c, 0x00, 0x5a, 0x01, 0x08, 0x00,
    0x08, 0x03, 0x14, 0x00, 0x37, 0x01, 0x3b, 0x00, 0x5a, 0x01, 0x08, 0x00, 0x08, 0x03, 0x14, 0x00,
    0x37, 0x01, 0x3b, 0x00, 0x5a, 0x01, 0x09, 0x00, 0x07, 0x03, 0x15, 0x00, 0x36, 0x01, 0x3b, 0x00,
    0x5a, 0x01, 0x0a, 0x00, 0x05, 0x03, 0x16, 0x00, 0x36, 0x01, 0x3b, 0x00, 0x5a, 0x01, 0x25, 0x00,
    0x36, 0x01, 0x3b, 0x00, 0x5a, 0x01, 0x25, 0x00, 0x36, 0x01, 0x3b, 0x00, 0x59, 0x01, 0x26, 0x00,
    0x36, 0x01, 0x3b, 0x00, 0x59, 0x01, 0x26, 0x00, 0x36, 0x01, 0x3b, 0x00, 0x59, 0x01, 0x26, 0x00,
    0x36, 0x01, 0x3b, 0x00, 0x59, 0x01, 0x26, 0x00, 0x36, 0x01, 0x3a, 0x00, 0x5a, 0x01, 0x26, 0x00,
    0x37, 0x01, 0x3a, 0x00, 0x59, 0x01, 0x26, 0x00, 0x36, 0x01, 0x3b, 0x00, 0x59, 0x01, 0x26, 0x00,
    0x36, 0x01, 0x3b, 0x00, 0x59, 0x01, 0x26, 0x00, 0x36, 0x01, 0x3b, 0x00, 0x59, 0x01, 0x26, 0x00,
    0x36, 0x01, 0x3b, 0x00, 0x5a, 0x01, 0x25, 0x00, 0x36, 0x01, 0x3b, 0x00, 0x5a, 0x01, 0x25, 0x00,
    0x36, 0x01, 0x3b, 0x00, 0x5a, 0x01, 0x25, 0x00, 0x36, 0x01, 0x3b, 0x00, 0x5a, 0x01, 0x25, 0x00,
    0x36, 0x01, 0x3b, 0x00, 0x5a, 0x01, 0x24, 0x00, 0x37, 0x01, 0x3b, 0x00, 0x5a, 0x01, 0x24, 0x00,
    0x37, 0x01, 0x3c, 0x00, 0x5a, 0x01, 0x23, 0x00, 0x36, 0x01, 0x3d, 0x00, 0x5a, 0x01, 0x23, 0x00,
    0x36, 0x01, 0x3d, 0x00, 0x5a, 0x01, 0x23, 0x00, 0x36, 0x01, 0x3d, 0x00, 0x5a, 0x01, 0x22, 0x00,
    0x37, 0x01, 0x3d, 0x00, 0x5b, 0x01, 0x21, 0x00, 0x37, 0x01, 0x3e, 0x00, 0x5a, 0x01, 0x21, 0x00,
    0x36, 0x01, 0x3f, 0x00, 0x5a, 0x01, 0x20, 0x00, 0x37, 0x01, 0x3f, 0x00, 0x5b, 0x01, 0x1f, 0x00,
    0x37, 0x01, 0x40, 0x00, 0x5a, 0x01, 0x1e, 0x00, 0x37, 0x01, 0x41, 0x00, 0x5b, 0x01, 0x1d, 0x00,
    0x37, 0x01, 0x41, 0x00, 0x5b, 0x01, 0x1c, 0x00, 0x38, 0x01, 0x42, 0x00, 0x5b, 0x01, 0x1b, 0x00,
    0x37, 0x01, 0x43, 0x00, 0x5c, 0x01, 0x19, 0x00, 0x38, 0x01, 0x43, 0x00, 0x5c, 0x01, 0x18, 0x00,
    0x39, 0x01, 0x44, 0x00, 0x5c, 0x01, 0x17, 0x00, 0x38, 0x01, 0x45, 0x00, 0x5d, 0x01, 0x15, 0x00,
    0x39, 0x01, 0x46, 0x00, 0x5d, 0x01, 0x13, 0x00, 0x39, 0x01, 0x47, 0x00, 0x5e, 0x01, 0x10, 0x00,
    0x3b, 0x01, 0x48, 0x00, 0x5f, 0x01, 0x0d, 0x00, 0x3b, 0x01, 0x49, 0x00, 0x60, 0x01, 0x0a, 0x00,
    0x3d, 0x01, 0x4a, 0x00, 0xa5, 0x01, 0x4c, 0x00, 0xa3, 0x01, 0x4d, 0x00, 0xa3, 0x01, 0x4e, 0x00,
    0xa1, 0x01, 0x4f, 0x00, 0xa1, 0x01, 0x50, 0x00, 0x9f, 0x01, 0x52, 0x00, 0x9d, 0x01, 0x54, 0x00,
    0x9b, 0x01, 0x55, 0x00, 0x9b, 0x01, 0x56, 0x00, 0x99, 0x01, 0x58, 0x00, 0x97, 0x01, 0x5a, 0x00,
    0x95, 0x01, 0x5c, 0x00, 0x93, 0x01, 0x5e, 0x00, 0x91, 0x01, 0x5f, 0x00, 0x91, 0x01, 0x60, 0x00,
    0x8f, 0x01, 0x62, 0x00, 0x8d, 0x01, 0x65, 0x00, 0x89, 0x01, 0x68, 0x00, 0x87, 0x01, 0x6a, 0x00,
    0x85, 0x01, 0x6c, 0x00, 0x83, 0x01, 0x6e, 0x00, 0x81, 0x01, 0x70, 0x00, 0x7f, 0x01, 0x73, 0x00,
    0x7b, 0x01, 0x76, 0x00, 0x79, 0x01, 0x78, 0x00, 0x77, 0x01, 0x7b, 0x00, 0x73, 0x01, 0x7e, 0x00,
    0x71, 0x01, 0x81, 0x00, 0x6d, 0x01, 0x85, 0x00, 0x69, 0x01, 0x89, 0x00, 0x65, 0x01, 0x8c, 0x00,
    0x63, 0x01, 0x8f, 0x00, 0x5f, 0x01, 0x94, 0x00, 0x59, 0x01, 0x99, 0x00, 0x55, 0x01, 0x9d, 0x00,
    0x51, 0x01, 0xa2, 0x00, 0x4b, 0x01, 0xa8, 0x00, 0x45, 0x01, 0xae, 0x00, 0x3f, 0x01, 0xb4, 0x00,
    0x39, 0x01, 0xbc, 0x00, 0x2f, 0x01, 0xc6, 0x00, 0x25, 0x01, 0xd2, 0x00, 0x17, 0x01, 0xff, 0x00,
    0xff, 0x00, 0xff, 0x00, 0xff, 0x00, 0xff, 0x00, 0xff, 0x00, 0xff, 0x00, 0xff, 0x00, 0xff, 0x00,
    0xff, 0x00, 0xff, 0x00, 0xff, 0x00, 0xff, 0x00, 0xff, 0x00, 0xff, 0x00, 0xff, 0x00, 0xff, 0x00,
    0xff, 0x00, 0xff, 0x00, 0xff, 0x00, 0xff, 0x00, 0xff, 0x00, 0xff, 0x00, 0xff, 0x00, 0xff, 0x00,
    0xff, 0x00, 0xff, 0x00, 0xff, 0x00, 0xff, 0x00, 0xff, 0x00, 0xff, 0x00, 0xff, 0x00, 0xff, 0x00,
    0xff, 0x00, 0xff, 0x00, 0xff, 0x00, 0xff, 0x00, 0xff, 0x00, 0xff, 0x00, 0xff, 0x00, 0xff, 0x00,
    0xff, 0x00, 0xff, 0x00, 0xb7, 0x00, 0xff, 0x00, 0xff, 0x00, 0xff, 0x00, 0xff, 0x00, 0xff, 0x00,
    0xff, 0x00, 0xff, 0x00, 0xff, 0x00, 0xff, 0x00, 0xff, 0x00, 0xff, 0x00, 0xff, 0x00, 0xff, 0x00,
    0xff, 0x00, 0xff, 0x00, 0xff, 0x00, 0xff, 0x00, 0xff, 0x00, 0xff, 0x00, 0xff, 0x00, 0xff, 0x00,
    0xff, 0x00, 0xff, 0x00, 0xff, 0x00, 0xff, 0x00, 0xff, 0x00, 0xff, 0x00, 0xff, 0x00, 0xff, 0x00,
    0xff, 0x00, 0xff, 0x00, 0xff, 0x00, 0xff, 0x00, 0xff, 0x00, 0xff, 0x00, 0xff, 0x00, 0xff, 0x00,
    0xff, 0x00, 0xff, 0x00, 0xff, 0x00, 0xff, 0x00, 0xff, 0x00, 0xff, 0x00, 0xff, 0x00, 0xa9, 0x00,
    0x17, 0x01, 0xd2, 0x00, 0x25, 0x01, 0xc6, 0x00, 0x2f, 0x01, 0xbc, 0x00, 0x39, 0x01, 0xb4, 0x00,
    0x3f, 0x01, 0xae, 0x00, 0x45, 0x01, 0xa8, 0x00, 0x4b, 0x01, 0xa2, 0x00, 0x51, 0x01, 0x9d, 0x00,
    0x55, 0x01, 0x99, 0x00, 0x59, 0x01, 0x94, 0x00, 0x5f, 0x01, 0x8f, 0x00, 0x63, 0x01, 0x8c, 0x00,
    0x65, 0x01, 0x89, 0x00, 0x69, 0x01, 0x85, 0x00, 0x6d, 0x01, 0x81, 0x00, 0x71, 0x01, 0x7e, 0x00,
    0x73, 0x01, 0x7b, 0x00, 0x77, 0x01, 0x78, 0x00, 0x79, 0x01, 0x76, 0x00, 0x7b, 0x01, 0x73, 0x00,
    0x7f, 0x01, 0x70, 0x00, 0x81, 0x01, 0x6e, 0x00, 0x83, 0x01, 0x6c, 0x00, 0x85, 0x01, 0x6a, 0x00,
    0x87, 0x01, 0x68, 0x00, 0x89, 0x01, 0x65, 0x00, 0x8d, 0x01, 0x62, 0x00, 0x8f, 0x01, 0x60, 0x00,
    0x91, 0x01, 0x5f, 0x00, 0x91, 0x01, 0x5e, 0x00, 0x93, 0x01, 0x5c, 0x00, 0x95, 0x01, 0x5a, 0x00,
    0x97, 0x01, 0x58, 0x00, 0x99, 0x01, 0x56, 0x00, 0x9b, 0x01, 0x55, 0x00, 0x9b, 0x01, 0x54, 0x00,
    0x9d, 0x01, 0x52, 0x00, 0x9f, 0x01, 0x50, 0x00, 0xa1, 0x01, 0x4f, 0x00, 0xa1, 0x01, 0x4e, 0x00,
    0xa3, 0x01, 0x4d, 0x00, 0xa3, 0x01, 0x4c, 0x00, 0xa5, 0x01, 0x4a, 0x00, 0x68, 0x01, 0x09, 0x00,
    0x36, 0x01, 0x49, 0x00, 0x66, 0x01, 0x0d, 0x00, 0x34, 0x01, 0x48, 0x00, 0x65, 0x01, 0x11, 0x00,
    0x33, 0x01, 0x47, 0x00, 0x64, 0x01, 0x13, 0x00, 0x32, 0x01, 0x46, 0x00, 0x64, 0x01, 0x15, 0x00,
    0x32, 0x01, 0x45, 0x00, 0x63, 0x01, 0x17, 0x00, 0x31, 0x01, 0x44, 0x00, 0x63, 0x01, 0x18, 0x00,
    0x32, 0x01, 0x43, 0x00, 0x63, 0x01, 0x19, 0x00, 0x31, 0x01, 0x43, 0x00, 0x62, 0x01, 0x1b, 0x00,
    0x30, 0x01, 0x42, 0x00, 0x62, 0x01, 0x1c, 0x00, 0x31, 0x01, 0x41, 0x00, 0x62, 0x01, 0x1d, 0x00,
    0x30, 0x01, 0x41, 0x00, 0x61, 0x01, 0x1e, 0x00, 0x30, 0x01, 0x40, 0x00, 0x62, 0x01, 0x1f, 0x00,
    0x30, 0x01, 0x3f, 0x00, 0x62, 0x01, 0x1f, 0x00, 0x30, 0x01, 0x3f, 0x00, 0x61, 0x01, 0x21, 0x00,
    0x2f, 0x01, 0x3e, 0x00, 0x62, 0x01, 0x21, 0x00, 0x30, 0x01, 0x3d, 0x00, 0x61, 0x01, 0x22, 0x00,
    0x30, 0x01, 0x3d, 0x00, 0x61, 0x01, 0x09, 0x00, 0x05, 0x03, 0x15, 0x00, 0x2f, 0x01, 0x3d, 0x00,
    0x61, 0x01, 0x08, 0x00, 0x07, 0x03, 0x14, 0x00, 0x2f, 0x01, 0x3d, 0x00, 0x61, 0x01, 0x08, 0x00,
    0x07, 0x03, 0x14, 0x00, 0x2f, 0x01, 0x3c, 0x00, 0x61, 0x01, 0x08, 0x00, 0x08, 0x03, 0x14, 0x00,
    0x30, 0x01, 0x3b, 0x00, 0x61, 0x01, 0x09, 0x00, 0x07, 0x03, 0x15, 0x00, 0x2f, 0x01, 0x3b, 0x00,
    0x61, 0x01, 0x09, 0x00, 0x07, 0x03, 0x15, 0x00, 0x2f, 0x01, 0x3b, 0x00, 0x61, 0x01, 0x0a, 0x00,
    0x05, 0x03, 0x16, 0x00, 0x2f, 0x01, 0x3b, 0x00, 0x61, 0x01, 0x25, 0x00, 0x2f, 0x01, 0x3b, 0x00,
    0x61, 0x01, 0x25, 0x00, 0x2f, 0x01, 0x3b, 0x00, 0x61, 0x01, 0x25, 0x00, 0x2f, 0x01, 0x3b, 0x00,
    0x60, 0x01, 0x26, 0x00, 0x2f, 0x01, 0x3b, 0x00, 0x60, 0x01, 0x26, 0x00, 0x2f, 0x01, 0x3b, 0x00,
    0x60, 0x01, 0x26, 0x00, 0x2f, 0x01, 0x3a, 0x00, 0x61, 0x01, 0x26, 0x00, 0x30, 0x01, 0x3a, 0x00,
    0x60, 0x01, 0x26, 0x00, 0x2f, 0x01, 0x3b, 0x00, 0x60, 0x01, 0x26, 0x00, 0x2f, 0x01, 0x3b, 0x00,
    0x60, 0x01, 0x26, 0x00, 0x2f, 0x01, 0x3b, 0x00, 0x61, 0x01, 0x25, 0x00, 0x2f, 0x01, 0x3b, 0x00,
    0x61, 0x01, 0x25, 0x00, 0x2f, 0x01, 0x3b, 0x00, 0x61, 0x01, 0x25, 0x00, 0x2f, 0x01, 0x3b, 0x00,
    0x61, 0x01, 0x25, 0x00, 0x2f, 0x01, 0x3b, 0x00, 0x61, 0x01, 0x25, 0x00, 0x2f, 0x01, 0x3b, 0x00,
    0x61, 0x01, 0x25, 0x00, 0x2f, 0x01, 0x3b, 0x00, 0x61, 0x01, 0x24, 0x00, 0x30, 0x01, 0x3c, 0x00,
    0x61, 0x01, 0x23, 0x00, 0x2f, 0x01, 0x3d, 0x00, 0x61, 0x01, 0x23, 0x00, 0x2f, 0x01, 0x3d, 0x00,
    0x61, 0x01, 0x23, 0x00, 0x2f, 0x01, 0x3d, 0x00, 0x61, 0x01, 0x22, 0x00, 0x30, 0x01, 0x3d, 0x00,
    0x62, 0x01, 0x21, 0x00, 0x30, 0x01, 0x3e, 0x00, 0x61, 0x01, 0x21, 0x00, 0x2f, 0x01, 0x3f, 0x00,
    0x62, 0x01, 0x1f, 0x00, 0x30, 0x01, 0x3f, 0x00, 0x62, 0x01, 0x1f, 0x00, 0x30, 0x01, 0x40, 0x00,
    0x61, 0x01, 0x1e, 0x00, 0x30, 0x01, 0x41, 0x00, 0x62, 0x01, 0x1d, 0x00, 0x30, 0x01, 0x41, 0x00,
    0x62, 0x01, 0x1c, 0x00, 0x31, 0x01, 0x42, 0x00, 0x62, 0x01, 0x1b, 0x00, 0x30, 0x01, 0x43, 0x00,
    0x63, 0x01, 0x19, 0x00, 0x31, 0x01, 0x43, 0x00, 0x63, 0x01, 0x18, 0x00, 0x32, 0x01, 0x44, 0x00,
    0x63, 0x01, 0x17, 0x00, 0x31, 0x01, 0x45, 0x00, 0x64, 0x01, 0x15, 0x00, 0x32, 0x01, 0x46, 0x00,
    0x64, 0x01, 0x13, 0x00, 0x32, 0x01, 0x47, 0x00, 0x65, 0x01, 0x11, 0x00, 0x33, 0x01, 0x48, 0x00,
    0x66, 0x01, 0x0d, 0x00, 0x34, 0x01, 0x49, 0x00, 0x68, 0x01, 0x09, 0x00, 0x36, 0x01, 0x4a, 0x00,
    0xa5, 0x01, 0x4c, 0x00, 0xa3, 0x01, 0x4d, 0x00, 0xa3, 0x01, 0x4e, 0x00, 0xa1, 0x01, 0x4f, 0x00,
    0xa1, 0x01, 0x50, 0x00, 0x9f, 0x01, 0x52, 0x00, 0x9d, 0x01, 0x54, 0x00, 0x9b, 0x01, 0x55, 0x00,
    0x9b, 0x01, 0x56, 0x00, 0x99, 0x01, 0x58, 0x00, 0x97, 0x01, 0x5a, 0x00, 0x95, 0x01, 0x5c, 0x00,
    0x93, 0x01, 0x5e, 0x00, 0x91, 0x01, 0x5f, 0x00, 0x91, 0x01, 0x60, 0x00, 0x8f, 0x01, 0x62, 0x00,
    0x8d, 0x01, 0x65, 0x00, 0x89, 0x01, 0x68, 0x00, 0x87, 0x01, 0x6a, 0x00, 0x85, 0x01, 0x6c, 0x00,
    0x83, 0x01, 0x6e, 0x00, 0x81, 0x01, 0x70, 0x00, 0x7f, 0x01, 0x73, 0x00, 0x7b, 0x01, 0x76, 0x00,
    0x79, 0x01, 0x78, 0x00, 0x77, 0x01, 0x7b, 0x00, 0x73, 0x01, 0x7e, 0x00, 0x71, 0x01, 0x81, 0x00,
    0x6d, 0x01, 0x85, 0x00, 0x69, 0x01, 0x89, 0x00, 0x65, 0x01, 0x8c, 0x00, 0x63, 0x01, 0x8f, 0x00,
    0x5f, 0x01, 0x94, 0x00, 0x59, 0x01, 0x99, 0x00, 0x55, 0x01, 0x9d, 0x00, 0x51, 0x01, 0xa2, 0x00,
    0x4b, 0x01, 0xa8, 0x00, 0x45, 0x01, 0xae, 0x00, 0x3f, 0x01, 0xb4, 0x00, 0x39, 0x01, 0xbc, 0x00,
    0x2f, 0x01, 0xc6, 0x00, 0x25, 0x01, 0xd2, 0x00, 0x17, 0x01, 0xff, 0x00, 0xff, 0x00, 0xff, 0x00,
    0xff, 0x00, 0xff, 0x00, 0xff, 0x00, 0xff, 0x00, 0xff, 0x00, 0xff, 0x00, 0xff, 0x00, 0xff, 0x00,
    0xff, 0x00, 0xff, 0x00, 0xff, 0x00, 0xff, 0x00, 0xff, 0x00, 0xff, 0x00, 0xff, 0x00, 0xff, 0x00,
    0xff, 0x00, 0xff, 0x00, 0xff, 0x00, 0xff, 0x00, 0xff, 0x00, 0xff, 0x00, 0xff, 0x00, 0xff, 0x00,
    0xff, 0x00, 0xff, 0x00, 0xff, 0x00, 0xff, 0x00, 0xff, 0x00, 0xff, 0x00, 0xff, 0x00, 0xff, 0x00,
    0xff, 0x00, 0xff, 0x00, 0xff, 0x00, 0xff, 0x00, 0xff, 0x00, 0xff, 0x00, 0xff, 0x00, 0xff, 0x00,
    0xb7, 0x00, 0xff, 0x00, 0xff, 0x00, 0xff, 0x00, 0xff, 0x00, 0xff, 0x00, 0xff, 0x00, 0xff, 0x00,
    0xff, 0x00, 0xff, 0x00, 0xff, 0x00, 0xff, 0x00, 0xff, 0x00, 0xff, 0x00, 0xff, 0x00, 0xff, 0x00,
    0xff, 0x00, 0xff, 0x00, 0xff, 0x00, 0xff, 0x00, 0xff, 0x00, 0xff, 0x00, 0xff, 0x00, 0xff, 0x00,
    0xff, 0x00, 0xff, 0x00, 0xff, 0x00, 0xff, 0x00, 0xff, 0x00, 0xff, 0x00, 0xff, 0x00, 0xff, 0x00,
    0xff, 0x00, 0xff, 0x00, 0xff, 0x00, 0xff, 0x00, 0xff, 0x00, 0xff, 0x00, 0xff, 0x00, 0xff, 0x00,
    0xff, 0x00, 0xff, 0x00, 0xff, 0x00, 0xff, 0x00, 0xff, 0x00, 0xa9, 0x00, 0x17, 0x01, 0xd2, 0x00,
    0x25, 0x01, 0xc6, 0x00, 0x2f, 0x01, 0xbc, 0x00, 0x39, 0x01, 0xb4, 0x00, 0x3f, 0x01, 0xae, 0x00,
    0x45, 0x01, 0xa8, 0x00, 0x4b, 0x01, 0xa2, 0x00, 0x51, 0x01, 0x9d, 0x00, 0x55, 0x01, 0x99, 0x00,
    0x59, 0x01, 0x94, 0x00, 0x5f, 0x01, 0x8f, 0x00, 0x63, 0x01, 0x8c, 0x00, 0x65, 0x01, 0x89, 0x00,
    0x69, 0x01, 0x85, 0x00, 0x6d, 0x01, 0x81, 0x00, 0x71, 0x01, 0x7e, 0x00, 0x73, 0x01, 0x7b, 0x00,
    0x77, 0x01, 0x78, 0x00, 0x79, 0x01, 0x76, 0x00, 0x7b, 0x01, 0x73, 0x00, 0x7f, 0x01, 0x70, 0x00,
    0x81, 0x01, 0x6e, 0x00, 0x83, 0x01, 0x6c, 0x00, 0x85, 0x01, 0x6a, 0x00, 0x87, 0x01, 0x68, 0x00,
    0x89, 0x01, 0x65, 0x00, 0x8d, 0x01, 0x62, 0x00, 0x8f, 0x01, 0x60, 0x00, 0x91, 0x01, 0x5f, 0x00,
    0x91, 0x01, 0x5e, 0x00, 0x93, 0x01, 0x5c, 0x00, 0x95, 0x01, 0x5a, 0x00, 0x97, 0x01, 0x58, 0x00,
    0x99, 0x01, 0x56, 0x00, 0x9b, 0x01, 0x55, 0x00, 0x9b, 0x01, 0x54, 0x00, 0x9d, 0x01, 0x52, 0x00,
    0x9f, 0x01, 0x50, 0x00, 0xa1, 0x01, 0x4f, 0x00, 0xa1, 0x01, 0x4e, 0x00, 0xa3, 0x01, 0x4d, 0x00,
    0xa3, 0x01, 0x4c, 0x00, 0x72, 0x01, 0x01, 0x00, 0x32, 0x01, 0x4a, 0x00, 0x6f, 0x01, 0x09, 0x00,
    0x2f, 0x01, 0x49, 0x00, 0x6d, 0x01, 0x0d, 0x00, 0x2d, 0x01, 0x48, 0x00, 0x6c, 0x01, 0x11, 0x00,
    0x2c, 0x01, 0x47, 0x00, 0x6b, 0x01, 0x13, 0x00, 0x2b, 0x01, 0x46, 0x00, 0x6b, 0x01, 0x15, 0x00,
    0x2b, 0x01, 0x45, 0x00, 0x6a, 0x01, 0x17, 0x00, 0x2a, 0x01, 0x44, 0x00, 0x6a, 0x01, 0x19, 0x00,
    0x2a, 0x01, 0x43, 0x00, 0x6a, 0x01, 0x19, 0x00, 0x2a, 0x01, 0x43, 0x00, 0x69, 0x01, 0x1b, 0x00,
    0x29, 0x01, 0x42, 0x00, 0x6a, 0x01, 0x1b, 0x00, 0x2a, 0x01, 0x41, 0x00, 0x69, 0x01, 0x1d, 0x00,
    0x29, 0x01, 0x41, 0x00, 0x68, 0x01, 0x1f, 0x00, 0x28, 0x01, 0x40, 0x00, 0x69, 0x01, 0x1f, 0x00,
    0x29, 0x01, 0x3f, 0x00, 0x69, 0x01, 0x1f, 0x00, 0x29, 0x01, 0x3f, 0x00, 0x68, 0x01, 0x21, 0x00,
    0x28, 0x01, 0x3e, 0x00, 0x69, 0x01, 0x21, 0x00, 0x29, 0x01, 0x3d, 0x00, 0x69, 0x01, 0x0a, 0x00,
    0x01, 0x03, 0x16, 0x00, 0x29, 0x01, 0x3d, 0x00, 0x68, 0x01, 0x09, 0x00, 0x05, 0x03, 0x15, 0x00,
    0x28, 0x01, 0x3d, 0x00, 0x68, 0x01, 0x08, 0x00, 0x07, 0x03, 0x14, 0x00, 0x28, 0x01, 0x3d, 0x00,
    0x68, 0x01, 0x08, 0x00, 0x07, 0x03, 0x14, 0x00, 0x28, 0x01, 0x3c, 0x00, 0x69, 0x01, 0x07, 0x00,
    0x09, 0x03, 0x13, 0x00, 0x29, 0x01, 0x3b, 0x00, 0x68, 0x01, 0x09, 0x00, 0x07, 0x03, 0x15, 0x00,
    0x28, 0x01, 0x3b, 0x00, 0x68, 0x01, 0x09, 0x00, 0x07, 0x03, 0x15, 0x00, 0x28, 0x01, 0x3b, 0x00,
    0x68, 0x01, 0x0a, 0x00, 0x05, 0x03, 0x16, 0x00, 0x28, 0x01, 0x3b, 0x00, 0x68, 0x01, 0x0c, 0x00,
    0x01, 0x03, 0x18, 0x00, 0x28, 0x01, 0x3b, 0x00, 0x68, 0x01, 0x25, 0x00, 0x28, 0x01, 0x3b, 0x00,
    0x68, 0x01, 0x25, 0x00, 0x28, 0x01, 0x3b, 0x00, 0x68, 0x01, 0x25, 0x00, 0x28, 0x01, 0x3b, 0x00,
    0x68, 0x01, 0x25, 0x00, 0x28, 0x01, 0x3b, 0x00, 0x68, 0x01, 0x25, 0x00, 0x28, 0x01, 0x3a, 0x00,
    0x68, 0x01, 0x27, 0x00, 0x28, 0x01, 0x3a, 0x00, 0x68, 0x01, 0x25, 0x00, 0x28, 0x01, 0x3b, 0x00,
    0x68, 0x01, 0x25, 0x00, 0x28, 0x01, 0x3b, 0x00, 0x68, 0x01, 0x25, 0x00, 0x28, 0x01, 0x3b, 0x00,
    0x68, 0x01, 0x25, 0x00, 0x28, 0x01, 0x3b, 0x00, 0x68, 0x01, 0x25, 0x00, 0x28, 0x01, 0x3b, 0x00,
    0x68, 0x01, 0x25, 0x00, 0x28, 0x01, 0x3b, 0x00, 0x68, 0x01, 0x25, 0x00, 0x28, 0x01, 0x3b, 0x00,
    0x68, 0x01, 0x25, 0x00, 0x28, 0x01, 0x3b, 0x00, 0x68, 0x01, 0x25, 0x00, 0x28, 0x01, 0x3b, 0x00,
    0x69, 0x01, 0x23, 0x00, 0x29, 0x01, 0x3c, 0x00, 0x68, 0x01, 0x23, 0x00, 0x28, 0x01, 0x3d, 0x00,
    0x68, 0x01, 0x23, 0x00, 0x28, 0x01, 0x3d, 0x00, 0x68, 0x01, 0x23, 0x00, 0x28, 0x01, 0x3d, 0x00,
    0x69, 0x01, 0x21, 0x00, 0x29, 0x01, 0x3d, 0x00, 0x69, 0x01, 0x21, 0x00, 0x29, 0x01, 0x3e, 0x00,
    0x68, 0x01, 0x21, 0x00, 0x28, 0x01, 0x3f, 0x00, 0x69, 0x01, 0x1f, 0x00, 0x29, 0x01, 0x3f, 0x00,
    0x69, 0x01, 0x1f, 0x00, 0x29, 0x01, 0x40, 0x00, 0x68, 0x01, 0x1f, 0x00, 0x28, 0x01, 0x41, 0x00,
    0x69, 0x01, 0x1d, 0x00, 0x29, 0x01, 0x41, 0x00, 0x6a, 0x01, 0x1b, 0x00, 0x2a, 0x01, 0x42, 0x00,
    0x69, 0x01, 0x1b, 0x00, 0x29, 0x01, 0x43, 0x00, 0x6a, 0x01, 0x19, 0x00, 0x2a, 0x01, 0x43, 0x00,
    0x6a, 0x01, 0x19, 0x00, 0x2a, 0x01, 0x44, 0x00, 0x6a, 0x01, 0x17, 0x00, 0x2a, 0x01, 0x45, 0x00,
    0x6b, 0x01, 0x15, 0x00, 0x2b, 0x01, 0x46, 0x00, 0x6b, 0x01, 0x13, 0x00, 0x2b, 0x01, 0x47, 0x00,
    0x6c, 0x01, 0x11, 0x00, 0x2c, 0x01, 0x48, 0x00, 0x6d, 0x01, 0x0d, 0x00, 0x2d, 0x01, 0x49, 0x00,
    0x6f, 0x01, 0x09, 0x00, 0x2f, 0x01, 0x4a, 0x00, 0x72, 0x01, 0x01, 0x00, 0x32, 0x01, 0x4c, 0x00,
    0xa3, 0x01, 0x4d, 0x00, 0xa3, 0x01, 0x4e, 0x00, 0xa1, 0x01, 0x4f, 0x00, 0xa1, 0x01, 0x50, 0x00,
    0x9f, 0x01, 0x52, 0x00, 0x9d, 0x01, 0x54, 0x00, 0x9b, 0x01, 0x55, 0x00, 0x9b, 0x01, 0x56, 0x00,
    0x99, 0x01, 0x58, 0x00, 0x97, 0x01, 0x5a, 0x00, 0x95, 0x01, 0x5c, 0x00, 0x93, 0x01, 0x5e, 0x00,
    0x91, 0x01, 0x5f, 0x00, 0x91, 0x01, 0x60, 0x00, 0x8f, 0x01, 0x62, 0x00, 0x8d, 0x01, 0x65, 0x00,
    0x89, 0x01, 0x68, 0x00, 0x87, 0x01, 0x6a, 0x00, 0x85, 0x01, 0x6c, 0x00, 0x83, 0x01, 0x6e, 0x00,
    0x81, 0x01, 0x70, 0x00, 0x7f, 0x01, 0x73, 0x00, 0x7b, 0x01, 0x76, 0x00, 0x79, 0x01, 0x78, 0x00,
    0x77, 0x01, 0x7b, 0x00, 0x73, 0x01, 0x7e, 0x00, 0x71, 0x01, 0x81, 0x00, 0x6d, 0x01, 0x85, 0x00,
    0x69, 0x01, 0x89, 0x00, 0x65, 0x01, 0x8c, 0x00, 0x63, 0x01, 0x8f, 0x00, 0x5f, 0x01, 0x94, 0x00,
    0x59, 0x01, 0x99, 0x00, 0x55, 0x01, 0x9d, 0x00, 0x51, 0x01, 0xa2, 0x00, 0x4b, 0x01, 0xa8, 0x00,
    0x45, 0x01, 0xae, 0x00, 0x3f, 0x01, 0xb4, 0x00, 0x39, 0x01, 0xbc, 0x00, 0x2f, 0x01, 0xc6, 0x00,
    0x25, 0x01, 0xd2, 0x00, 0x17, 0x01, 0xff, 0x00, 0xff, 0x00, 0xff, 0x00, 0xff, 0x00, 0xff, 0x00,
    0xff, 0x00, 0xff, 0x00, 0xff, 0x00, 0xff, 0x00, 0xff, 0x00, 0xff, 0x00, 0xff, 0x00, 0xff, 0x00,
    0xff, 0x00, 0xff, 0x00, 0xff, 0x00, 0xff, 0x00, 0xff, 0x00, 0xff, 0x00, 0xff, 0x00, 0xff, 0x00,
    0xff, 0x00, 0xff, 0x00, 0xff, 0x00, 0xff, 0x00, 0xff, 0x00, 0xff, 0x00, 0xff, 0x00, 0xff, 0x00,
    0xff, 0x00, 0xff, 0x00, 0xff, 0x00, 0xff, 0x00, 0xff, 0x00, 0xff, 0x00, 0xff, 0x00, 0xff, 0x00,
    0xff, 0x00, 0xff, 0x00, 0xff, 0x00, 0xff, 0x00, 0xff, 0x00, 0xff, 0x00, 0xb7, 0x00,
};

}  // namespace eye_assets
